class_slug,group,display_name,queried_name,observation_id,photo_id,license_code,attribution,observed_on,taxon_id,taxon_name,url_large,url_original,file_path,bytes,md5,width,height,downloaded_at,split
tui,bird,Tūī,Prosthemadera novaeseelandiae,217856564,385456220,cc-by,"(c) Jon Sullivan, some rights reserved (CC BY)",2024-05-24,413522,Prosthemadera novaeseelandiae novaeseelandiae,https://inaturalist-open-data.s3.amazonaws.com/photos/385456220/large.jpg,https://inaturalist-open-data.s3.amazonaws.com/photos/385456220/original.jpg,data/raw/tui/385456220.jpg,425502,211c301e68cecc5c35e3573ada616b71,1534,1150,2026-09-11T15:53:20+1200,train
tui,bird,Tūī,Prosthemadera novaeseelandiae,217856564,385456222,cc-by,"(c) Jon Sullivan, some rights reserved (CC BY)",2024-05-24,413522,Prosthemadera novaeseelandiae novaeseelandiae,https://inaturalist-open-data.s3.amazonaws.com/photos/385456222/large.jpg,https://inaturalist-open-data.s3.amazonaws.com/photos/385456222/original.jpg,data/raw/tui/385456222.jpg,495500,1e78f15e6fecdceafbc44822800435ec,1536,2048,2026-09-11T15:53:20+1200,train
tui,bird,Tūī,Prosthemadera novaeseelandiae,217856564,385456243,cc-by,"(c) Jon Sullivan, some rights reserved (CC BY)",2024-05-24,413522,Prosthemadera novaeseelandiae novaeseelandiae,https://inaturalist-open-data.s3.amazonaws.com/photos/385456243/large.jpg,https://inaturalist-open-data.s3.amazonaws.com/photos/385456243/original.jpg,data/raw/tui/385456243.jpg,534440,528da851ddc9cb1790497a733f162fef,1536,2048,2026-09-11T15:53:20+1200,train
tui,bird,Tūī,Prosthemadera novaeseelandiae,272855084,490893512,cc0,no rights reserved,2025-04-25,413522,Prosthemadera novaeseelandiae novaeseelandiae,https://inaturalist-open-data.s3.amazonaws.com/photos/490893512/large.jpeg,https://inaturalist-open-data.s3.amazonaws.com/photos/490893512/original.jpeg,data/raw/tui/490893512.jpg,224243,0f3c1dba46eb4871d19756c126bc6fda,2034,2048,2026-09-11T15:53:20+1200,train
tui,bird,Tūī,Prosthemadera novaeseelandiae,36961703,58513210,cc-by,"(c) Jacqui Geux, some rights reserved (CC BY)",2019-12-26,413522,Prosthemadera novaeseelandiae novaeseelandiae,https://inaturalist-open-data.s3.amazonaws.com/photos/58513210/large.jpeg,https://inaturalist-open-data.s3.amazonaws.com/photos/58513210/original.jpeg,data/raw/tui/58513210.jpg,221421,bbb2b185c4a3fd4865ed75171ab457a4,1600,1199,2026-09-11T15:53:20+1200,train
tui,bird,Tūī,Prosthemadera novaeseelandiae,36961703,58513215,cc-by,"(c) Jacqui Geux, some rights reserved (CC BY)",2019-12-26,413522,Prosthemadera novaeseelandiae novaeseelandiae,https://inaturalist-open-data.s3.amazonaws.com/photos/58513215/large.jpeg,https://inaturalist-open-data.s3.amazonaws.com/photos/58513215/original.jpeg,data/raw/tui/58513215.jpg,256717,5082e96c3f3a74919c2247e25fb2d88b,1600,1200,2026-09-11T15:53:20+1200,train
tui,bird,Tūī,Prosthemadera novaeseelandiae,36961703,58513220,cc-by,"(c) Jacqui Geux, some rights reserved (CC BY)",2019-12-26,413522,Prosthemadera novaeseelandiae novaeseelandiae,https://inaturalist-open-data.s3.amazonaws.com/photos/58513220/large.jpeg,https://inaturalist-open-data.s3.amazonaws.com/photos/58513220/original.jpeg,data/raw/tui/58513220.jpg,297870,7ae9ab178f150cfe9d360eac7ea9b92c,1600,1200,2026-09-11T15:53:20+1200,train
tui,bird,Tūī,Prosthemadera novaeseelandiae,36961703,58513223,cc-by,"(c) Jacqui Geux, some rights reserved (CC BY)",2019-12-26,413522,Prosthemadera novaeseelandiae novaeseelandiae,https://inaturalist-open-data.s3.amazonaws.com/photos/58513223/large.jpeg,https://inaturalist-open-data.s3.amazonaws.com/photos/58513223/original.jpeg,data/raw/tui/58513223.jpg,242634,e17eab5517007eb75563ec740d3fd874,1600,1200,2026-09-11T15:53:20+1200,train
tui,bird,Tūī,Prosthemadera novaeseelandiae,36961703,58513226,cc-by,"(c) Jacqui Geux, some rights reserved (CC BY)",2019-12-26,413522,Prosthemadera novaeseelandiae novaeseelandiae,https://inaturalist-open-data.s3.amazonaws.com/photos/58513226/large.jpeg,https://inaturalist-open-data.s3.amazonaws.com/photos/58513226/original.jpeg,data/raw/tui/58513226.jpg,247158,a8b401a3a5792f94833aa20c961641c5,1600,1200,2026-09-11T15:53:20+1200,train
tui,bird,Tūī,Prosthemadera novaeseelandiae,36961703,58513228,cc-by,"(c) Jacqui Geux, some rights reserved (CC BY)",2019-12-26,413522,Prosthemadera novaeseelandiae novaeseelandiae,https://inaturalist-open-data.s3.amazonaws.com/photos/58513228/large.jpeg,https://inaturalist-open-data.s3.amazonaws.com/photos/58513228/original.jpeg,data/raw/tui/58513228.jpg,215361,2e3b076a5b658f27653aea70a1f907ad,1599,1200,2026-09-11T15:53:20+1200,train
tui,bird,Tūī,Prosthemadera novaeseelandiae,36961703,58513232,cc-by,"(c) Jacqui Geux, some rights reserved (CC BY)",2019-12-26,413522,Prosthemadera novaeseelandiae novaeseelandiae,https://inaturalist-open-data.s3.amazonaws.com/photos/58513232/large.jpeg,https://inaturalist-open-data.s3.amazonaws.com/photos/58513232/original.jpeg,data/raw/tui/58513232.jpg,212392,a14a05c424f3ec65542ab2f879b51880,1600,1200,2026-09-11T15:53:20+1200,train
tui,bird,Tūī,Prosthemadera novaeseelandiae,36961703,58513238,cc-by,"(c) Jacqui Geux, some rights reserved (CC BY)",2019-12-26,413522,Prosthemadera novaeseelandiae novaeseelandiae,https://inaturalist-open-data.s3.amazonaws.com/photos/58513238/large.jpeg,https://inaturalist-open-data.s3.amazonaws.com/photos/58513238/original.jpeg,data/raw/tui/58513238.jpg,242933,c8a30dc8635fe68fa0862c5dc62010b4,1600,1200,2026-09-11T15:53:20+1200,train
tui,bird,Tūī,Prosthemadera novaeseelandiae,36961703,58513241,cc-by,"(c) Jacqui Geux, some rights reserved (CC BY)",2019-12-26,413522,Prosthemadera novaeseelandiae novaeseelandiae,https://inaturalist-open-data.s3.amazonaws.com/photos/58513241/large.jpeg,https://inaturalist-open-data.s3.amazonaws.com/photos/58513241/original.jpeg,data/raw/tui/58513241.jpg,240221,f3469af94789b43d4ed38c1205c00b40,1600,1200,2026-09-11T15:53:20+1200,train
tui,bird,Tūī,Prosthemadera novaeseelandiae,36961703,58513244,cc-by,"(c) Jacqui Geux, some rights reserved (CC BY)",2019-12-26,413522,Prosthemadera novaeseelandiae novaeseelandiae,https://inaturalist-open-data.s3.amazonaws.com/photos/58513244/large.jpeg,https://inaturalist-open-data.s3.amazonaws.com/photos/58513244/original.jpeg,data/raw/tui/58513244.jpg,234232,ba4c68180757214e58fb6c3aee089823,1600,1200,2026-09-11T15:53:20+1200,train
tui,bird,Tūī,Prosthemadera novaeseelandiae,36961703,58513246,cc-by,"(c) Jacqui Geux, some rights reserved (CC BY)",2019-12-26,413522,Prosthemadera novaeseelandiae novaeseelandiae,https://inaturalist-open-data.s3.amazonaws.com/photos/58513246/large.jpeg,https://inaturalist-open-data.s3.amazonaws.com/photos/58513246/original.jpeg,data/raw/tui/58513246.jpg,238264,ddaf7f3d9e60da01a2c84b8cbc07adab,1600,1200,2026-09-11T15:53:20+1200,train
tui,bird,Tūī,Prosthemadera novaeseelandiae,36961703,58513250,cc-by,"(c) Jacqui Geux, some rights reserved (CC BY)",2019-12-26,413522,Prosthemadera novaeseelandiae novaeseelandiae,https://inaturalist-open-data.s3.amazonaws.com/photos/58513250/large.jpeg,https://inaturalist-open-data.s3.amazonaws.com/photos/58513250/original.jpeg,data/raw/tui/58513250.jpg,250353,55031840aee53bdb1c0a156f380e4607,1600,1200,2026-09-11T15:53:20+1200,train
tui,bird,Tūī,Prosthemadera novaeseelandiae,36961703,58513253,cc-by,"(c) Jacqui Geux, some rights reserved (CC BY)",2019-12-26,413522,Prosthemadera novaeseelandiae novaeseelandiae,https://inaturalist-open-data.s3.amazonaws.com/photos/58513253/large.jpeg,https://inaturalist-open-data.s3.amazonaws.com/photos/58513253/original.jpeg,data/raw/tui/58513253.jpg,222591,8781561c3368f673ad036c9f16c46600,1600,1200,2026-09-11T15:53:20+1200,train
tui,bird,Tūī,Prosthemadera novaeseelandiae,36961703,58513256,cc-by,"(c) Jacqui Geux, some rights reserved (CC BY)",2019-12-26,413522,Prosthemadera novaeseelandiae novaeseelandiae,https://inaturalist-open-data.s3.amazonaws.com/photos/58513256/large.jpeg,https://inaturalist-open-data.s3.amazonaws.com/photos/58513256/original.jpeg,data/raw/tui/58513256.jpg,241735,5d57b03ae896c52e4bad9dfd5d7c5f23,1600,1200,2026-09-11T15:53:20+1200,train
tui,bird,Tūī,Prosthemadera novaeseelandiae,36961703,58513257,cc-by,"(c) Jacqui Geux, some rights reserved (CC BY)",2019-12-26,413522,Prosthemadera novaeseelandiae novaeseelandiae,https://inaturalist-open-data.s3.amazonaws.com/photos/58513257/large.jpeg,https://inaturalist-open-data.s3.amazonaws.com/photos/58513257/original.jpeg,data/raw/tui/58513257.jpg,216760,fdbe65e9da577e5b38178336b312d820,1600,1200,2026-09-11T15:53:20+1200,train
tui,bird,Tūī,Prosthemadera novaeseelandiae,305140683,550149250,cc-by,"(c) Charlotte Sutton, some rights reserved (CC BY)",2025-08-10,413522,Prosthemadera novaeseelandiae novaeseelandiae,https://inaturalist-open-data.s3.amazonaws.com/photos/550149250/large.jpg,https://inaturalist-open-data.s3.amazonaws.com/photos/550149250/original.jpg,data/raw/tui/550149250.jpg,822899,d754fdc22bcd76dcc87be73d7eb56c6f,2048,1368,2026-09-11T15:53:20+1200,train
tui,bird,Tūī,Prosthemadera novaeseelandiae,305140683,550149253,cc-by,"(c) Charlotte Sutton, some rights reserved (CC BY)",2025-08-10,413522,Prosthemadera novaeseelandiae novaeseelandiae,https://inaturalist-open-data.s3.amazonaws.com/photos/550149253/large.jpg,https://inaturalist-open-data.s3.amazonaws.com/photos/550149253/original.jpg,data/raw/tui/550149253.jpg,801693,518093594dfe3208348d7fab97304edf,2048,1368,2026-09-11T15:53:20+1200,train
tui,bird,Tūī,Prosthemadera novaeseelandiae,305140683,550149252,cc-by,"(c) Charlotte Sutton, some rights reserved (CC BY)",2025-08-10,413522,Prosthemadera novaeseelandiae novaeseelandiae,https://inaturalist-open-data.s3.amazonaws.com/photos/550149252/large.jpg,https://inaturalist-open-data.s3.amazonaws.com/photos/550149252/original.jpg,data/raw/tui/550149252.jpg,959445,8e2ccf95c4430c51513ae4ee625034f5,2048,1368,2026-09-11T15:53:20+1200,train
tui,bird,Tūī,Prosthemadera novaeseelandiae,154663860,267266671,cc-by,"(c) Jon Sullivan, some rights reserved (CC BY)",2023-04-13,413522,Prosthemadera novaeseelandiae novaeseelandiae,https://inaturalist-open-data.s3.amazonaws.com/photos/267266671/large.jpg,https://inaturalist-open-data.s3.amazonaws.com/photos/267266671/original.jpg,data/raw/tui/267266671.jpg,219376,06700f8a7b9d709442b8d49c9db7d8aa,2048,1367,2026-09-11T15:53:20+1200,train
tui,bird,Tūī,Prosthemadera novaeseelandiae,154663860,267266677,cc-by,"(c) Jon Sullivan, some rights reserved (CC BY)",2023-04-13,413522,Prosthemadera novaeseelandiae novaeseelandiae,https://inaturalist-open-data.s3.amazonaws.com/photos/267266677/large.jpg,https://inaturalist-open-data.s3.amazonaws.com/photos/267266677/original.jpg,data/raw/tui/267266677.jpg,207822,bd8b22ee63b404a2f914ba00973f1229,2048,1367,2026-09-11T15:53:20+1200,train
tui,bird,Tūī,Prosthemadera novaeseelandiae,36212410,57214831,cc-by,"(c) wild_wind, some rights reserved (CC BY)",2019-11-30,413522,Prosthemadera novaeseelandiae novaeseelandiae,https://inaturalist-open-data.s3.amazonaws.com/photos/57214831/large.jpeg,https://inaturalist-open-data.s3.amazonaws.com/photos/57214831/original.jpeg,data/raw/tui/57214831.jpg,160902,342b885f6a8fb83cdfbfa7dc1f1c09d7,2048,1611,2026-09-11T15:53:20+1200,train
tui,bird,Tūī,Prosthemadera novaeseelandiae,258700430,464218187,cc-by,"(c) William Harland, some rights reserved (CC BY)",2025-01-10,413522,Prosthemadera novaeseelandiae novaeseelandiae,https://inaturalist-open-data.s3.amazonaws.com/photos/464218187/large.jpeg,https://inaturalist-open-data.s3.amazonaws.com/photos/464218187/original.jpeg,data/raw/tui/464218187.jpg,112714,034ff7b4c844818e18fd905ba3eb883f,2048,1220,2026-09-11T15:53:20+1200,train
tui,bird,Tūī,Prosthemadera novaeseelandiae,258700430,464218189,cc-by,"(c) William Harland, some rights reserved (CC BY)",2025-01-10,413522,Prosthemadera novaeseelandiae novaeseelandiae,https://inaturalist-open-data.s3.amazonaws.com/photos/464218189/large.jpeg,https://inaturalist-open-data.s3.amazonaws.com/photos/464218189/original.jpeg,data/raw/tui/464218189.jpg,129629,bc288e0e5aeb44c59005f3adf2ddae20,2048,1284,2026-09-11T15:53:20+1200,train
tui,bird,Tūī,Prosthemadera novaeseelandiae,34775896,54772529,cc-by,"(c) Jacqui Geux, some rights reserved (CC BY)",2019-10-22,413522,Prosthemadera novaeseelandiae novaeseelandiae,https://inaturalist-open-data.s3.amazonaws.com/photos/54772529/large.jpeg,https://inaturalist-open-data.s3.amazonaws.com/photos/54772529/original.jpeg,data/raw/tui/54772529.jpg,151685,929cec1c2564e273778d69c9d2ba0253,1600,1200,2026-09-11T15:53:20+1200,train
tui,bird,Tūī,Prosthemadera novaeseelandiae,34775896,54772532,cc-by,"(c) Jacqui Geux, some rights reserved (CC BY)",2019-10-22,413522,Prosthemadera novaeseelandiae novaeseelandiae,https://inaturalist-open-data.s3.amazonaws.com/photos/54772532/large.jpeg,https://inaturalist-open-data.s3.amazonaws.com/photos/54772532/original.jpeg,data/raw/tui/54772532.jpg,154870,a8095a6a9b67140aff19b325d4804260,1600,1200,2026-09-11T15:53:20+1200,train
tui,bird,Tūī,Prosthemadera novaeseelandiae,34775896,54772533,cc-by,"(c) Jacqui Geux, some rights reserved (CC BY)",2019-10-22,413522,Prosthemadera novaeseelandiae novaeseelandiae,https://inaturalist-open-data.s3.amazonaws.com/photos/54772533/large.jpeg,https://inaturalist-open-data.s3.amazonaws.com/photos/54772533/original.jpeg,data/raw/tui/54772533.jpg,153115,b97ae17fae4ee41a7a1791869c5200e5,1600,1200,2026-09-11T15:53:20+1200,train
tui,bird,Tūī,Prosthemadera novaeseelandiae,30582784,47785556,cc-by,"(c) Jacqui Geux, some rights reserved (CC BY)",2019-08-09,413522,Prosthemadera novaeseelandiae novaeseelandiae,https://inaturalist-open-data.s3.amazonaws.com/photos/47785556/large.jpeg,https://inaturalist-open-data.s3.amazonaws.com/photos/47785556/original.jpeg,data/raw/tui/47785556.jpg,165271,09f7e5935c8156aa9d2685f8203c7ef0,2048,1536,2026-09-11T15:53:20+1200,train
tui,bird,Tūī,Prosthemadera novaeseelandiae,30582784,47785555,cc-by,"(c) Jacqui Geux, some rights reserved (CC BY)",2019-08-09,413522,Prosthemadera novaeseelandiae novaeseelandiae,https://inaturalist-open-data.s3.amazonaws.com/photos/47785555/large.jpeg,https://inaturalist-open-data.s3.amazonaws.com/photos/47785555/original.jpeg,data/raw/tui/47785555.jpg,153886,7e9f5befafac8883165685de4cf051b2,2048,1536,2026-09-11T15:53:20+1200,train
tui,bird,Tūī,Prosthemadera novaeseelandiae,30582784,47785565,cc-by,"(c) Jacqui Geux, some rights reserved (CC BY)",2019-08-09,413522,Prosthemadera novaeseelandiae novaeseelandiae,https://inaturalist-open-data.s3.amazonaws.com/photos/47785565/large.jpeg,https://inaturalist-open-data.s3.amazonaws.com/photos/47785565/original.jpeg,data/raw/tui/47785565.jpg,181589,a369e447141c83f2239f4df87d4f0a77,2048,1536,2026-09-11T15:53:20+1200,train
tui,bird,Tūī,Prosthemadera novaeseelandiae,30582784,47785580,cc-by,"(c) Jacqui Geux, some rights reserved (CC BY)",2019-08-09,413522,Prosthemadera novaeseelandiae novaeseelandiae,https://inaturalist-open-data.s3.amazonaws.com/photos/47785580/large.jpeg,https://inaturalist-open-data.s3.amazonaws.com/photos/47785580/original.jpeg,data/raw/tui/47785580.jpg,183705,ba86b7d9394537217120dcc6a4bae00e,2048,1536,2026-09-11T15:53:20+1200,train
tui,bird,Tūī,Prosthemadera novaeseelandiae,30582784,47785594,cc-by,"(c) Jacqui Geux, some rights reserved (CC BY)",2019-08-09,413522,Prosthemadera novaeseelandiae novaeseelandiae,https://inaturalist-open-data.s3.amazonaws.com/photos/47785594/large.jpeg,https://inaturalist-open-data.s3.amazonaws.com/photos/47785594/original.jpeg,data/raw/tui/47785594.jpg,183941,6cd401510e2b8a1208d8d1523848fa37,2048,1536,2026-09-11T15:53:20+1200,train
tui,bird,Tūī,Prosthemadera novaeseelandiae,313708733,566539047,cc-by,"(c) Shaun Lee, some rights reserved (CC BY)",2025-09-13,413522,Prosthemadera novaeseelandiae novaeseelandiae,https://inaturalist-open-data.s3.amazonaws.com/photos/566539047/large.jpg,https://inaturalist-open-data.s3.amazonaws.com/photos/566539047/original.jpg,data/raw/tui/566539047.jpg,238920,0912b432c821d147361e141e72fbd660,2048,1365,2026-09-11T15:53:20+1200,train
tui,bird,Tūī,Prosthemadera novaeseelandiae,241791944,430979162,cc-by,"(c) Svend Hansen, some rights reserved (CC BY)",2024-09-15,413522,Prosthemadera novaeseelandiae novaeseelandiae,https://inaturalist-open-data.s3.amazonaws.com/photos/430979162/large.jpeg,https://inaturalist-open-data.s3.amazonaws.com/photos/430979162/original.jpeg,data/raw/tui/430979162.jpg,378962,305e53470c37f852d6a91b4e2beeb052,1152,2048,2026-09-11T15:53:20+1200,train
tui,bird,Tūī,Prosthemadera novaeseelandiae,241791944,430979193,cc-by,"(c) Svend Hansen, some rights reserved (CC BY)",2024-09-15,413522,Prosthemadera novaeseelandiae novaeseelandiae,https://inaturalist-open-data.s3.amazonaws.com/photos/430979193/large.jpeg,https://inaturalist-open-data.s3.amazonaws.com/photos/430979193/original.jpeg,data/raw/tui/430979193.jpg,374904,6d5f3c02f7ae763b5ab6e3923230a2a7,1152,2048,2026-09-11T15:53:20+1200,train
tui,bird,Tūī,Prosthemadera novaeseelandiae,229180886,406784353,cc-by,"(c) William Harland, some rights reserved (CC BY)",2014-01-17,413522,Prosthemadera novaeseelandiae novaeseelandiae,https://inaturalist-open-data.s3.amazonaws.com/photos/406784353/large.jpeg,https://inaturalist-open-data.s3.amazonaws.com/photos/406784353/original.jpeg,data/raw/tui/406784353.jpg,197153,c67a4221d64ca9ccb1603eb9dafaabcb,2048,2036,2026-09-11T15:53:20+1200,train
tui,bird,Tūī,Prosthemadera novaeseelandiae,155449919,268712704,cc-by,"(c) Michael Berardozzi, some rights reserved (CC BY)",2018-12-02,413522,Prosthemadera novaeseelandiae novaeseelandiae,https://inaturalist-open-data.s3.amazonaws.com/photos/268712704/large.jpeg,https://inaturalist-open-data.s3.amazonaws.com/photos/268712704/original.jpeg,data/raw/tui/268712704.jpg,188535,cf19b1d87da98762e632629c44d47c08,2048,1536,2026-09-11T15:53:20+1200,train
tui,bird,Tūī,Prosthemadera novaeseelandiae,155449919,268712720,cc-by,"(c) Michael Berardozzi, some rights reserved (CC BY)",2018-12-02,413522,Prosthemadera novaeseelandiae novaeseelandiae,https://inaturalist-open-data.s3.amazonaws.com/photos/268712720/large.jpeg,https://inaturalist-open-data.s3.amazonaws.com/photos/268712720/original.jpeg,data/raw/tui/268712720.jpg,286303,5cb5c6155f5d018e97a94e04ef111f70,2048,1536,2026-09-11T15:53:20+1200,train
tui,bird,Tūī,Prosthemadera novaeseelandiae,155449919,268712738,cc-by,"(c) Michael Berardozzi, some rights reserved (CC BY)",2018-12-02,413522,Prosthemadera novaeseelandiae novaeseelandiae,https://inaturalist-open-data.s3.amazonaws.com/photos/268712738/large.jpeg,https://inaturalist-open-data.s3.amazonaws.com/photos/268712738/original.jpeg,data/raw/tui/268712738.jpg,265717,91cdc5bd86e1f9fafd057f19ae191e3a,2048,1536,2026-09-11T15:53:20+1200,train
tui,bird,Tūī,Prosthemadera novaeseelandiae,155449919,268712747,cc-by,"(c) Michael Berardozzi, some rights reserved (CC BY)",2018-12-02,413522,Prosthemadera novaeseelandiae novaeseelandiae,https://inaturalist-open-data.s3.amazonaws.com/photos/268712747/large.jpeg,https://inaturalist-open-data.s3.amazonaws.com/photos/268712747/original.jpeg,data/raw/tui/268712747.jpg,239054,db2f552b52e33afffb4605efd7bd7ec6,2048,1536,2026-09-11T15:53:20+1200,train
tui,bird,Tūī,Prosthemadera novaeseelandiae,29957487,46781423,cc-by,"(c) Aalbert Rebergen, some rights reserved (CC BY)",2019-07-28,413522,Prosthemadera novaeseelandiae novaeseelandiae,https://inaturalist-open-data.s3.amazonaws.com/photos/46781423/large.jpg,https://inaturalist-open-data.s3.amazonaws.com/photos/46781423/original.jpg,data/raw/tui/46781423.jpg,285240,84a1377ca0d5decd4ebb9c389f4e3c1d,2048,1623,2026-09-11T15:53:20+1200,train
tui,bird,Tūī,Prosthemadera novaeseelandiae,4788646,5835295,cc-by,"(c) Jacqui Geux, some rights reserved (CC BY)",2016-12-16,413522,Prosthemadera novaeseelandiae novaeseelandiae,https://inaturalist-open-data.s3.amazonaws.com/photos/5835295/large.jpeg,https://inaturalist-open-data.s3.amazonaws.com/photos/5835295/original.jpeg,data/raw/tui/5835295.jpg,233590,215856bf43e7c34b9e771bcfe8ca434d,1600,1200,2026-09-11T15:53:20+1200,train
tui,bird,Tūī,Prosthemadera novaeseelandiae,4788646,5835315,cc-by,"(c) Jacqui Geux, some rights reserved (CC BY)",2016-12-16,413522,Prosthemadera novaeseelandiae novaeseelandiae,https://inaturalist-open-data.s3.amazonaws.com/photos/5835315/large.jpeg,https://inaturalist-open-data.s3.amazonaws.com/photos/5835315/original.jpeg,data/raw/tui/5835315.jpg,250184,e55f78d1299572ddb9258cd86feb2eca,1600,1200,2026-09-11T15:53:20+1200,train
tui,bird,Tūī,Prosthemadera novaeseelandiae,1445299,1789444,cc-by,"(c) Jon Sullivan, some rights reserved (CC BY)",2015-05-02,12580,Prosthemadera novaeseelandiae,https://inaturalist-open-data.s3.amazonaws.com/photos/1789444/large.jpg,https://inaturalist-open-data.s3.amazonaws.com/photos/1789444/original.jpg,data/raw/tui/1789444.jpg,210417,7b4628c9619a5c98e727666aa9c45398,1875,1250,2026-09-11T15:53:20+1200,train
tui,bird,Tūī,Prosthemadera novaeseelandiae,189315617,331602745,cc-by,"(c) Tom Beard, some rights reserved (CC BY)",2023-10-24,413522,Prosthemadera novaeseelandiae novaeseelandiae,https://inaturalist-open-data.s3.amazonaws.com/photos/331602745/large.jpg,https://inaturalist-open-data.s3.amazonaws.com/photos/331602745/original.jpg,data/raw/tui/331602745.jpg,435046,a3e9b2b6bc5a0f9f445bc8ae191f429c,1578,1614,2026-09-11T15:53:20+1200,train
tui,bird,Tūī,Prosthemadera novaeseelandiae,189315617,331602759,cc-by,"(c) Tom Beard, some rights reserved (CC BY)",2023-10-24,413522,Prosthemadera novaeseelandiae novaeseelandiae,https://inaturalist-open-data.s3.amazonaws.com/photos/331602759/large.jpg,https://inaturalist-open-data.s3.amazonaws.com/photos/331602759/original.jpg,data/raw/tui/331602759.jpg,524316,03ec56e736d55fada3d046b9036e3e0f,2019,1824,2026-09-11T15:53:20+1200,train
kereru,bird,Kererū,Hemiphaga novaeseelandiae,36456551,57629081,cc-by,"(c) Jacqui Geux, some rights reserved (CC BY)",2019-12-04,413481,Hemiphaga novaeseelandiae novaeseelandiae,https://inaturalist-open-data.s3.amazonaws.com/photos/57629081/large.jpeg,https://inaturalist-open-data.s3.amazonaws.com/photos/57629081/original.jpeg,data/raw/kereru/57629081.jpg,149890,66a7477ae41d40cc80b4a7b25368d71f,1600,1200,2026-09-11T15:53:48+1200,train
kereru,bird,Kererū,Hemiphaga novaeseelandiae,36456551,57629086,cc-by,"(c) Jacqui Geux, some rights reserved (CC BY)",2019-12-04,413481,Hemiphaga novaeseelandiae novaeseelandiae,https://inaturalist-open-data.s3.amazonaws.com/photos/57629086/large.jpeg,https://inaturalist-open-data.s3.amazonaws.com/photos/57629086/original.jpeg,data/raw/kereru/57629086.jpg,133764,1f77a6d2ab3341b3097e63b9778d4fcd,1600,1200,2026-09-11T15:53:48+1200,train
kereru,bird,Kererū,Hemiphaga novaeseelandiae,36456551,57629771,cc-by,"(c) Jacqui Geux, some rights reserved (CC BY)",2019-12-04,413481,Hemiphaga novaeseelandiae novaeseelandiae,https://inaturalist-open-data.s3.amazonaws.com/photos/57629771/large.jpeg,https://inaturalist-open-data.s3.amazonaws.com/photos/57629771/original.jpeg,data/raw/kereru/57629771.jpg,217929,330e8c4b8ab23810097ea099cfc568af,1600,1200,2026-09-11T15:53:48+1200,train
kereru,bird,Kererū,Hemiphaga novaeseelandiae,1000000,1196415,cc-by,"(c) Jon Sullivan, some rights reserved (CC BY)",2014-05-11,204520,Hemiphaga novaeseelandiae,https://inaturalist-open-data.s3.amazonaws.com/photos/1196415/large.jpg,https://inaturalist-open-data.s3.amazonaws.com/photos/1196415/original.jpg,data/raw/kereru/1196415.jpg,190563,2e8e71d131615a71962fff1fcf076fd9,1277,1915,2026-09-11T15:53:48+1200,train
kereru,bird,Kererū,Hemiphaga novaeseelandiae,258457561,463718223,cc-by,"(c) Saryu Mae 前 朝琉, some rights reserved (CC BY)",2024-02-15,144558,Hemiphaga chathamensis,https://inaturalist-open-data.s3.amazonaws.com/photos/463718223/large.jpg,https://inaturalist-open-data.s3.amazonaws.com/photos/463718223/original.jpg,data/raw/kereru/463718223.jpg,554840,0f4bb7d7eb2227c271bbded6f861e021,1716,1144,2026-09-11T15:53:48+1200,train
kereru,bird,Kererū,Hemiphaga novaeseelandiae,305483690,550802876,cc-by,"(c) Jon Sullivan, some rights reserved (CC BY)",2025-08-11,204520,Hemiphaga novaeseelandiae,https://inaturalist-open-data.s3.amazonaws.com/photos/550802876/large.jpg,https://inaturalist-open-data.s3.amazonaws.com/photos/550802876/original.jpg,data/raw/kereru/550802876.jpg,403621,b894a753c1283b3d151105d77253bed3,2048,1365,2026-09-11T15:53:48+1200,train
kereru,bird,Kererū,Hemiphaga novaeseelandiae,305483690,550802884,cc-by,"(c) Jon Sullivan, some rights reserved (CC BY)",2025-08-11,204520,Hemiphaga novaeseelandiae,https://inaturalist-open-data.s3.amazonaws.com/photos/550802884/large.jpg,https://inaturalist-open-data.s3.amazonaws.com/photos/550802884/original.jpg,data/raw/kereru/550802884.jpg,400227,f213faa28af72a750b99a724dbc58db3,2048,1365,2026-09-11T15:53:48+1200,train
kereru,bird,Kererū,Hemiphaga novaeseelandiae,180818597,314779698,cc-by,"(c) Saryu Mae 前 朝琉, some rights reserved (CC BY)",2023-08-15,413481,Hemiphaga novaeseelandiae novaeseelandiae,https://inaturalist-open-data.s3.amazonaws.com/photos/314779698/large.jpg,https://inaturalist-open-data.s3.amazonaws.com/photos/314779698/original.jpg,data/raw/kereru/314779698.jpg,166493,f621149a9408e58a30b287e1fb875a4a,1529,2048,2026-09-11T15:53:48+1200,train
kereru,bird,Kererū,Hemiphaga novaeseelandiae,336447943,611393707,cc-by,"(c) Saryu Mae 前 朝琉, some rights reserved (CC BY)",2025-01-08,413481,Hemiphaga novaeseelandiae novaeseelandiae,https://inaturalist-open-data.s3.amazonaws.com/photos/611393707/large.jpg,https://inaturalist-open-data.s3.amazonaws.com/photos/611393707/original.jpg,data/raw/kereru/611393707.jpg,134590,bd685721930315814052a61f1658a58d,2048,1365,2026-09-11T15:53:48+1200,train
kereru,bird,Kererū,Hemiphaga novaeseelandiae,336447943,611393712,cc-by,"(c) Saryu Mae 前 朝琉, some rights reserved (CC BY)",2025-01-08,413481,Hemiphaga novaeseelandiae novaeseelandiae,https://inaturalist-open-data.s3.amazonaws.com/photos/611393712/large.jpg,https://inaturalist-open-data.s3.amazonaws.com/photos/611393712/original.jpg,data/raw/kereru/611393712.jpg,120995,fa3e24f400a158e8a5af098b72c4260a,2048,1365,2026-09-11T15:53:48+1200,train
kereru,bird,Kererū,Hemiphaga novaeseelandiae,336447943,611393713,cc-by,"(c) Saryu Mae 前 朝琉, some rights reserved (CC BY)",2025-01-08,413481,Hemiphaga novaeseelandiae novaeseelandiae,https://inaturalist-open-data.s3.amazonaws.com/photos/611393713/large.jpg,https://inaturalist-open-data.s3.amazonaws.com/photos/611393713/original.jpg,data/raw/kereru/611393713.jpg,122525,2b87e8f565d41a767a56f9949736a52f,2048,1365,2026-09-11T15:53:48+1200,train
kereru,bird,Kererū,Hemiphaga novaeseelandiae,193084637,339116870,cc-by,"(c) Jon Sullivan, some rights reserved (CC BY)",2023-12-04,413481,Hemiphaga novaeseelandiae novaeseelandiae,https://inaturalist-open-data.s3.amazonaws.com/photos/339116870/large.jpg,https://inaturalist-open-data.s3.amazonaws.com/photos/339116870/original.jpg,data/raw/kereru/339116870.jpg,882561,e65fdc36c021e22cba0b298b9b515551,2048,1536,2026-09-11T15:53:48+1200,train
kereru,bird,Kererū,Hemiphaga novaeseelandiae,193084637,339116872,cc-by,"(c) Jon Sullivan, some rights reserved (CC BY)",2023-12-04,413481,Hemiphaga novaeseelandiae novaeseelandiae,https://inaturalist-open-data.s3.amazonaws.com/photos/339116872/large.jpg,https://inaturalist-open-data.s3.amazonaws.com/photos/339116872/original.jpg,data/raw/kereru/339116872.jpg,1065322,b5d2855064bbed4b8c36f4bac9d5de7f,2048,1536,2026-09-11T15:53:48+1200,train
kereru,bird,Kererū,Hemiphaga novaeseelandiae,313758884,566636577,cc-by,"(c) John Barkla, some rights reserved (CC BY)",2025-09-13,204520,Hemiphaga novaeseelandiae,https://inaturalist-open-data.s3.amazonaws.com/photos/566636577/large.jpg,https://inaturalist-open-data.s3.amazonaws.com/photos/566636577/original.jpg,data/raw/kereru/566636577.jpg,170474,5d6ba897e174c7e788dca9516c4863f7,2048,1511,2026-09-11T15:53:48+1200,train
kereru,bird,Kererū,Hemiphaga novaeseelandiae,282583206,507707421,cc0,no rights reserved,2025-05-20,413481,Hemiphaga novaeseelandiae novaeseelandiae,https://inaturalist-open-data.s3.amazonaws.com/photos/507707421/large.jpg,https://inaturalist-open-data.s3.amazonaws.com/photos/507707421/original.jpg,data/raw/kereru/507707421.jpg,512740,60d0733b32011a321a232bd70e3db03e,1153,2048,2026-09-11T15:53:48+1200,train
kereru,bird,Kererū,Hemiphaga novaeseelandiae,57503271,91726641,cc-by,"(c) Jacqui Geux, some rights reserved (CC BY)",2020-08-25,413481,Hemiphaga novaeseelandiae novaeseelandiae,https://inaturalist-open-data.s3.amazonaws.com/photos/91726641/large.jpeg,https://inaturalist-open-data.s3.amazonaws.com/photos/91726641/original.jpeg,data/raw/kereru/91726641.jpg,128304,3e5345f56cfa3b2e655af794a8706c15,1600,1200,2026-09-11T15:53:48+1200,train
kereru,bird,Kererū,Hemiphaga novaeseelandiae,57503271,91726655,cc-by,"(c) Jacqui Geux, some rights reserved (CC BY)",2020-08-25,413481,Hemiphaga novaeseelandiae novaeseelandiae,https://inaturalist-open-data.s3.amazonaws.com/photos/91726655/large.jpeg,https://inaturalist-open-data.s3.amazonaws.com/photos/91726655/original.jpeg,data/raw/kereru/91726655.jpg,134477,ea727927f82151e99691244470fcd3eb,1600,1200,2026-09-11T15:53:48+1200,train
kereru,bird,Kererū,Hemiphaga novaeseelandiae,301463299,543223148,cc-by,"(c) Saryu Mae 前 朝琉, some rights reserved (CC BY)",2025-03-25,204520,Hemiphaga novaeseelandiae,https://inaturalist-open-data.s3.amazonaws.com/photos/543223148/large.jpg,https://inaturalist-open-data.s3.amazonaws.com/photos/543223148/original.jpg,data/raw/kereru/543223148.jpg,222200,dbd418f9e7f1a6396cb07d1fd7e43ecf,2048,1365,2026-09-11T15:53:48+1200,train
kereru,bird,Kererū,Hemiphaga novaeseelandiae,301463299,543223150,cc-by,"(c) Saryu Mae 前 朝琉, some rights reserved (CC BY)",2025-03-25,204520,Hemiphaga novaeseelandiae,https://inaturalist-open-data.s3.amazonaws.com/photos/543223150/large.jpg,https://inaturalist-open-data.s3.amazonaws.com/photos/543223150/original.jpg,data/raw/kereru/543223150.jpg,206714,9428b6c933342749c1c495d862227c14,2048,1364,2026-09-11T15:53:48+1200,train
kereru,bird,Kererū,Hemiphaga novaeseelandiae,232182117,412464779,cc-by,"(c) John Barkla, some rights reserved (CC BY)",2024-07-28,413481,Hemiphaga novaeseelandiae novaeseelandiae,https://inaturalist-open-data.s3.amazonaws.com/photos/412464779/large.jpeg,https://inaturalist-open-data.s3.amazonaws.com/photos/412464779/original.jpeg,data/raw/kereru/412464779.jpg,194193,f050a56478d432837d6fa6b18fc54326,2048,1365,2026-09-11T15:53:48+1200,train
kereru,bird,Kererū,Hemiphaga novaeseelandiae,155679141,269131100,cc-by,"(c) Michael Berardozzi, some rights reserved (CC BY)",2009-12-31,413481,Hemiphaga novaeseelandiae novaeseelandiae,https://inaturalist-open-data.s3.amazonaws.com/photos/269131100/large.jpeg,https://inaturalist-open-data.s3.amazonaws.com/photos/269131100/original.jpeg,data/raw/kereru/269131100.jpg,281466,dfa809b9efc13a17cec72fc127e436d4,2048,1536,2026-09-11T15:53:48+1200,train
kereru,bird,Kererū,Hemiphaga novaeseelandiae,36456456,57628904,cc-by,"(c) Jacqui Geux, some rights reserved (CC BY)",2019-12-04,413481,Hemiphaga novaeseelandiae novaeseelandiae,https://inaturalist-open-data.s3.amazonaws.com/photos/57628904/large.jpeg,https://inaturalist-open-data.s3.amazonaws.com/photos/57628904/original.jpeg,data/raw/kereru/57628904.jpg,121423,c896565639c0f12da9f1dcb9a363bc69,1600,1200,2026-09-11T15:53:48+1200,train
kereru,bird,Kererū,Hemiphaga novaeseelandiae,36456456,57628910,cc-by,"(c) Jacqui Geux, some rights reserved (CC BY)",2019-12-04,413481,Hemiphaga novaeseelandiae novaeseelandiae,https://inaturalist-open-data.s3.amazonaws.com/photos/57628910/large.jpeg,https://inaturalist-open-data.s3.amazonaws.com/photos/57628910/original.jpeg,data/raw/kereru/57628910.jpg,125139,cffede47136ee252788b5a35f83dcb75,1600,1200,2026-09-11T15:53:48+1200,train
kereru,bird,Kererū,Hemiphaga novaeseelandiae,36456456,57628915,cc-by,"(c) Jacqui Geux, some rights reserved (CC BY)",2019-12-04,413481,Hemiphaga novaeseelandiae novaeseelandiae,https://inaturalist-open-data.s3.amazonaws.com/photos/57628915/large.jpeg,https://inaturalist-open-data.s3.amazonaws.com/photos/57628915/original.jpeg,data/raw/kereru/57628915.jpg,122524,6332c0ba06b03f65c7f47b7c58a57f0b,1600,1200,2026-09-11T15:53:48+1200,train
kereru,bird,Kererū,Hemiphaga novaeseelandiae,36456456,57628927,cc-by,"(c) Jacqui Geux, some rights reserved (CC BY)",2019-12-04,413481,Hemiphaga novaeseelandiae novaeseelandiae,https://inaturalist-open-data.s3.amazonaws.com/photos/57628927/large.jpeg,https://inaturalist-open-data.s3.amazonaws.com/photos/57628927/original.jpeg,data/raw/kereru/57628927.jpg,109626,3234ebdaed6de42d159f640db4b38768,1599,1200,2026-09-11T15:53:48+1200,train
kereru,bird,Kererū,Hemiphaga novaeseelandiae,36456456,57628931,cc-by,"(c) Jacqui Geux, some rights reserved (CC BY)",2019-12-04,413481,Hemiphaga novaeseelandiae novaeseelandiae,https://inaturalist-open-data.s3.amazonaws.com/photos/57628931/large.jpeg,https://inaturalist-open-data.s3.amazonaws.com/photos/57628931/original.jpeg,data/raw/kereru/57628931.jpg,163954,65a87519a57a3f9e12a2b474af8e8c41,1600,1200,2026-09-11T15:53:48+1200,train
kereru,bird,Kererū,Hemiphaga novaeseelandiae,285009319,512264959,cc-by,"(c) Patrick Lam, some rights reserved (CC BY)",2024-06-23,413481,Hemiphaga novaeseelandiae novaeseelandiae,https://inaturalist-open-data.s3.amazonaws.com/photos/512264959/large.jpg,https://inaturalist-open-data.s3.amazonaws.com/photos/512264959/original.jpg,data/raw/kereru/512264959.jpg,97237,f8dd96f970b2dc161438fbb431144352,2048,1365,2026-09-11T15:53:48+1200,train
kereru,bird,Kererū,Hemiphaga novaeseelandiae,160869135,278017745,cc-by,"(c) Saryu Mae 前 朝琉, some rights reserved (CC BY)",2023-04-28,413481,Hemiphaga novaeseelandiae novaeseelandiae,https://inaturalist-open-data.s3.amazonaws.com/photos/278017745/large.jpeg,https://inaturalist-open-data.s3.amazonaws.com/photos/278017745/original.jpeg,data/raw/kereru/278017745.jpg,515525,f28e3806adc21c5cfca7266396eccabc,2048,1536,2026-09-11T15:53:48+1200,train
kereru,bird,Kererū,Hemiphaga novaeseelandiae,160869135,278017748,cc-by,"(c) Saryu Mae 前 朝琉, some rights reserved (CC BY)",2023-04-28,413481,Hemiphaga novaeseelandiae novaeseelandiae,https://inaturalist-open-data.s3.amazonaws.com/photos/278017748/large.jpeg,https://inaturalist-open-data.s3.amazonaws.com/photos/278017748/original.jpeg,data/raw/kereru/278017748.jpg,488616,41faf742fcec6de8dafda017e21e31ba,2048,1536,2026-09-11T15:53:48+1200,train
kereru,bird,Kererū,Hemiphaga novaeseelandiae,160869135,278017792,cc-by,"(c) Saryu Mae 前 朝琉, some rights reserved (CC BY)",2023-04-28,413481,Hemiphaga novaeseelandiae novaeseelandiae,https://inaturalist-open-data.s3.amazonaws.com/photos/278017792/large.jpeg,https://inaturalist-open-data.s3.amazonaws.com/photos/278017792/original.jpeg,data/raw/kereru/278017792.jpg,555483,1227dd2902f08109eb6f5e7ebdcb507b,2048,1536,2026-09-11T15:53:48+1200,train
kereru,bird,Kererū,Hemiphaga novaeseelandiae,37609501,59653832,cc-by,"(c) Jacqui Geux, some rights reserved (CC BY)",2020-01-15,413481,Hemiphaga novaeseelandiae novaeseelandiae,https://inaturalist-open-data.s3.amazonaws.com/photos/59653832/large.jpeg,https://inaturalist-open-data.s3.amazonaws.com/photos/59653832/original.jpeg,data/raw/kereru/59653832.jpg,188484,a8822075919aba2fee635b89780b0fd1,1600,1200,2026-09-11T15:53:48+1200,train
kereru,bird,Kererū,Hemiphaga novaeseelandiae,37609501,59653834,cc-by,"(c) Jacqui Geux, some rights reserved (CC BY)",2020-01-15,413481,Hemiphaga novaeseelandiae novaeseelandiae,https://inaturalist-open-data.s3.amazonaws.com/photos/59653834/large.jpeg,https://inaturalist-open-data.s3.amazonaws.com/photos/59653834/original.jpeg,data/raw/kereru/59653834.jpg,179724,6dfdf122ff1d9f2d7b673e265309d9b1,1600,1199,2026-09-11T15:53:48+1200,train
kereru,bird,Kererū,Hemiphaga novaeseelandiae,37609501,59653836,cc-by,"(c) Jacqui Geux, some rights reserved (CC BY)",2020-01-15,413481,Hemiphaga novaeseelandiae novaeseelandiae,https://inaturalist-open-data.s3.amazonaws.com/photos/59653836/large.jpeg,https://inaturalist-open-data.s3.amazonaws.com/photos/59653836/original.jpeg,data/raw/kereru/59653836.jpg,165714,576b9873bb57e132bb6ea51f5559db69,1600,1200,2026-09-11T15:53:48+1200,train
kereru,bird,Kererū,Hemiphaga novaeseelandiae,979163,1235857,cc-by,"(c) Tim Park, some rights reserved (CC BY)",2013-11-29,204520,Hemiphaga novaeseelandiae,https://inaturalist-open-data.s3.amazonaws.com/photos/1235857/large.,https://inaturalist-open-data.s3.amazonaws.com/photos/1235857/original.,data/raw/kereru/1235857.jpg,1012583,8d2486adde9980ee4733820464d28952,960,720,2026-09-11T15:53:48+1200,train
kereru,bird,Kererū,Hemiphaga novaeseelandiae,50247912,79792281,cc-by,"(c) Mike Bowie, some rights reserved (CC BY)",2020-06-18,413481,Hemiphaga novaeseelandiae novaeseelandiae,https://inaturalist-open-data.s3.amazonaws.com/photos/79792281/large.jpeg,https://inaturalist-open-data.s3.amazonaws.com/photos/79792281/original.jpeg,data/raw/kereru/79792281.jpg,264175,b894def2b197e6fedc1a92ab0f4e4be6,2048,1356,2026-09-11T15:53:48+1200,train
kereru,bird,Kererū,Hemiphaga novaeseelandiae,50247912,79792318,cc-by,"(c) Mike Bowie, some rights reserved (CC BY)",2020-06-18,413481,Hemiphaga novaeseelandiae novaeseelandiae,https://inaturalist-open-data.s3.amazonaws.com/photos/79792318/large.jpeg,https://inaturalist-open-data.s3.amazonaws.com/photos/79792318/original.jpeg,data/raw/kereru/79792318.jpg,229479,76f67a9b9cd3b216aef7169b597b0f88,2048,1356,2026-09-11T15:53:48+1200,train
kereru,bird,Kererū,Hemiphaga novaeseelandiae,69759135,113268208,cc-by,"(c) John Barkla, some rights reserved (CC BY)",2021-02-16,413481,Hemiphaga novaeseelandiae novaeseelandiae,https://inaturalist-open-data.s3.amazonaws.com/photos/113268208/large.jpg,https://inaturalist-open-data.s3.amazonaws.com/photos/113268208/original.jpg,data/raw/kereru/113268208.jpg,273367,abf63c4a0082a381cda0aba2afbce754,2048,1364,2026-09-11T15:53:48+1200,train
kereru,bird,Kererū,Hemiphaga novaeseelandiae,69759135,113268283,cc-by,"(c) John Barkla, some rights reserved (CC BY)",2021-02-16,413481,Hemiphaga novaeseelandiae novaeseelandiae,https://inaturalist-open-data.s3.amazonaws.com/photos/113268283/large.jpg,https://inaturalist-open-data.s3.amazonaws.com/photos/113268283/original.jpg,data/raw/kereru/113268283.jpg,242162,6da5181c6a543c5676bd5684241240e6,2048,1365,2026-09-11T15:53:48+1200,train
kereru,bird,Kererū,Hemiphaga novaeseelandiae,69759135,113268295,cc-by,"(c) John Barkla, some rights reserved (CC BY)",2021-02-16,413481,Hemiphaga novaeseelandiae novaeseelandiae,https://inaturalist-open-data.s3.amazonaws.com/photos/113268295/large.jpg,https://inaturalist-open-data.s3.amazonaws.com/photos/113268295/original.jpg,data/raw/kereru/113268295.jpg,226803,2912ddfbeb256b304a73daddfcf91a4c,2048,1368,2026-09-11T15:53:48+1200,train
kereru,bird,Kererū,Hemiphaga novaeseelandiae,7470750,9723742,cc-by,"(c) John Barkla, some rights reserved (CC BY)",2017-08-12,204520,Hemiphaga novaeseelandiae,https://inaturalist-open-data.s3.amazonaws.com/photos/9723742/large.jpg,https://inaturalist-open-data.s3.amazonaws.com/photos/9723742/original.jpg,data/raw/kereru/9723742.jpg,239928,37e2414826a68a38209d648e2c2e7769,2048,1365,2026-09-11T15:53:48+1200,train
kereru,bird,Kererū,Hemiphaga novaeseelandiae,7470750,9723792,cc-by,"(c) John Barkla, some rights reserved (CC BY)",2017-08-12,204520,Hemiphaga novaeseelandiae,https://inaturalist-open-data.s3.amazonaws.com/photos/9723792/large.jpg,https://inaturalist-open-data.s3.amazonaws.com/photos/9723792/original.jpg,data/raw/kereru/9723792.jpg,274858,baa7b26e35913ef43684187cc8667e6d,2048,1364,2026-09-11T15:53:48+1200,train
kereru,bird,Kererū,Hemiphaga novaeseelandiae,7470750,9723820,cc-by,"(c) John Barkla, some rights reserved (CC BY)",2017-08-12,204520,Hemiphaga novaeseelandiae,https://inaturalist-open-data.s3.amazonaws.com/photos/9723820/large.jpg,https://inaturalist-open-data.s3.amazonaws.com/photos/9723820/original.jpg,data/raw/kereru/9723820.jpg,168948,54e8e65e110b5d3fb8b17418c2fc80b0,2048,1365,2026-09-11T15:53:48+1200,train
kereru,bird,Kererū,Hemiphaga novaeseelandiae,259452792,465746678,cc0,no rights reserved,2024-12-28,413481,Hemiphaga novaeseelandiae novaeseelandiae,https://inaturalist-open-data.s3.amazonaws.com/photos/465746678/large.jpeg,https://inaturalist-open-data.s3.amazonaws.com/photos/465746678/original.jpeg,data/raw/kereru/465746678.jpg,158439,8dd0ca779fb3b8385c44d8aed723d63e,1627,1627,2026-09-11T15:53:48+1200,train
piwakawaka,bird,Pīwakawaka,Rhipidura fuliginosa,225810926,400357960,cc-by,"(c) Saryu Mae 前 朝琉, some rights reserved (CC BY)",2024-02-09,413534,Rhipidura fuliginosa penita,https://inaturalist-open-data.s3.amazonaws.com/photos/400357960/large.jpg,https://inaturalist-open-data.s3.amazonaws.com/photos/400357960/original.jpg,data/raw/piwakawaka/400357960.jpg,425610,1eec06e8a1cb859136b205a5d89a8c22,2048,1365,2026-09-11T15:54:12+1200,train
piwakawaka,bird,Pīwakawaka,Rhipidura fuliginosa,225810926,400358016,cc-by,"(c) Saryu Mae 前 朝琉, some rights reserved (CC BY)",2024-02-09,413534,Rhipidura fuliginosa penita,https://inaturalist-open-data.s3.amazonaws.com/photos/400358016/large.jpg,https://inaturalist-open-data.s3.amazonaws.com/photos/400358016/original.jpg,data/raw/piwakawaka/400358016.jpg,359728,cef14129e8a308ca9f98a63567a51a2a,2048,1365,2026-09-11T15:54:12+1200,train
piwakawaka,bird,Pīwakawaka,Rhipidura fuliginosa,225810926,400358044,cc-by,"(c) Saryu Mae 前 朝琉, some rights reserved (CC BY)",2024-02-09,413534,Rhipidura fuliginosa penita,https://inaturalist-open-data.s3.amazonaws.com/photos/400358044/large.jpg,https://inaturalist-open-data.s3.amazonaws.com/photos/400358044/original.jpg,data/raw/piwakawaka/400358044.jpg,387128,f2ff18d89cb43eb583f65194685d1c08,2048,1366,2026-09-11T15:54:12+1200,train
piwakawaka,bird,Pīwakawaka,Rhipidura fuliginosa,225810926,400358017,cc-by,"(c) Saryu Mae 前 朝琉, some rights reserved (CC BY)",2024-02-09,413534,Rhipidura fuliginosa penita,https://inaturalist-open-data.s3.amazonaws.com/photos/400358017/large.jpg,https://inaturalist-open-data.s3.amazonaws.com/photos/400358017/original.jpg,data/raw/piwakawaka/400358017.jpg,368770,8df6959678416039d3668d0dce35ac17,2048,1365,2026-09-11T15:54:12+1200,train
piwakawaka,bird,Pīwakawaka,Rhipidura fuliginosa,225810926,400358059,cc-by,"(c) Saryu Mae 前 朝琉, some rights reserved (CC BY)",2024-02-09,413534,Rhipidura fuliginosa penita,https://inaturalist-open-data.s3.amazonaws.com/photos/400358059/large.jpg,https://inaturalist-open-data.s3.amazonaws.com/photos/400358059/original.jpg,data/raw/piwakawaka/400358059.jpg,331795,caa0159a48ffcf2b2c9b213fca18a74c,2048,1366,2026-09-11T15:54:12+1200,train
piwakawaka,bird,Pīwakawaka,Rhipidura fuliginosa,322922392,584256348,cc-by,"(c) Damon H, some rights reserved (CC BY)",2025-10-25,413543,Rhipidura fuliginosa placabilis,https://inaturalist-open-data.s3.amazonaws.com/photos/584256348/large.jpg,https://inaturalist-open-data.s3.amazonaws.com/photos/584256348/original.jpg,data/raw/piwakawaka/584256348.jpg,920648,0a49e9859b798324186ff2a44c151e72,2048,1536,2026-09-11T15:54:12+1200,train
piwakawaka,bird,Pīwakawaka,Rhipidura fuliginosa,25048772,38761984,cc-by,"(c) M Rutherford, some rights reserved (CC BY)",2019-05-13,413543,Rhipidura fuliginosa placabilis,https://inaturalist-open-data.s3.amazonaws.com/photos/38761984/large.jpg,https://inaturalist-open-data.s3.amazonaws.com/photos/38761984/original.jpg,data/raw/piwakawaka/38761984.jpg,384637,4d93dc9d00591442dadda4f04e60e77e,2048,1365,2026-09-11T15:54:12+1200,train
piwakawaka,bird,Pīwakawaka,Rhipidura fuliginosa,33504554,52625951,cc-by,"(c) Jacqui Geux, some rights reserved (CC BY)",2019-09-26,413543,Rhipidura fuliginosa placabilis,https://inaturalist-open-data.s3.amazonaws.com/photos/52625951/large.jpeg,https://inaturalist-open-data.s3.amazonaws.com/photos/52625951/original.jpeg,data/raw/piwakawaka/52625951.jpg,165701,6c135ed00c87c843e692c7c951130b2a,1600,1199,2026-09-11T15:54:12+1200,train
piwakawaka,bird,Pīwakawaka,Rhipidura fuliginosa,33504554,52625961,cc-by,"(c) Jacqui Geux, some rights reserved (CC BY)",2019-09-26,413543,Rhipidura fuliginosa placabilis,https://inaturalist-open-data.s3.amazonaws.com/photos/52625961/large.jpeg,https://inaturalist-open-data.s3.amazonaws.com/photos/52625961/original.jpeg,data/raw/piwakawaka/52625961.jpg,150182,507a8c97f1322a8d1c904122c0d1ae0c,1600,1200,2026-09-11T15:54:12+1200,train
piwakawaka,bird,Pīwakawaka,Rhipidura fuliginosa,33504554,52625971,cc-by,"(c) Jacqui Geux, some rights reserved (CC BY)",2019-09-26,413543,Rhipidura fuliginosa placabilis,https://inaturalist-open-data.s3.amazonaws.com/photos/52625971/large.jpeg,https://inaturalist-open-data.s3.amazonaws.com/photos/52625971/original.jpeg,data/raw/piwakawaka/52625971.jpg,335593,d8a6a25ab7e324aeea02d4cdedb809fd,1600,1200,2026-09-11T15:54:12+1200,train
piwakawaka,bird,Pīwakawaka,Rhipidura fuliginosa,33504554,52626174,cc-by,"(c) Jacqui Geux, some rights reserved (CC BY)",2019-09-26,413543,Rhipidura fuliginosa placabilis,https://inaturalist-open-data.s3.amazonaws.com/photos/52626174/large.jpeg,https://inaturalist-open-data.s3.amazonaws.com/photos/52626174/original.jpeg,data/raw/piwakawaka/52626174.jpg,303535,c3457a334a9b80b540b209d3a556e944,1600,1200,2026-09-11T15:54:12+1200,train
piwakawaka,bird,Pīwakawaka,Rhipidura fuliginosa,271399434,488188524,cc-by,"(c) Jon Sullivan, some rights reserved (CC BY)",2025-04-19,413533,Rhipidura fuliginosa fuliginosa,https://inaturalist-open-data.s3.amazonaws.com/photos/488188524/large.jpg,https://inaturalist-open-data.s3.amazonaws.com/photos/488188524/original.jpg,data/raw/piwakawaka/488188524.jpg,571810,7d1c36fd79e62a148d2a8d9372ad799f,2048,1365,2026-09-11T15:54:12+1200,train
piwakawaka,bird,Pīwakawaka,Rhipidura fuliginosa,100552854,167841357,cc0,no rights reserved,2019-04-26,413533,Rhipidura fuliginosa fuliginosa,https://inaturalist-open-data.s3.amazonaws.com/photos/167841357/large.jpeg,https://inaturalist-open-data.s3.amazonaws.com/photos/167841357/original.jpeg,data/raw/piwakawaka/167841357.jpg,205333,050d95f37428304ec7319fb5a3535902,2048,1536,2026-09-11T15:54:12+1200,train
piwakawaka,bird,Pīwakawaka,Rhipidura fuliginosa,240459270,428405436,cc-by,"(c) Saryu Mae 前 朝琉, some rights reserved (CC BY)",2024-02-11,413534,Rhipidura fuliginosa penita,https://inaturalist-open-data.s3.amazonaws.com/photos/428405436/large.jpg,https://inaturalist-open-data.s3.amazonaws.com/photos/428405436/original.jpg,data/raw/piwakawaka/428405436.jpg,349175,52f02fb9bd600202eb1158e19d21dc86,2048,1365,2026-09-11T15:54:12+1200,train
piwakawaka,bird,Pīwakawaka,Rhipidura fuliginosa,240459270,428405623,cc-by,"(c) Saryu Mae 前 朝琉, some rights reserved (CC BY)",2024-02-11,413534,Rhipidura fuliginosa penita,https://inaturalist-open-data.s3.amazonaws.com/photos/428405623/large.jpg,https://inaturalist-open-data.s3.amazonaws.com/photos/428405623/original.jpg,data/raw/piwakawaka/428405623.jpg,346155,3022695ac025f445a8787c01dd672fde,2048,1365,2026-09-11T15:54:12+1200,train
piwakawaka,bird,Pīwakawaka,Rhipidura fuliginosa,393612898,721483053,cc-by,"(c) Jon Sullivan, some rights reserved (CC BY)",2026-08-12,413533,Rhipidura fuliginosa fuliginosa,https://inaturalist-open-data.s3.amazonaws.com/photos/721483053/large.jpg,https://inaturalist-open-data.s3.amazonaws.com/photos/721483053/original.jpg,data/raw/piwakawaka/721483053.jpg,478445,56aa2a201c0866b2434395b4a8859c84,2048,1365,2026-09-11T15:54:12+1200,train
piwakawaka,bird,Pīwakawaka,Rhipidura fuliginosa,22693488,35165423,cc-by,"(c) Jenny Saito, some rights reserved (CC BY)",2019-04-18,413533,Rhipidura fuliginosa fuliginosa,https://inaturalist-open-data.s3.amazonaws.com/photos/35165423/large.jpeg,https://inaturalist-open-data.s3.amazonaws.com/photos/35165423/original.jpeg,data/raw/piwakawaka/35165423.jpg,767545,7ba9f3e08a6438e628fddf25a9e536e9,1536,2048,2026-09-11T15:54:12+1200,train
piwakawaka,bird,Pīwakawaka,Rhipidura fuliginosa,22693488,35165430,cc-by,"(c) Jenny Saito, some rights reserved (CC BY)",2019-04-18,413533,Rhipidura fuliginosa fuliginosa,https://inaturalist-open-data.s3.amazonaws.com/photos/35165430/large.jpeg,https://inaturalist-open-data.s3.amazonaws.com/photos/35165430/original.jpeg,data/raw/piwakawaka/35165430.jpg,580432,298b5cb92451ba7decdbf5053d3a7f5d,1536,2048,2026-09-11T15:54:12+1200,train
piwakawaka,bird,Pīwakawaka,Rhipidura fuliginosa,22693488,35165436,cc-by,"(c) Jenny Saito, some rights reserved (CC BY)",2019-04-18,413533,Rhipidura fuliginosa fuliginosa,https://inaturalist-open-data.s3.amazonaws.com/photos/35165436/large.jpeg,https://inaturalist-open-data.s3.amazonaws.com/photos/35165436/original.jpeg,data/raw/piwakawaka/35165436.jpg,790636,a88ca723ff820c4dc8ba8e58a8d9da85,1536,2048,2026-09-11T15:54:12+1200,train
piwakawaka,bird,Pīwakawaka,Rhipidura fuliginosa,160869132,278017680,cc-by,"(c) Saryu Mae 前 朝琉, some rights reserved (CC BY)",2023-04-28,413543,Rhipidura fuliginosa placabilis,https://inaturalist-open-data.s3.amazonaws.com/photos/278017680/large.jpeg,https://inaturalist-open-data.s3.amazonaws.com/photos/278017680/original.jpeg,data/raw/piwakawaka/278017680.jpg,828868,7437f83d5946fc6844fbdd37828859e1,2048,1536,2026-09-11T15:54:12+1200,train
piwakawaka,bird,Pīwakawaka,Rhipidura fuliginosa,160869132,278017682,cc-by,"(c) Saryu Mae 前 朝琉, some rights reserved (CC BY)",2023-04-28,413543,Rhipidura fuliginosa placabilis,https://inaturalist-open-data.s3.amazonaws.com/photos/278017682/large.jpeg,https://inaturalist-open-data.s3.amazonaws.com/photos/278017682/original.jpeg,data/raw/piwakawaka/278017682.jpg,438497,28f768203791571e30a1d586be86d034,2048,1536,2026-09-11T15:54:12+1200,train
piwakawaka,bird,Pīwakawaka,Rhipidura fuliginosa,19993834,30858254,cc-by,"(c) Sebastian Doak, some rights reserved (CC BY)",2019-01-31,413533,Rhipidura fuliginosa fuliginosa,https://inaturalist-open-data.s3.amazonaws.com/photos/30858254/large.jpg,https://inaturalist-open-data.s3.amazonaws.com/photos/30858254/original.jpg,data/raw/piwakawaka/30858254.jpg,312405,8ae3f87f8c139fadb8d02bcc7c5df578,1080,810,2026-09-11T15:54:12+1200,train
piwakawaka,bird,Pīwakawaka,Rhipidura fuliginosa,258457555,463718218,cc-by,"(c) Saryu Mae 前 朝琉, some rights reserved (CC BY)",2024-02-15,413534,Rhipidura fuliginosa penita,https://inaturalist-open-data.s3.amazonaws.com/photos/463718218/large.jpg,https://inaturalist-open-data.s3.amazonaws.com/photos/463718218/original.jpg,data/raw/piwakawaka/463718218.jpg,530979,a0722cb63dd3d9a737e0086ef1c71b50,2048,1365,2026-09-11T15:54:12+1200,train
piwakawaka,bird,Pīwakawaka,Rhipidura fuliginosa,258457555,463717313,cc-by,"(c) Saryu Mae 前 朝琉, some rights reserved (CC BY)",2024-02-15,413534,Rhipidura fuliginosa penita,https://inaturalist-open-data.s3.amazonaws.com/photos/463717313/large.jpeg,https://inaturalist-open-data.s3.amazonaws.com/photos/463717313/original.jpeg,data/raw/piwakawaka/463717313.jpg,189813,1a92d961d821ed77de1dd533a7fcfd0a,2048,1365,2026-09-11T15:54:12+1200,train
piwakawaka,bird,Pīwakawaka,Rhipidura fuliginosa,258457555,463717267,cc-by,"(c) Saryu Mae 前 朝琉, some rights reserved (CC BY)",2024-02-15,413534,Rhipidura fuliginosa penita,https://inaturalist-open-data.s3.amazonaws.com/photos/463717267/large.jpeg,https://inaturalist-open-data.s3.amazonaws.com/photos/463717267/original.jpeg,data/raw/piwakawaka/463717267.jpg,177951,1464324143e0801aa971904695883028,1365,2048,2026-09-11T15:54:12+1200,train
piwakawaka,bird,Pīwakawaka,Rhipidura fuliginosa,194265438,341428896,cc-by,"(c) William Harland, some rights reserved (CC BY)",2023-12-17,413533,Rhipidura fuliginosa fuliginosa,https://inaturalist-open-data.s3.amazonaws.com/photos/341428896/large.jpeg,https://inaturalist-open-data.s3.amazonaws.com/photos/341428896/original.jpeg,data/raw/piwakawaka/341428896.jpg,452348,5ffe8354801fcbff203e784d388b2d46,2048,1506,2026-09-11T15:54:12+1200,train
piwakawaka,bird,Pīwakawaka,Rhipidura fuliginosa,194265438,341428927,cc-by,"(c) William Harland, some rights reserved (CC BY)",2023-12-17,413533,Rhipidura fuliginosa fuliginosa,https://inaturalist-open-data.s3.amazonaws.com/photos/341428927/large.jpeg,https://inaturalist-open-data.s3.amazonaws.com/photos/341428927/original.jpeg,data/raw/piwakawaka/341428927.jpg,389778,be89075c60947f8f95b4a8128d62d25a,2048,1314,2026-09-11T15:54:12+1200,train
piwakawaka,bird,Pīwakawaka,Rhipidura fuliginosa,267450447,480635419,cc-by,"(c) William Harland, some rights reserved (CC BY)",2025-03-22,413533,Rhipidura fuliginosa fuliginosa,https://inaturalist-open-data.s3.amazonaws.com/photos/480635419/large.jpeg,https://inaturalist-open-data.s3.amazonaws.com/photos/480635419/original.jpeg,data/raw/piwakawaka/480635419.jpg,67916,27df2f33926d2b177c42a6ed4cbb6c7f,2048,1372,2026-09-11T15:54:12+1200,train
piwakawaka,bird,Pīwakawaka,Rhipidura fuliginosa,267450447,480635417,cc-by,"(c) William Harland, some rights reserved (CC BY)",2025-03-22,413533,Rhipidura fuliginosa fuliginosa,https://inaturalist-open-data.s3.amazonaws.com/photos/480635417/large.jpeg,https://inaturalist-open-data.s3.amazonaws.com/photos/480635417/original.jpeg,data/raw/piwakawaka/480635417.jpg,63323,c2dbf9529a4243a2c615854bda58b0af,2048,1281,2026-09-11T15:54:12+1200,train
piwakawaka,bird,Pīwakawaka,Rhipidura fuliginosa,274426514,493359226,cc-by,"(c) Halema J, some rights reserved (CC BY)",2025-04-27,244276,Rhipidura fuliginosa,https://inaturalist-open-data.s3.amazonaws.com/photos/493359226/large.jpeg,https://inaturalist-open-data.s3.amazonaws.com/photos/493359226/original.jpeg,data/raw/piwakawaka/493359226.jpg,318816,e07db17fd9b3774a631b9c4c8051b697,2048,1365,2026-09-11T15:54:12+1200,train
piwakawaka,bird,Pīwakawaka,Rhipidura fuliginosa,274426514,493359282,cc-by,"(c) Halema J, some rights reserved (CC BY)",2025-04-27,244276,Rhipidura fuliginosa,https://inaturalist-open-data.s3.amazonaws.com/photos/493359282/large.jpeg,https://inaturalist-open-data.s3.amazonaws.com/photos/493359282/original.jpeg,data/raw/piwakawaka/493359282.jpg,365679,686b262c8a7f0a02d71518691b01ce4a,2048,1365,2026-09-11T15:54:12+1200,train
piwakawaka,bird,Pīwakawaka,Rhipidura fuliginosa,375189573,685855288,cc0,no rights reserved,2026-06-25,244276,Rhipidura fuliginosa,https://inaturalist-open-data.s3.amazonaws.com/photos/685855288/large.jpg,https://inaturalist-open-data.s3.amazonaws.com/photos/685855288/original.jpg,data/raw/piwakawaka/685855288.jpg,465309,645ed483b5e048adf22bae1cb201086f,1536,2048,2026-09-11T15:54:12+1200,train
piwakawaka,bird,Pīwakawaka,Rhipidura fuliginosa,16126399,24166457,cc-by,"(c) BIHNZ, some rights reserved (CC BY)",2018-08-27,413533,Rhipidura fuliginosa fuliginosa,https://inaturalist-open-data.s3.amazonaws.com/photos/24166457/large.jpg,https://inaturalist-open-data.s3.amazonaws.com/photos/24166457/original.jpg,data/raw/piwakawaka/24166457.jpg,125253,d01e6e378130a8676475d4c82ded6fa4,2048,1371,2026-09-11T15:54:12+1200,train
piwakawaka,bird,Pīwakawaka,Rhipidura fuliginosa,142129090,243626060,cc-by,"(c) Michael Berardozzi, some rights reserved (CC BY)",2018-12-09,413543,Rhipidura fuliginosa placabilis,https://inaturalist-open-data.s3.amazonaws.com/photos/243626060/large.jpg,https://inaturalist-open-data.s3.amazonaws.com/photos/243626060/original.jpg,data/raw/piwakawaka/243626060.jpg,153065,ce88259bc1fdd76787f6c64fe93231a5,1894,2048,2026-09-11T15:54:12+1200,train
piwakawaka,bird,Pīwakawaka,Rhipidura fuliginosa,44961389,71280815,cc-by,"(c) Roy Lowry, some rights reserved (CC BY)",2016-11-19,413533,Rhipidura fuliginosa fuliginosa,https://inaturalist-open-data.s3.amazonaws.com/photos/71280815/large.jpg,https://inaturalist-open-data.s3.amazonaws.com/photos/71280815/original.jpg,data/raw/piwakawaka/71280815.jpg,374530,a1ccdd39837c803bc9985abb86d68ec8,2048,1365,2026-09-11T15:54:12+1200,train
piwakawaka,bird,Pīwakawaka,Rhipidura fuliginosa,358432031,653865678,cc-by,"(c) Beaulah, some rights reserved (CC BY)",2026-05-05,413533,Rhipidura fuliginosa fuliginosa,https://inaturalist-open-data.s3.amazonaws.com/photos/653865678/large.jpg,https://inaturalist-open-data.s3.amazonaws.com/photos/653865678/original.jpg,data/raw/piwakawaka/653865678.jpg,701027,5f57ced1850b73c5e528497260827133,1080,827,2026-09-11T15:54:12+1200,train
piwakawaka,bird,Pīwakawaka,Rhipidura fuliginosa,40665972,64462180,cc0,no rights reserved,2020-03-17,413543,Rhipidura fuliginosa placabilis,https://inaturalist-open-data.s3.amazonaws.com/photos/64462180/large.jpg,https://inaturalist-open-data.s3.amazonaws.com/photos/64462180/original.jpg,data/raw/piwakawaka/64462180.jpg,561545,7f6658ecb408b55f6fd20ed7684da9e1,2048,1536,2026-09-11T15:54:12+1200,train
tauhou,bird,Tauhou (silvereye),Zosterops lateralis,177752681,309196442,cc-by,"(c) BIHNZ, some rights reserved (CC BY)",2023-08-11,413547,Zosterops lateralis lateralis,https://inaturalist-open-data.s3.amazonaws.com/photos/309196442/large.jpeg,https://inaturalist-open-data.s3.amazonaws.com/photos/309196442/original.jpeg,data/raw/tauhou/309196442.jpg,199327,674ce760ffe7739ea5e9f97cde101f13,2025,1350,2026-09-11T15:54:39+1200,train
tauhou,bird,Tauhou (silvereye),Zosterops lateralis,120625368,204042194,cc-by,"(c) Tom, some rights reserved (CC BY)",2022-06-04,413547,Zosterops lateralis lateralis,https://inaturalist-open-data.s3.amazonaws.com/photos/204042194/large.jpeg,https://inaturalist-open-data.s3.amazonaws.com/photos/204042194/original.jpeg,data/raw/tauhou/204042194.jpg,291121,c76607bdeb4ab5dc1e4daa790c35ee22,2000,1500,2026-09-11T15:54:39+1200,train
tauhou,bird,Tauhou (silvereye),Zosterops lateralis,213352298,377052199,cc-by,"(c) Jon Sullivan, some rights reserved (CC BY)",2024-04-29,202505,Zosterops lateralis,https://inaturalist-open-data.s3.amazonaws.com/photos/377052199/large.jpg,https://inaturalist-open-data.s3.amazonaws.com/photos/377052199/original.jpg,data/raw/tauhou/377052199.jpg,80694,9918bbe9af6f21a9f7a46375c8206963,2048,1368,2026-09-11T15:54:39+1200,train
tauhou,bird,Tauhou (silvereye),Zosterops lateralis,213352298,377052184,cc-by,"(c) Jon Sullivan, some rights reserved (CC BY)",2024-04-29,202505,Zosterops lateralis,https://inaturalist-open-data.s3.amazonaws.com/photos/377052184/large.jpg,https://inaturalist-open-data.s3.amazonaws.com/photos/377052184/original.jpg,data/raw/tauhou/377052184.jpg,80098,e5a4b3af14fd6676cf3fef458c0c50e8,2048,1368,2026-09-11T15:54:39+1200,train
tauhou,bird,Tauhou (silvereye),Zosterops lateralis,213352298,377052146,cc-by,"(c) Jon Sullivan, some rights reserved (CC BY)",2024-04-29,202505,Zosterops lateralis,https://inaturalist-open-data.s3.amazonaws.com/photos/377052146/large.jpg,https://inaturalist-open-data.s3.amazonaws.com/photos/377052146/original.jpg,data/raw/tauhou/377052146.jpg,77498,d51556c762eb7ae59e19e8797d95ed62,2048,1368,2026-09-11T15:54:39+1200,train
tauhou,bird,Tauhou (silvereye),Zosterops lateralis,177924065,309517650,cc-by,"(c) William Harland, some rights reserved (CC BY)",2023-08-08,413547,Zosterops lateralis lateralis,https://inaturalist-open-data.s3.amazonaws.com/photos/309517650/large.jpeg,https://inaturalist-open-data.s3.amazonaws.com/photos/309517650/original.jpeg,data/raw/tauhou/309517650.jpg,195426,7faca709d5cb675afe60056197d9fb70,2048,1472,2026-09-11T15:54:39+1200,train
tauhou,bird,Tauhou (silvereye),Zosterops lateralis,177924065,309517886,cc-by,"(c) William Harland, some rights reserved (CC BY)",2023-08-08,413547,Zosterops lateralis lateralis,https://inaturalist-open-data.s3.amazonaws.com/photos/309517886/large.jpeg,https://inaturalist-open-data.s3.amazonaws.com/photos/309517886/original.jpeg,data/raw/tauhou/309517886.jpg,209401,eb89b58365f431e16a0f90c907b61f9e,2048,1540,2026-09-11T15:54:39+1200,train
tauhou,bird,Tauhou (silvereye),Zosterops lateralis,179482133,312454770,cc-by,"(c) Saryu Mae 前 朝琉, some rights reserved (CC BY)",2023-08-04,413547,Zosterops lateralis lateralis,https://inaturalist-open-data.s3.amazonaws.com/photos/312454770/large.jpg,https://inaturalist-open-data.s3.amazonaws.com/photos/312454770/original.jpg,data/raw/tauhou/312454770.jpg,261419,032dc4aa4463de59399ee9f5dee93040,2048,1536,2026-09-11T15:54:39+1200,train
tauhou,bird,Tauhou (silvereye),Zosterops lateralis,210051234,371600831,cc-by,"(c) wild_wind, some rights reserved (CC BY)",2024-04-26,413547,Zosterops lateralis lateralis,https://inaturalist-open-data.s3.amazonaws.com/photos/371600831/large.jpeg,https://inaturalist-open-data.s3.amazonaws.com/photos/371600831/original.jpeg,data/raw/tauhou/371600831.jpg,274960,a5444e1957e0f1d0a3cfbc1c605e492b,1591,1607,2026-09-11T15:54:39+1200,train
tauhou,bird,Tauhou (silvereye),Zosterops lateralis,33288152,52272485,cc-by,"(c) Jacqui Geux, some rights reserved (CC BY)",2019-09-23,413547,Zosterops lateralis lateralis,https://inaturalist-open-data.s3.amazonaws.com/photos/52272485/large.jpeg,https://inaturalist-open-data.s3.amazonaws.com/photos/52272485/original.jpeg,data/raw/tauhou/52272485.jpg,189675,c2040a7df6c28b2766a851fae3948d4e,1600,1200,2026-09-11T15:54:39+1200,train
tauhou,bird,Tauhou (silvereye),Zosterops lateralis,12783410,18530052,cc-by,"(c) Jacqui Geux, some rights reserved (CC BY)",2018-05-24,413547,Zosterops lateralis lateralis,https://inaturalist-open-data.s3.amazonaws.com/photos/18530052/large.jpeg,https://inaturalist-open-data.s3.amazonaws.com/photos/18530052/original.jpeg,data/raw/tauhou/18530052.jpg,164776,9a2d96a06ca2ea31fd1e7fa7fcad700d,1600,1200,2026-09-11T15:54:39+1200,train
tauhou,bird,Tauhou (silvereye),Zosterops lateralis,245830501,438741620,cc-by,"(c) Jon Sullivan, some rights reserved (CC BY)",2024-09-21,413547,Zosterops lateralis lateralis,https://inaturalist-open-data.s3.amazonaws.com/photos/438741620/large.jpg,https://inaturalist-open-data.s3.amazonaws.com/photos/438741620/original.jpg,data/raw/tauhou/438741620.jpg,600933,c9274590abf28c05396b533d7df0e4ae,2048,1536,2026-09-11T15:54:39+1200,train
tauhou,bird,Tauhou (silvereye),Zosterops lateralis,252113548,451244569,cc-by,"(c) William Harland, some rights reserved (CC BY)",2024-11-17,413547,Zosterops lateralis lateralis,https://inaturalist-open-data.s3.amazonaws.com/photos/451244569/large.jpeg,https://inaturalist-open-data.s3.amazonaws.com/photos/451244569/original.jpeg,data/raw/tauhou/451244569.jpg,154523,b7328fe949c4829be5ec18a41263a02d,2048,1214,2026-09-11T15:54:39+1200,train
tauhou,bird,Tauhou (silvereye),Zosterops lateralis,252113548,451244564,cc-by,"(c) William Harland, some rights reserved (CC BY)",2024-11-17,413547,Zosterops lateralis lateralis,https://inaturalist-open-data.s3.amazonaws.com/photos/451244564/large.jpeg,https://inaturalist-open-data.s3.amazonaws.com/photos/451244564/original.jpeg,data/raw/tauhou/451244564.jpg,87215,c482222c4e5fd7653d2d0e8915fbe656,2048,1121,2026-09-11T15:54:39+1200,train
tauhou,bird,Tauhou (silvereye),Zosterops lateralis,121969051,206456229,cc-by,"(c) Svend Hansen, some rights reserved (CC BY)",2022-06-16,413547,Zosterops lateralis lateralis,https://inaturalist-open-data.s3.amazonaws.com/photos/206456229/large.jpeg,https://inaturalist-open-data.s3.amazonaws.com/photos/206456229/original.jpeg,data/raw/tauhou/206456229.jpg,510864,3129f1ac68836d782b60cd30b7e6974e,1152,2048,2026-09-11T15:54:39+1200,train
tauhou,bird,Tauhou (silvereye),Zosterops lateralis,121969051,206456253,cc-by,"(c) Svend Hansen, some rights reserved (CC BY)",2022-06-16,413547,Zosterops lateralis lateralis,https://inaturalist-open-data.s3.amazonaws.com/photos/206456253/large.jpeg,https://inaturalist-open-data.s3.amazonaws.com/photos/206456253/original.jpeg,data/raw/tauhou/206456253.jpg,560416,573f8765b53253e2f775ff82ba0d037b,1152,2048,2026-09-11T15:54:39+1200,train
tauhou,bird,Tauhou (silvereye),Zosterops lateralis,396038624,726247748,cc-by,"(c) William Harland, some rights reserved (CC BY)",2026-07-26,413547,Zosterops lateralis lateralis,https://inaturalist-open-data.s3.amazonaws.com/photos/726247748/large.jpg,https://inaturalist-open-data.s3.amazonaws.com/photos/726247748/original.jpg,data/raw/tauhou/726247748.jpg,130617,79f5663bcbdec6a3bf8e1e624341c92d,2048,1415,2026-09-11T15:54:39+1200,train
tauhou,bird,Tauhou (silvereye),Zosterops lateralis,396038624,726247752,cc-by,"(c) William Harland, some rights reserved (CC BY)",2026-07-26,413547,Zosterops lateralis lateralis,https://inaturalist-open-data.s3.amazonaws.com/photos/726247752/large.jpg,https://inaturalist-open-data.s3.amazonaws.com/photos/726247752/original.jpg,data/raw/tauhou/726247752.jpg,130624,083d2d72cac05ab703132ccb0b4218f2,2048,1433,2026-09-11T15:54:39+1200,train
tauhou,bird,Tauhou (silvereye),Zosterops lateralis,49527672,78624515,cc-by,"(c) Andy Bell, some rights reserved (CC BY)",2020-06-14,413547,Zosterops lateralis lateralis,https://inaturalist-open-data.s3.amazonaws.com/photos/78624515/large.jpg,https://inaturalist-open-data.s3.amazonaws.com/photos/78624515/original.jpg,data/raw/tauhou/78624515.jpg,338050,d637a454b56ebf3d9f62fa930c76b8f1,1536,2048,2026-09-11T15:54:39+1200,train
tauhou,bird,Tauhou (silvereye),Zosterops lateralis,49527672,78624574,cc-by,"(c) Andy Bell, some rights reserved (CC BY)",2020-06-14,413547,Zosterops lateralis lateralis,https://inaturalist-open-data.s3.amazonaws.com/photos/78624574/large.jpg,https://inaturalist-open-data.s3.amazonaws.com/photos/78624574/original.jpg,data/raw/tauhou/78624574.jpg,401476,17805baa69338e1553ed6613ec3221cd,1536,2048,2026-09-11T15:54:39+1200,train
tauhou,bird,Tauhou (silvereye),Zosterops lateralis,49527672,78624540,cc-by,"(c) Andy Bell, some rights reserved (CC BY)",2020-06-14,413547,Zosterops lateralis lateralis,https://inaturalist-open-data.s3.amazonaws.com/photos/78624540/large.jpg,https://inaturalist-open-data.s3.amazonaws.com/photos/78624540/original.jpg,data/raw/tauhou/78624540.jpg,336386,3bab419432978c7f41a59a38b11cb054,1536,2048,2026-09-11T15:54:39+1200,train
tauhou,bird,Tauhou (silvereye),Zosterops lateralis,18669782,28580879,cc-by,"(c) Jacqui Geux, some rights reserved (CC BY)",2018-11-27,413547,Zosterops lateralis lateralis,https://inaturalist-open-data.s3.amazonaws.com/photos/28580879/large.jpeg,https://inaturalist-open-data.s3.amazonaws.com/photos/28580879/original.jpeg,data/raw/tauhou/28580879.jpg,181107,73e4395f31c3dfb45a1e5f5edae25eee,1600,1200,2026-09-11T15:54:39+1200,train
tauhou,bird,Tauhou (silvereye),Zosterops lateralis,18669782,28580881,cc-by,"(c) Jacqui Geux, some rights reserved (CC BY)",2018-11-27,413547,Zosterops lateralis lateralis,https://inaturalist-open-data.s3.amazonaws.com/photos/28580881/large.jpeg,https://inaturalist-open-data.s3.amazonaws.com/photos/28580881/original.jpeg,data/raw/tauhou/28580881.jpg,216929,08a2e566bf4c45e60b63de97bc5237d4,1600,1200,2026-09-11T15:54:39+1200,train
tauhou,bird,Tauhou (silvereye),Zosterops lateralis,18669782,28580885,cc-by,"(c) Jacqui Geux, some rights reserved (CC BY)",2018-11-27,413547,Zosterops lateralis lateralis,https://inaturalist-open-data.s3.amazonaws.com/photos/28580885/large.jpeg,https://inaturalist-open-data.s3.amazonaws.com/photos/28580885/original.jpeg,data/raw/tauhou/28580885.jpg,208368,cb7e7b45764f8876b1208043a30b5bc8,1600,1200,2026-09-11T15:54:39+1200,train
tauhou,bird,Tauhou (silvereye),Zosterops lateralis,225856316,400487095,cc-by,"(c) William Harland, some rights reserved (CC BY)",2024-06-28,413547,Zosterops lateralis lateralis,https://inaturalist-open-data.s3.amazonaws.com/photos/400487095/large.jpeg,https://inaturalist-open-data.s3.amazonaws.com/photos/400487095/original.jpeg,data/raw/tauhou/400487095.jpg,118239,e82b35c2811f31c5a020a3fc92f6e898,2048,1322,2026-09-11T15:54:39+1200,train
tauhou,bird,Tauhou (silvereye),Zosterops lateralis,116053068,195868684,cc-by,"(c) Jon Sullivan, some rights reserved (CC BY)",2022-04-29,413547,Zosterops lateralis lateralis,https://inaturalist-open-data.s3.amazonaws.com/photos/195868684/large.jpg,https://inaturalist-open-data.s3.amazonaws.com/photos/195868684/original.jpg,data/raw/tauhou/195868684.jpg,663157,207aaac34c3a554e42aba9b981ca8794,2048,1536,2026-09-11T15:54:39+1200,train
tauhou,bird,Tauhou (silvereye),Zosterops lateralis,308648110,556863610,cc-by,"(c) William Harland, some rights reserved (CC BY)",2025-08-22,413547,Zosterops lateralis lateralis,https://inaturalist-open-data.s3.amazonaws.com/photos/556863610/large.jpg,https://inaturalist-open-data.s3.amazonaws.com/photos/556863610/original.jpg,data/raw/tauhou/556863610.jpg,111862,54b144e0396138d3115c222d7779340c,2048,1268,2026-09-11T15:54:39+1200,train
tauhou,bird,Tauhou (silvereye),Zosterops lateralis,225856315,400487090,cc-by,"(c) William Harland, some rights reserved (CC BY)",2024-06-28,413547,Zosterops lateralis lateralis,https://inaturalist-open-data.s3.amazonaws.com/photos/400487090/large.jpeg,https://inaturalist-open-data.s3.amazonaws.com/photos/400487090/original.jpeg,data/raw/tauhou/400487090.jpg,112053,9838941489d9283b241bcc0644856694,2048,1186,2026-09-11T15:54:39+1200,train
tauhou,bird,Tauhou (silvereye),Zosterops lateralis,387388111,709368396,cc-by,"(c) Colin Meurk, some rights reserved (CC BY)",2026-08-02,202505,Zosterops lateralis,https://inaturalist-open-data.s3.amazonaws.com/photos/709368396/large.jpg,https://inaturalist-open-data.s3.amazonaws.com/photos/709368396/original.jpg,data/raw/tauhou/709368396.jpg,713014,93ef2f326e23f14ca3e6acec113abb5b,1536,2048,2026-09-11T15:54:39+1200,train
tauhou,bird,Tauhou (silvereye),Zosterops lateralis,175309185,304656733,cc-by,"(c) William Harland, some rights reserved (CC BY)",2023-07-26,413547,Zosterops lateralis lateralis,https://inaturalist-open-data.s3.amazonaws.com/photos/304656733/large.jpeg,https://inaturalist-open-data.s3.amazonaws.com/photos/304656733/original.jpeg,data/raw/tauhou/304656733.jpg,196564,d5b6f2b2b84e943882002620a2552f7f,2048,1832,2026-09-11T15:54:39+1200,train
tauhou,bird,Tauhou (silvereye),Zosterops lateralis,5259220,6508102,cc-by,"(c) Brett Sandford, some rights reserved (CC BY)",2017-03-10,413547,Zosterops lateralis lateralis,https://inaturalist-open-data.s3.amazonaws.com/photos/6508102/large.jpeg,https://inaturalist-open-data.s3.amazonaws.com/photos/6508102/original.jpeg,data/raw/tauhou/6508102.jpg,495030,087505a3b9382d2f8580186c0a779652,2048,1536,2026-09-11T15:54:39+1200,train
tauhou,bird,Tauhou (silvereye),Zosterops lateralis,5259220,6508105,cc-by,"(c) Brett Sandford, some rights reserved (CC BY)",2017-03-10,413547,Zosterops lateralis lateralis,https://inaturalist-open-data.s3.amazonaws.com/photos/6508105/large.jpeg,https://inaturalist-open-data.s3.amazonaws.com/photos/6508105/original.jpeg,data/raw/tauhou/6508105.jpg,483880,b07e2c5c4004c2d738a26fca9690a144,2048,1536,2026-09-11T15:54:39+1200,train
tauhou,bird,Tauhou (silvereye),Zosterops lateralis,241463029,430239654,cc-by,"(c) Saryu Mae 前 朝琉, some rights reserved (CC BY)",2024-02-12,413547,Zosterops lateralis lateralis,https://inaturalist-open-data.s3.amazonaws.com/photos/430239654/large.jpg,https://inaturalist-open-data.s3.amazonaws.com/photos/430239654/original.jpg,data/raw/tauhou/430239654.jpg,621301,e68199d1fe64747d579d15334ab2be74,842,1122,2026-09-11T15:54:39+1200,train
tauhou,bird,Tauhou (silvereye),Zosterops lateralis,241463029,430239667,cc-by,"(c) Saryu Mae 前 朝琉, some rights reserved (CC BY)",2024-02-12,413547,Zosterops lateralis lateralis,https://inaturalist-open-data.s3.amazonaws.com/photos/430239667/large.jpg,https://inaturalist-open-data.s3.amazonaws.com/photos/430239667/original.jpg,data/raw/tauhou/430239667.jpg,301637,5a7bed64c1161ad26e654ad78276f735,515,686,2026-09-11T15:54:39+1200,train
tauhou,bird,Tauhou (silvereye),Zosterops lateralis,241463029,430239683,cc-by,"(c) Saryu Mae 前 朝琉, some rights reserved (CC BY)",2024-02-12,413547,Zosterops lateralis lateralis,https://inaturalist-open-data.s3.amazonaws.com/photos/430239683/large.jpg,https://inaturalist-open-data.s3.amazonaws.com/photos/430239683/original.jpg,data/raw/tauhou/430239683.jpg,504362,be3cec8a34159311c6a1177e263d8355,1536,2048,2026-09-11T15:54:39+1200,train
tauhou,bird,Tauhou (silvereye),Zosterops lateralis,241463029,430239721,cc-by,"(c) Saryu Mae 前 朝琉, some rights reserved (CC BY)",2024-02-12,413547,Zosterops lateralis lateralis,https://inaturalist-open-data.s3.amazonaws.com/photos/430239721/large.jpg,https://inaturalist-open-data.s3.amazonaws.com/photos/430239721/original.jpg,data/raw/tauhou/430239721.jpg,717252,ae7e01992449cfe8c25529ba073d2438,2048,1365,2026-09-11T15:54:39+1200,train
korimako,bird,Korimako,Anthornis melanura,369978646,675862079,cc-by,"(c) Jon Sullivan, some rights reserved (CC BY)",2026-06-09,413425,Anthornis melanura melanura,https://inaturalist-open-data.s3.amazonaws.com/photos/675862079/large.jpg,https://inaturalist-open-data.s3.amazonaws.com/photos/675862079/original.jpg,data/raw/korimako/675862079.jpg,414583,cca4c9750f217a636ebd56e66e2789ba,2048,1363,2026-09-11T15:55:04+1200,train
korimako,bird,Korimako,Anthornis melanura,369978646,675862099,cc-by,"(c) Jon Sullivan, some rights reserved (CC BY)",2026-06-09,413425,Anthornis melanura melanura,https://inaturalist-open-data.s3.amazonaws.com/photos/675862099/large.jpg,https://inaturalist-open-data.s3.amazonaws.com/photos/675862099/original.jpg,data/raw/korimako/675862099.jpg,413892,99b543b8171298670901189d3831a4a7,2048,1365,2026-09-11T15:55:04+1200,train
korimako,bird,Korimako,Anthornis melanura,369978646,675862090,cc-by,"(c) Jon Sullivan, some rights reserved (CC BY)",2026-06-09,413425,Anthornis melanura melanura,https://inaturalist-open-data.s3.amazonaws.com/photos/675862090/large.jpg,https://inaturalist-open-data.s3.amazonaws.com/photos/675862090/original.jpg,data/raw/korimako/675862090.jpg,443085,ccd176437c087dc8cfcf6299283ee682,2048,1365,2026-09-11T15:55:04+1200,train
korimako,bird,Korimako,Anthornis melanura,369978646,675862070,cc-by,"(c) Jon Sullivan, some rights reserved (CC BY)",2026-06-09,413425,Anthornis melanura melanura,https://inaturalist-open-data.s3.amazonaws.com/photos/675862070/large.jpg,https://inaturalist-open-data.s3.amazonaws.com/photos/675862070/original.jpg,data/raw/korimako/675862070.jpg,539809,384cc2d6a1f7f2fa6e20318f3c8d7bf5,1596,1064,2026-09-11T15:55:04+1200,train
korimako,bird,Korimako,Anthornis melanura,391046446,716489583,cc-by,"(c) William Harland, some rights reserved (CC BY)",2026-08-11,413425,Anthornis melanura melanura,https://inaturalist-open-data.s3.amazonaws.com/photos/716489583/large.jpg,https://inaturalist-open-data.s3.amazonaws.com/photos/716489583/original.jpg,data/raw/korimako/716489583.jpg,108335,436338920810d6bad11f684b71a84a06,2048,1551,2026-09-11T15:55:04+1200,train
korimako,bird,Korimako,Anthornis melanura,260354173,467539853,cc-by,"(c) Jon Sullivan, some rights reserved (CC BY)",2025-02-01,413425,Anthornis melanura melanura,https://inaturalist-open-data.s3.amazonaws.com/photos/467539853/large.jpg,https://inaturalist-open-data.s3.amazonaws.com/photos/467539853/original.jpg,data/raw/korimako/467539853.jpg,290428,d0c8a212eff0a2bbcc70a03fc99ca343,2048,1366,2026-09-11T15:55:04+1200,train
korimako,bird,Korimako,Anthornis melanura,260354173,467539878,cc-by,"(c) Jon Sullivan, some rights reserved (CC BY)",2025-02-01,413425,Anthornis melanura melanura,https://inaturalist-open-data.s3.amazonaws.com/photos/467539878/large.jpg,https://inaturalist-open-data.s3.amazonaws.com/photos/467539878/original.jpg,data/raw/korimako/467539878.jpg,302276,1da2fec0d5a90a608895ebb149e0aaad,2048,1366,2026-09-11T15:55:04+1200,train
korimako,bird,Korimako,Anthornis melanura,260354173,467539851,cc-by,"(c) Jon Sullivan, some rights reserved (CC BY)",2025-02-01,413425,Anthornis melanura melanura,https://inaturalist-open-data.s3.amazonaws.com/photos/467539851/large.jpg,https://inaturalist-open-data.s3.amazonaws.com/photos/467539851/original.jpg,data/raw/korimako/467539851.jpg,281034,659cb989494f27b5676d03322a0493e8,2048,1366,2026-09-11T15:55:04+1200,train
korimako,bird,Korimako,Anthornis melanura,260354173,467539852,cc-by,"(c) Jon Sullivan, some rights reserved (CC BY)",2025-02-01,413425,Anthornis melanura melanura,https://inaturalist-open-data.s3.amazonaws.com/photos/467539852/large.jpg,https://inaturalist-open-data.s3.amazonaws.com/photos/467539852/original.jpg,data/raw/korimako/467539852.jpg,299761,0ce034f78dd68cc8778f4baebb5131a5,2048,1367,2026-09-11T15:55:04+1200,train
korimako,bird,Korimako,Anthornis melanura,277817024,498839635,cc-by,"(c) Emma Naylor, some rights reserved (CC BY)",2025-05-03,12612,Anthornis melanura,https://inaturalist-open-data.s3.amazonaws.com/photos/498839635/large.jpg,https://inaturalist-open-data.s3.amazonaws.com/photos/498839635/original.jpg,data/raw/korimako/498839635.jpg,522292,4c9f60e32699ed9267950e7e05cda1e7,1536,2048,2026-09-11T15:55:04+1200,train
korimako,bird,Korimako,Anthornis melanura,277817024,498839728,cc-by,"(c) Emma Naylor, some rights reserved (CC BY)",2025-05-03,12612,Anthornis melanura,https://inaturalist-open-data.s3.amazonaws.com/photos/498839728/large.jpg,https://inaturalist-open-data.s3.amazonaws.com/photos/498839728/original.jpg,data/raw/korimako/498839728.jpg,522926,a528edcc8338a0c1e7f3d48700ea2ee3,1536,2048,2026-09-11T15:55:04+1200,train
korimako,bird,Korimako,Anthornis melanura,277817024,498839834,cc-by,"(c) Emma Naylor, some rights reserved (CC BY)",2025-05-03,12612,Anthornis melanura,https://inaturalist-open-data.s3.amazonaws.com/photos/498839834/large.jpg,https://inaturalist-open-data.s3.amazonaws.com/photos/498839834/original.jpg,data/raw/korimako/498839834.jpg,561447,e9c9cf46051bb07c0b08caab80ef57b3,1536,2048,2026-09-11T15:55:04+1200,train
korimako,bird,Korimako,Anthornis melanura,155071356,268002710,cc-by,"(c) Jay Pruett, some rights reserved (CC BY)",2018-10-25,413425,Anthornis melanura melanura,https://inaturalist-open-data.s3.amazonaws.com/photos/268002710/large.jpg,https://inaturalist-open-data.s3.amazonaws.com/photos/268002710/original.jpg,data/raw/korimako/268002710.jpg,756193,f4306612682185e6e0ed4e2f80046217,1931,1287,2026-09-11T15:55:05+1200,train
korimako,bird,Korimako,Anthornis melanura,210064376,371623687,cc-by,"(c) Patrick Lam, some rights reserved (CC BY)",2024-04-27,12612,Anthornis melanura,https://inaturalist-open-data.s3.amazonaws.com/photos/371623687/large.jpeg,https://inaturalist-open-data.s3.amazonaws.com/photos/371623687/original.jpeg,data/raw/korimako/371623687.jpg,188561,b4be8764c6a34255ed78caab71538c3a,2048,1365,2026-09-11T15:55:05+1200,train
korimako,bird,Korimako,Anthornis melanura,115493394,194919544,cc-by,"(c) Jon Sullivan, some rights reserved (CC BY)",2022-05-02,12612,Anthornis melanura,https://inaturalist-open-data.s3.amazonaws.com/photos/194919544/large.jpg,https://inaturalist-open-data.s3.amazonaws.com/photos/194919544/original.jpg,data/raw/korimako/194919544.jpg,238724,c0197021744a5708aabb8dc3ed293d9d,2048,1367,2026-09-11T15:55:05+1200,train
korimako,bird,Korimako,Anthornis melanura,141969883,243324033,cc-by,"(c) Michael Berardozzi, some rights reserved (CC BY)",2018-12-18,12612,Anthornis melanura,https://inaturalist-open-data.s3.amazonaws.com/photos/243324033/large.jpg,https://inaturalist-open-data.s3.amazonaws.com/photos/243324033/original.jpg,data/raw/korimako/243324033.jpg,257707,2d601fdd4958df1665a8f3f074db48b2,2048,1793,2026-09-11T15:55:05+1200,train
korimako,bird,Korimako,Anthornis melanura,320603832,579688877,cc-by,"(c) William Harland, some rights reserved (CC BY)",2025-09-20,413425,Anthornis melanura melanura,https://inaturalist-open-data.s3.amazonaws.com/photos/579688877/large.jpg,https://inaturalist-open-data.s3.amazonaws.com/photos/579688877/original.jpg,data/raw/korimako/579688877.jpg,97183,8d1cc8465eea0dcd31a0a65a24dee694,2048,1294,2026-09-11T15:55:05+1200,train
korimako,bird,Korimako,Anthornis melanura,320603832,579688874,cc-by,"(c) William Harland, some rights reserved (CC BY)",2025-09-20,413425,Anthornis melanura melanura,https://inaturalist-open-data.s3.amazonaws.com/photos/579688874/large.jpg,https://inaturalist-open-data.s3.amazonaws.com/photos/579688874/original.jpg,data/raw/korimako/579688874.jpg,81683,e6b01c7b2935ba2666d5d9ba274fdb6f,2048,1152,2026-09-11T15:55:05+1200,train
korimako,bird,Korimako,Anthornis melanura,320603832,579688881,cc-by,"(c) William Harland, some rights reserved (CC BY)",2025-09-20,413425,Anthornis melanura melanura,https://inaturalist-open-data.s3.amazonaws.com/photos/579688881/large.jpg,https://inaturalist-open-data.s3.amazonaws.com/photos/579688881/original.jpg,data/raw/korimako/579688881.jpg,93935,b5df13477261b10a76589a2350ff4dba,2048,1441,2026-09-11T15:55:05+1200,train
korimako,bird,Korimako,Anthornis melanura,320603832,579688844,cc-by,"(c) William Harland, some rights reserved (CC BY)",2025-09-20,413425,Anthornis melanura melanura,https://inaturalist-open-data.s3.amazonaws.com/photos/579688844/large.jpg,https://inaturalist-open-data.s3.amazonaws.com/photos/579688844/original.jpg,data/raw/korimako/579688844.jpg,138299,5b439441fd36491298e3c03f01f4b758,2048,1505,2026-09-11T15:55:05+1200,train
korimako,bird,Korimako,Anthornis melanura,320603832,579688857,cc-by,"(c) William Harland, some rights reserved (CC BY)",2025-09-20,413425,Anthornis melanura melanura,https://inaturalist-open-data.s3.amazonaws.com/photos/579688857/large.jpg,https://inaturalist-open-data.s3.amazonaws.com/photos/579688857/original.jpg,data/raw/korimako/579688857.jpg,111233,4be3197532ac5bdb7c99586a1c729ceb,2048,1401,2026-09-11T15:55:05+1200,train
korimako,bird,Korimako,Anthornis melanura,320603832,579688858,cc-by,"(c) William Harland, some rights reserved (CC BY)",2025-09-20,413425,Anthornis melanura melanura,https://inaturalist-open-data.s3.amazonaws.com/photos/579688858/large.jpg,https://inaturalist-open-data.s3.amazonaws.com/photos/579688858/original.jpg,data/raw/korimako/579688858.jpg,120007,4a38f4fa2a25e42e5405322a7876596c,2048,1413,2026-09-11T15:55:05+1200,train
korimako,bird,Korimako,Anthornis melanura,320603832,579688860,cc-by,"(c) William Harland, some rights reserved (CC BY)",2025-09-20,413425,Anthornis melanura melanura,https://inaturalist-open-data.s3.amazonaws.com/photos/579688860/large.jpg,https://inaturalist-open-data.s3.amazonaws.com/photos/579688860/original.jpg,data/raw/korimako/579688860.jpg,127316,2bc209c1a250f6beae79a188903255da,2048,1335,2026-09-11T15:55:05+1200,train
korimako,bird,Korimako,Anthornis melanura,227666072,403908550,cc-by,"(c) Jon Sullivan, some rights reserved (CC BY)",2024-07-07,413425,Anthornis melanura melanura,https://inaturalist-open-data.s3.amazonaws.com/photos/403908550/large.jpg,https://inaturalist-open-data.s3.amazonaws.com/photos/403908550/original.jpg,data/raw/korimako/403908550.jpg,208543,f332cd47572ac98a5aee7d3665f3162f,819,546,2026-09-11T15:55:05+1200,train
korimako,bird,Korimako,Anthornis melanura,227666072,403908524,cc-by,"(c) Jon Sullivan, some rights reserved (CC BY)",2024-07-07,413425,Anthornis melanura melanura,https://inaturalist-open-data.s3.amazonaws.com/photos/403908524/large.jpg,https://inaturalist-open-data.s3.amazonaws.com/photos/403908524/original.jpg,data/raw/korimako/403908524.jpg,296895,ef731e555fa6251e9930081300f89a85,659,988,2026-09-11T15:55:05+1200,train
korimako,bird,Korimako,Anthornis melanura,395090241,724391402,cc0,no rights reserved,2026-08-28,12612,Anthornis melanura,https://inaturalist-open-data.s3.amazonaws.com/photos/724391402/large.jpg,https://inaturalist-open-data.s3.amazonaws.com/photos/724391402/original.jpg,data/raw/korimako/724391402.jpg,241105,afdef5b920770ccbb352dbf48234535a,947,1263,2026-09-11T15:55:05+1200,train
korimako,bird,Korimako,Anthornis melanura,395090241,724391443,cc0,no rights reserved,2026-08-28,12612,Anthornis melanura,https://inaturalist-open-data.s3.amazonaws.com/photos/724391443/large.jpg,https://inaturalist-open-data.s3.amazonaws.com/photos/724391443/original.jpg,data/raw/korimako/724391443.jpg,417955,9aa5436275f58e53997a5a8da2834d53,1536,2048,2026-09-11T15:55:05+1200,train
korimako,bird,Korimako,Anthornis melanura,180818594,314781198,cc-by,"(c) Saryu Mae 前 朝琉, some rights reserved (CC BY)",2023-08-15,413425,Anthornis melanura melanura,https://inaturalist-open-data.s3.amazonaws.com/photos/314781198/large.jpg,https://inaturalist-open-data.s3.amazonaws.com/photos/314781198/original.jpg,data/raw/korimako/314781198.jpg,1107677,39db60c0c07792adf6818586bc30ac08,2048,1529,2026-09-11T15:55:05+1200,train
korimako,bird,Korimako,Anthornis melanura,358179112,653370361,cc-by,"(c) William Harland, some rights reserved (CC BY)",2026-04-26,413425,Anthornis melanura melanura,https://inaturalist-open-data.s3.amazonaws.com/photos/653370361/large.jpg,https://inaturalist-open-data.s3.amazonaws.com/photos/653370361/original.jpg,data/raw/korimako/653370361.jpg,90406,34950f479c4212f7b7ffd39acf94e0af,2048,1415,2026-09-11T15:55:05+1200,train
korimako,bird,Korimako,Anthornis melanura,358179112,653370342,cc-by,"(c) William Harland, some rights reserved (CC BY)",2026-04-26,413425,Anthornis melanura melanura,https://inaturalist-open-data.s3.amazonaws.com/photos/653370342/large.jpg,https://inaturalist-open-data.s3.amazonaws.com/photos/653370342/original.jpg,data/raw/korimako/653370342.jpg,90597,eda6476fb1f5f8d5444872ec2d944193,2048,1290,2026-09-11T15:55:05+1200,train
korimako,bird,Korimako,Anthornis melanura,393730963,721711736,cc-by,"(c) sam-rajnikant, some rights reserved (CC BY)",2026-08-14,12612,Anthornis melanura,https://inaturalist-open-data.s3.amazonaws.com/photos/721711736/large.jpg,https://inaturalist-open-data.s3.amazonaws.com/photos/721711736/original.jpg,data/raw/korimako/721711736.jpg,230532,1aecb5da23c093cdca7ebab9810190fb,1995,1330,2026-09-11T15:55:05+1200,train
korimako,bird,Korimako,Anthornis melanura,393730963,721711745,cc-by,"(c) sam-rajnikant, some rights reserved (CC BY)",2026-08-14,12612,Anthornis melanura,https://inaturalist-open-data.s3.amazonaws.com/photos/721711745/large.jpg,https://inaturalist-open-data.s3.amazonaws.com/photos/721711745/original.jpg,data/raw/korimako/721711745.jpg,255076,90f9dc3daeeab143f612e90920ec7613,1992,1328,2026-09-11T15:55:05+1200,train
korimako,bird,Korimako,Anthornis melanura,393730963,721711748,cc-by,"(c) sam-rajnikant, some rights reserved (CC BY)",2026-08-14,12612,Anthornis melanura,https://inaturalist-open-data.s3.amazonaws.com/photos/721711748/large.jpg,https://inaturalist-open-data.s3.amazonaws.com/photos/721711748/original.jpg,data/raw/korimako/721711748.jpg,254212,7cc6aa44c568810a70a99afcc047f3ac,2048,1366,2026-09-11T15:55:05+1200,train
korimako,bird,Korimako,Anthornis melanura,393730963,721711757,cc-by,"(c) sam-rajnikant, some rights reserved (CC BY)",2026-08-14,12612,Anthornis melanura,https://inaturalist-open-data.s3.amazonaws.com/photos/721711757/large.jpg,https://inaturalist-open-data.s3.amazonaws.com/photos/721711757/original.jpg,data/raw/korimako/721711757.jpg,349400,1033718d293265dfc22cabe442baef8c,2048,1365,2026-09-11T15:55:05+1200,train
korimako,bird,Korimako,Anthornis melanura,393730963,721711756,cc-by,"(c) sam-rajnikant, some rights reserved (CC BY)",2026-08-14,12612,Anthornis melanura,https://inaturalist-open-data.s3.amazonaws.com/photos/721711756/large.jpg,https://inaturalist-open-data.s3.amazonaws.com/photos/721711756/original.jpg,data/raw/korimako/721711756.jpg,227429,1993dc4ba28627c88d1c72294e29f3ab,1705,1137,2026-09-11T15:55:05+1200,train
korimako,bird,Korimako,Anthornis melanura,137384279,234633009,cc-by,"(c) BIHNZ, some rights reserved (CC BY)",2022-10-02,413425,Anthornis melanura melanura,https://inaturalist-open-data.s3.amazonaws.com/photos/234633009/large.jpg,https://inaturalist-open-data.s3.amazonaws.com/photos/234633009/original.jpg,data/raw/korimako/234633009.jpg,308042,a66da35a156f8d1f33dfb40a22c81763,1494,996,2026-09-11T15:55:05+1200,train
korimako,bird,Korimako,Anthornis melanura,33507173,52630355,cc-by,"(c) Steve Kerr, some rights reserved (CC BY)",2019-09-28,413425,Anthornis melanura melanura,https://inaturalist-open-data.s3.amazonaws.com/photos/52630355/large.jpg,https://inaturalist-open-data.s3.amazonaws.com/photos/52630355/original.jpg,data/raw/korimako/52630355.jpg,170999,f8c866b5c383ef3bc4f39bfe381d6487,2048,1510,2026-09-11T15:55:05+1200,train
korimako,bird,Korimako,Anthornis melanura,33507173,52630360,cc-by,"(c) Steve Kerr, some rights reserved (CC BY)",2019-09-28,413425,Anthornis melanura melanura,https://inaturalist-open-data.s3.amazonaws.com/photos/52630360/large.jpg,https://inaturalist-open-data.s3.amazonaws.com/photos/52630360/original.jpg,data/raw/korimako/52630360.jpg,169669,913fffc9142ef10c5b9fe42e71bfb187,2048,1493,2026-09-11T15:55:05+1200,train
house_sparrow,bird,House sparrow,Passer domesticus,260356186,467543991,cc-by,"(c) William Harland, some rights reserved (CC BY)",2025-01-27,544795,Passer domesticus domesticus,https://inaturalist-open-data.s3.amazonaws.com/photos/467543991/large.jpeg,https://inaturalist-open-data.s3.amazonaws.com/photos/467543991/original.jpeg,data/raw/house_sparrow/467543991.jpg,93950,b9d6b6777d6f7919adfc68c0baa6c7ac,2048,1377,2026-09-11T15:55:29+1200,train
house_sparrow,bird,House sparrow,Passer domesticus,260356186,467543990,cc-by,"(c) William Harland, some rights reserved (CC BY)",2025-01-27,544795,Passer domesticus domesticus,https://inaturalist-open-data.s3.amazonaws.com/photos/467543990/large.jpeg,https://inaturalist-open-data.s3.amazonaws.com/photos/467543990/original.jpeg,data/raw/house_sparrow/467543990.jpg,75094,14b7483d08851206cd52a8b4a645530f,2048,1148,2026-09-11T15:55:29+1200,train
house_sparrow,bird,House sparrow,Passer domesticus,260356186,467543992,cc-by,"(c) William Harland, some rights reserved (CC BY)",2025-01-27,544795,Passer domesticus domesticus,https://inaturalist-open-data.s3.amazonaws.com/photos/467543992/large.jpeg,https://inaturalist-open-data.s3.amazonaws.com/photos/467543992/original.jpeg,data/raw/house_sparrow/467543992.jpg,77628,3b4f9d65763c17673cf600da1049c3d0,2048,1286,2026-09-11T15:55:29+1200,train
house_sparrow,bird,House sparrow,Passer domesticus,288940885,519662436,cc-by,"(c) William Harland, some rights reserved (CC BY)",2025-05-26,13858,Passer domesticus,https://inaturalist-open-data.s3.amazonaws.com/photos/519662436/large.jpg,https://inaturalist-open-data.s3.amazonaws.com/photos/519662436/original.jpg,data/raw/house_sparrow/519662436.jpg,106163,13216b05b85e6bb28dc18404d2e9a284,2048,1285,2026-09-11T15:55:29+1200,train
house_sparrow,bird,House sparrow,Passer domesticus,273682832,492184248,cc-by,"(c) rempson, some rights reserved (CC BY)",2025-04-26,13858,Passer domesticus,https://inaturalist-open-data.s3.amazonaws.com/photos/492184248/large.jpeg,https://inaturalist-open-data.s3.amazonaws.com/photos/492184248/original.jpeg,data/raw/house_sparrow/492184248.jpg,481990,6cdee8a204900b1895eb5a57c41ae086,2048,1536,2026-09-11T15:55:29+1200,train
house_sparrow,bird,House sparrow,Passer domesticus,2553234,2844646,cc-by,"(c) Jacqui Geux, some rights reserved (CC BY)",2016-01-01,13858,Passer domesticus,https://inaturalist-open-data.s3.amazonaws.com/photos/2844646/large.JPG,https://inaturalist-open-data.s3.amazonaws.com/photos/2844646/original.JPG,data/raw/house_sparrow/2844646.jpg,141788,ed31f3fecef21f28468dbce32086e2fe,2048,1536,2026-09-11T15:55:29+1200,train
house_sparrow,bird,House sparrow,Passer domesticus,2553234,2844647,cc-by,"(c) Jacqui Geux, some rights reserved (CC BY)",2016-01-01,13858,Passer domesticus,https://inaturalist-open-data.s3.amazonaws.com/photos/2844647/large.JPG,https://inaturalist-open-data.s3.amazonaws.com/photos/2844647/original.JPG,data/raw/house_sparrow/2844647.jpg,197435,9a755aee67615580c87eaf46230df834,2048,1536,2026-09-11T15:55:29+1200,train
house_sparrow,bird,House sparrow,Passer domesticus,3806473,4447651,cc-by,"(c) Jacqui Geux, some rights reserved (CC BY)",2016-08-05,13858,Passer domesticus,https://inaturalist-open-data.s3.amazonaws.com/photos/4447651/large.jpeg,https://inaturalist-open-data.s3.amazonaws.com/photos/4447651/original.jpeg,data/raw/house_sparrow/4447651.jpg,108989,9c159c9ff6af021e4b6cb312506cdc5d,1600,1184,2026-09-11T15:55:29+1200,train
house_sparrow,bird,House sparrow,Passer domesticus,3806473,4447669,cc-by,"(c) Jacqui Geux, some rights reserved (CC BY)",2016-08-05,13858,Passer domesticus,https://inaturalist-open-data.s3.amazonaws.com/photos/4447669/large.jpeg,https://inaturalist-open-data.s3.amazonaws.com/photos/4447669/original.jpeg,data/raw/house_sparrow/4447669.jpg,85839,ee25f45992118198b9d3a26c6e8844ed,1600,1200,2026-09-11T15:55:29+1200,train
house_sparrow,bird,House sparrow,Passer domesticus,3806473,4447670,cc-by,"(c) Jacqui Geux, some rights reserved (CC BY)",2016-08-05,13858,Passer domesticus,https://inaturalist-open-data.s3.amazonaws.com/photos/4447670/large.jpeg,https://inaturalist-open-data.s3.amazonaws.com/photos/4447670/original.jpeg,data/raw/house_sparrow/4447670.jpg,69233,176d82bbfcbdc7e558848df9690e5b21,1600,1200,2026-09-11T15:55:29+1200,train
house_sparrow,bird,House sparrow,Passer domesticus,3806473,4447671,cc-by,"(c) Jacqui Geux, some rights reserved (CC BY)",2016-08-05,13858,Passer domesticus,https://inaturalist-open-data.s3.amazonaws.com/photos/4447671/large.jpeg,https://inaturalist-open-data.s3.amazonaws.com/photos/4447671/original.jpeg,data/raw/house_sparrow/4447671.jpg,115563,2e9e4611894eb285d9a1ac5e5b6cc4e8,1600,1200,2026-09-11T15:55:29+1200,train
house_sparrow,bird,House sparrow,Passer domesticus,3806473,4447675,cc-by,"(c) Jacqui Geux, some rights reserved (CC BY)",2016-08-05,13858,Passer domesticus,https://inaturalist-open-data.s3.amazonaws.com/photos/4447675/large.jpeg,https://inaturalist-open-data.s3.amazonaws.com/photos/4447675/original.jpeg,data/raw/house_sparrow/4447675.jpg,98368,219a163a9351bf261f867fa6b5f2ce6b,1600,1200,2026-09-11T15:55:29+1200,train
house_sparrow,bird,House sparrow,Passer domesticus,245909660,438892127,cc-by,"(c) wild_wind, some rights reserved (CC BY)",2024-09-23,13858,Passer domesticus,https://inaturalist-open-data.s3.amazonaws.com/photos/438892127/large.jpeg,https://inaturalist-open-data.s3.amazonaws.com/photos/438892127/original.jpeg,data/raw/house_sparrow/438892127.jpg,324522,b1f5815d03b9f6e2cf87ba903608beac,1350,1350,2026-09-11T15:55:29+1200,train
house_sparrow,bird,House sparrow,Passer domesticus,255039941,456962369,cc-by,"(c) William Harland, some rights reserved (CC BY)",2024-12-07,544795,Passer domesticus domesticus,https://inaturalist-open-data.s3.amazonaws.com/photos/456962369/large.jpeg,https://inaturalist-open-data.s3.amazonaws.com/photos/456962369/original.jpeg,data/raw/house_sparrow/456962369.jpg,88913,e04078d3dbf5c0a1969f6001fbc633fe,2048,1141,2026-09-11T15:55:29+1200,train
house_sparrow,bird,House sparrow,Passer domesticus,3278442,3790896,cc-by,"(c) Jacqui Geux, some rights reserved (CC BY)",2016-05-22,13858,Passer domesticus,https://inaturalist-open-data.s3.amazonaws.com/photos/3790896/large.JPG,https://inaturalist-open-data.s3.amazonaws.com/photos/3790896/original.JPG,data/raw/house_sparrow/3790896.jpg,143643,a2cf1cd98c168f452e6d2ce3f7688f2f,1600,1200,2026-09-11T15:55:29+1200,train
house_sparrow,bird,House sparrow,Passer domesticus,13854404,20448228,cc-by,"(c) Jacqui Geux, some rights reserved (CC BY)",2018-06-28,544795,Passer domesticus domesticus,https://inaturalist-open-data.s3.amazonaws.com/photos/20448228/large.jpeg,https://inaturalist-open-data.s3.amazonaws.com/photos/20448228/original.jpeg,data/raw/house_sparrow/20448228.jpg,140413,01bf9de3ec3bdc327c6025c4cdc3cf5d,1600,1200,2026-09-11T15:55:29+1200,train
house_sparrow,bird,House sparrow,Passer domesticus,13854404,20448229,cc-by,"(c) Jacqui Geux, some rights reserved (CC BY)",2018-06-28,544795,Passer domesticus domesticus,https://inaturalist-open-data.s3.amazonaws.com/photos/20448229/large.jpeg,https://inaturalist-open-data.s3.amazonaws.com/photos/20448229/original.jpeg,data/raw/house_sparrow/20448229.jpg,164251,6df8ad9b5b3cb59d47ff4750ad4d0109,1600,1200,2026-09-11T15:55:29+1200,train
house_sparrow,bird,House sparrow,Passer domesticus,13854404,20448231,cc-by,"(c) Jacqui Geux, some rights reserved (CC BY)",2018-06-28,544795,Passer domesticus domesticus,https://inaturalist-open-data.s3.amazonaws.com/photos/20448231/large.jpeg,https://inaturalist-open-data.s3.amazonaws.com/photos/20448231/original.jpeg,data/raw/house_sparrow/20448231.jpg,143923,6e073dd80952a2c3a5ddb9f6e7131116,1600,1200,2026-09-11T15:55:29+1200,train
house_sparrow,bird,House sparrow,Passer domesticus,124819869,211605269,cc-by,"(c) bythepark, some rights reserved (CC BY)",2022-07-05,544795,Passer domesticus domesticus,https://inaturalist-open-data.s3.amazonaws.com/photos/211605269/large.jpeg,https://inaturalist-open-data.s3.amazonaws.com/photos/211605269/original.jpeg,data/raw/house_sparrow/211605269.jpg,387441,c552e92453898fb8470c430b17392764,1152,2048,2026-09-11T15:55:29+1200,train
house_sparrow,bird,House sparrow,Passer domesticus,124819869,211605296,cc-by,"(c) bythepark, some rights reserved (CC BY)",2022-07-05,544795,Passer domesticus domesticus,https://inaturalist-open-data.s3.amazonaws.com/photos/211605296/large.jpeg,https://inaturalist-open-data.s3.amazonaws.com/photos/211605296/original.jpeg,data/raw/house_sparrow/211605296.jpg,458265,8e24d81e6e0137d9fc161e47eb4a925f,2048,1152,2026-09-11T15:55:29+1200,train
house_sparrow,bird,House sparrow,Passer domesticus,35564100,56091004,cc-by,"(c) Jacqui Geux, some rights reserved (CC BY)",2019-11-11,544795,Passer domesticus domesticus,https://inaturalist-open-data.s3.amazonaws.com/photos/56091004/large.jpeg,https://inaturalist-open-data.s3.amazonaws.com/photos/56091004/original.jpeg,data/raw/house_sparrow/56091004.jpg,165027,23ee19fe9c90aae9a4e383d57e912baf,1057,792,2026-09-11T15:55:29+1200,train
house_sparrow,bird,House sparrow,Passer domesticus,35564100,56091007,cc-by,"(c) Jacqui Geux, some rights reserved (CC BY)",2019-11-11,544795,Passer domesticus domesticus,https://inaturalist-open-data.s3.amazonaws.com/photos/56091007/large.jpeg,https://inaturalist-open-data.s3.amazonaws.com/photos/56091007/original.jpeg,data/raw/house_sparrow/56091007.jpg,249959,a18f6fc568b5d103f39b9adb400d181d,1600,1200,2026-09-11T15:55:29+1200,train
house_sparrow,bird,House sparrow,Passer domesticus,35564100,56091008,cc-by,"(c) Jacqui Geux, some rights reserved (CC BY)",2019-11-11,544795,Passer domesticus domesticus,https://inaturalist-open-data.s3.amazonaws.com/photos/56091008/large.jpeg,https://inaturalist-open-data.s3.amazonaws.com/photos/56091008/original.jpeg,data/raw/house_sparrow/56091008.jpg,292790,f7121225bbc07737f473bbee5833480e,1600,1200,2026-09-11T15:55:29+1200,train
house_sparrow,bird,House sparrow,Passer domesticus,278278807,499670221,cc-by,"(c) Richard Littauer, some rights reserved (CC BY)",2025-04-25,13858,Passer domesticus,https://inaturalist-open-data.s3.amazonaws.com/photos/499670221/large.jpg,https://inaturalist-open-data.s3.amazonaws.com/photos/499670221/original.jpg,data/raw/house_sparrow/499670221.jpg,917579,f607482128fbb8bff709482f06cffe7f,2000,1333,2026-09-11T15:55:29+1200,train
house_sparrow,bird,House sparrow,Passer domesticus,278278807,499670213,cc-by,"(c) Richard Littauer, some rights reserved (CC BY)",2025-04-25,13858,Passer domesticus,https://inaturalist-open-data.s3.amazonaws.com/photos/499670213/large.jpg,https://inaturalist-open-data.s3.amazonaws.com/photos/499670213/original.jpg,data/raw/house_sparrow/499670213.jpg,765399,04932043e13d217ac089daa1cb6f15b1,2000,1333,2026-09-11T15:55:29+1200,train
house_sparrow,bird,House sparrow,Passer domesticus,355151478,647794141,cc-by,"(c) Sebastian Doak, some rights reserved (CC BY)",2026-04-27,544795,Passer domesticus domesticus,https://inaturalist-open-data.s3.amazonaws.com/photos/647794141/large.jpg,https://inaturalist-open-data.s3.amazonaws.com/photos/647794141/original.jpg,data/raw/house_sparrow/647794141.jpg,155894,5b9d04a6fbd6af0a3f5db05cd072178b,2048,1366,2026-09-11T15:55:29+1200,train
house_sparrow,bird,House sparrow,Passer domesticus,355151478,647794142,cc-by,"(c) Sebastian Doak, some rights reserved (CC BY)",2026-04-27,544795,Passer domesticus domesticus,https://inaturalist-open-data.s3.amazonaws.com/photos/647794142/large.jpg,https://inaturalist-open-data.s3.amazonaws.com/photos/647794142/original.jpg,data/raw/house_sparrow/647794142.jpg,173924,3fe3b1bd1e9aa1cbe366321f906f8cc6,2048,1366,2026-09-11T15:55:29+1200,train
house_sparrow,bird,House sparrow,Passer domesticus,355151478,647794084,cc-by,"(c) Sebastian Doak, some rights reserved (CC BY)",2026-04-27,544795,Passer domesticus domesticus,https://inaturalist-open-data.s3.amazonaws.com/photos/647794084/large.jpg,https://inaturalist-open-data.s3.amazonaws.com/photos/647794084/original.jpg,data/raw/house_sparrow/647794084.jpg,164152,bd9b0ab42097b2959298793ac7d9c7be,2048,1366,2026-09-11T15:55:29+1200,train
house_sparrow,bird,House sparrow,Passer domesticus,355151478,647794082,cc-by,"(c) Sebastian Doak, some rights reserved (CC BY)",2026-04-27,544795,Passer domesticus domesticus,https://inaturalist-open-data.s3.amazonaws.com/photos/647794082/large.jpg,https://inaturalist-open-data.s3.amazonaws.com/photos/647794082/original.jpg,data/raw/house_sparrow/647794082.jpg,151533,98fb3b86a7843860e5db472c0d9e4b9a,2048,1366,2026-09-11T15:55:29+1200,train
house_sparrow,bird,House sparrow,Passer domesticus,355151478,647794086,cc-by,"(c) Sebastian Doak, some rights reserved (CC BY)",2026-04-27,544795,Passer domesticus domesticus,https://inaturalist-open-data.s3.amazonaws.com/photos/647794086/large.jpg,https://inaturalist-open-data.s3.amazonaws.com/photos/647794086/original.jpg,data/raw/house_sparrow/647794086.jpg,165262,377bfa3806b1efb606bb2f30b46fdbc7,2048,1366,2026-09-11T15:55:29+1200,train
house_sparrow,bird,House sparrow,Passer domesticus,16806282,25373218,cc0,no rights reserved,2018-09-23,13858,Passer domesticus,https://inaturalist-open-data.s3.amazonaws.com/photos/25373218/large.jpeg,https://inaturalist-open-data.s3.amazonaws.com/photos/25373218/original.jpeg,data/raw/house_sparrow/25373218.jpg,293455,7c5ea27bc276706af41e0f6702e66dcd,1152,2048,2026-09-11T15:55:29+1200,train
house_sparrow,bird,House sparrow,Passer domesticus,272953082,491031932,cc-by,"(c) sam-rajnikant, some rights reserved (CC BY)",2025-04-25,544795,Passer domesticus domesticus,https://inaturalist-open-data.s3.amazonaws.com/photos/491031932/large.jpg,https://inaturalist-open-data.s3.amazonaws.com/photos/491031932/original.jpg,data/raw/house_sparrow/491031932.jpg,235530,8dc34b869ec638b340b2cf538927ea51,2048,1365,2026-09-11T15:55:29+1200,train
house_sparrow,bird,House sparrow,Passer domesticus,272953082,491031925,cc-by,"(c) sam-rajnikant, some rights reserved (CC BY)",2025-04-25,544795,Passer domesticus domesticus,https://inaturalist-open-data.s3.amazonaws.com/photos/491031925/large.jpeg,https://inaturalist-open-data.s3.amazonaws.com/photos/491031925/original.jpeg,data/raw/house_sparrow/491031925.jpg,310015,064a6f297ffa24af2b9800f121ce07a3,2048,1365,2026-09-11T15:55:29+1200,train
house_sparrow,bird,House sparrow,Passer domesticus,272953082,491031902,cc-by,"(c) sam-rajnikant, some rights reserved (CC BY)",2025-04-25,544795,Passer domesticus domesticus,https://inaturalist-open-data.s3.amazonaws.com/photos/491031902/large.jpeg,https://inaturalist-open-data.s3.amazonaws.com/photos/491031902/original.jpeg,data/raw/house_sparrow/491031902.jpg,373862,fdb7a4fa6a8faeb4c35c38c25694a47a,2048,1365,2026-09-11T15:55:29+1200,train
house_sparrow,bird,House sparrow,Passer domesticus,272953082,491031931,cc-by,"(c) sam-rajnikant, some rights reserved (CC BY)",2025-04-25,544795,Passer domesticus domesticus,https://inaturalist-open-data.s3.amazonaws.com/photos/491031931/large.jpeg,https://inaturalist-open-data.s3.amazonaws.com/photos/491031931/original.jpeg,data/raw/house_sparrow/491031931.jpg,499915,0debdcb4bf7796593a8779b9e4c42959,2048,1365,2026-09-11T15:55:29+1200,train
house_sparrow,bird,House sparrow,Passer domesticus,272953082,491031895,cc-by,"(c) sam-rajnikant, some rights reserved (CC BY)",2025-04-25,544795,Passer domesticus domesticus,https://inaturalist-open-data.s3.amazonaws.com/photos/491031895/large.jpeg,https://inaturalist-open-data.s3.amazonaws.com/photos/491031895/original.jpeg,data/raw/house_sparrow/491031895.jpg,451885,b0c136b1b2b4adc8c3688b1d255b7fc4,2048,1365,2026-09-11T15:55:29+1200,train
house_sparrow,bird,House sparrow,Passer domesticus,251406996,449838461,cc-by,"(c) William Harland, some rights reserved (CC BY)",2024-11-10,544795,Passer domesticus domesticus,https://inaturalist-open-data.s3.amazonaws.com/photos/449838461/large.jpeg,https://inaturalist-open-data.s3.amazonaws.com/photos/449838461/original.jpeg,data/raw/house_sparrow/449838461.jpg,100433,0375c1bd334a48bddb6735738ad456fb,2048,1111,2026-09-11T15:55:29+1200,train
house_sparrow,bird,House sparrow,Passer domesticus,171274569,297185254,cc-by,"(c) Heidi Meudt, some rights reserved (CC BY)",2023-07-06,544795,Passer domesticus domesticus,https://inaturalist-open-data.s3.amazonaws.com/photos/297185254/large.jpeg,https://inaturalist-open-data.s3.amazonaws.com/photos/297185254/original.jpeg,data/raw/house_sparrow/297185254.jpg,615304,84cc2bfe824e8dad466e6aa53c4eaba1,1536,2048,2026-09-11T15:55:29+1200,train
house_sparrow,bird,House sparrow,Passer domesticus,171274569,297185303,cc-by,"(c) Heidi Meudt, some rights reserved (CC BY)",2023-07-06,544795,Passer domesticus domesticus,https://inaturalist-open-data.s3.amazonaws.com/photos/297185303/large.jpeg,https://inaturalist-open-data.s3.amazonaws.com/photos/297185303/original.jpeg,data/raw/house_sparrow/297185303.jpg,489466,011402dfb7a22ff44eee0c310a4aa205,1536,2048,2026-09-11T15:55:29+1200,train
house_sparrow,bird,House sparrow,Passer domesticus,33448654,52534701,cc-by,"(c) wild_wind, some rights reserved (CC BY)",2019-07-07,544795,Passer domesticus domesticus,https://inaturalist-open-data.s3.amazonaws.com/photos/52534701/large.jpeg,https://inaturalist-open-data.s3.amazonaws.com/photos/52534701/original.jpeg,data/raw/house_sparrow/52534701.jpg,166748,1fd13538510a1ef6097fcfbf88295f33,2048,1922,2026-09-11T15:55:29+1200,train
house_sparrow,bird,House sparrow,Passer domesticus,35661999,56258350,cc-by,"(c) wild_wind, some rights reserved (CC BY)",2019-11-14,544795,Passer domesticus domesticus,https://inaturalist-open-data.s3.amazonaws.com/photos/56258350/large.jpeg,https://inaturalist-open-data.s3.amazonaws.com/photos/56258350/original.jpeg,data/raw/house_sparrow/56258350.jpg,328988,5492153ce3958af310acb4d98f9b12c7,2048,2009,2026-09-11T15:55:29+1200,train
house_sparrow,bird,House sparrow,Passer domesticus,35940282,56762144,cc-by,"(c) Mike Dickison, some rights reserved (CC BY)",2019-11-22,544795,Passer domesticus domesticus,https://inaturalist-open-data.s3.amazonaws.com/photos/56762144/large.jpg,https://inaturalist-open-data.s3.amazonaws.com/photos/56762144/original.jpg,data/raw/house_sparrow/56762144.jpg,273060,57790c96f2f72abcb4f0f3f0524b2fec,1536,2048,2026-09-11T15:55:29+1200,train
house_sparrow,bird,House sparrow,Passer domesticus,291152082,523825564,cc-by,"(c) naturalist132890, some rights reserved (CC BY)",2025-06-19,544795,Passer domesticus domesticus,https://inaturalist-open-data.s3.amazonaws.com/photos/523825564/large.jpg,https://inaturalist-open-data.s3.amazonaws.com/photos/523825564/original.jpg,data/raw/house_sparrow/523825564.jpg,155296,6555707cd10ef6479444298fe0c3348a,2048,1365,2026-09-11T15:55:29+1200,train
house_sparrow,bird,House sparrow,Passer domesticus,291152082,523825563,cc-by,"(c) naturalist132890, some rights reserved (CC BY)",2025-06-19,544795,Passer domesticus domesticus,https://inaturalist-open-data.s3.amazonaws.com/photos/523825563/large.jpg,https://inaturalist-open-data.s3.amazonaws.com/photos/523825563/original.jpg,data/raw/house_sparrow/523825563.jpg,153223,dfa26232456528f019d5894824728eb1,2048,1365,2026-09-11T15:55:29+1200,train
blackbird,bird,Common blackbird,Turdus merula,311366441,562068590,cc0,no rights reserved,2025-09-04,12716,Turdus merula,https://inaturalist-open-data.s3.amazonaws.com/photos/562068590/large.jpg,https://inaturalist-open-data.s3.amazonaws.com/photos/562068590/original.jpg,data/raw/blackbird/562068590.jpg,629965,65089cf92ae0aed51bb5894ebc15f982,1534,2048,2026-09-11T15:55:51+1200,train
blackbird,bird,Common blackbird,Turdus merula,311366441,562068640,cc0,no rights reserved,2025-09-04,12716,Turdus merula,https://inaturalist-open-data.s3.amazonaws.com/photos/562068640/large.jpg,https://inaturalist-open-data.s3.amazonaws.com/photos/562068640/original.jpg,data/raw/blackbird/562068640.jpg,578963,884b3a9be8f52e0d3b1c15db0ce78d3d,1534,2048,2026-09-11T15:55:51+1200,train
blackbird,bird,Common blackbird,Turdus merula,311366441,562124024,cc0,no rights reserved,2025-09-04,12716,Turdus merula,https://inaturalist-open-data.s3.amazonaws.com/photos/562124024/large.jpg,https://inaturalist-open-data.s3.amazonaws.com/photos/562124024/original.jpg,data/raw/blackbird/562124024.jpg,605778,045c06327cc6a06afac2744c21ed3ae8,1534,2048,2026-09-11T15:55:51+1200,train
blackbird,bird,Common blackbird,Turdus merula,311366441,562124049,cc0,no rights reserved,2025-09-04,12716,Turdus merula,https://inaturalist-open-data.s3.amazonaws.com/photos/562124049/large.jpg,https://inaturalist-open-data.s3.amazonaws.com/photos/562124049/original.jpg,data/raw/blackbird/562124049.jpg,638348,ba85b8890b6dd6f7658d17fa1c355714,1534,2048,2026-09-11T15:55:51+1200,train
blackbird,bird,Common blackbird,Turdus merula,311366441,562124072,cc0,no rights reserved,2025-09-04,12716,Turdus merula,https://inaturalist-open-data.s3.amazonaws.com/photos/562124072/large.jpg,https://inaturalist-open-data.s3.amazonaws.com/photos/562124072/original.jpg,data/raw/blackbird/562124072.jpg,607909,6371ffd6c6291c3f14abd635b76147ec,1534,2048,2026-09-11T15:55:51+1200,train
blackbird,bird,Common blackbird,Turdus merula,311366441,562124097,cc0,no rights reserved,2025-09-04,12716,Turdus merula,https://inaturalist-open-data.s3.amazonaws.com/photos/562124097/large.jpg,https://inaturalist-open-data.s3.amazonaws.com/photos/562124097/original.jpg,data/raw/blackbird/562124097.jpg,614788,aa686affeb6839f1f7c93dce02e139f1,1534,2048,2026-09-11T15:55:51+1200,train
blackbird,bird,Common blackbird,Turdus merula,311366441,562124121,cc0,no rights reserved,2025-09-04,12716,Turdus merula,https://inaturalist-open-data.s3.amazonaws.com/photos/562124121/large.jpg,https://inaturalist-open-data.s3.amazonaws.com/photos/562124121/original.jpg,data/raw/blackbird/562124121.jpg,667308,ac86267698d091eae4932d11187260c5,1534,2048,2026-09-11T15:55:51+1200,train
blackbird,bird,Common blackbird,Turdus merula,311366441,562124143,cc0,no rights reserved,2025-09-04,12716,Turdus merula,https://inaturalist-open-data.s3.amazonaws.com/photos/562124143/large.jpg,https://inaturalist-open-data.s3.amazonaws.com/photos/562124143/original.jpg,data/raw/blackbird/562124143.jpg,552807,b76d2e4a64aa3bf3d1880b1987636b6c,1534,2048,2026-09-11T15:55:51+1200,train
blackbird,bird,Common blackbird,Turdus merula,311366441,562124169,cc0,no rights reserved,2025-09-04,12716,Turdus merula,https://inaturalist-open-data.s3.amazonaws.com/photos/562124169/large.jpg,https://inaturalist-open-data.s3.amazonaws.com/photos/562124169/original.jpg,data/raw/blackbird/562124169.jpg,537643,b4823f01814bf52a20aeaadc6ba6e75e,1534,2048,2026-09-11T15:55:51+1200,train
blackbird,bird,Common blackbird,Turdus merula,311366441,562619531,cc0,no rights reserved,2025-09-04,12716,Turdus merula,https://inaturalist-open-data.s3.amazonaws.com/photos/562619531/large.jpg,https://inaturalist-open-data.s3.amazonaws.com/photos/562619531/original.jpg,data/raw/blackbird/562619531.jpg,693371,5f1b3a08b415c868156a94e55ff16a94,1534,2048,2026-09-11T15:55:51+1200,train
blackbird,bird,Common blackbird,Turdus merula,311366441,562619557,cc0,no rights reserved,2025-09-04,12716,Turdus merula,https://inaturalist-open-data.s3.amazonaws.com/photos/562619557/large.jpg,https://inaturalist-open-data.s3.amazonaws.com/photos/562619557/original.jpg,data/raw/blackbird/562619557.jpg,692047,dbdaa81164aad91209e9708d184af380,1534,2048,2026-09-11T15:55:51+1200,train
blackbird,bird,Common blackbird,Turdus merula,311366441,562619578,cc0,no rights reserved,2025-09-04,12716,Turdus merula,https://inaturalist-open-data.s3.amazonaws.com/photos/562619578/large.jpg,https://inaturalist-open-data.s3.amazonaws.com/photos/562619578/original.jpg,data/raw/blackbird/562619578.jpg,730947,63fec0917dc61320fc8718dce0239490,1534,2048,2026-09-11T15:55:51+1200,train
blackbird,bird,Common blackbird,Turdus merula,311366441,562619596,cc0,no rights reserved,2025-09-04,12716,Turdus merula,https://inaturalist-open-data.s3.amazonaws.com/photos/562619596/large.jpg,https://inaturalist-open-data.s3.amazonaws.com/photos/562619596/original.jpg,data/raw/blackbird/562619596.jpg,730995,7afe111a71be653ca927fd9ed00c47e0,1534,2048,2026-09-11T15:55:51+1200,train
blackbird,bird,Common blackbird,Turdus merula,139475151,238560671,cc-by,"(c) Shaun Lee, some rights reserved (CC BY)",2022-10-21,341569,Turdus merula merula,https://inaturalist-open-data.s3.amazonaws.com/photos/238560671/large.jpg,https://inaturalist-open-data.s3.amazonaws.com/photos/238560671/original.jpg,data/raw/blackbird/238560671.jpg,145685,ac794e5c04681eb09a00997ab9abf4be,2048,1366,2026-09-11T15:55:51+1200,train
blackbird,bird,Common blackbird,Turdus merula,139475151,238560686,cc-by,"(c) Shaun Lee, some rights reserved (CC BY)",2022-10-21,341569,Turdus merula merula,https://inaturalist-open-data.s3.amazonaws.com/photos/238560686/large.jpg,https://inaturalist-open-data.s3.amazonaws.com/photos/238560686/original.jpg,data/raw/blackbird/238560686.jpg,156699,6d871db418ef7240af6f40d0a1f76c34,2048,1366,2026-09-11T15:55:51+1200,train
blackbird,bird,Common blackbird,Turdus merula,139475151,238560702,cc-by,"(c) Shaun Lee, some rights reserved (CC BY)",2022-10-21,341569,Turdus merula merula,https://inaturalist-open-data.s3.amazonaws.com/photos/238560702/large.jpg,https://inaturalist-open-data.s3.amazonaws.com/photos/238560702/original.jpg,data/raw/blackbird/238560702.jpg,152848,4ce62720c4c372b8be7dc6c361775810,2048,1366,2026-09-11T15:55:51+1200,train
blackbird,bird,Common blackbird,Turdus merula,139475151,238560714,cc-by,"(c) Shaun Lee, some rights reserved (CC BY)",2022-10-21,341569,Turdus merula merula,https://inaturalist-open-data.s3.amazonaws.com/photos/238560714/large.jpg,https://inaturalist-open-data.s3.amazonaws.com/photos/238560714/original.jpg,data/raw/blackbird/238560714.jpg,151941,8f46c232bb54ed607b43568dcbb6a2d2,2048,1366,2026-09-11T15:55:51+1200,train
blackbird,bird,Common blackbird,Turdus merula,135346540,230833940,cc-by,"(c) Krystal, some rights reserved (CC BY)",2022-09-17,341569,Turdus merula merula,https://inaturalist-open-data.s3.amazonaws.com/photos/230833940/large.jpg,https://inaturalist-open-data.s3.amazonaws.com/photos/230833940/original.jpg,data/raw/blackbird/230833940.jpg,162439,772091f6799d915a7c6feed4a590ddf1,946,2048,2026-09-11T15:55:51+1200,train
blackbird,bird,Common blackbird,Turdus merula,135346540,230833925,cc-by,"(c) Krystal, some rights reserved (CC BY)",2022-09-17,341569,Turdus merula merula,https://inaturalist-open-data.s3.amazonaws.com/photos/230833925/large.jpg,https://inaturalist-open-data.s3.amazonaws.com/photos/230833925/original.jpg,data/raw/blackbird/230833925.jpg,317874,f3440f661cac28ff748e9a2d1411dfce,960,1280,2026-09-11T15:55:51+1200,train
blackbird,bird,Common blackbird,Turdus merula,242055615,431489666,cc0,no rights reserved,2024-09-16,341569,Turdus merula merula,https://inaturalist-open-data.s3.amazonaws.com/photos/431489666/large.jpeg,https://inaturalist-open-data.s3.amazonaws.com/photos/431489666/original.jpeg,data/raw/blackbird/431489666.jpg,500418,67123d2811d8e664fc3fd3839b74511e,1537,2048,2026-09-11T15:55:51+1200,train
blackbird,bird,Common blackbird,Turdus merula,242055615,431489678,cc0,no rights reserved,2024-09-16,341569,Turdus merula merula,https://inaturalist-open-data.s3.amazonaws.com/photos/431489678/large.jpeg,https://inaturalist-open-data.s3.amazonaws.com/photos/431489678/original.jpeg,data/raw/blackbird/431489678.jpg,450934,30db336739288268b5cf832a2b8938f9,1537,2048,2026-09-11T15:55:51+1200,train
blackbird,bird,Common blackbird,Turdus merula,29359114,45817134,cc-by,"(c) Jacqui Geux, some rights reserved (CC BY)",2019-07-23,341569,Turdus merula merula,https://inaturalist-open-data.s3.amazonaws.com/photos/45817134/large.jpeg,https://inaturalist-open-data.s3.amazonaws.com/photos/45817134/original.jpeg,data/raw/blackbird/45817134.jpg,184132,fcdd396169e609a3ea72b9e388e62718,1600,1200,2026-09-11T15:55:51+1200,train
blackbird,bird,Common blackbird,Turdus merula,19473155,29960673,cc-by,"(c) Jacqui Geux, some rights reserved (CC BY)",2019-01-07,341569,Turdus merula merula,https://inaturalist-open-data.s3.amazonaws.com/photos/29960673/large.jpeg,https://inaturalist-open-data.s3.amazonaws.com/photos/29960673/original.jpeg,data/raw/blackbird/29960673.jpg,125145,d882f0fc8a4370d695151051ec15b49a,1600,1200,2026-09-11T15:55:51+1200,train
blackbird,bird,Common blackbird,Turdus merula,19473155,29960687,cc-by,"(c) Jacqui Geux, some rights reserved (CC BY)",2019-01-07,341569,Turdus merula merula,https://inaturalist-open-data.s3.amazonaws.com/photos/29960687/large.jpeg,https://inaturalist-open-data.s3.amazonaws.com/photos/29960687/original.jpeg,data/raw/blackbird/29960687.jpg,124462,62b82656ca68fd7d895f8ccd7362cd33,1600,1200,2026-09-11T15:55:51+1200,train
blackbird,bird,Common blackbird,Turdus merula,19473155,29960689,cc-by,"(c) Jacqui Geux, some rights reserved (CC BY)",2019-01-07,341569,Turdus merula merula,https://inaturalist-open-data.s3.amazonaws.com/photos/29960689/large.jpeg,https://inaturalist-open-data.s3.amazonaws.com/photos/29960689/original.jpeg,data/raw/blackbird/29960689.jpg,75335,b5c44624a5818e150165f7c497961121,1600,1200,2026-09-11T15:55:51+1200,train
blackbird,bird,Common blackbird,Turdus merula,19473155,29960694,cc-by,"(c) Jacqui Geux, some rights reserved (CC BY)",2019-01-07,341569,Turdus merula merula,https://inaturalist-open-data.s3.amazonaws.com/photos/29960694/large.jpeg,https://inaturalist-open-data.s3.amazonaws.com/photos/29960694/original.jpeg,data/raw/blackbird/29960694.jpg,115193,8afbda3ecc211a25eeec7dca58307b6f,1600,1200,2026-09-11T15:55:51+1200,train
blackbird,bird,Common blackbird,Turdus merula,38557641,61297513,cc-by,"(c) Jacqui Geux, some rights reserved (CC BY)",2020-02-09,341569,Turdus merula merula,https://inaturalist-open-data.s3.amazonaws.com/photos/61297513/large.jpeg,https://inaturalist-open-data.s3.amazonaws.com/photos/61297513/original.jpeg,data/raw/blackbird/61297513.jpg,197886,3cbb1944f0611f1027dd331ec36d8f3a,1200,1600,2026-09-11T15:55:51+1200,train
blackbird,bird,Common blackbird,Turdus merula,38557641,61297521,cc-by,"(c) Jacqui Geux, some rights reserved (CC BY)",2020-02-09,341569,Turdus merula merula,https://inaturalist-open-data.s3.amazonaws.com/photos/61297521/large.jpeg,https://inaturalist-open-data.s3.amazonaws.com/photos/61297521/original.jpeg,data/raw/blackbird/61297521.jpg,177483,30ba5b8a4b88c0c027e6b13ba8203a3e,1600,1200,2026-09-11T15:55:51+1200,train
blackbird,bird,Common blackbird,Turdus merula,98432588,163876736,cc-by,"(c) catchwords, some rights reserved (CC BY)",2021-10-16,341569,Turdus merula merula,https://inaturalist-open-data.s3.amazonaws.com/photos/163876736/large.jpg,https://inaturalist-open-data.s3.amazonaws.com/photos/163876736/original.jpg,data/raw/blackbird/163876736.jpg,119491,bb148648379766db7c0ce22a57b3bbba,544,363,2026-09-11T15:55:51+1200,train
blackbird,bird,Common blackbird,Turdus merula,217249079,384309548,cc-by,"(c) Julia Palmer, some rights reserved (CC BY)",2024-05-20,341569,Turdus merula merula,https://inaturalist-open-data.s3.amazonaws.com/photos/384309548/large.jpeg,https://inaturalist-open-data.s3.amazonaws.com/photos/384309548/original.jpeg,data/raw/blackbird/384309548.jpg,297641,0b1a165b3933cd2f1ecba8808876e596,2048,1365,2026-09-11T15:55:51+1200,train
blackbird,bird,Common blackbird,Turdus merula,19901930,30694685,cc-by,"(c) Jacqui Geux, some rights reserved (CC BY)",2019-01-26,341569,Turdus merula merula,https://inaturalist-open-data.s3.amazonaws.com/photos/30694685/large.jpeg,https://inaturalist-open-data.s3.amazonaws.com/photos/30694685/original.jpeg,data/raw/blackbird/30694685.jpg,113186,85e192e4f01816e53bd9feef4335ac6c,1600,1200,2026-09-11T15:55:51+1200,train
blackbird,bird,Common blackbird,Turdus merula,19901930,30694686,cc-by,"(c) Jacqui Geux, some rights reserved (CC BY)",2019-01-26,341569,Turdus merula merula,https://inaturalist-open-data.s3.amazonaws.com/photos/30694686/large.jpeg,https://inaturalist-open-data.s3.amazonaws.com/photos/30694686/original.jpeg,data/raw/blackbird/30694686.jpg,83754,efc2a270ff6b8a3a364b6ae0409babac,1600,1200,2026-09-11T15:55:51+1200,train
blackbird,bird,Common blackbird,Turdus merula,19901930,30694689,cc-by,"(c) Jacqui Geux, some rights reserved (CC BY)",2019-01-26,341569,Turdus merula merula,https://inaturalist-open-data.s3.amazonaws.com/photos/30694689/large.jpeg,https://inaturalist-open-data.s3.amazonaws.com/photos/30694689/original.jpeg,data/raw/blackbird/30694689.jpg,93946,045526743292eacf733d7962b316938d,1600,1200,2026-09-11T15:55:51+1200,train
blackbird,bird,Common blackbird,Turdus merula,19901930,30694691,cc-by,"(c) Jacqui Geux, some rights reserved (CC BY)",2019-01-26,341569,Turdus merula merula,https://inaturalist-open-data.s3.amazonaws.com/photos/30694691/large.jpeg,https://inaturalist-open-data.s3.amazonaws.com/photos/30694691/original.jpeg,data/raw/blackbird/30694691.jpg,121038,06212bfd84b519c654362226e2d9a1dc,1600,1200,2026-09-11T15:55:51+1200,train
blackbird,bird,Common blackbird,Turdus merula,19901930,30694692,cc-by,"(c) Jacqui Geux, some rights reserved (CC BY)",2019-01-26,341569,Turdus merula merula,https://inaturalist-open-data.s3.amazonaws.com/photos/30694692/large.jpeg,https://inaturalist-open-data.s3.amazonaws.com/photos/30694692/original.jpeg,data/raw/blackbird/30694692.jpg,97069,78d40d607dd3b3d30ca46463bdd2595b,1600,1200,2026-09-11T15:55:51+1200,train
blackbird,bird,Common blackbird,Turdus merula,19901930,30694694,cc-by,"(c) Jacqui Geux, some rights reserved (CC BY)",2019-01-26,341569,Turdus merula merula,https://inaturalist-open-data.s3.amazonaws.com/photos/30694694/large.jpeg,https://inaturalist-open-data.s3.amazonaws.com/photos/30694694/original.jpeg,data/raw/blackbird/30694694.jpg,101238,541bffaa9766c42ee7bb6612c0033326,1600,1200,2026-09-11T15:55:51+1200,train
blackbird,bird,Common blackbird,Turdus merula,19901930,30694697,cc-by,"(c) Jacqui Geux, some rights reserved (CC BY)",2019-01-26,341569,Turdus merula merula,https://inaturalist-open-data.s3.amazonaws.com/photos/30694697/large.jpeg,https://inaturalist-open-data.s3.amazonaws.com/photos/30694697/original.jpeg,data/raw/blackbird/30694697.jpg,95138,6678b618ae13bda0cc5d41dd46a2d8b8,1600,1200,2026-09-11T15:55:51+1200,train
blackbird,bird,Common blackbird,Turdus merula,19901930,30694701,cc-by,"(c) Jacqui Geux, some rights reserved (CC BY)",2019-01-26,341569,Turdus merula merula,https://inaturalist-open-data.s3.amazonaws.com/photos/30694701/large.jpeg,https://inaturalist-open-data.s3.amazonaws.com/photos/30694701/original.jpeg,data/raw/blackbird/30694701.jpg,106916,74a1970909080cab57e5677af4427649,1600,1200,2026-09-11T15:55:51+1200,train
blackbird,bird,Common blackbird,Turdus merula,101676599,169816284,cc-by,"(c) Jacqui Geux, some rights reserved (CC BY)",2021-11-18,341569,Turdus merula merula,https://inaturalist-open-data.s3.amazonaws.com/photos/169816284/large.jpeg,https://inaturalist-open-data.s3.amazonaws.com/photos/169816284/original.jpeg,data/raw/blackbird/169816284.jpg,139028,3af7c49b814f4771616bc2c16a9e34cf,1600,1200,2026-09-11T15:55:51+1200,train
blackbird,bird,Common blackbird,Turdus merula,101676599,169816296,cc-by,"(c) Jacqui Geux, some rights reserved (CC BY)",2021-11-18,341569,Turdus merula merula,https://inaturalist-open-data.s3.amazonaws.com/photos/169816296/large.jpeg,https://inaturalist-open-data.s3.amazonaws.com/photos/169816296/original.jpeg,data/raw/blackbird/169816296.jpg,123796,51876babcb031ab12dda8c6ab9684e59,1600,1200,2026-09-11T15:55:51+1200,train
blackbird,bird,Common blackbird,Turdus merula,101676599,169816304,cc-by,"(c) Jacqui Geux, some rights reserved (CC BY)",2021-11-18,341569,Turdus merula merula,https://inaturalist-open-data.s3.amazonaws.com/photos/169816304/large.jpeg,https://inaturalist-open-data.s3.amazonaws.com/photos/169816304/original.jpeg,data/raw/blackbird/169816304.jpg,107251,f5dcc334a1aa104c50d046d4d51088d5,1600,1200,2026-09-11T15:55:51+1200,train
blackbird,bird,Common blackbird,Turdus merula,101676599,169816308,cc-by,"(c) Jacqui Geux, some rights reserved (CC BY)",2021-11-18,341569,Turdus merula merula,https://inaturalist-open-data.s3.amazonaws.com/photos/169816308/large.jpeg,https://inaturalist-open-data.s3.amazonaws.com/photos/169816308/original.jpeg,data/raw/blackbird/169816308.jpg,117086,a7ecd9d345c4642e30ec36ec5a2ca272,1599,1200,2026-09-11T15:55:51+1200,train
blackbird,bird,Common blackbird,Turdus merula,36548707,57788992,cc-by,"(c) Jacqui Geux, some rights reserved (CC BY)",2019-12-10,341569,Turdus merula merula,https://inaturalist-open-data.s3.amazonaws.com/photos/57788992/large.jpeg,https://inaturalist-open-data.s3.amazonaws.com/photos/57788992/original.jpeg,data/raw/blackbird/57788992.jpg,72859,92daf507e1de1c8a9b7f96e74dd09bfd,1600,1200,2026-09-11T15:55:51+1200,train
blackbird,bird,Common blackbird,Turdus merula,36548707,57789002,cc-by,"(c) Jacqui Geux, some rights reserved (CC BY)",2019-12-10,341569,Turdus merula merula,https://inaturalist-open-data.s3.amazonaws.com/photos/57789002/large.jpeg,https://inaturalist-open-data.s3.amazonaws.com/photos/57789002/original.jpeg,data/raw/blackbird/57789002.jpg,77759,2c97c84b3dd0c2dfc30dd334b9509ab3,1600,1200,2026-09-11T15:55:51+1200,train
blackbird,bird,Common blackbird,Turdus merula,36548707,57789004,cc-by,"(c) Jacqui Geux, some rights reserved (CC BY)",2019-12-10,341569,Turdus merula merula,https://inaturalist-open-data.s3.amazonaws.com/photos/57789004/large.jpeg,https://inaturalist-open-data.s3.amazonaws.com/photos/57789004/original.jpeg,data/raw/blackbird/57789004.jpg,67573,803181de5d96e88e1bf850ccbb61ca80,1600,1200,2026-09-11T15:55:51+1200,train
song_thrush,bird,Song thrush,Turdus philomelos,329547172,597385459,cc0,no rights reserved,2025-12-03,12748,Turdus philomelos,https://inaturalist-open-data.s3.amazonaws.com/photos/597385459/large.jpg,https://inaturalist-open-data.s3.amazonaws.com/photos/597385459/original.jpg,data/raw/song_thrush/597385459.jpg,813289,bc9dcdfaeb6c919a728c67b3831ecd17,2048,1536,2026-09-11T15:56:21+1200,train
song_thrush,bird,Song thrush,Turdus philomelos,329547172,597385453,cc0,no rights reserved,2025-12-03,12748,Turdus philomelos,https://inaturalist-open-data.s3.amazonaws.com/photos/597385453/large.jpg,https://inaturalist-open-data.s3.amazonaws.com/photos/597385453/original.jpg,data/raw/song_thrush/597385453.jpg,887991,29fe84e4a038459d07102e7e7cb254aa,2048,1536,2026-09-11T15:56:21+1200,train
song_thrush,bird,Song thrush,Turdus philomelos,329547172,597385438,cc0,no rights reserved,2025-12-03,12748,Turdus philomelos,https://inaturalist-open-data.s3.amazonaws.com/photos/597385438/large.jpg,https://inaturalist-open-data.s3.amazonaws.com/photos/597385438/original.jpg,data/raw/song_thrush/597385438.jpg,811194,5160c23d26254be2723cf4d5b0d6314a,2048,1536,2026-09-11T15:56:21+1200,train
song_thrush,bird,Song thrush,Turdus philomelos,329547172,597385429,cc0,no rights reserved,2025-12-03,12748,Turdus philomelos,https://inaturalist-open-data.s3.amazonaws.com/photos/597385429/large.jpg,https://inaturalist-open-data.s3.amazonaws.com/photos/597385429/original.jpg,data/raw/song_thrush/597385429.jpg,819388,41f35b9c825737d168311ac689a58fe2,2048,1536,2026-09-11T15:56:21+1200,train
song_thrush,bird,Song thrush,Turdus philomelos,329547172,597385437,cc0,no rights reserved,2025-12-03,12748,Turdus philomelos,https://inaturalist-open-data.s3.amazonaws.com/photos/597385437/large.jpg,https://inaturalist-open-data.s3.amazonaws.com/photos/597385437/original.jpg,data/raw/song_thrush/597385437.jpg,788876,268ef9980bacc87e7f0cd79187fda971,2048,1536,2026-09-11T15:56:21+1200,train
song_thrush,bird,Song thrush,Turdus philomelos,329547172,597385396,cc0,no rights reserved,2025-12-03,12748,Turdus philomelos,https://inaturalist-open-data.s3.amazonaws.com/photos/597385396/large.jpg,https://inaturalist-open-data.s3.amazonaws.com/photos/597385396/original.jpg,data/raw/song_thrush/597385396.jpg,797993,0b3dad1dbf7a287daf2d486ef988876b,2048,1536,2026-09-11T15:56:21+1200,train
song_thrush,bird,Song thrush,Turdus philomelos,329547172,597385340,cc0,no rights reserved,2025-12-03,12748,Turdus philomelos,https://inaturalist-open-data.s3.amazonaws.com/photos/597385340/large.jpg,https://inaturalist-open-data.s3.amazonaws.com/photos/597385340/original.jpg,data/raw/song_thrush/597385340.jpg,922784,f8257c44373b2913142ada3fddbeb95e,2048,1536,2026-09-11T15:56:21+1200,train
song_thrush,bird,Song thrush,Turdus philomelos,329547172,597385335,cc0,no rights reserved,2025-12-03,12748,Turdus philomelos,https://inaturalist-open-data.s3.amazonaws.com/photos/597385335/large.jpg,https://inaturalist-open-data.s3.amazonaws.com/photos/597385335/original.jpg,data/raw/song_thrush/597385335.jpg,759134,33f07b7508daea51f84cf3dddb4d6eb5,2048,1536,2026-09-11T15:56:21+1200,train
song_thrush,bird,Song thrush,Turdus philomelos,329547172,597385339,cc0,no rights reserved,2025-12-03,12748,Turdus philomelos,https://inaturalist-open-data.s3.amazonaws.com/photos/597385339/large.jpg,https://inaturalist-open-data.s3.amazonaws.com/photos/597385339/original.jpg,data/raw/song_thrush/597385339.jpg,760793,ee6fb7bf299906330eb8b423b0b74141,2048,1536,2026-09-11T15:56:21+1200,train
song_thrush,bird,Song thrush,Turdus philomelos,329547172,597385407,cc0,no rights reserved,2025-12-03,12748,Turdus philomelos,https://inaturalist-open-data.s3.amazonaws.com/photos/597385407/large.jpg,https://inaturalist-open-data.s3.amazonaws.com/photos/597385407/original.jpg,data/raw/song_thrush/597385407.jpg,756672,94349d045e272d49b75ae82dbe741520,2048,1536,2026-09-11T15:56:21+1200,train
song_thrush,bird,Song thrush,Turdus philomelos,329547172,597385390,cc0,no rights reserved,2025-12-03,12748,Turdus philomelos,https://inaturalist-open-data.s3.amazonaws.com/photos/597385390/large.jpg,https://inaturalist-open-data.s3.amazonaws.com/photos/597385390/original.jpg,data/raw/song_thrush/597385390.jpg,852505,4d6da92c150952f2c8fd6ad7d8a04fe4,2048,1536,2026-09-11T15:56:21+1200,train
song_thrush,bird,Song thrush,Turdus philomelos,50230726,79765722,cc0,no rights reserved,2020-06-19,702675,Turdus philomelos clarkei,https://inaturalist-open-data.s3.amazonaws.com/photos/79765722/large.jpg,https://inaturalist-open-data.s3.amazonaws.com/photos/79765722/original.jpg,data/raw/song_thrush/79765722.jpg,699236,63b026972db44890902f356e72d60c11,2048,1254,2026-09-11T15:56:21+1200,train
song_thrush,bird,Song thrush,Turdus philomelos,50230726,79765483,cc0,no rights reserved,2020-06-19,702675,Turdus philomelos clarkei,https://inaturalist-open-data.s3.amazonaws.com/photos/79765483/large.jpg,https://inaturalist-open-data.s3.amazonaws.com/photos/79765483/original.jpg,data/raw/song_thrush/79765483.jpg,961781,022fc67d0f69578deae763297b85e443,1483,1178,2026-09-11T15:56:21+1200,train
song_thrush,bird,Song thrush,Turdus philomelos,50230726,79765595,cc0,no rights reserved,2020-06-19,702675,Turdus philomelos clarkei,https://inaturalist-open-data.s3.amazonaws.com/photos/79765595/large.jpg,https://inaturalist-open-data.s3.amazonaws.com/photos/79765595/original.jpg,data/raw/song_thrush/79765595.jpg,854738,3f291890441aa88e62c1f187f08d109e,2048,1405,2026-09-11T15:56:21+1200,train
song_thrush,bird,Song thrush,Turdus philomelos,50230726,79765668,cc0,no rights reserved,2020-06-19,702675,Turdus philomelos clarkei,https://inaturalist-open-data.s3.amazonaws.com/photos/79765668/large.jpg,https://inaturalist-open-data.s3.amazonaws.com/photos/79765668/original.jpg,data/raw/song_thrush/79765668.jpg,812700,c2771a98d05fc93b00f2caaaf2d90de5,2048,1365,2026-09-11T15:56:21+1200,train
song_thrush,bird,Song thrush,Turdus philomelos,261035855,468887353,cc-by,"(c) Andy McKay, some rights reserved (CC BY)",2025-02-09,702675,Turdus philomelos clarkei,https://inaturalist-open-data.s3.amazonaws.com/photos/468887353/large.jpeg,https://inaturalist-open-data.s3.amazonaws.com/photos/468887353/original.jpeg,data/raw/song_thrush/468887353.jpg,696163,52b45e09b8f44251b84818807c912811,1536,2048,2026-09-11T15:56:21+1200,train
song_thrush,bird,Song thrush,Turdus philomelos,261035855,468887390,cc-by,"(c) Andy McKay, some rights reserved (CC BY)",2025-02-09,702675,Turdus philomelos clarkei,https://inaturalist-open-data.s3.amazonaws.com/photos/468887390/large.jpeg,https://inaturalist-open-data.s3.amazonaws.com/photos/468887390/original.jpeg,data/raw/song_thrush/468887390.jpg,659991,d5eddb79996b47635e6a0837f8655fd6,1536,2048,2026-09-11T15:56:21+1200,train
song_thrush,bird,Song thrush,Turdus philomelos,20772042,32033124,cc0,no rights reserved,2019-02-10,12748,Turdus philomelos,https://inaturalist-open-data.s3.amazonaws.com/photos/32033124/large.jpg,https://inaturalist-open-data.s3.amazonaws.com/photos/32033124/original.jpg,data/raw/song_thrush/32033124.jpg,825794,230242fa9afb6647165dcf230dac49e6,2048,1326,2026-09-11T15:56:21+1200,train
song_thrush,bird,Song thrush,Turdus philomelos,20772042,32033191,cc0,no rights reserved,2019-02-10,12748,Turdus philomelos,https://inaturalist-open-data.s3.amazonaws.com/photos/32033191/large.jpg,https://inaturalist-open-data.s3.amazonaws.com/photos/32033191/original.jpg,data/raw/song_thrush/32033191.jpg,808196,17f8e00b68da7fee41d8478ec3c9f9ed,2048,1374,2026-09-11T15:56:21+1200,train
song_thrush,bird,Song thrush,Turdus philomelos,20772042,32033359,cc0,no rights reserved,2019-02-10,12748,Turdus philomelos,https://inaturalist-open-data.s3.amazonaws.com/photos/32033359/large.jpg,https://inaturalist-open-data.s3.amazonaws.com/photos/32033359/original.jpg,data/raw/song_thrush/32033359.jpg,1039010,da3ff116881692a21a1d88d14985a34c,2048,1826,2026-09-11T15:56:21+1200,train
song_thrush,bird,Song thrush,Turdus philomelos,20772042,32033395,cc0,no rights reserved,2019-02-10,12748,Turdus philomelos,https://inaturalist-open-data.s3.amazonaws.com/photos/32033395/large.jpg,https://inaturalist-open-data.s3.amazonaws.com/photos/32033395/original.jpg,data/raw/song_thrush/32033395.jpg,247922,4e4d17035ede2a2d0f708adb0767b962,2048,1368,2026-09-11T15:56:21+1200,train
song_thrush,bird,Song thrush,Turdus philomelos,20772042,32033489,cc0,no rights reserved,2019-02-10,12748,Turdus philomelos,https://inaturalist-open-data.s3.amazonaws.com/photos/32033489/large.jpg,https://inaturalist-open-data.s3.amazonaws.com/photos/32033489/original.jpg,data/raw/song_thrush/32033489.jpg,608678,b357ed93e399676354383810b839d78b,2048,1368,2026-09-11T15:56:21+1200,train
song_thrush,bird,Song thrush,Turdus philomelos,20772042,32033581,cc0,no rights reserved,2019-02-10,12748,Turdus philomelos,https://inaturalist-open-data.s3.amazonaws.com/photos/32033581/large.jpg,https://inaturalist-open-data.s3.amazonaws.com/photos/32033581/original.jpg,data/raw/song_thrush/32033581.jpg,683742,608731313506d36dc20e6871f4dfa279,2048,1368,2026-09-11T15:56:21+1200,train
song_thrush,bird,Song thrush,Turdus philomelos,6546124,8298075,cc-by,"(c) Wendy Bailey, some rights reserved (CC BY)",2017-06-03,12748,Turdus philomelos,https://inaturalist-open-data.s3.amazonaws.com/photos/8298075/large.jpeg,https://inaturalist-open-data.s3.amazonaws.com/photos/8298075/original.jpeg,data/raw/song_thrush/8298075.jpg,132532,38a892d8b891b0b797abf994e368d6bf,884,546,2026-09-11T15:56:21+1200,train
song_thrush,bird,Song thrush,Turdus philomelos,6546124,8298076,cc-by,"(c) Wendy Bailey, some rights reserved (CC BY)",2017-06-03,12748,Turdus philomelos,https://inaturalist-open-data.s3.amazonaws.com/photos/8298076/large.jpeg,https://inaturalist-open-data.s3.amazonaws.com/photos/8298076/original.jpeg,data/raw/song_thrush/8298076.jpg,115939,df2a29b610f5e096f08519b5be4ab1dc,537,617,2026-09-11T15:56:21+1200,train
song_thrush,bird,Song thrush,Turdus philomelos,100375516,167519353,cc-by,"(c) Lisa Bennett, some rights reserved (CC BY)",2021-11-06,702675,Turdus philomelos clarkei,https://inaturalist-open-data.s3.amazonaws.com/photos/167519353/large.jpg,https://inaturalist-open-data.s3.amazonaws.com/photos/167519353/original.jpg,data/raw/song_thrush/167519353.jpg,188507,a7b8b8ad79fccfdd16993489635d9a00,1536,2048,2026-09-11T15:56:21+1200,train
song_thrush,bird,Song thrush,Turdus philomelos,38021570,60367390,cc-by,"(c) wild_wind, some rights reserved (CC BY)",2019-11-11,702675,Turdus philomelos clarkei,https://inaturalist-open-data.s3.amazonaws.com/photos/60367390/large.jpeg,https://inaturalist-open-data.s3.amazonaws.com/photos/60367390/original.jpeg,data/raw/song_thrush/60367390.jpg,435489,0d56324ed2b7132f63eca431a3d12ec6,2048,2025,2026-09-11T15:56:21+1200,train
song_thrush,bird,Song thrush,Turdus philomelos,62169983,99576639,cc-by,"(c) wild_wind, some rights reserved (CC BY)",2020-10-10,702675,Turdus philomelos clarkei,https://inaturalist-open-data.s3.amazonaws.com/photos/99576639/large.jpeg,https://inaturalist-open-data.s3.amazonaws.com/photos/99576639/original.jpeg,data/raw/song_thrush/99576639.jpg,216905,238fd3cb5f49ef96af657f90ac38f587,1796,1796,2026-09-11T15:56:21+1200,train
song_thrush,bird,Song thrush,Turdus philomelos,146588982,252055730,cc-by,"(c) Jenny Saito, some rights reserved (CC BY)",2023-01-15,12748,Turdus philomelos,https://inaturalist-open-data.s3.amazonaws.com/photos/252055730/large.jpeg,https://inaturalist-open-data.s3.amazonaws.com/photos/252055730/original.jpeg,data/raw/song_thrush/252055730.jpg,898029,d6c836d18b5dcd3aa0c1c79f8672e64d,2048,2048,2026-09-11T15:56:21+1200,train
song_thrush,bird,Song thrush,Turdus philomelos,143984887,247033208,cc0,no rights reserved,2022-12-09,12748,Turdus philomelos,https://inaturalist-open-data.s3.amazonaws.com/photos/247033208/large.jpeg,https://inaturalist-open-data.s3.amazonaws.com/photos/247033208/original.jpeg,data/raw/song_thrush/247033208.jpg,556468,29bf0a326d4ec316cc5ebaa61a458f0d,1187,1121,2026-09-11T15:56:21+1200,train
song_thrush,bird,Song thrush,Turdus philomelos,143984887,247033219,cc0,no rights reserved,2022-12-09,12748,Turdus philomelos,https://inaturalist-open-data.s3.amazonaws.com/photos/247033219/large.jpeg,https://inaturalist-open-data.s3.amazonaws.com/photos/247033219/original.jpeg,data/raw/song_thrush/247033219.jpg,613293,63b744001a2aa7bc67a2a9545ed4e458,972,1391,2026-09-11T15:56:21+1200,train
song_thrush,bird,Song thrush,Turdus philomelos,265378500,476666008,cc-by,"(c) John Lyden, some rights reserved (CC BY)",2025-01-28,12748,Turdus philomelos,https://inaturalist-open-data.s3.amazonaws.com/photos/476666008/large.jpeg,https://inaturalist-open-data.s3.amazonaws.com/photos/476666008/original.jpeg,data/raw/song_thrush/476666008.jpg,153048,112bf2d964ed9ebc3e4e74ef7b46983a,1759,1319,2026-09-11T15:56:21+1200,train
song_thrush,bird,Song thrush,Turdus philomelos,65920825,106180763,cc-by,"(c) Nathan Odgers, some rights reserved (CC BY)",2020-12-01,702675,Turdus philomelos clarkei,https://inaturalist-open-data.s3.amazonaws.com/photos/106180763/large.jpg,https://inaturalist-open-data.s3.amazonaws.com/photos/106180763/original.jpg,data/raw/song_thrush/106180763.jpg,375979,b30501fd1c8bd01ab8d5b7fc6d6e11b3,1536,2048,2026-09-11T15:56:21+1200,train
song_thrush,bird,Song thrush,Turdus philomelos,12919481,18768278,cc-by,"(c) Jacqui Geux, some rights reserved (CC BY)",2018-05-28,702675,Turdus philomelos clarkei,https://inaturalist-open-data.s3.amazonaws.com/photos/18768278/large.jpeg,https://inaturalist-open-data.s3.amazonaws.com/photos/18768278/original.jpeg,data/raw/song_thrush/18768278.jpg,187534,0463c0d3525b51d49a033a73a18d18f0,1600,1200,2026-09-11T15:56:21+1200,train
song_thrush,bird,Song thrush,Turdus philomelos,133423343,227264370,cc-by,"(c) Aalbert Rebergen, some rights reserved (CC BY)",2022-08-06,702675,Turdus philomelos clarkei,https://inaturalist-open-data.s3.amazonaws.com/photos/227264370/large.jpeg,https://inaturalist-open-data.s3.amazonaws.com/photos/227264370/original.jpeg,data/raw/song_thrush/227264370.jpg,144338,913711196663d911ae167a37d9100244,1989,1326,2026-09-11T15:56:21+1200,train
song_thrush,bird,Song thrush,Turdus philomelos,133423343,227264446,cc-by,"(c) Aalbert Rebergen, some rights reserved (CC BY)",2022-08-06,702675,Turdus philomelos clarkei,https://inaturalist-open-data.s3.amazonaws.com/photos/227264446/large.jpeg,https://inaturalist-open-data.s3.amazonaws.com/photos/227264446/original.jpeg,data/raw/song_thrush/227264446.jpg,154063,888f700fbdbbc754e8ca6ef57b4f9b39,2048,1368,2026-09-11T15:56:21+1200,train
song_thrush,bird,Song thrush,Turdus philomelos,189322430,331619023,cc-by,"(c) Jenny Saito, some rights reserved (CC BY)",2023-10-29,702675,Turdus philomelos clarkei,https://inaturalist-open-data.s3.amazonaws.com/photos/331619023/large.jpeg,https://inaturalist-open-data.s3.amazonaws.com/photos/331619023/original.jpeg,data/raw/song_thrush/331619023.jpg,1104077,1b88ce04ea00d78495867dc55dae6b92,2048,2048,2026-09-11T15:56:21+1200,train
song_thrush,bird,Song thrush,Turdus philomelos,189322430,331619041,cc-by,"(c) Jenny Saito, some rights reserved (CC BY)",2023-10-29,702675,Turdus philomelos clarkei,https://inaturalist-open-data.s3.amazonaws.com/photos/331619041/large.jpeg,https://inaturalist-open-data.s3.amazonaws.com/photos/331619041/original.jpeg,data/raw/song_thrush/331619041.jpg,992359,24e7118a4cac37c46e70d8b49e60bc3c,2048,2048,2026-09-11T15:56:21+1200,train
song_thrush,bird,Song thrush,Turdus philomelos,17615739,26828068,cc-by,"(c) wild_wind, some rights reserved (CC BY)",2018-10-18,702675,Turdus philomelos clarkei,https://inaturalist-open-data.s3.amazonaws.com/photos/26828068/large.jpg,https://inaturalist-open-data.s3.amazonaws.com/photos/26828068/original.jpg,data/raw/song_thrush/26828068.jpg,434804,d38f258807a780b7d3aae942ec1b5faf,2047,2048,2026-09-11T15:56:21+1200,train
song_thrush,bird,Song thrush,Turdus philomelos,248003370,443044817,cc-by,"(c) Stewart Armstrong, some rights reserved (CC BY)",2024-10-17,702675,Turdus philomelos clarkei,https://inaturalist-open-data.s3.amazonaws.com/photos/443044817/large.jpeg,https://inaturalist-open-data.s3.amazonaws.com/photos/443044817/original.jpeg,data/raw/song_thrush/443044817.jpg,686031,b8b016e0829ee216485b94b9b9ba7de4,1024,768,2026-09-11T15:56:21+1200,train
song_thrush,bird,Song thrush,Turdus philomelos,5918827,7384304,cc-by,"(c) Jacqui Geux, some rights reserved (CC BY)",2017-04-23,12748,Turdus philomelos,https://inaturalist-open-data.s3.amazonaws.com/photos/7384304/large.jpeg,https://inaturalist-open-data.s3.amazonaws.com/photos/7384304/original.jpeg,data/raw/song_thrush/7384304.jpg,147916,1c9cf4bbdafddea8a06f2308b81a230c,1600,1200,2026-09-11T15:56:21+1200,train
song_thrush,bird,Song thrush,Turdus philomelos,103779162,173774309,cc-by,"(c) Svend Hansen, some rights reserved (CC BY)",2021-12-28,702675,Turdus philomelos clarkei,https://inaturalist-open-data.s3.amazonaws.com/photos/173774309/large.jpeg,https://inaturalist-open-data.s3.amazonaws.com/photos/173774309/original.jpeg,data/raw/song_thrush/173774309.jpg,518624,2e9d1278027319c11393ce81a09795ac,1152,2048,2026-09-11T15:56:21+1200,train
song_thrush,bird,Song thrush,Turdus philomelos,339259571,617123838,cc0,no rights reserved,2026-02-19,12748,Turdus philomelos,https://inaturalist-open-data.s3.amazonaws.com/photos/617123838/large.jpg,https://inaturalist-open-data.s3.amazonaws.com/photos/617123838/original.jpg,data/raw/song_thrush/617123838.jpg,618813,fdea9c423fda06c2414be89479ce4ebc,2048,2048,2026-09-11T15:56:21+1200,train
song_thrush,bird,Song thrush,Turdus philomelos,339259571,617123857,cc0,no rights reserved,2026-02-19,12748,Turdus philomelos,https://inaturalist-open-data.s3.amazonaws.com/photos/617123857/large.jpg,https://inaturalist-open-data.s3.amazonaws.com/photos/617123857/original.jpg,data/raw/song_thrush/617123857.jpg,461392,e41748b14df09d8ee7fa80dbf3d133d6,2048,1365,2026-09-11T15:56:21+1200,train
song_thrush,bird,Song thrush,Turdus philomelos,339259571,617123873,cc0,no rights reserved,2026-02-19,12748,Turdus philomelos,https://inaturalist-open-data.s3.amazonaws.com/photos/617123873/large.jpg,https://inaturalist-open-data.s3.amazonaws.com/photos/617123873/original.jpg,data/raw/song_thrush/617123873.jpg,461208,c64f768a6244ab570d3cf08e113f0b59,2048,1365,2026-09-11T15:56:21+1200,train
song_thrush,bird,Song thrush,Turdus philomelos,337414195,613372859,cc-by,"(c) Mike Bowie, some rights reserved (CC BY)",2026-01-15,12748,Turdus philomelos,https://inaturalist-open-data.s3.amazonaws.com/photos/613372859/large.jpg,https://inaturalist-open-data.s3.amazonaws.com/photos/613372859/original.jpg,data/raw/song_thrush/613372859.jpg,161315,ab826d6983f4f4305960b9d87c588504,2048,1365,2026-09-11T15:56:21+1200,train
song_thrush,bird,Song thrush,Turdus philomelos,337414195,613372890,cc-by,"(c) Mike Bowie, some rights reserved (CC BY)",2026-01-15,12748,Turdus philomelos,https://inaturalist-open-data.s3.amazonaws.com/photos/613372890/large.jpg,https://inaturalist-open-data.s3.amazonaws.com/photos/613372890/original.jpg,data/raw/song_thrush/613372890.jpg,318715,a1219cf3d83c174c8533c71753efaa1b,2048,1365,2026-09-11T15:56:21+1200,train
song_thrush,bird,Song thrush,Turdus philomelos,277995129,499131182,cc-by,"(c) Jon Sullivan, some rights reserved (CC BY)",2025-04-27,12748,Turdus philomelos,https://inaturalist-open-data.s3.amazonaws.com/photos/499131182/large.jpg,https://inaturalist-open-data.s3.amazonaws.com/photos/499131182/original.jpg,data/raw/song_thrush/499131182.jpg,423986,1dd69ca330654c5f1ad39fcf2936e337,2048,1366,2026-09-11T15:56:21+1200,train
starling,bird,Common starling,Sturnus vulgaris,329273448,596826758,cc0,no rights reserved,2025-12-03,14850,Sturnus vulgaris,https://inaturalist-open-data.s3.amazonaws.com/photos/596826758/large.jpg,https://inaturalist-open-data.s3.amazonaws.com/photos/596826758/original.jpg,data/raw/starling/596826758.jpg,489991,4833e4d5142f620149e96de17c67c12d,2048,1365,2026-09-11T15:56:51+1200,train
starling,bird,Common starling,Sturnus vulgaris,329273448,596827000,cc0,no rights reserved,2025-12-03,14850,Sturnus vulgaris,https://inaturalist-open-data.s3.amazonaws.com/photos/596827000/large.jpg,https://inaturalist-open-data.s3.amazonaws.com/photos/596827000/original.jpg,data/raw/starling/596827000.jpg,455520,2d6a94bf5bae82ff74bda40c64c5a263,2048,1365,2026-09-11T15:56:51+1200,train
starling,bird,Common starling,Sturnus vulgaris,176923739,307648696,cc-by,"(c) William Harland, some rights reserved (CC BY)",2023-08-06,577950,Sturnus vulgaris vulgaris,https://inaturalist-open-data.s3.amazonaws.com/photos/307648696/large.jpeg,https://inaturalist-open-data.s3.amazonaws.com/photos/307648696/original.jpeg,data/raw/starling/307648696.jpg,187358,1fc8e60e091bb8d8d1ddb70d4b8e00c4,2048,1581,2026-09-11T15:56:51+1200,train
starling,bird,Common starling,Sturnus vulgaris,265134636,476186054,cc-by,"(c) russelljsmith, some rights reserved (CC BY)",2025-03-13,14850,Sturnus vulgaris,https://inaturalist-open-data.s3.amazonaws.com/photos/476186054/large.jpg,https://inaturalist-open-data.s3.amazonaws.com/photos/476186054/original.jpg,data/raw/starling/476186054.jpg,153799,788f1dbefa9facfaaebd69dbcc57e83a,1536,2048,2026-09-11T15:56:51+1200,train
starling,bird,Common starling,Sturnus vulgaris,265134636,476186068,cc-by,"(c) russelljsmith, some rights reserved (CC BY)",2025-03-13,14850,Sturnus vulgaris,https://inaturalist-open-data.s3.amazonaws.com/photos/476186068/large.jpg,https://inaturalist-open-data.s3.amazonaws.com/photos/476186068/original.jpg,data/raw/starling/476186068.jpg,124416,0a36f8000a82075f4b169f97ae158929,1536,2048,2026-09-11T15:56:51+1200,train
starling,bird,Common starling,Sturnus vulgaris,265134636,476186077,cc-by,"(c) russelljsmith, some rights reserved (CC BY)",2025-03-13,14850,Sturnus vulgaris,https://inaturalist-open-data.s3.amazonaws.com/photos/476186077/large.jpg,https://inaturalist-open-data.s3.amazonaws.com/photos/476186077/original.jpg,data/raw/starling/476186077.jpg,127729,53a2b839e88c0459b35c7a3300ae13f2,1536,2048,2026-09-11T15:56:51+1200,train
starling,bird,Common starling,Sturnus vulgaris,193018557,338982308,cc-by,"(c) William Harland, some rights reserved (CC BY)",2023-12-04,577950,Sturnus vulgaris vulgaris,https://inaturalist-open-data.s3.amazonaws.com/photos/338982308/large.jpeg,https://inaturalist-open-data.s3.amazonaws.com/photos/338982308/original.jpeg,data/raw/starling/338982308.jpg,224302,00f4a6b17fdbeb75bcb6e926c19491b9,2048,1230,2026-09-11T15:56:51+1200,train
starling,bird,Common starling,Sturnus vulgaris,288940884,519662390,cc-by,"(c) William Harland, some rights reserved (CC BY)",2025-05-26,14850,Sturnus vulgaris,https://inaturalist-open-data.s3.amazonaws.com/photos/519662390/large.jpg,https://inaturalist-open-data.s3.amazonaws.com/photos/519662390/original.jpg,data/raw/starling/519662390.jpg,57162,81f248b62a6b3b0eea591c7fcf47f632,2048,1416,2026-09-11T15:56:51+1200,train
starling,bird,Common starling,Sturnus vulgaris,212548384,375610772,cc-by,"(c) Huey, some rights reserved (CC BY)",2024-04-19,577950,Sturnus vulgaris vulgaris,https://inaturalist-open-data.s3.amazonaws.com/photos/375610772/large.jpeg,https://inaturalist-open-data.s3.amazonaws.com/photos/375610772/original.jpeg,data/raw/starling/375610772.jpg,286886,4262fb523f90bbaaab6f03eaee2d46cf,1082,1082,2026-09-11T15:56:51+1200,train
starling,bird,Common starling,Sturnus vulgaris,212548384,375610797,cc-by,"(c) Huey, some rights reserved (CC BY)",2024-04-19,577950,Sturnus vulgaris vulgaris,https://inaturalist-open-data.s3.amazonaws.com/photos/375610797/large.jpeg,https://inaturalist-open-data.s3.amazonaws.com/photos/375610797/original.jpeg,data/raw/starling/375610797.jpg,302212,cdc7fdfc451d99df7a5afe1552f453b0,2048,1365,2026-09-11T15:56:51+1200,train
starling,bird,Common starling,Sturnus vulgaris,212548384,375611207,cc-by,"(c) Huey, some rights reserved (CC BY)",2024-04-19,577950,Sturnus vulgaris vulgaris,https://inaturalist-open-data.s3.amazonaws.com/photos/375611207/large.jpeg,https://inaturalist-open-data.s3.amazonaws.com/photos/375611207/original.jpeg,data/raw/starling/375611207.jpg,522231,a27757b43f16cb7fd53b97c0ae1c3beb,2048,1365,2026-09-11T15:56:51+1200,train
starling,bird,Common starling,Sturnus vulgaris,110542146,186491706,cc-by,"(c) Joss Simpson, some rights reserved (CC BY)",2022-04-06,577950,Sturnus vulgaris vulgaris,https://inaturalist-open-data.s3.amazonaws.com/photos/186491706/large.jpeg,https://inaturalist-open-data.s3.amazonaws.com/photos/186491706/original.jpeg,data/raw/starling/186491706.jpg,746843,1e7cd59bfa9eb639c7dffae9b0ef20a2,1536,2048,2026-09-11T15:56:51+1200,train
starling,bird,Common starling,Sturnus vulgaris,213352245,377051513,cc-by,"(c) Jon Sullivan, some rights reserved (CC BY)",2024-04-29,577950,Sturnus vulgaris vulgaris,https://inaturalist-open-data.s3.amazonaws.com/photos/377051513/large.jpg,https://inaturalist-open-data.s3.amazonaws.com/photos/377051513/original.jpg,data/raw/starling/377051513.jpg,60311,c36c9e6ab8c96b73bb53f79e58923219,2048,1368,2026-09-11T15:56:51+1200,train
starling,bird,Common starling,Sturnus vulgaris,213352295,377052136,cc-by,"(c) Jon Sullivan, some rights reserved (CC BY)",2024-04-29,577950,Sturnus vulgaris vulgaris,https://inaturalist-open-data.s3.amazonaws.com/photos/377052136/large.jpg,https://inaturalist-open-data.s3.amazonaws.com/photos/377052136/original.jpg,data/raw/starling/377052136.jpg,121675,cef7bef23e9c606eae39c825b1c7a226,2048,1368,2026-09-11T15:56:51+1200,train
starling,bird,Common starling,Sturnus vulgaris,45341943,71896710,cc-by,"(c) Jacqui Geux, some rights reserved (CC BY)",2020-05-07,577950,Sturnus vulgaris vulgaris,https://inaturalist-open-data.s3.amazonaws.com/photos/71896710/large.jpeg,https://inaturalist-open-data.s3.amazonaws.com/photos/71896710/original.jpeg,data/raw/starling/71896710.jpg,188083,13854264511af8a95daee97b9a8711dd,1600,1200,2026-09-11T15:56:51+1200,train
starling,bird,Common starling,Sturnus vulgaris,113511848,191766453,cc-by,"(c) Heidi Meudt, some rights reserved (CC BY)",2022-04-30,577950,Sturnus vulgaris vulgaris,https://inaturalist-open-data.s3.amazonaws.com/photos/191766453/large.jpeg,https://inaturalist-open-data.s3.amazonaws.com/photos/191766453/original.jpeg,data/raw/starling/191766453.jpg,369630,84cf07172852c2a09a45d2f669496600,2048,1536,2026-09-11T15:56:51+1200,train
starling,bird,Common starling,Sturnus vulgaris,113511848,191766554,cc-by,"(c) Heidi Meudt, some rights reserved (CC BY)",2022-04-30,577950,Sturnus vulgaris vulgaris,https://inaturalist-open-data.s3.amazonaws.com/photos/191766554/large.jpeg,https://inaturalist-open-data.s3.amazonaws.com/photos/191766554/original.jpeg,data/raw/starling/191766554.jpg,395699,7218df2e662f95ba32b2bdbe304e0543,1536,2048,2026-09-11T15:56:51+1200,train
starling,bird,Common starling,Sturnus vulgaris,44030826,69816497,cc-by,"(c) eyrezer, some rights reserved (CC BY)",2020-04-28,577950,Sturnus vulgaris vulgaris,https://inaturalist-open-data.s3.amazonaws.com/photos/69816497/large.jpeg,https://inaturalist-open-data.s3.amazonaws.com/photos/69816497/original.jpeg,data/raw/starling/69816497.jpg,261232,7d0f7bda6ddbbe7d8736d806a5ca90cd,1359,1359,2026-09-11T15:56:51+1200,train
starling,bird,Common starling,Sturnus vulgaris,44030826,69816558,cc-by,"(c) eyrezer, some rights reserved (CC BY)",2020-04-28,577950,Sturnus vulgaris vulgaris,https://inaturalist-open-data.s3.amazonaws.com/photos/69816558/large.jpg,https://inaturalist-open-data.s3.amazonaws.com/photos/69816558/original.jpg,data/raw/starling/69816558.jpg,421346,31083de082fab4501f9fa5e320365b73,1536,2048,2026-09-11T15:56:51+1200,train
starling,bird,Common starling,Sturnus vulgaris,259722445,466286816,cc0,no rights reserved,2024-12-28,14850,Sturnus vulgaris,https://inaturalist-open-data.s3.amazonaws.com/photos/466286816/large.jpeg,https://inaturalist-open-data.s3.amazonaws.com/photos/466286816/original.jpeg,data/raw/starling/466286816.jpg,122881,e7b1a899baafa17ae8971e77c7792cd8,1299,1299,2026-09-11T15:56:51+1200,train
starling,bird,Common starling,Sturnus vulgaris,259722445,466286815,cc0,no rights reserved,2024-12-28,14850,Sturnus vulgaris,https://inaturalist-open-data.s3.amazonaws.com/photos/466286815/large.jpeg,https://inaturalist-open-data.s3.amazonaws.com/photos/466286815/original.jpeg,data/raw/starling/466286815.jpg,226257,86cfbc09615631c1022d661a1c12b236,1194,1194,2026-09-11T15:56:51+1200,train
starling,bird,Common starling,Sturnus vulgaris,260235719,467302581,cc-by,"(c) Doug Miller, some rights reserved (CC BY)",2025-02-01,14850,Sturnus vulgaris,https://inaturalist-open-data.s3.amazonaws.com/photos/467302581/large.jpeg,https://inaturalist-open-data.s3.amazonaws.com/photos/467302581/original.jpeg,data/raw/starling/467302581.jpg,560467,e4cc7959aa1b4eaf363a54be6e73feea,2048,1536,2026-09-11T15:56:51+1200,train
starling,bird,Common starling,Sturnus vulgaris,260235719,467302627,cc-by,"(c) Doug Miller, some rights reserved (CC BY)",2025-02-01,14850,Sturnus vulgaris,https://inaturalist-open-data.s3.amazonaws.com/photos/467302627/large.jpeg,https://inaturalist-open-data.s3.amazonaws.com/photos/467302627/original.jpeg,data/raw/starling/467302627.jpg,519060,737a98d77ae470a69422650f933a8e06,2048,1536,2026-09-11T15:56:51+1200,train
starling,bird,Common starling,Sturnus vulgaris,261807026,470420939,cc-by,"(c) ian_mcallan, some rights reserved (CC BY)",2025-02-12,14850,Sturnus vulgaris,https://inaturalist-open-data.s3.amazonaws.com/photos/470420939/large.jpg,https://inaturalist-open-data.s3.amazonaws.com/photos/470420939/original.jpg,data/raw/starling/470420939.jpg,62264,7eb4c0bd825e0a61322f73e6fd819f36,2048,1536,2026-09-11T15:56:51+1200,train
starling,bird,Common starling,Sturnus vulgaris,967611,1188107,cc-by,"(c) Jon Sullivan, some rights reserved (CC BY)",2013-07-14,14850,Sturnus vulgaris,https://inaturalist-open-data.s3.amazonaws.com/photos/1188107/large.jpg,https://inaturalist-open-data.s3.amazonaws.com/photos/1188107/original.jpg,data/raw/starling/1188107.jpg,179712,8417ff251a854cb680a8006c6de0af89,2048,1364,2026-09-11T15:56:51+1200,train
starling,bird,Common starling,Sturnus vulgaris,967611,1188108,cc-by,"(c) Jon Sullivan, some rights reserved (CC BY)",2013-07-14,14850,Sturnus vulgaris,https://inaturalist-open-data.s3.amazonaws.com/photos/1188108/large.jpg,https://inaturalist-open-data.s3.amazonaws.com/photos/1188108/original.jpg,data/raw/starling/1188108.jpg,296518,c465c8a812059a30a7cb3751d9118ffb,2048,2048,2026-09-11T15:56:51+1200,train
starling,bird,Common starling,Sturnus vulgaris,967611,1188109,cc-by,"(c) Jon Sullivan, some rights reserved (CC BY)",2013-07-14,14850,Sturnus vulgaris,https://inaturalist-open-data.s3.amazonaws.com/photos/1188109/large.jpg,https://inaturalist-open-data.s3.amazonaws.com/photos/1188109/original.jpg,data/raw/starling/1188109.jpg,188999,7d40a59ed718339c2e6cc2a4f349478b,2048,1365,2026-09-11T15:56:51+1200,train
starling,bird,Common starling,Sturnus vulgaris,1008336,1197466,cc-by,"(c) Jon Sullivan, some rights reserved (CC BY)",2014-06-28,14850,Sturnus vulgaris,https://inaturalist-open-data.s3.amazonaws.com/photos/1197466/large.jpg,https://inaturalist-open-data.s3.amazonaws.com/photos/1197466/original.jpg,data/raw/starling/1197466.jpg,393380,3b2205214640338f21ff82c407d4aa77,1823,1215,2026-09-11T15:56:51+1200,train
starling,bird,Common starling,Sturnus vulgaris,9970254,13696776,cc-by,"(c) Jon Sullivan, some rights reserved (CC BY)",2018-02-01,14850,Sturnus vulgaris,https://inaturalist-open-data.s3.amazonaws.com/photos/13696776/large.jpg,https://inaturalist-open-data.s3.amazonaws.com/photos/13696776/original.jpg,data/raw/starling/13696776.jpg,556967,fee69a80459873aa48dacccf2c40d86b,2048,1536,2026-09-11T15:56:51+1200,train
starling,bird,Common starling,Sturnus vulgaris,391046426,716489486,cc-by,"(c) William Harland, some rights reserved (CC BY)",2026-08-11,14850,Sturnus vulgaris,https://inaturalist-open-data.s3.amazonaws.com/photos/716489486/large.jpg,https://inaturalist-open-data.s3.amazonaws.com/photos/716489486/original.jpg,data/raw/starling/716489486.jpg,113409,4579ae17dae61670c71cfb09641c6273,2048,1185,2026-09-11T15:56:51+1200,train
starling,bird,Common starling,Sturnus vulgaris,339845295,618313698,cc0,no rights reserved,2026-02-23,14850,Sturnus vulgaris,https://inaturalist-open-data.s3.amazonaws.com/photos/618313698/large.jpg,https://inaturalist-open-data.s3.amazonaws.com/photos/618313698/original.jpg,data/raw/starling/618313698.jpg,825071,ba969c5f744d97a3b4f16de38832b3bc,1152,2048,2026-09-11T15:56:51+1200,train
starling,bird,Common starling,Sturnus vulgaris,343941503,626618294,cc-by,"(c) Lea Reeves, some rights reserved (CC BY)",2026-03-16,14850,Sturnus vulgaris,https://inaturalist-open-data.s3.amazonaws.com/photos/626618294/large.jpg,https://inaturalist-open-data.s3.amazonaws.com/photos/626618294/original.jpg,data/raw/starling/626618294.jpg,535579,e1003917ca8cbf432ee2878c3366c6ec,2048,1371,2026-09-11T15:56:51+1200,train
starling,bird,Common starling,Sturnus vulgaris,343941503,626618298,cc-by,"(c) Lea Reeves, some rights reserved (CC BY)",2026-03-16,14850,Sturnus vulgaris,https://inaturalist-open-data.s3.amazonaws.com/photos/626618298/large.jpg,https://inaturalist-open-data.s3.amazonaws.com/photos/626618298/original.jpg,data/raw/starling/626618298.jpg,531070,bc70ac4a9421dae6d93ab4309b9415f2,2048,1371,2026-09-11T15:56:51+1200,train
starling,bird,Common starling,Sturnus vulgaris,343941503,626618300,cc-by,"(c) Lea Reeves, some rights reserved (CC BY)",2026-03-16,14850,Sturnus vulgaris,https://inaturalist-open-data.s3.amazonaws.com/photos/626618300/large.jpg,https://inaturalist-open-data.s3.amazonaws.com/photos/626618300/original.jpg,data/raw/starling/626618300.jpg,529114,733a28a100cb5140fabaf278965059d5,2048,1371,2026-09-11T15:56:51+1200,train
starling,bird,Common starling,Sturnus vulgaris,148884849,256469954,cc-by,"(c) Jon Sullivan, some rights reserved (CC BY)",2023-02-16,14850,Sturnus vulgaris,https://inaturalist-open-data.s3.amazonaws.com/photos/256469954/large.jpg,https://inaturalist-open-data.s3.amazonaws.com/photos/256469954/original.jpg,data/raw/starling/256469954.jpg,346450,7f30f7fd21608ff48541fe2482c1fa02,2048,1367,2026-09-11T15:56:51+1200,train
starling,bird,Common starling,Sturnus vulgaris,335769253,610038424,cc-by,"(c) spacegecko, some rights reserved (CC BY)",2025-12-11,14850,Sturnus vulgaris,https://inaturalist-open-data.s3.amazonaws.com/photos/610038424/large.jpg,https://inaturalist-open-data.s3.amazonaws.com/photos/610038424/original.jpg,data/raw/starling/610038424.jpg,304572,35bd133a42f19fd766b191bba8bcf860,2048,1365,2026-09-11T15:56:51+1200,train
starling,bird,Common starling,Sturnus vulgaris,331361559,601104738,cc0,no rights reserved,2025-11-01,14850,Sturnus vulgaris,https://inaturalist-open-data.s3.amazonaws.com/photos/601104738/large.jpg,https://inaturalist-open-data.s3.amazonaws.com/photos/601104738/original.jpg,data/raw/starling/601104738.jpg,417655,28bd014d04b3c9a2b9068c5ce90c80a5,2048,1366,2026-09-11T15:56:51+1200,train
starling,bird,Common starling,Sturnus vulgaris,298112802,536950614,cc-by,"(c) Jon Sullivan, some rights reserved (CC BY)",2025-07-15,14850,Sturnus vulgaris,https://inaturalist-open-data.s3.amazonaws.com/photos/536950614/large.jpg,https://inaturalist-open-data.s3.amazonaws.com/photos/536950614/original.jpg,data/raw/starling/536950614.jpg,369439,59f6f5e7a513dfc8c9d16fc66f231dcd,1147,764,2026-09-11T15:56:51+1200,train
starling,bird,Common starling,Sturnus vulgaris,160858790,277996125,cc-by,"(c) Saryu Mae 前 朝琉, some rights reserved (CC BY)",2023-04-19,577950,Sturnus vulgaris vulgaris,https://inaturalist-open-data.s3.amazonaws.com/photos/277996125/large.jpeg,https://inaturalist-open-data.s3.amazonaws.com/photos/277996125/original.jpeg,data/raw/starling/277996125.jpg,488354,35804facc7c902d4e62792947383f8eb,2048,1536,2026-09-11T15:56:51+1200,train
starling,bird,Common starling,Sturnus vulgaris,51778698,82286758,cc-by,"(c) wild_wind, some rights reserved (CC BY)",2020-07-03,577950,Sturnus vulgaris vulgaris,https://inaturalist-open-data.s3.amazonaws.com/photos/82286758/large.jpeg,https://inaturalist-open-data.s3.amazonaws.com/photos/82286758/original.jpeg,data/raw/starling/82286758.jpg,189469,44275af8b865d3c37913f036f7f73f89,1876,1875,2026-09-11T15:56:51+1200,train
starling,bird,Common starling,Sturnus vulgaris,67378239,108846581,cc-by,"(c) Svend Hansen, some rights reserved (CC BY)",2021-01-01,577950,Sturnus vulgaris vulgaris,https://inaturalist-open-data.s3.amazonaws.com/photos/108846581/large.jpeg,https://inaturalist-open-data.s3.amazonaws.com/photos/108846581/original.jpeg,data/raw/starling/108846581.jpg,477183,7fd882a6fc1e67fad5c56bdf0e42decf,2048,1152,2026-09-11T15:56:51+1200,train
starling,bird,Common starling,Sturnus vulgaris,67378239,108846599,cc-by,"(c) Svend Hansen, some rights reserved (CC BY)",2021-01-01,577950,Sturnus vulgaris vulgaris,https://inaturalist-open-data.s3.amazonaws.com/photos/108846599/large.jpeg,https://inaturalist-open-data.s3.amazonaws.com/photos/108846599/original.jpeg,data/raw/starling/108846599.jpg,455607,cec091284adc645442712020005d91f9,2048,1152,2026-09-11T15:56:51+1200,train
common_myna,bird,Common myna,Acridotheres tristis,43527669,69060110,cc-by,"(c) Kate Marshall, some rights reserved (CC BY)",2020-04-26,629477,Acridotheres tristis tristis,https://inaturalist-open-data.s3.amazonaws.com/photos/69060110/large.jpg,https://inaturalist-open-data.s3.amazonaws.com/photos/69060110/original.jpg,data/raw/common_myna/69060110.jpg,516563,1c8976f1c1d2f611be2c99b88a4f1587,1536,2048,2026-09-11T15:57:16+1200,train
common_myna,bird,Common myna,Acridotheres tristis,69447459,112682297,cc-by,"(c) Joe Dillon, some rights reserved (CC BY)",2021-02-12,629477,Acridotheres tristis tristis,https://inaturalist-open-data.s3.amazonaws.com/photos/112682297/large.jpeg,https://inaturalist-open-data.s3.amazonaws.com/photos/112682297/original.jpeg,data/raw/common_myna/112682297.jpg,584836,38e58442a90f9d7c531f67cb6a2cc537,2048,1365,2026-09-11T15:57:16+1200,train
common_myna,bird,Common myna,Acridotheres tristis,69447459,112682306,cc-by,"(c) Joe Dillon, some rights reserved (CC BY)",2021-02-12,629477,Acridotheres tristis tristis,https://inaturalist-open-data.s3.amazonaws.com/photos/112682306/large.jpeg,https://inaturalist-open-data.s3.amazonaws.com/photos/112682306/original.jpeg,data/raw/common_myna/112682306.jpg,605005,2db90fec09de1c10fd4f40c24baaf680,2048,1365,2026-09-11T15:57:16+1200,train
common_myna,bird,Common myna,Acridotheres tristis,69447459,112682313,cc-by,"(c) Joe Dillon, some rights reserved (CC BY)",2021-02-12,629477,Acridotheres tristis tristis,https://inaturalist-open-data.s3.amazonaws.com/photos/112682313/large.jpeg,https://inaturalist-open-data.s3.amazonaws.com/photos/112682313/original.jpeg,data/raw/common_myna/112682313.jpg,590064,53189a6fd886f041f820152b54e1025e,2048,1365,2026-09-11T15:57:16+1200,train
common_myna,bird,Common myna,Acridotheres tristis,69447459,112682319,cc-by,"(c) Joe Dillon, some rights reserved (CC BY)",2021-02-12,629477,Acridotheres tristis tristis,https://inaturalist-open-data.s3.amazonaws.com/photos/112682319/large.jpeg,https://inaturalist-open-data.s3.amazonaws.com/photos/112682319/original.jpeg,data/raw/common_myna/112682319.jpg,592443,d536e82b207bcb4f4d76babdda3b7496,2048,1365,2026-09-11T15:57:16+1200,train
common_myna,bird,Common myna,Acridotheres tristis,69447459,112682322,cc-by,"(c) Joe Dillon, some rights reserved (CC BY)",2021-02-12,629477,Acridotheres tristis tristis,https://inaturalist-open-data.s3.amazonaws.com/photos/112682322/large.jpeg,https://inaturalist-open-data.s3.amazonaws.com/photos/112682322/original.jpeg,data/raw/common_myna/112682322.jpg,548236,d6fd2cd93d91a0eaf15e49515adbff90,2048,1365,2026-09-11T15:57:16+1200,train
common_myna,bird,Common myna,Acridotheres tristis,69447459,112682329,cc-by,"(c) Joe Dillon, some rights reserved (CC BY)",2021-02-12,629477,Acridotheres tristis tristis,https://inaturalist-open-data.s3.amazonaws.com/photos/112682329/large.jpeg,https://inaturalist-open-data.s3.amazonaws.com/photos/112682329/original.jpeg,data/raw/common_myna/112682329.jpg,564619,54072ce8dbcc477b187f92f543bb0619,2048,1365,2026-09-11T15:57:16+1200,train
common_myna,bird,Common myna,Acridotheres tristis,69447459,112682336,cc-by,"(c) Joe Dillon, some rights reserved (CC BY)",2021-02-12,629477,Acridotheres tristis tristis,https://inaturalist-open-data.s3.amazonaws.com/photos/112682336/large.jpeg,https://inaturalist-open-data.s3.amazonaws.com/photos/112682336/original.jpeg,data/raw/common_myna/112682336.jpg,572763,ba9b8349c5ffd5b7d31e1e9b839ddd0d,2048,1365,2026-09-11T15:57:16+1200,train
common_myna,bird,Common myna,Acridotheres tristis,394604655,723439218,cc-by,"(c) Bevan Weir, some rights reserved (CC BY)",2026-08-26,204454,Acridotheres tristis,https://inaturalist-open-data.s3.amazonaws.com/photos/723439218/large.jpg,https://inaturalist-open-data.s3.amazonaws.com/photos/723439218/original.jpg,data/raw/common_myna/723439218.jpg,382006,ded3bd40ec07acbe657993a80be74b27,1255,837,2026-09-11T15:57:16+1200,train
common_myna,bird,Common myna,Acridotheres tristis,33742562,53028493,cc-by,"(c) Jacqui Geux, some rights reserved (CC BY)",2019-10-02,629477,Acridotheres tristis tristis,https://inaturalist-open-data.s3.amazonaws.com/photos/53028493/large.jpeg,https://inaturalist-open-data.s3.amazonaws.com/photos/53028493/original.jpeg,data/raw/common_myna/53028493.jpg,91576,057708edc8a2cf4c403cc52119f4aa41,1600,1200,2026-09-11T15:57:16+1200,train
common_myna,bird,Common myna,Acridotheres tristis,33742562,53028494,cc-by,"(c) Jacqui Geux, some rights reserved (CC BY)",2019-10-02,629477,Acridotheres tristis tristis,https://inaturalist-open-data.s3.amazonaws.com/photos/53028494/large.jpeg,https://inaturalist-open-data.s3.amazonaws.com/photos/53028494/original.jpeg,data/raw/common_myna/53028494.jpg,127042,a39081931f5a44a80249a1bd12e2285b,1600,1200,2026-09-11T15:57:16+1200,train
common_myna,bird,Common myna,Acridotheres tristis,336615415,611742189,cc0,no rights reserved,2026-01-30,204454,Acridotheres tristis,https://inaturalist-open-data.s3.amazonaws.com/photos/611742189/large.jpg,https://inaturalist-open-data.s3.amazonaws.com/photos/611742189/original.jpg,data/raw/common_myna/611742189.jpg,622468,8e5e67433834dd5b4484f68aa073c22a,1188,2048,2026-09-11T15:57:16+1200,train
common_myna,bird,Common myna,Acridotheres tristis,114561765,193448296,cc-by,"(c) Halema J, some rights reserved (CC BY)",2022-05-02,204454,Acridotheres tristis,https://inaturalist-open-data.s3.amazonaws.com/photos/193448296/large.jpeg,https://inaturalist-open-data.s3.amazonaws.com/photos/193448296/original.jpeg,data/raw/common_myna/193448296.jpg,318570,6d362e992853ca0908f7a637567d312b,2048,1365,2026-09-11T15:57:16+1200,train
common_myna,bird,Common myna,Acridotheres tristis,303042381,546179881,cc-by,"(c) ian_mcallan, some rights reserved (CC BY)",2025-06-03,204454,Acridotheres tristis,https://inaturalist-open-data.s3.amazonaws.com/photos/546179881/large.jpg,https://inaturalist-open-data.s3.amazonaws.com/photos/546179881/original.jpg,data/raw/common_myna/546179881.jpg,211889,55568a6fdc5b5b8403d18f08c5ddcb1f,2048,1536,2026-09-11T15:57:16+1200,train
common_myna,bird,Common myna,Acridotheres tristis,355549301,648408124,cc-by,"(c) Halema J, some rights reserved (CC BY)",2026-04-27,204454,Acridotheres tristis,https://inaturalist-open-data.s3.amazonaws.com/photos/648408124/large.jpg,https://inaturalist-open-data.s3.amazonaws.com/photos/648408124/original.jpg,data/raw/common_myna/648408124.jpg,192964,3e1f7aef83c37e0f0a20e0648194aac6,2048,1365,2026-09-11T15:57:16+1200,train
common_myna,bird,Common myna,Acridotheres tristis,355549301,648408141,cc-by,"(c) Halema J, some rights reserved (CC BY)",2026-04-27,204454,Acridotheres tristis,https://inaturalist-open-data.s3.amazonaws.com/photos/648408141/large.jpg,https://inaturalist-open-data.s3.amazonaws.com/photos/648408141/original.jpg,data/raw/common_myna/648408141.jpg,382214,f40a9c62b643ed2a11e08c9c2c7d439b,2048,1365,2026-09-11T15:57:16+1200,train
common_myna,bird,Common myna,Acridotheres tristis,326670626,591680022,cc-by,"(c) Mirko Bliinn, some rights reserved (CC BY)",2025-11-16,204454,Acridotheres tristis,https://inaturalist-open-data.s3.amazonaws.com/photos/591680022/large.jpg,https://inaturalist-open-data.s3.amazonaws.com/photos/591680022/original.jpg,data/raw/common_myna/591680022.jpg,159346,15f086cc37bfd60b2ffed4f31ddc80c2,1536,2048,2026-09-11T15:57:16+1200,train
common_myna,bird,Common myna,Acridotheres tristis,272811581,490816156,cc-by,"(c) Svend Hansen, some rights reserved (CC BY)",2025-04-25,629477,Acridotheres tristis tristis,https://inaturalist-open-data.s3.amazonaws.com/photos/490816156/large.jpeg,https://inaturalist-open-data.s3.amazonaws.com/photos/490816156/original.jpeg,data/raw/common_myna/490816156.jpg,474719,73eb781969eb6c158e6aecbc82d5b7a3,1152,2048,2026-09-11T15:57:16+1200,train
common_myna,bird,Common myna,Acridotheres tristis,320319811,579130999,cc0,no rights reserved,2025-10-12,204454,Acridotheres tristis,https://inaturalist-open-data.s3.amazonaws.com/photos/579130999/large.jpg,https://inaturalist-open-data.s3.amazonaws.com/photos/579130999/original.jpg,data/raw/common_myna/579130999.jpg,350693,5c88c8733c41996c5dc6e361315c146a,2048,1536,2026-09-11T15:57:16+1200,train
common_myna,bird,Common myna,Acridotheres tristis,320319811,579131017,cc0,no rights reserved,2025-10-12,204454,Acridotheres tristis,https://inaturalist-open-data.s3.amazonaws.com/photos/579131017/large.jpg,https://inaturalist-open-data.s3.amazonaws.com/photos/579131017/original.jpg,data/raw/common_myna/579131017.jpg,355245,c4667fb85d2ef40937e3db019c9d2b11,2048,1536,2026-09-11T15:57:16+1200,train
common_myna,bird,Common myna,Acridotheres tristis,320319811,579131032,cc0,no rights reserved,2025-10-12,204454,Acridotheres tristis,https://inaturalist-open-data.s3.amazonaws.com/photos/579131032/large.jpg,https://inaturalist-open-data.s3.amazonaws.com/photos/579131032/original.jpg,data/raw/common_myna/579131032.jpg,343085,39e488aba8384b78ab0cae41612a7668,2048,1536,2026-09-11T15:57:16+1200,train
common_myna,bird,Common myna,Acridotheres tristis,320319811,579131048,cc0,no rights reserved,2025-10-12,204454,Acridotheres tristis,https://inaturalist-open-data.s3.amazonaws.com/photos/579131048/large.jpg,https://inaturalist-open-data.s3.amazonaws.com/photos/579131048/original.jpg,data/raw/common_myna/579131048.jpg,354249,aa4ca70f48d96184b67b79036cc4f38b,2048,1536,2026-09-11T15:57:16+1200,train
common_myna,bird,Common myna,Acridotheres tristis,320319811,579131071,cc0,no rights reserved,2025-10-12,204454,Acridotheres tristis,https://inaturalist-open-data.s3.amazonaws.com/photos/579131071/large.jpg,https://inaturalist-open-data.s3.amazonaws.com/photos/579131071/original.jpg,data/raw/common_myna/579131071.jpg,321275,979acb63b6e2625cf8639adb600d1696,2048,1536,2026-09-11T15:57:16+1200,train
common_myna,bird,Common myna,Acridotheres tristis,320319811,579131089,cc0,no rights reserved,2025-10-12,204454,Acridotheres tristis,https://inaturalist-open-data.s3.amazonaws.com/photos/579131089/large.jpg,https://inaturalist-open-data.s3.amazonaws.com/photos/579131089/original.jpg,data/raw/common_myna/579131089.jpg,304505,1ab1e127600fe2f5df8c85640706a553,2048,1536,2026-09-11T15:57:16+1200,train
common_myna,bird,Common myna,Acridotheres tristis,320319811,579131112,cc0,no rights reserved,2025-10-12,204454,Acridotheres tristis,https://inaturalist-open-data.s3.amazonaws.com/photos/579131112/large.jpg,https://inaturalist-open-data.s3.amazonaws.com/photos/579131112/original.jpg,data/raw/common_myna/579131112.jpg,311262,c1e42bf42520cb5d6322dda7799faa09,2048,1536,2026-09-11T15:57:16+1200,train
common_myna,bird,Common myna,Acridotheres tristis,320319811,579131136,cc0,no rights reserved,2025-10-12,204454,Acridotheres tristis,https://inaturalist-open-data.s3.amazonaws.com/photos/579131136/large.jpg,https://inaturalist-open-data.s3.amazonaws.com/photos/579131136/original.jpg,data/raw/common_myna/579131136.jpg,308898,01e466c0a657a443b2172079fe5bab5a,2048,1536,2026-09-11T15:57:16+1200,train
common_myna,bird,Common myna,Acridotheres tristis,320319811,579131162,cc0,no rights reserved,2025-10-12,204454,Acridotheres tristis,https://inaturalist-open-data.s3.amazonaws.com/photos/579131162/large.jpg,https://inaturalist-open-data.s3.amazonaws.com/photos/579131162/original.jpg,data/raw/common_myna/579131162.jpg,317019,26e65b732ca5d34fdada553ca2027006,2048,1536,2026-09-11T15:57:16+1200,train
common_myna,bird,Common myna,Acridotheres tristis,320319811,579131188,cc0,no rights reserved,2025-10-12,204454,Acridotheres tristis,https://inaturalist-open-data.s3.amazonaws.com/photos/579131188/large.jpg,https://inaturalist-open-data.s3.amazonaws.com/photos/579131188/original.jpg,data/raw/common_myna/579131188.jpg,315511,6700ff50bd62737f1c86be2e5d7a09b3,2048,1536,2026-09-11T15:57:16+1200,train
common_myna,bird,Common myna,Acridotheres tristis,320319811,579131212,cc0,no rights reserved,2025-10-12,204454,Acridotheres tristis,https://inaturalist-open-data.s3.amazonaws.com/photos/579131212/large.jpg,https://inaturalist-open-data.s3.amazonaws.com/photos/579131212/original.jpg,data/raw/common_myna/579131212.jpg,283042,0bd610d25691dfa8271e2c591710e51a,2048,1536,2026-09-11T15:57:16+1200,train
common_myna,bird,Common myna,Acridotheres tristis,320319811,579131249,cc0,no rights reserved,2025-10-12,204454,Acridotheres tristis,https://inaturalist-open-data.s3.amazonaws.com/photos/579131249/large.jpg,https://inaturalist-open-data.s3.amazonaws.com/photos/579131249/original.jpg,data/raw/common_myna/579131249.jpg,294379,92c76d6b05fcefd81f92b1de89079fbf,2048,1536,2026-09-11T15:57:16+1200,train
common_myna,bird,Common myna,Acridotheres tristis,320319811,579131270,cc0,no rights reserved,2025-10-12,204454,Acridotheres tristis,https://inaturalist-open-data.s3.amazonaws.com/photos/579131270/large.jpg,https://inaturalist-open-data.s3.amazonaws.com/photos/579131270/original.jpg,data/raw/common_myna/579131270.jpg,382337,11f7e8e41dd80728211f994a4a75f0a5,2048,1536,2026-09-11T15:57:16+1200,train
common_myna,bird,Common myna,Acridotheres tristis,320319811,579131296,cc0,no rights reserved,2025-10-12,204454,Acridotheres tristis,https://inaturalist-open-data.s3.amazonaws.com/photos/579131296/large.jpg,https://inaturalist-open-data.s3.amazonaws.com/photos/579131296/original.jpg,data/raw/common_myna/579131296.jpg,392054,291a30749876f76f05d803a83b57245d,2048,1536,2026-09-11T15:57:16+1200,train
common_myna,bird,Common myna,Acridotheres tristis,320319811,579131323,cc0,no rights reserved,2025-10-12,204454,Acridotheres tristis,https://inaturalist-open-data.s3.amazonaws.com/photos/579131323/large.jpg,https://inaturalist-open-data.s3.amazonaws.com/photos/579131323/original.jpg,data/raw/common_myna/579131323.jpg,360970,b0f40646552163df8b1a67161cc1e29e,2048,1536,2026-09-11T15:57:16+1200,train
common_myna,bird,Common myna,Acridotheres tristis,320319811,579131338,cc0,no rights reserved,2025-10-12,204454,Acridotheres tristis,https://inaturalist-open-data.s3.amazonaws.com/photos/579131338/large.jpg,https://inaturalist-open-data.s3.amazonaws.com/photos/579131338/original.jpg,data/raw/common_myna/579131338.jpg,368494,d8e52c0a144e9b63c13e995b18ae0a14,2048,1536,2026-09-11T15:57:16+1200,train
common_myna,bird,Common myna,Acridotheres tristis,185477017,343949070,cc-by,"(c) Joss Carr, some rights reserved (CC BY)",2022-12-09,629477,Acridotheres tristis tristis,https://inaturalist-open-data.s3.amazonaws.com/photos/343949070/large.png,https://inaturalist-open-data.s3.amazonaws.com/photos/343949070/original.png,data/raw/common_myna/343949070.jpg,435483,a55a3546171882061b0da271958754eb,1290,1000,2026-09-11T15:57:16+1200,train
common_myna,bird,Common myna,Acridotheres tristis,333818665,606077801,cc0,no rights reserved,2026-01-07,204454,Acridotheres tristis,https://inaturalist-open-data.s3.amazonaws.com/photos/606077801/large.jpg,https://inaturalist-open-data.s3.amazonaws.com/photos/606077801/original.jpg,data/raw/common_myna/606077801.jpg,539147,c6aa3b3a3185b43a8d3a9ca4891efee7,969,1134,2026-09-11T15:57:16+1200,train
common_myna,bird,Common myna,Acridotheres tristis,337635571,613825086,cc-by,"(c) Nic Charlton, some rights reserved (CC BY)",2026-02-07,204454,Acridotheres tristis,https://inaturalist-open-data.s3.amazonaws.com/photos/613825086/large.jpg,https://inaturalist-open-data.s3.amazonaws.com/photos/613825086/original.jpg,data/raw/common_myna/613825086.jpg,72099,da60ddaac8752c4035f34d823bb5504f,1163,872,2026-09-11T15:57:16+1200,train
common_myna,bird,Common myna,Acridotheres tristis,201453357,355620118,cc-by,"(c) Pavel Borodin, some rights reserved (CC BY)",2024-03-06,629477,Acridotheres tristis tristis,https://inaturalist-open-data.s3.amazonaws.com/photos/355620118/large.jpeg,https://inaturalist-open-data.s3.amazonaws.com/photos/355620118/original.jpeg,data/raw/common_myna/355620118.jpg,74229,2f22e296ca1644a7e4c5a818ce1cd011,391,495,2026-09-11T15:57:16+1200,train
common_myna,bird,Common myna,Acridotheres tristis,177944776,309558495,cc-by,"(c) William Harland, some rights reserved (CC BY)",2018-12-09,629477,Acridotheres tristis tristis,https://inaturalist-open-data.s3.amazonaws.com/photos/309558495/large.jpeg,https://inaturalist-open-data.s3.amazonaws.com/photos/309558495/original.jpeg,data/raw/common_myna/309558495.jpg,238700,cf122edf5b42e6040bfa252697d8f480,2048,1229,2026-09-11T15:57:16+1200,train
common_myna,bird,Common myna,Acridotheres tristis,299042989,538724618,cc-by,"(c) Charlotte Sutton, some rights reserved (CC BY)",2025-07-04,629477,Acridotheres tristis tristis,https://inaturalist-open-data.s3.amazonaws.com/photos/538724618/large.jpg,https://inaturalist-open-data.s3.amazonaws.com/photos/538724618/original.jpg,data/raw/common_myna/538724618.jpg,470355,fd8d2f65256771043bae23425cbbc42f,2048,1368,2026-09-11T15:57:16+1200,train
common_myna,bird,Common myna,Acridotheres tristis,299042989,538724619,cc-by,"(c) Charlotte Sutton, some rights reserved (CC BY)",2025-07-04,629477,Acridotheres tristis tristis,https://inaturalist-open-data.s3.amazonaws.com/photos/538724619/large.jpg,https://inaturalist-open-data.s3.amazonaws.com/photos/538724619/original.jpg,data/raw/common_myna/538724619.jpg,518329,5ab6f148bccbb725d75e5f9b08a6597a,2048,1368,2026-09-11T15:57:16+1200,train
common_myna,bird,Common myna,Acridotheres tristis,299042989,538724610,cc-by,"(c) Charlotte Sutton, some rights reserved (CC BY)",2025-07-04,629477,Acridotheres tristis tristis,https://inaturalist-open-data.s3.amazonaws.com/photos/538724610/large.jpg,https://inaturalist-open-data.s3.amazonaws.com/photos/538724610/original.jpg,data/raw/common_myna/538724610.jpg,521680,589a7b56bff1312fe29976155076b174,2048,1368,2026-09-11T15:57:16+1200,train
common_myna,bird,Common myna,Acridotheres tristis,299042989,538724639,cc-by,"(c) Charlotte Sutton, some rights reserved (CC BY)",2025-07-04,629477,Acridotheres tristis tristis,https://inaturalist-open-data.s3.amazonaws.com/photos/538724639/large.jpg,https://inaturalist-open-data.s3.amazonaws.com/photos/538724639/original.jpg,data/raw/common_myna/538724639.jpg,480012,c0ee2855cbe163bb9e56633df2179ab7,2048,1368,2026-09-11T15:57:16+1200,train
common_myna,bird,Common myna,Acridotheres tristis,93006591,154079013,cc0,no rights reserved,2021-08-28,629477,Acridotheres tristis tristis,https://inaturalist-open-data.s3.amazonaws.com/photos/154079013/large.jpeg,https://inaturalist-open-data.s3.amazonaws.com/photos/154079013/original.jpeg,data/raw/common_myna/154079013.jpg,555110,19964e722db68db8f9772467b3787e6e,1536,2048,2026-09-11T15:57:16+1200,train
common_myna,bird,Common myna,Acridotheres tristis,93006591,154079082,cc0,no rights reserved,2021-08-28,629477,Acridotheres tristis tristis,https://inaturalist-open-data.s3.amazonaws.com/photos/154079082/large.jpeg,https://inaturalist-open-data.s3.amazonaws.com/photos/154079082/original.jpeg,data/raw/common_myna/154079082.jpg,408017,24957f1f5a4e5b27e7a60992fe2e0a98,2048,1536,2026-09-11T15:57:16+1200,train
common_myna,bird,Common myna,Acridotheres tristis,93006591,154079102,cc0,no rights reserved,2021-08-28,629477,Acridotheres tristis tristis,https://inaturalist-open-data.s3.amazonaws.com/photos/154079102/large.jpeg,https://inaturalist-open-data.s3.amazonaws.com/photos/154079102/original.jpeg,data/raw/common_myna/154079102.jpg,430590,7639edd0dc34891b23873098ba2c8543,2048,1536,2026-09-11T15:57:16+1200,train
pohutukawa,plant,Pōhutukawa,Metrosideros excelsa,36744965,58133601,cc-by,"(c) Leon Perrie, some rights reserved (CC BY)",2019-12-18,122905,Metrosideros excelsa,https://inaturalist-open-data.s3.amazonaws.com/photos/58133601/large.jpeg,https://inaturalist-open-data.s3.amazonaws.com/photos/58133601/original.jpeg,data/raw/pohutukawa/58133601.jpg,499512,7fff2830f9ddd3591a2caa758e3d657d,2048,1536,2026-09-11T15:57:52+1200,train
pohutukawa,plant,Pōhutukawa,Metrosideros excelsa,36744965,58133610,cc-by,"(c) Leon Perrie, some rights reserved (CC BY)",2019-12-18,122905,Metrosideros excelsa,https://inaturalist-open-data.s3.amazonaws.com/photos/58133610/large.jpeg,https://inaturalist-open-data.s3.amazonaws.com/photos/58133610/original.jpeg,data/raw/pohutukawa/58133610.jpg,519957,cf8349165c6cbb394ae519b7d5297447,2048,1536,2026-09-11T15:57:52+1200,train
pohutukawa,plant,Pōhutukawa,Metrosideros excelsa,64010500,102829930,cc-by,"(c) wild_wind, some rights reserved (CC BY)",2020-11-02,122905,Metrosideros excelsa,https://inaturalist-open-data.s3.amazonaws.com/photos/102829930/large.jpeg,https://inaturalist-open-data.s3.amazonaws.com/photos/102829930/original.jpeg,data/raw/pohutukawa/102829930.jpg,298569,0812f5940eede520964e53358903880e,2048,2048,2026-09-11T15:57:52+1200,train
pohutukawa,plant,Pōhutukawa,Metrosideros excelsa,64010500,102829943,cc-by,"(c) wild_wind, some rights reserved (CC BY)",2020-11-02,122905,Metrosideros excelsa,https://inaturalist-open-data.s3.amazonaws.com/photos/102829943/large.jpeg,https://inaturalist-open-data.s3.amazonaws.com/photos/102829943/original.jpeg,data/raw/pohutukawa/102829943.jpg,236073,3a2aa56f20ebda5a5e5ac7659d9b0b77,2048,2048,2026-09-11T15:57:52+1200,train
pohutukawa,plant,Pōhutukawa,Metrosideros excelsa,4755073,5784620,cc0,no rights reserved,2016-12-10,122905,Metrosideros excelsa,https://inaturalist-open-data.s3.amazonaws.com/photos/5784620/large.jpg,https://inaturalist-open-data.s3.amazonaws.com/photos/5784620/original.jpg,data/raw/pohutukawa/5784620.jpg,399058,adaec0aaadbeaf0ab82c416512e9d297,1536,2048,2026-09-11T15:57:52+1200,train
pohutukawa,plant,Pōhutukawa,Metrosideros excelsa,4755057,5784578,cc0,no rights reserved,2016-12-10,1452937,Metrosideros × subtomentosa,https://inaturalist-open-data.s3.amazonaws.com/photos/5784578/large.jpg,https://inaturalist-open-data.s3.amazonaws.com/photos/5784578/original.jpg,data/raw/pohutukawa/5784578.jpg,420598,7d1b6caa2278fe98f0f7a8c3e6503d52,2048,1557,2026-09-11T15:57:52+1200,train
pohutukawa,plant,Pōhutukawa,Metrosideros excelsa,45627366,72351635,cc-by,"(c) wild_wind, some rights reserved (CC BY)",2020-05-11,122905,Metrosideros excelsa,https://inaturalist-open-data.s3.amazonaws.com/photos/72351635/large.jpeg,https://inaturalist-open-data.s3.amazonaws.com/photos/72351635/original.jpeg,data/raw/pohutukawa/72351635.jpg,291459,4f1098fe959e12da01aac3fe2e36d328,2048,1925,2026-09-11T15:57:52+1200,train
pohutukawa,plant,Pōhutukawa,Metrosideros excelsa,45627366,72358656,cc-by,"(c) wild_wind, some rights reserved (CC BY)",2020-05-11,122905,Metrosideros excelsa,https://inaturalist-open-data.s3.amazonaws.com/photos/72358656/large.jpeg,https://inaturalist-open-data.s3.amazonaws.com/photos/72358656/original.jpeg,data/raw/pohutukawa/72358656.jpg,240912,a91034453adeeb254d12b712bf4b4354,2048,1976,2026-09-11T15:57:52+1200,train
pohutukawa,plant,Pōhutukawa,Metrosideros excelsa,45627366,72358714,cc-by,"(c) wild_wind, some rights reserved (CC BY)",2020-05-11,122905,Metrosideros excelsa,https://inaturalist-open-data.s3.amazonaws.com/photos/72358714/large.jpeg,https://inaturalist-open-data.s3.amazonaws.com/photos/72358714/original.jpeg,data/raw/pohutukawa/72358714.jpg,278573,b5937a85cba94b791c18c106457ba76a,1786,1713,2026-09-11T15:57:52+1200,train
pohutukawa,plant,Pōhutukawa,Metrosideros excelsa,65176794,104861024,cc-by,"(c) wild_wind, some rights reserved (CC BY)",2020-11-19,122905,Metrosideros excelsa,https://inaturalist-open-data.s3.amazonaws.com/photos/104861024/large.jpg,https://inaturalist-open-data.s3.amazonaws.com/photos/104861024/original.jpg,data/raw/pohutukawa/104861024.jpg,493081,dde91ad5bd4ee0eed1fbf119d0748ce0,1536,2048,2026-09-11T15:57:52+1200,train
pohutukawa,plant,Pōhutukawa,Metrosideros excelsa,65176794,104861030,cc-by,"(c) wild_wind, some rights reserved (CC BY)",2020-11-19,122905,Metrosideros excelsa,https://inaturalist-open-data.s3.amazonaws.com/photos/104861030/large.jpg,https://inaturalist-open-data.s3.amazonaws.com/photos/104861030/original.jpg,data/raw/pohutukawa/104861030.jpg,493468,36cbcc045726c3946745f572e1d8d0cf,1536,2048,2026-09-11T15:57:52+1200,train
pohutukawa,plant,Pōhutukawa,Metrosideros excelsa,65176924,104865817,cc-by,"(c) wild_wind, some rights reserved (CC BY)",2020-11-19,122905,Metrosideros excelsa,https://inaturalist-open-data.s3.amazonaws.com/photos/104865817/large.jpg,https://inaturalist-open-data.s3.amazonaws.com/photos/104865817/original.jpg,data/raw/pohutukawa/104865817.jpg,525675,1b75d3c0b306d17dd588d52cbeeca2ae,1536,2048,2026-09-11T15:57:52+1200,train
pohutukawa,plant,Pōhutukawa,Metrosideros excelsa,65176924,104865825,cc-by,"(c) wild_wind, some rights reserved (CC BY)",2020-11-19,122905,Metrosideros excelsa,https://inaturalist-open-data.s3.amazonaws.com/photos/104865825/large.jpg,https://inaturalist-open-data.s3.amazonaws.com/photos/104865825/original.jpg,data/raw/pohutukawa/104865825.jpg,518938,5568b11e0cb2fea6fd542e9e10f1144a,1536,2048,2026-09-11T15:57:52+1200,train
pohutukawa,plant,Pōhutukawa,Metrosideros excelsa,43808005,69477335,cc-by,"(c) wild_wind, some rights reserved (CC BY)",2020-04-27,122905,Metrosideros excelsa,https://inaturalist-open-data.s3.amazonaws.com/photos/69477335/large.jpeg,https://inaturalist-open-data.s3.amazonaws.com/photos/69477335/original.jpeg,data/raw/pohutukawa/69477335.jpg,305109,743f977dffb26169022d595bdb7974dc,2048,1834,2026-09-11T15:57:52+1200,train
pohutukawa,plant,Pōhutukawa,Metrosideros excelsa,43808005,69480118,cc-by,"(c) wild_wind, some rights reserved (CC BY)",2020-04-27,122905,Metrosideros excelsa,https://inaturalist-open-data.s3.amazonaws.com/photos/69480118/large.jpeg,https://inaturalist-open-data.s3.amazonaws.com/photos/69480118/original.jpeg,data/raw/pohutukawa/69480118.jpg,529749,bb5ebc000b13f3b4b775873588bb290c,2048,2029,2026-09-11T15:57:52+1200,train
pohutukawa,plant,Pōhutukawa,Metrosideros excelsa,43808005,69480123,cc-by,"(c) wild_wind, some rights reserved (CC BY)",2020-04-27,122905,Metrosideros excelsa,https://inaturalist-open-data.s3.amazonaws.com/photos/69480123/large.jpeg,https://inaturalist-open-data.s3.amazonaws.com/photos/69480123/original.jpeg,data/raw/pohutukawa/69480123.jpg,339955,d0035abed43106b776c6807c362c9949,2048,1938,2026-09-11T15:57:52+1200,train
pohutukawa,plant,Pōhutukawa,Metrosideros excelsa,43808005,69480275,cc-by,"(c) wild_wind, some rights reserved (CC BY)",2020-04-27,122905,Metrosideros excelsa,https://inaturalist-open-data.s3.amazonaws.com/photos/69480275/large.jpeg,https://inaturalist-open-data.s3.amazonaws.com/photos/69480275/original.jpeg,data/raw/pohutukawa/69480275.jpg,429357,2da11f26978eb5bd7d221f60264d39c9,2048,1963,2026-09-11T15:57:52+1200,train
pohutukawa,plant,Pōhutukawa,Metrosideros excelsa,63617027,102129940,cc-by,"(c) wild_wind, some rights reserved (CC BY)",2020-01-03,122905,Metrosideros excelsa,https://inaturalist-open-data.s3.amazonaws.com/photos/102129940/large.jpg,https://inaturalist-open-data.s3.amazonaws.com/photos/102129940/original.jpg,data/raw/pohutukawa/102129940.jpg,233515,e69c5e57550a20303a0960399bc52237,2048,2048,2026-09-11T15:57:52+1200,train
pohutukawa,plant,Pōhutukawa,Metrosideros excelsa,63861063,102565126,cc-by,"(c) wild_wind, some rights reserved (CC BY)",2020-10-31,122905,Metrosideros excelsa,https://inaturalist-open-data.s3.amazonaws.com/photos/102565126/large.jpeg,https://inaturalist-open-data.s3.amazonaws.com/photos/102565126/original.jpeg,data/raw/pohutukawa/102565126.jpg,182131,34196eb1fc5e7c64ab0c929fe593ef14,2048,2048,2026-09-11T15:57:52+1200,train
pohutukawa,plant,Pōhutukawa,Metrosideros excelsa,63861063,102565090,cc-by,"(c) wild_wind, some rights reserved (CC BY)",2020-10-31,122905,Metrosideros excelsa,https://inaturalist-open-data.s3.amazonaws.com/photos/102565090/large.jpeg,https://inaturalist-open-data.s3.amazonaws.com/photos/102565090/original.jpeg,data/raw/pohutukawa/102565090.jpg,180404,4bf8eabcecd78b7ffa2276347f4535d6,2048,2048,2026-09-11T15:57:52+1200,train
pohutukawa,plant,Pōhutukawa,Metrosideros excelsa,63861063,102565098,cc-by,"(c) wild_wind, some rights reserved (CC BY)",2020-10-31,122905,Metrosideros excelsa,https://inaturalist-open-data.s3.amazonaws.com/photos/102565098/large.jpeg,https://inaturalist-open-data.s3.amazonaws.com/photos/102565098/original.jpeg,data/raw/pohutukawa/102565098.jpg,165303,3eeef5cd432dab5e24b6dfa9ab55d61c,2048,2048,2026-09-11T15:57:52+1200,train
pohutukawa,plant,Pōhutukawa,Metrosideros excelsa,63861063,102565107,cc-by,"(c) wild_wind, some rights reserved (CC BY)",2020-10-31,122905,Metrosideros excelsa,https://inaturalist-open-data.s3.amazonaws.com/photos/102565107/large.jpeg,https://inaturalist-open-data.s3.amazonaws.com/photos/102565107/original.jpeg,data/raw/pohutukawa/102565107.jpg,238468,57ea9afbe1320c2fccc3d300a2d30fac,2048,2048,2026-09-11T15:57:52+1200,train
pohutukawa,plant,Pōhutukawa,Metrosideros excelsa,63861063,102565116,cc-by,"(c) wild_wind, some rights reserved (CC BY)",2020-10-31,122905,Metrosideros excelsa,https://inaturalist-open-data.s3.amazonaws.com/photos/102565116/large.jpeg,https://inaturalist-open-data.s3.amazonaws.com/photos/102565116/original.jpeg,data/raw/pohutukawa/102565116.jpg,253213,bef707adc38edc8a135fd88ecca02fa9,2048,2048,2026-09-11T15:57:52+1200,train
pohutukawa,plant,Pōhutukawa,Metrosideros excelsa,44341557,70300157,cc-by,"(c) wild_wind, some rights reserved (CC BY)",2020-04-30,122905,Metrosideros excelsa,https://inaturalist-open-data.s3.amazonaws.com/photos/70300157/large.jpeg,https://inaturalist-open-data.s3.amazonaws.com/photos/70300157/original.jpeg,data/raw/pohutukawa/70300157.jpg,328246,46121bfa8bf5301d00e73c701820ff97,2048,2048,2026-09-11T15:57:52+1200,train
pohutukawa,plant,Pōhutukawa,Metrosideros excelsa,104929781,175936080,cc-by,"(c) Joe Dillon, some rights reserved (CC BY)",2022-01-07,122905,Metrosideros excelsa,https://inaturalist-open-data.s3.amazonaws.com/photos/175936080/large.jpeg,https://inaturalist-open-data.s3.amazonaws.com/photos/175936080/original.jpeg,data/raw/pohutukawa/175936080.jpg,711786,647b4e7965e0734eff2a6717b8eb6e31,2048,1365,2026-09-11T15:57:52+1200,train
pohutukawa,plant,Pōhutukawa,Metrosideros excelsa,34699092,54633821,cc-by,"(c) Karen Eichholz, some rights reserved (CC BY)",2009-12-17,122905,Metrosideros excelsa,https://inaturalist-open-data.s3.amazonaws.com/photos/54633821/large.jpeg,https://inaturalist-open-data.s3.amazonaws.com/photos/54633821/original.jpeg,data/raw/pohutukawa/54633821.jpg,282697,a6b93a8066d39cfda1f0c68651f4668a,800,602,2026-09-11T15:57:52+1200,train
pohutukawa,plant,Pōhutukawa,Metrosideros excelsa,34699092,54633813,cc-by,"(c) Karen Eichholz, some rights reserved (CC BY)",2009-12-17,122905,Metrosideros excelsa,https://inaturalist-open-data.s3.amazonaws.com/photos/54633813/large.jpeg,https://inaturalist-open-data.s3.amazonaws.com/photos/54633813/original.jpeg,data/raw/pohutukawa/54633813.jpg,322060,d92cbc9e9f48788b8864cda5ff7f3ddb,800,602,2026-09-11T15:57:52+1200,train
pohutukawa,plant,Pōhutukawa,Metrosideros excelsa,34699092,54633832,cc-by,"(c) Karen Eichholz, some rights reserved (CC BY)",2009-12-17,122905,Metrosideros excelsa,https://inaturalist-open-data.s3.amazonaws.com/photos/54633832/large.jpeg,https://inaturalist-open-data.s3.amazonaws.com/photos/54633832/original.jpeg,data/raw/pohutukawa/54633832.jpg,248519,a4641c9aa61065eef451fc4de23290d5,800,602,2026-09-11T15:57:52+1200,train
pohutukawa,plant,Pōhutukawa,Metrosideros excelsa,104514817,175107613,cc-by,"(c) Saryu Mae 前 朝琉, some rights reserved (CC BY)",2022-01-06,122905,Metrosideros excelsa,https://inaturalist-open-data.s3.amazonaws.com/photos/175107613/large.jpeg,https://inaturalist-open-data.s3.amazonaws.com/photos/175107613/original.jpeg,data/raw/pohutukawa/175107613.jpg,236594,a6b1acaeb7b623be7dde89320198d768,2048,1536,2026-09-11T15:57:52+1200,train
pohutukawa,plant,Pōhutukawa,Metrosideros excelsa,104514817,175107691,cc-by,"(c) Saryu Mae 前 朝琉, some rights reserved (CC BY)",2022-01-06,122905,Metrosideros excelsa,https://inaturalist-open-data.s3.amazonaws.com/photos/175107691/large.jpeg,https://inaturalist-open-data.s3.amazonaws.com/photos/175107691/original.jpeg,data/raw/pohutukawa/175107691.jpg,435133,dca1b917a40d741f38a66fb46e2f04e4,2048,1536,2026-09-11T15:57:52+1200,train
pohutukawa,plant,Pōhutukawa,Metrosideros excelsa,104514817,175108191,cc-by,"(c) Saryu Mae 前 朝琉, some rights reserved (CC BY)",2022-01-06,122905,Metrosideros excelsa,https://inaturalist-open-data.s3.amazonaws.com/photos/175108191/large.jpeg,https://inaturalist-open-data.s3.amazonaws.com/photos/175108191/original.jpeg,data/raw/pohutukawa/175108191.jpg,232047,ae9a84f0d6af87bca54a04ac26ebb0b2,2048,1536,2026-09-11T15:57:52+1200,train
pohutukawa,plant,Pōhutukawa,Metrosideros excelsa,206581950,365317282,cc-by,"(c) Genevieve Early, some rights reserved (CC BY)",2024-04-11,122905,Metrosideros excelsa,https://inaturalist-open-data.s3.amazonaws.com/photos/365317282/large.jpeg,https://inaturalist-open-data.s3.amazonaws.com/photos/365317282/original.jpeg,data/raw/pohutukawa/365317282.jpg,831260,1d98bd598b8a581cf48e84bf5c88ebdf,1536,2048,2026-09-11T15:57:52+1200,train
pohutukawa,plant,Pōhutukawa,Metrosideros excelsa,258608143,464028070,cc-by,"(c) Richard Littauer, some rights reserved (CC BY)",2024-11-28,122905,Metrosideros excelsa,https://inaturalist-open-data.s3.amazonaws.com/photos/464028070/large.jpg,https://inaturalist-open-data.s3.amazonaws.com/photos/464028070/original.jpg,data/raw/pohutukawa/464028070.jpg,988716,0f89e522dde9b5abcab964e9fa3a29bf,2000,1333,2026-09-11T15:57:52+1200,train
pohutukawa,plant,Pōhutukawa,Metrosideros excelsa,263737545,473851251,cc-by,"(c) Ian Adams, some rights reserved (CC BY)",2025-03-03,122905,Metrosideros excelsa,https://inaturalist-open-data.s3.amazonaws.com/photos/473851251/large.jpeg,https://inaturalist-open-data.s3.amazonaws.com/photos/473851251/original.jpeg,data/raw/pohutukawa/473851251.jpg,741315,6b4c24e8184b073812d5b97b955f895b,2048,1536,2026-09-11T15:57:52+1200,train
pohutukawa,plant,Pōhutukawa,Metrosideros excelsa,263737545,473851261,cc-by,"(c) Ian Adams, some rights reserved (CC BY)",2025-03-03,122905,Metrosideros excelsa,https://inaturalist-open-data.s3.amazonaws.com/photos/473851261/large.jpeg,https://inaturalist-open-data.s3.amazonaws.com/photos/473851261/original.jpeg,data/raw/pohutukawa/473851261.jpg,517828,d6a6abec1a5737ed03ab38c6981bce28,1536,2048,2026-09-11T15:57:52+1200,train
pohutukawa,plant,Pōhutukawa,Metrosideros excelsa,263737545,473851271,cc-by,"(c) Ian Adams, some rights reserved (CC BY)",2025-03-03,122905,Metrosideros excelsa,https://inaturalist-open-data.s3.amazonaws.com/photos/473851271/large.jpeg,https://inaturalist-open-data.s3.amazonaws.com/photos/473851271/original.jpeg,data/raw/pohutukawa/473851271.jpg,551068,c47529cdb8524ca465a1c6bcd02be8d3,1536,2048,2026-09-11T15:57:52+1200,train
pohutukawa,plant,Pōhutukawa,Metrosideros excelsa,263737545,473851277,cc-by,"(c) Ian Adams, some rights reserved (CC BY)",2025-03-03,122905,Metrosideros excelsa,https://inaturalist-open-data.s3.amazonaws.com/photos/473851277/large.jpeg,https://inaturalist-open-data.s3.amazonaws.com/photos/473851277/original.jpeg,data/raw/pohutukawa/473851277.jpg,736659,1c81d05423c7562c8b189a362b319887,2048,1335,2026-09-11T15:57:52+1200,train
pohutukawa,plant,Pōhutukawa,Metrosideros excelsa,222149035,393480285,cc-by,"(c) Halema J, some rights reserved (CC BY)",2024-05-30,122905,Metrosideros excelsa,https://inaturalist-open-data.s3.amazonaws.com/photos/393480285/large.jpeg,https://inaturalist-open-data.s3.amazonaws.com/photos/393480285/original.jpeg,data/raw/pohutukawa/393480285.jpg,609927,23852ec19c2ab4705eaca4534d5834c3,2048,1152,2026-09-11T15:57:52+1200,train
pohutukawa,plant,Pōhutukawa,Metrosideros excelsa,322009734,582444744,cc-by,"(c) catchwords, some rights reserved (CC BY)",2025-09-22,122905,Metrosideros excelsa,https://inaturalist-open-data.s3.amazonaws.com/photos/582444744/large.jpg,https://inaturalist-open-data.s3.amazonaws.com/photos/582444744/original.jpg,data/raw/pohutukawa/582444744.jpg,364789,2885b5325f16c5243f4394a4ebb60cee,1536,2048,2026-09-11T15:57:52+1200,train
pohutukawa,plant,Pōhutukawa,Metrosideros excelsa,323909816,586166365,cc-by,"(c) Martin Kalfatovic, some rights reserved (CC BY)",2025-10-29,122905,Metrosideros excelsa,https://inaturalist-open-data.s3.amazonaws.com/photos/586166365/large.jpg,https://inaturalist-open-data.s3.amazonaws.com/photos/586166365/original.jpg,data/raw/pohutukawa/586166365.jpg,276309,d6048237e7fbf7f0be7e75d083ed6ec7,1542,2048,2026-09-11T15:57:52+1200,train
pohutukawa,plant,Pōhutukawa,Metrosideros excelsa,356422907,649987795,cc-by,"(c) Melanie Newfield, some rights reserved (CC BY)",2026-04-24,122905,Metrosideros excelsa,https://inaturalist-open-data.s3.amazonaws.com/photos/649987795/large.jpg,https://inaturalist-open-data.s3.amazonaws.com/photos/649987795/original.jpg,data/raw/pohutukawa/649987795.jpg,362091,766a25895ba96e56dc620022d67475d9,1536,2048,2026-09-11T15:57:52+1200,train
pohutukawa,plant,Pōhutukawa,Metrosideros excelsa,275400785,494895910,cc-by,"(c) boytouchgrass, some rights reserved (CC BY)",2025-04-28,122905,Metrosideros excelsa,https://inaturalist-open-data.s3.amazonaws.com/photos/494895910/large.jpg,https://inaturalist-open-data.s3.amazonaws.com/photos/494895910/original.jpg,data/raw/pohutukawa/494895910.jpg,1127409,0fbc7f7b1f8248c1dcf3affd7a25268d,1536,2048,2026-09-11T15:57:52+1200,train
pohutukawa,plant,Pōhutukawa,Metrosideros excelsa,286437045,514943294,cc-by,"(c) Michael Keith, some rights reserved (CC BY)",2025-06-03,122905,Metrosideros excelsa,https://inaturalist-open-data.s3.amazonaws.com/photos/514943294/large.jpg,https://inaturalist-open-data.s3.amazonaws.com/photos/514943294/original.jpg,data/raw/pohutukawa/514943294.jpg,1553825,9eb795eda5e5f14ecdd0a1e0e867e4a0,1536,2048,2026-09-11T15:57:52+1200,train
pohutukawa,plant,Pōhutukawa,Metrosideros excelsa,286437045,514943299,cc-by,"(c) Michael Keith, some rights reserved (CC BY)",2025-06-03,122905,Metrosideros excelsa,https://inaturalist-open-data.s3.amazonaws.com/photos/514943299/large.jpg,https://inaturalist-open-data.s3.amazonaws.com/photos/514943299/original.jpg,data/raw/pohutukawa/514943299.jpg,1347123,3dc53a1bdd5f7f9a1ead0825a4c9f869,1536,2048,2026-09-11T15:57:52+1200,train
pohutukawa,plant,Pōhutukawa,Metrosideros excelsa,972281,1226415,cc-by,"(c) Alice Shanks, some rights reserved (CC BY)",2013-09-21,122905,Metrosideros excelsa,https://inaturalist-open-data.s3.amazonaws.com/photos/1226415/large.,https://inaturalist-open-data.s3.amazonaws.com/photos/1226415/original.,data/raw/pohutukawa/1226415.jpg,217037,86434e7133672ad2c4ed8e75d29bcf42,1508,2048,2026-09-11T15:57:52+1200,train
ti_kouka,plant,Tī kōuka (cabbage tree),Cordyline australis,213374351,377080677,cc-by,"(c) Jon Sullivan, some rights reserved (CC BY)",2024-04-28,50191,Cordyline australis,https://inaturalist-open-data.s3.amazonaws.com/photos/377080677/large.jpg,https://inaturalist-open-data.s3.amazonaws.com/photos/377080677/original.jpg,data/raw/ti_kouka/377080677.jpg,308123,ec3dc68a1a84348c12be276d75dde232,1365,2048,2026-09-11T15:58:20+1200,train
ti_kouka,plant,Tī kōuka (cabbage tree),Cordyline australis,213374351,377080641,cc-by,"(c) Jon Sullivan, some rights reserved (CC BY)",2024-04-28,50191,Cordyline australis,https://inaturalist-open-data.s3.amazonaws.com/photos/377080641/large.jpg,https://inaturalist-open-data.s3.amazonaws.com/photos/377080641/original.jpg,data/raw/ti_kouka/377080641.jpg,215656,7babd0e122388cb86cbba7b42b87897b,1365,2048,2026-09-11T15:58:20+1200,train
ti_kouka,plant,Tī kōuka (cabbage tree),Cordyline australis,34951733,55075062,cc-by,"(c) Jacqui Geux, some rights reserved (CC BY)",2019-10-25,50191,Cordyline australis,https://inaturalist-open-data.s3.amazonaws.com/photos/55075062/large.jpeg,https://inaturalist-open-data.s3.amazonaws.com/photos/55075062/original.jpeg,data/raw/ti_kouka/55075062.jpg,188391,39d9b0dac89bb30f696e376dff481323,1600,1200,2026-09-11T15:58:20+1200,train
ti_kouka,plant,Tī kōuka (cabbage tree),Cordyline australis,34951733,55075066,cc-by,"(c) Jacqui Geux, some rights reserved (CC BY)",2019-10-25,50191,Cordyline australis,https://inaturalist-open-data.s3.amazonaws.com/photos/55075066/large.jpeg,https://inaturalist-open-data.s3.amazonaws.com/photos/55075066/original.jpeg,data/raw/ti_kouka/55075066.jpg,316210,f50192cc3b5e054896dca1f2d9168499,1600,1200,2026-09-11T15:58:20+1200,train
ti_kouka,plant,Tī kōuka (cabbage tree),Cordyline australis,34951733,55075069,cc-by,"(c) Jacqui Geux, some rights reserved (CC BY)",2019-10-25,50191,Cordyline australis,https://inaturalist-open-data.s3.amazonaws.com/photos/55075069/large.jpeg,https://inaturalist-open-data.s3.amazonaws.com/photos/55075069/original.jpeg,data/raw/ti_kouka/55075069.jpg,205097,568a1aa0f290cbd52d6899747040ab0f,1600,1200,2026-09-11T15:58:20+1200,train
ti_kouka,plant,Tī kōuka (cabbage tree),Cordyline australis,18440652,28191860,cc-by,"(c) Katja Schulz, some rights reserved (CC BY)",2018-09-05,50191,Cordyline australis,https://inaturalist-open-data.s3.amazonaws.com/photos/28191860/large.jpg,https://inaturalist-open-data.s3.amazonaws.com/photos/28191860/original.jpg,data/raw/ti_kouka/28191860.jpg,570903,80acd545f54b04b58ce0333b07191509,1536,2048,2026-09-11T15:58:20+1200,train
ti_kouka,plant,Tī kōuka (cabbage tree),Cordyline australis,196829924,346510492,cc0,no rights reserved,2024-01-16,50191,Cordyline australis,https://inaturalist-open-data.s3.amazonaws.com/photos/346510492/large.jpeg,https://inaturalist-open-data.s3.amazonaws.com/photos/346510492/original.jpeg,data/raw/ti_kouka/346510492.jpg,325609,e8f18d48f79f4141b6cf45a96f4870c4,2048,1536,2026-09-11T15:58:20+1200,train
ti_kouka,plant,Tī kōuka (cabbage tree),Cordyline australis,379873113,694912179,cc0,no rights reserved,2026-07-08,50191,Cordyline australis,https://inaturalist-open-data.s3.amazonaws.com/photos/694912179/large.jpg,https://inaturalist-open-data.s3.amazonaws.com/photos/694912179/original.jpg,data/raw/ti_kouka/694912179.jpg,664632,28a36cccd26e323033e44d2d9acd8bb1,1536,2048,2026-09-11T15:58:20+1200,train
ti_kouka,plant,Tī kōuka (cabbage tree),Cordyline australis,256050996,458987049,cc-by,"(c) Colin Meurk, some rights reserved (CC BY)",2024-12-24,50191,Cordyline australis,https://inaturalist-open-data.s3.amazonaws.com/photos/458987049/large.jpeg,https://inaturalist-open-data.s3.amazonaws.com/photos/458987049/original.jpeg,data/raw/ti_kouka/458987049.jpg,664237,81b1fbdd655056a66aec9b778a8bcf09,1536,2048,2026-09-11T15:58:20+1200,train
ti_kouka,plant,Tī kōuka (cabbage tree),Cordyline australis,256050996,458987063,cc-by,"(c) Colin Meurk, some rights reserved (CC BY)",2024-12-24,50191,Cordyline australis,https://inaturalist-open-data.s3.amazonaws.com/photos/458987063/large.jpeg,https://inaturalist-open-data.s3.amazonaws.com/photos/458987063/original.jpeg,data/raw/ti_kouka/458987063.jpg,658592,7007bb713bc74bf55dcdaafa15553dbb,1536,2048,2026-09-11T15:58:20+1200,train
ti_kouka,plant,Tī kōuka (cabbage tree),Cordyline australis,77657143,126903672,cc-by,"(c) Jon Sullivan, some rights reserved (CC BY)",2021-05-03,50191,Cordyline australis,https://inaturalist-open-data.s3.amazonaws.com/photos/126903672/large.jpg,https://inaturalist-open-data.s3.amazonaws.com/photos/126903672/original.jpg,data/raw/ti_kouka/126903672.jpg,215405,ce7cb150b0bdb105783b0e0bfa03fa29,1367,2048,2026-09-11T15:58:20+1200,train
ti_kouka,plant,Tī kōuka (cabbage tree),Cordyline australis,77578630,126885552,cc-by,"(c) Jon Sullivan, some rights reserved (CC BY)",2021-05-03,50191,Cordyline australis,https://inaturalist-open-data.s3.amazonaws.com/photos/126885552/large.jpg,https://inaturalist-open-data.s3.amazonaws.com/photos/126885552/original.jpg,data/raw/ti_kouka/126885552.jpg,270240,a3d69040ba61ee5c8d95afa62133f272,1367,2048,2026-09-11T15:58:20+1200,train
ti_kouka,plant,Tī kōuka (cabbage tree),Cordyline australis,77578630,126885560,cc-by,"(c) Jon Sullivan, some rights reserved (CC BY)",2021-05-03,50191,Cordyline australis,https://inaturalist-open-data.s3.amazonaws.com/photos/126885560/large.jpg,https://inaturalist-open-data.s3.amazonaws.com/photos/126885560/original.jpg,data/raw/ti_kouka/126885560.jpg,158115,204e1a32eebae46b426395ddadd2deba,1367,2048,2026-09-11T15:58:20+1200,train
ti_kouka,plant,Tī kōuka (cabbage tree),Cordyline australis,77800665,127141615,cc-by,"(c) Jon Sullivan, some rights reserved (CC BY)",2021-05-01,50191,Cordyline australis,https://inaturalist-open-data.s3.amazonaws.com/photos/127141615/large.jpg,https://inaturalist-open-data.s3.amazonaws.com/photos/127141615/original.jpg,data/raw/ti_kouka/127141615.jpg,407333,c43dfce8011e1db301e93f4e57eefb79,2048,1365,2026-09-11T15:58:20+1200,train
ti_kouka,plant,Tī kōuka (cabbage tree),Cordyline australis,77850792,127285795,cc-by,"(c) Jon Sullivan, some rights reserved (CC BY)",2021-05-02,50191,Cordyline australis,https://inaturalist-open-data.s3.amazonaws.com/photos/127285795/large.jpg,https://inaturalist-open-data.s3.amazonaws.com/photos/127285795/original.jpg,data/raw/ti_kouka/127285795.jpg,230373,e63c0f27df689bacc212721fa6989566,1367,2048,2026-09-11T15:58:20+1200,train
ti_kouka,plant,Tī kōuka (cabbage tree),Cordyline australis,8591355,11482937,cc-by,"(c) Jon Sullivan, some rights reserved (CC BY)",2017-10-28,50191,Cordyline australis,https://inaturalist-open-data.s3.amazonaws.com/photos/11482937/large.jpg,https://inaturalist-open-data.s3.amazonaws.com/photos/11482937/original.jpg,data/raw/ti_kouka/11482937.jpg,698991,ccb6feea4148f63bedfeb93fb7f1f552,1536,2048,2026-09-11T15:58:20+1200,train
ti_kouka,plant,Tī kōuka (cabbage tree),Cordyline australis,7977278,10546299,cc-by,"(c) Jon Sullivan, some rights reserved (CC BY)",2017-09-17,50191,Cordyline australis,https://inaturalist-open-data.s3.amazonaws.com/photos/10546299/large.jpg,https://inaturalist-open-data.s3.amazonaws.com/photos/10546299/original.jpg,data/raw/ti_kouka/10546299.jpg,378614,cd92cbc2f3ed3abba6207d95f476ec59,2048,1536,2026-09-11T15:58:20+1200,train
ti_kouka,plant,Tī kōuka (cabbage tree),Cordyline australis,7791975,10243787,cc-by,"(c) Jon Sullivan, some rights reserved (CC BY)",2017-04-23,50191,Cordyline australis,https://inaturalist-open-data.s3.amazonaws.com/photos/10243787/large.jpg,https://inaturalist-open-data.s3.amazonaws.com/photos/10243787/original.jpg,data/raw/ti_kouka/10243787.jpg,691394,a23f28501fde8f3e87f6ff4bbffbe6b8,2048,1536,2026-09-11T15:58:20+1200,train
ti_kouka,plant,Tī kōuka (cabbage tree),Cordyline australis,8955366,12070239,cc-by,"(c) Jon Sullivan, some rights reserved (CC BY)",2017-11-17,50191,Cordyline australis,https://inaturalist-open-data.s3.amazonaws.com/photos/12070239/large.jpg,https://inaturalist-open-data.s3.amazonaws.com/photos/12070239/original.jpg,data/raw/ti_kouka/12070239.jpg,668765,20afdd71f4c1814349ed532a55afb124,1367,2048,2026-09-11T15:58:20+1200,train
ti_kouka,plant,Tī kōuka (cabbage tree),Cordyline australis,32606546,51153413,cc0,no rights reserved,2019-08-07,50191,Cordyline australis,https://inaturalist-open-data.s3.amazonaws.com/photos/51153413/large.jpeg,https://inaturalist-open-data.s3.amazonaws.com/photos/51153413/original.jpeg,data/raw/ti_kouka/51153413.jpg,344475,d726021203b88621bb19f80a6256b3b4,2048,1536,2026-09-11T15:58:20+1200,train
ti_kouka,plant,Tī kōuka (cabbage tree),Cordyline australis,32606546,51153394,cc0,no rights reserved,2019-08-07,50191,Cordyline australis,https://inaturalist-open-data.s3.amazonaws.com/photos/51153394/large.jpeg,https://inaturalist-open-data.s3.amazonaws.com/photos/51153394/original.jpeg,data/raw/ti_kouka/51153394.jpg,342228,73eb42bc54aa8374b87038e9ab37234a,2048,1536,2026-09-11T15:58:20+1200,train
ti_kouka,plant,Tī kōuka (cabbage tree),Cordyline australis,32997460,51792455,cc0,no rights reserved,2019-04-11,50191,Cordyline australis,https://inaturalist-open-data.s3.amazonaws.com/photos/51792455/large.jpeg,https://inaturalist-open-data.s3.amazonaws.com/photos/51792455/original.jpeg,data/raw/ti_kouka/51792455.jpg,559659,6991058b802d33805e3bdf657a282bcc,2026,2048,2026-09-11T15:58:20+1200,train
ti_kouka,plant,Tī kōuka (cabbage tree),Cordyline australis,32997460,51792459,cc0,no rights reserved,2019-04-11,50191,Cordyline australis,https://inaturalist-open-data.s3.amazonaws.com/photos/51792459/large.jpeg,https://inaturalist-open-data.s3.amazonaws.com/photos/51792459/original.jpeg,data/raw/ti_kouka/51792459.jpg,350584,fe1b2e1a9e8b6a872a0d61935d794262,2048,1899,2026-09-11T15:58:20+1200,train
ti_kouka,plant,Tī kōuka (cabbage tree),Cordyline australis,32997461,51792588,cc0,no rights reserved,2019-04-11,50191,Cordyline australis,https://inaturalist-open-data.s3.amazonaws.com/photos/51792588/large.jpeg,https://inaturalist-open-data.s3.amazonaws.com/photos/51792588/original.jpeg,data/raw/ti_kouka/51792588.jpg,357383,d1bc1015d49246160dd0c82e2a313a2d,2048,1357,2026-09-11T15:58:20+1200,train
ti_kouka,plant,Tī kōuka (cabbage tree),Cordyline australis,32997461,51792614,cc0,no rights reserved,2019-04-11,50191,Cordyline australis,https://inaturalist-open-data.s3.amazonaws.com/photos/51792614/large.jpeg,https://inaturalist-open-data.s3.amazonaws.com/photos/51792614/original.jpeg,data/raw/ti_kouka/51792614.jpg,368530,4a3e59dd5409fcb389b8810bb4ab8be9,1536,2048,2026-09-11T15:58:20+1200,train
ti_kouka,plant,Tī kōuka (cabbage tree),Cordyline australis,200964688,354666809,cc-by,"(c) prosperosity, some rights reserved (CC BY)",2024-02-27,50191,Cordyline australis,https://inaturalist-open-data.s3.amazonaws.com/photos/354666809/large.jpg,https://inaturalist-open-data.s3.amazonaws.com/photos/354666809/original.jpg,data/raw/ti_kouka/354666809.jpg,465517,ec586de4095b73d7e5d78b103318db9c,1536,2048,2026-09-11T15:58:20+1200,train
ti_kouka,plant,Tī kōuka (cabbage tree),Cordyline australis,200964688,354666814,cc-by,"(c) prosperosity, some rights reserved (CC BY)",2024-02-27,50191,Cordyline australis,https://inaturalist-open-data.s3.amazonaws.com/photos/354666814/large.jpg,https://inaturalist-open-data.s3.amazonaws.com/photos/354666814/original.jpg,data/raw/ti_kouka/354666814.jpg,437824,ea8c1b977d833a3ef2a91f9700eddf3a,1536,2048,2026-09-11T15:58:20+1200,train
ti_kouka,plant,Tī kōuka (cabbage tree),Cordyline australis,200964688,354666824,cc-by,"(c) prosperosity, some rights reserved (CC BY)",2024-02-27,50191,Cordyline australis,https://inaturalist-open-data.s3.amazonaws.com/photos/354666824/large.jpg,https://inaturalist-open-data.s3.amazonaws.com/photos/354666824/original.jpg,data/raw/ti_kouka/354666824.jpg,201498,f57b2308b20716bc2a6c88cb32e05e3d,1536,2048,2026-09-11T15:58:20+1200,train
ti_kouka,plant,Tī kōuka (cabbage tree),Cordyline australis,36037192,56900445,cc0,no rights reserved,2019-03-19,50191,Cordyline australis,https://inaturalist-open-data.s3.amazonaws.com/photos/56900445/large.jpeg,https://inaturalist-open-data.s3.amazonaws.com/photos/56900445/original.jpeg,data/raw/ti_kouka/56900445.jpg,329090,ddeb7cc9174e06c3be1529395cadba2d,1536,2048,2026-09-11T15:58:20+1200,train
ti_kouka,plant,Tī kōuka (cabbage tree),Cordyline australis,196969169,346792917,cc0,no rights reserved,2021-05-13,50191,Cordyline australis,https://inaturalist-open-data.s3.amazonaws.com/photos/346792917/large.jpeg,https://inaturalist-open-data.s3.amazonaws.com/photos/346792917/original.jpeg,data/raw/ti_kouka/346792917.jpg,587073,f9a65d1a45b32c8bbc4d2dbba5d66858,2048,1536,2026-09-11T15:58:20+1200,train
ti_kouka,plant,Tī kōuka (cabbage tree),Cordyline australis,271378955,488150459,cc-by,"(c) boytouchgrass, some rights reserved (CC BY)",2025-04-18,50191,Cordyline australis,https://inaturalist-open-data.s3.amazonaws.com/photos/488150459/large.jpg,https://inaturalist-open-data.s3.amazonaws.com/photos/488150459/original.jpg,data/raw/ti_kouka/488150459.jpg,993735,473f5f397f7e446b4561bbe9dae68220,1536,2048,2026-09-11T15:58:20+1200,train
ti_kouka,plant,Tī kōuka (cabbage tree),Cordyline australis,194556844,342023652,cc-by,"(c) Nathan Odgers, some rights reserved (CC BY)",2023-12-22,50191,Cordyline australis,https://inaturalist-open-data.s3.amazonaws.com/photos/342023652/large.jpg,https://inaturalist-open-data.s3.amazonaws.com/photos/342023652/original.jpg,data/raw/ti_kouka/342023652.jpg,497231,b91c9e9618cddfae0333cf829acc2344,1536,2048,2026-09-11T15:58:20+1200,train
ti_kouka,plant,Tī kōuka (cabbage tree),Cordyline australis,160231488,276878822,cc-by,"(c) Joe Potter Butler, some rights reserved (CC BY)",2023-05-06,50191,Cordyline australis,https://inaturalist-open-data.s3.amazonaws.com/photos/276878822/large.jpeg,https://inaturalist-open-data.s3.amazonaws.com/photos/276878822/original.jpeg,data/raw/ti_kouka/276878822.jpg,434610,6f7ac8a521f7c05b6aa5b7de656f98a5,1152,2048,2026-09-11T15:58:20+1200,train
ti_kouka,plant,Tī kōuka (cabbage tree),Cordyline australis,243253582,433743783,cc-by,"(c) kiwialli, some rights reserved (CC BY)",2024-09-22,50191,Cordyline australis,https://inaturalist-open-data.s3.amazonaws.com/photos/433743783/large.jpeg,https://inaturalist-open-data.s3.amazonaws.com/photos/433743783/original.jpeg,data/raw/ti_kouka/433743783.jpg,1135357,4622ead5c05ac20b82d62683fc41900c,2048,2048,2026-09-11T15:58:20+1200,train
ti_kouka,plant,Tī kōuka (cabbage tree),Cordyline australis,66546129,107299861,cc-by,"(c) eyrezer, some rights reserved (CC BY)",2020-12-14,50191,Cordyline australis,https://inaturalist-open-data.s3.amazonaws.com/photos/107299861/large.jpg,https://inaturalist-open-data.s3.amazonaws.com/photos/107299861/original.jpg,data/raw/ti_kouka/107299861.jpg,526441,52cdfe0ef0a18f27afca768fcbc46f3c,1536,2048,2026-09-11T15:58:20+1200,train
ti_kouka,plant,Tī kōuka (cabbage tree),Cordyline australis,66546129,107299885,cc-by,"(c) eyrezer, some rights reserved (CC BY)",2020-12-14,50191,Cordyline australis,https://inaturalist-open-data.s3.amazonaws.com/photos/107299885/large.jpg,https://inaturalist-open-data.s3.amazonaws.com/photos/107299885/original.jpg,data/raw/ti_kouka/107299885.jpg,569587,f14d154375263d04acbc484b056849b1,1536,2048,2026-09-11T15:58:20+1200,train
harakeke,plant,Harakeke (NZ flax),Phormium tenax,144190392,247427508,cc-by,"(c) strewick, some rights reserved (CC BY)",2022-12-06,51754,Phormium tenax,https://inaturalist-open-data.s3.amazonaws.com/photos/247427508/large.jpg,https://inaturalist-open-data.s3.amazonaws.com/photos/247427508/original.jpg,data/raw/harakeke/247427508.jpg,713729,de0d61490d7d7a59164401006b86b5cc,1664,1210,2026-09-11T15:58:51+1200,train
harakeke,plant,Harakeke (NZ flax),Phormium tenax,144190392,247464472,cc-by,"(c) strewick, some rights reserved (CC BY)",2022-12-06,51754,Phormium tenax,https://inaturalist-open-data.s3.amazonaws.com/photos/247464472/large.jpeg,https://inaturalist-open-data.s3.amazonaws.com/photos/247464472/original.jpeg,data/raw/harakeke/247464472.jpg,176672,07df8be26ad532c795d7a765a5e28f68,2048,1365,2026-09-11T15:58:51+1200,train
harakeke,plant,Harakeke (NZ flax),Phormium tenax,144190392,248051261,cc-by,"(c) strewick, some rights reserved (CC BY)",2022-12-06,51754,Phormium tenax,https://inaturalist-open-data.s3.amazonaws.com/photos/248051261/large.jpg,https://inaturalist-open-data.s3.amazonaws.com/photos/248051261/original.jpg,data/raw/harakeke/248051261.jpg,33085,c41390f897a400442bc10b82d9ff992b,2048,1536,2026-09-11T15:58:51+1200,train
harakeke,plant,Harakeke (NZ flax),Phormium tenax,193936066,340764238,cc-by,"(c) John Barkla, some rights reserved (CC BY)",2023-12-14,51754,Phormium tenax,https://inaturalist-open-data.s3.amazonaws.com/photos/340764238/large.jpeg,https://inaturalist-open-data.s3.amazonaws.com/photos/340764238/original.jpeg,data/raw/harakeke/340764238.jpg,790741,e4347925a3f30f7ca66be39802d5a0be,2048,1542,2026-09-11T15:58:51+1200,train
harakeke,plant,Harakeke (NZ flax),Phormium tenax,3872453,4541374,cc-by,"(c) Jon Sullivan, some rights reserved (CC BY)",2016-06-26,51754,Phormium tenax,https://inaturalist-open-data.s3.amazonaws.com/photos/4541374/large.jpg,https://inaturalist-open-data.s3.amazonaws.com/photos/4541374/original.jpg,data/raw/harakeke/4541374.jpg,90700,aaaefa3683b0a61e7cdaf5cbf07f90c9,2048,1367,2026-09-11T15:58:51+1200,train
harakeke,plant,Harakeke (NZ flax),Phormium tenax,3872453,4541375,cc-by,"(c) Jon Sullivan, some rights reserved (CC BY)",2016-06-26,51754,Phormium tenax,https://inaturalist-open-data.s3.amazonaws.com/photos/4541375/large.jpg,https://inaturalist-open-data.s3.amazonaws.com/photos/4541375/original.jpg,data/raw/harakeke/4541375.jpg,67660,f6ddb02d0f7f519cb5a3526db32ca63f,1367,2048,2026-09-11T15:58:51+1200,train
harakeke,plant,Harakeke (NZ flax),Phormium tenax,248576355,444182604,cc-by,"(c) Genevieve Early, some rights reserved (CC BY)",2024-10-22,51754,Phormium tenax,https://inaturalist-open-data.s3.amazonaws.com/photos/444182604/large.jpg,https://inaturalist-open-data.s3.amazonaws.com/photos/444182604/original.jpg,data/raw/harakeke/444182604.jpg,1330062,ea5d98953306c265406bbd6818c16625,2048,1536,2026-09-11T15:58:51+1200,train
harakeke,plant,Harakeke (NZ flax),Phormium tenax,192313299,337575311,cc-by,"(c) Duncan Cunningham, some rights reserved (CC BY)",2023-11-18,51754,Phormium tenax,https://inaturalist-open-data.s3.amazonaws.com/photos/337575311/large.jpg,https://inaturalist-open-data.s3.amazonaws.com/photos/337575311/original.jpg,data/raw/harakeke/337575311.jpg,439692,bf798253a9f700bf274c153fa083cc59,2048,1537,2026-09-11T15:58:51+1200,train
harakeke,plant,Harakeke (NZ flax),Phormium tenax,192313299,337575914,cc-by,"(c) Duncan Cunningham, some rights reserved (CC BY)",2023-11-18,51754,Phormium tenax,https://inaturalist-open-data.s3.amazonaws.com/photos/337575914/large.jpg,https://inaturalist-open-data.s3.amazonaws.com/photos/337575914/original.jpg,data/raw/harakeke/337575914.jpg,347579,0677625d1ec7f1499198e6e3bffed4c4,1365,2048,2026-09-11T15:58:51+1200,train
harakeke,plant,Harakeke (NZ flax),Phormium tenax,192313299,337575913,cc-by,"(c) Duncan Cunningham, some rights reserved (CC BY)",2023-11-18,51754,Phormium tenax,https://inaturalist-open-data.s3.amazonaws.com/photos/337575913/large.jpg,https://inaturalist-open-data.s3.amazonaws.com/photos/337575913/original.jpg,data/raw/harakeke/337575913.jpg,302395,74789c335fcdc987ec6cdccf61894dba,1365,2048,2026-09-11T15:58:51+1200,train
harakeke,plant,Harakeke (NZ flax),Phormium tenax,192313299,337575933,cc-by,"(c) Duncan Cunningham, some rights reserved (CC BY)",2023-11-18,51754,Phormium tenax,https://inaturalist-open-data.s3.amazonaws.com/photos/337575933/large.jpg,https://inaturalist-open-data.s3.amazonaws.com/photos/337575933/original.jpg,data/raw/harakeke/337575933.jpg,353963,e013e82d61ccfba5e6eb3a911687a57f,1365,2048,2026-09-11T15:58:51+1200,train
harakeke,plant,Harakeke (NZ flax),Phormium tenax,272528977,490305326,cc-by,"(c) Frank Ashwood, some rights reserved (CC BY)",2025-04-24,51754,Phormium tenax,https://inaturalist-open-data.s3.amazonaws.com/photos/490305326/large.jpg,https://inaturalist-open-data.s3.amazonaws.com/photos/490305326/original.jpg,data/raw/harakeke/490305326.jpg,669306,bec5cf584a4c30178a553f675db94664,1152,2048,2026-09-11T15:58:51+1200,train
harakeke,plant,Harakeke (NZ flax),Phormium tenax,268862343,483335331,cc0,no rights reserved,2025-04-06,51754,Phormium tenax,https://inaturalist-open-data.s3.amazonaws.com/photos/483335331/large.jpeg,https://inaturalist-open-data.s3.amazonaws.com/photos/483335331/original.jpeg,data/raw/harakeke/483335331.jpg,702627,cb79ab942227deef82cc4c4489d8f843,1291,2048,2026-09-11T15:58:51+1200,train
harakeke,plant,Harakeke (NZ flax),Phormium tenax,384699889,704226496,cc-by,"(c) Tom Beard, some rights reserved (CC BY)",2026-07-16,51754,Phormium tenax,https://inaturalist-open-data.s3.amazonaws.com/photos/704226496/large.jpg,https://inaturalist-open-data.s3.amazonaws.com/photos/704226496/original.jpg,data/raw/harakeke/704226496.jpg,1360985,daf909cd55e355e92a2e9676a13e22b0,2048,2048,2026-09-11T15:58:51+1200,train
harakeke,plant,Harakeke (NZ flax),Phormium tenax,322676115,583773315,cc-by,"(c) Arnim Littek, some rights reserved (CC BY)",2025-10-23,51754,Phormium tenax,https://inaturalist-open-data.s3.amazonaws.com/photos/583773315/large.jpg,https://inaturalist-open-data.s3.amazonaws.com/photos/583773315/original.jpg,data/raw/harakeke/583773315.jpg,287803,0269735fa62b14c183e709ca42cda997,2048,1536,2026-09-11T15:58:51+1200,train
harakeke,plant,Harakeke (NZ flax),Phormium tenax,322676115,583773320,cc-by,"(c) Arnim Littek, some rights reserved (CC BY)",2025-10-23,51754,Phormium tenax,https://inaturalist-open-data.s3.amazonaws.com/photos/583773320/large.jpg,https://inaturalist-open-data.s3.amazonaws.com/photos/583773320/original.jpg,data/raw/harakeke/583773320.jpg,252259,f20a5e891c6b5ba6c3e76d2adaabebf0,2048,1536,2026-09-11T15:58:51+1200,train
harakeke,plant,Harakeke (NZ flax),Phormium tenax,322676115,583773339,cc-by,"(c) Arnim Littek, some rights reserved (CC BY)",2025-10-23,51754,Phormium tenax,https://inaturalist-open-data.s3.amazonaws.com/photos/583773339/large.jpg,https://inaturalist-open-data.s3.amazonaws.com/photos/583773339/original.jpg,data/raw/harakeke/583773339.jpg,230708,74db3920bb134473fe72f135c1e77555,1536,2048,2026-09-11T15:58:51+1200,train
harakeke,plant,Harakeke (NZ flax),Phormium tenax,277895413,498984541,cc-by,"(c) Brett Sandford, some rights reserved (CC BY)",2025-05-03,51754,Phormium tenax,https://inaturalist-open-data.s3.amazonaws.com/photos/498984541/large.jpeg,https://inaturalist-open-data.s3.amazonaws.com/photos/498984541/original.jpeg,data/raw/harakeke/498984541.jpg,687492,9ff0b20da6d6cb19e8fdaf75672e26a2,1536,2048,2026-09-11T15:58:51+1200,train
harakeke,plant,Harakeke (NZ flax),Phormium tenax,277895413,498984726,cc-by,"(c) Brett Sandford, some rights reserved (CC BY)",2025-05-03,51754,Phormium tenax,https://inaturalist-open-data.s3.amazonaws.com/photos/498984726/large.jpeg,https://inaturalist-open-data.s3.amazonaws.com/photos/498984726/original.jpeg,data/raw/harakeke/498984726.jpg,592759,d5ddc2f170eddca0691436f5cdef9702,1536,2048,2026-09-11T15:58:51+1200,train
harakeke,plant,Harakeke (NZ flax),Phormium tenax,198879061,350619772,cc-by,"(c) Richard Littauer, some rights reserved (CC BY)",2024-02-10,51754,Phormium tenax,https://inaturalist-open-data.s3.amazonaws.com/photos/350619772/large.jpeg,https://inaturalist-open-data.s3.amazonaws.com/photos/350619772/original.jpeg,data/raw/harakeke/350619772.jpg,275450,1896f37e9b2afa14a22ce9bdd381815c,1536,2048,2026-09-11T15:58:51+1200,train
harakeke,plant,Harakeke (NZ flax),Phormium tenax,374490894,684506418,cc0,no rights reserved,2026-01-31,51754,Phormium tenax,https://inaturalist-open-data.s3.amazonaws.com/photos/684506418/large.jpg,https://inaturalist-open-data.s3.amazonaws.com/photos/684506418/original.jpg,data/raw/harakeke/684506418.jpg,768171,4718f3ba7179c837a526e1f43bc93422,1536,2048,2026-09-11T15:58:51+1200,train
harakeke,plant,Harakeke (NZ flax),Phormium tenax,262302429,471244179,cc-by,"(c) Arnim Littek, some rights reserved (CC BY)",2025-02-19,51754,Phormium tenax,https://inaturalist-open-data.s3.amazonaws.com/photos/471244179/large.jpeg,https://inaturalist-open-data.s3.amazonaws.com/photos/471244179/original.jpeg,data/raw/harakeke/471244179.jpg,240656,e15a4f6144881cdb92189f30cf03db4b,2048,1536,2026-09-11T15:58:51+1200,train
harakeke,plant,Harakeke (NZ flax),Phormium tenax,262302429,471244198,cc-by,"(c) Arnim Littek, some rights reserved (CC BY)",2025-02-19,51754,Phormium tenax,https://inaturalist-open-data.s3.amazonaws.com/photos/471244198/large.jpeg,https://inaturalist-open-data.s3.amazonaws.com/photos/471244198/original.jpeg,data/raw/harakeke/471244198.jpg,295251,d60f90d82b9e004ad0e6b5ccc2844f13,1536,2048,2026-09-11T15:58:51+1200,train
harakeke,plant,Harakeke (NZ flax),Phormium tenax,262302429,471244196,cc-by,"(c) Arnim Littek, some rights reserved (CC BY)",2025-02-19,51754,Phormium tenax,https://inaturalist-open-data.s3.amazonaws.com/photos/471244196/large.jpeg,https://inaturalist-open-data.s3.amazonaws.com/photos/471244196/original.jpeg,data/raw/harakeke/471244196.jpg,242336,422a5dff8067ac87938cc2e671736cc1,2048,1536,2026-09-11T15:58:51+1200,train
harakeke,plant,Harakeke (NZ flax),Phormium tenax,258092857,463004131,cc-by,"(c) Julia Palmer, some rights reserved (CC BY)",2025-01-02,51754,Phormium tenax,https://inaturalist-open-data.s3.amazonaws.com/photos/463004131/large.jpeg,https://inaturalist-open-data.s3.amazonaws.com/photos/463004131/original.jpeg,data/raw/harakeke/463004131.jpg,588968,5cdfcb257e559328ea5856a8562d729e,2048,1365,2026-09-11T15:58:51+1200,train
harakeke,plant,Harakeke (NZ flax),Phormium tenax,261325484,469463243,cc0,no rights reserved,2025-02-09,51754,Phormium tenax,https://inaturalist-open-data.s3.amazonaws.com/photos/469463243/large.jpg,https://inaturalist-open-data.s3.amazonaws.com/photos/469463243/original.jpg,data/raw/harakeke/469463243.jpg,554298,8b9089c212d905c4597b5437280d2c36,1536,2048,2026-09-11T15:58:51+1200,train
harakeke,plant,Harakeke (NZ flax),Phormium tenax,164597510,284812542,cc-by,"(c) Arnim Littek, some rights reserved (CC BY)",2023-05-27,51754,Phormium tenax,https://inaturalist-open-data.s3.amazonaws.com/photos/284812542/large.jpeg,https://inaturalist-open-data.s3.amazonaws.com/photos/284812542/original.jpeg,data/raw/harakeke/284812542.jpg,220165,9e2022d70f6b0cce92929650021b37ae,1536,2048,2026-09-11T15:58:51+1200,train
harakeke,plant,Harakeke (NZ flax),Phormium tenax,164597510,284812663,cc-by,"(c) Arnim Littek, some rights reserved (CC BY)",2023-05-27,51754,Phormium tenax,https://inaturalist-open-data.s3.amazonaws.com/photos/284812663/large.jpeg,https://inaturalist-open-data.s3.amazonaws.com/photos/284812663/original.jpeg,data/raw/harakeke/284812663.jpg,273558,d37ca2b74f0e155f43c2c0354e60b50a,2048,1536,2026-09-11T15:58:51+1200,train
harakeke,plant,Harakeke (NZ flax),Phormium tenax,63544466,101997291,cc-by,"(c) Jenny Saito, some rights reserved (CC BY)",2020-10-25,51754,Phormium tenax,https://inaturalist-open-data.s3.amazonaws.com/photos/101997291/large.jpg,https://inaturalist-open-data.s3.amazonaws.com/photos/101997291/original.jpg,data/raw/harakeke/101997291.jpg,483084,c8624986c1a4383fd6afa6c5aa3c4c81,1536,2048,2026-09-11T15:58:51+1200,train
harakeke,plant,Harakeke (NZ flax),Phormium tenax,69607493,112980233,cc0,no rights reserved,2021-02-15,51754,Phormium tenax,https://inaturalist-open-data.s3.amazonaws.com/photos/112980233/large.jpeg,https://inaturalist-open-data.s3.amazonaws.com/photos/112980233/original.jpeg,data/raw/harakeke/112980233.jpg,150206,6f3a7be4f62d5bb2bb77ae587c91dc61,1536,2048,2026-09-11T15:58:51+1200,train
harakeke,plant,Harakeke (NZ flax),Phormium tenax,145356536,249654380,cc-by,"(c) Richard Littauer, some rights reserved (CC BY)",2022-12-14,51754,Phormium tenax,https://inaturalist-open-data.s3.amazonaws.com/photos/249654380/large.jpg,https://inaturalist-open-data.s3.amazonaws.com/photos/249654380/original.jpg,data/raw/harakeke/249654380.jpg,502580,f70541981883faab48ed10aea6881b8f,2048,1365,2026-09-11T15:58:51+1200,train
harakeke,plant,Harakeke (NZ flax),Phormium tenax,211422943,373793499,cc-by,"(c) Emily Roberts, some rights reserved (CC BY)",2024-04-29,51754,Phormium tenax,https://inaturalist-open-data.s3.amazonaws.com/photos/373793499/large.jpg,https://inaturalist-open-data.s3.amazonaws.com/photos/373793499/original.jpg,data/raw/harakeke/373793499.jpg,361787,7a9ef99b8ed3f7e0648a4b5d7fb263f4,1536,2048,2026-09-11T15:58:51+1200,train
harakeke,plant,Harakeke (NZ flax),Phormium tenax,343427998,625587123,cc-by,"(c) Corin, some rights reserved (CC BY)",2026-03-17,51754,Phormium tenax,https://inaturalist-open-data.s3.amazonaws.com/photos/625587123/large.jpg,https://inaturalist-open-data.s3.amazonaws.com/photos/625587123/original.jpg,data/raw/harakeke/625587123.jpg,869823,91bae669b64689bbeccf2944b18cc6f7,1542,2048,2026-09-11T15:58:51+1200,train
harakeke,plant,Harakeke (NZ flax),Phormium tenax,343427998,625587210,cc-by,"(c) Corin, some rights reserved (CC BY)",2026-03-17,51754,Phormium tenax,https://inaturalist-open-data.s3.amazonaws.com/photos/625587210/large.jpg,https://inaturalist-open-data.s3.amazonaws.com/photos/625587210/original.jpg,data/raw/harakeke/625587210.jpg,851300,c792821e52702630a56c21418e5d628b,1542,2048,2026-09-11T15:58:51+1200,train
harakeke,plant,Harakeke (NZ flax),Phormium tenax,339539892,617696063,cc0,no rights reserved,2026-02-21,51754,Phormium tenax,https://inaturalist-open-data.s3.amazonaws.com/photos/617696063/large.jpg,https://inaturalist-open-data.s3.amazonaws.com/photos/617696063/original.jpg,data/raw/harakeke/617696063.jpg,885509,f362ab87eb0c955c7f629b54fadacfc6,2048,1152,2026-09-11T15:58:51+1200,train
harakeke,plant,Harakeke (NZ flax),Phormium tenax,337923756,614416507,cc0,no rights reserved,2026-02-04,51754,Phormium tenax,https://inaturalist-open-data.s3.amazonaws.com/photos/614416507/large.jpg,https://inaturalist-open-data.s3.amazonaws.com/photos/614416507/original.jpg,data/raw/harakeke/614416507.jpg,589989,7795905a3e27a2b914b2e2ac63873787,2048,1152,2026-09-11T15:58:51+1200,train
harakeke,plant,Harakeke (NZ flax),Phormium tenax,2746899,3103784,cc-by,"(c) Joe Potter Butler, some rights reserved (CC BY)",2015-12-25,51754,Phormium tenax,https://inaturalist-open-data.s3.amazonaws.com/photos/3103784/large.JPG,https://inaturalist-open-data.s3.amazonaws.com/photos/3103784/original.JPG,data/raw/harakeke/3103784.jpg,627618,c4ce48cc7098f3a6d700b84a3ffefe09,1365,2048,2026-09-11T15:58:51+1200,train
harakeke,plant,Harakeke (NZ flax),Phormium tenax,2473147,2768995,cc0,no rights reserved,2015-12-13,51754,Phormium tenax,https://inaturalist-open-data.s3.amazonaws.com/photos/2768995/large.jpeg,https://inaturalist-open-data.s3.amazonaws.com/photos/2768995/original.jpeg,data/raw/harakeke/2768995.jpg,579649,2869c4f47518e0d11da848be32061e59,1152,2048,2026-09-11T15:58:51+1200,train
harakeke,plant,Harakeke (NZ flax),Phormium tenax,78029929,127622747,cc-by,"(c) Jon Sullivan, some rights reserved (CC BY)",2021-05-02,51754,Phormium tenax,https://inaturalist-open-data.s3.amazonaws.com/photos/127622747/large.jpg,https://inaturalist-open-data.s3.amazonaws.com/photos/127622747/original.jpg,data/raw/harakeke/127622747.jpg,379696,26c9950de885e409f37c9e0c587938c2,1365,2048,2026-09-11T15:58:51+1200,train
harakeke,plant,Harakeke (NZ flax),Phormium tenax,11592086,16558769,cc-by,"(c) Arnim Littek, some rights reserved (CC BY)",2018-04-28,51754,Phormium tenax,https://inaturalist-open-data.s3.amazonaws.com/photos/16558769/large.jpeg,https://inaturalist-open-data.s3.amazonaws.com/photos/16558769/original.jpeg,data/raw/harakeke/16558769.jpg,241799,bbb5b17208fe5515a606ddf527589478,2048,1536,2026-09-11T15:58:51+1200,train
harakeke,plant,Harakeke (NZ flax),Phormium tenax,11592086,16558770,cc-by,"(c) Arnim Littek, some rights reserved (CC BY)",2018-04-28,51754,Phormium tenax,https://inaturalist-open-data.s3.amazonaws.com/photos/16558770/large.jpeg,https://inaturalist-open-data.s3.amazonaws.com/photos/16558770/original.jpeg,data/raw/harakeke/16558770.jpg,243793,309404b16254b4f703971f2ef188ea96,1536,2048,2026-09-11T15:58:51+1200,train
harakeke,plant,Harakeke (NZ flax),Phormium tenax,19456092,29933921,cc-by,"(c) Arnim Littek, some rights reserved (CC BY)",2019-01-05,51754,Phormium tenax,https://inaturalist-open-data.s3.amazonaws.com/photos/29933921/large.jpeg,https://inaturalist-open-data.s3.amazonaws.com/photos/29933921/original.jpeg,data/raw/harakeke/29933921.jpg,192599,5df502a9a1bc09d80ce4ad7d005b44bc,2048,1536,2026-09-11T15:58:51+1200,train
harakeke,plant,Harakeke (NZ flax),Phormium tenax,19456092,29933998,cc-by,"(c) Arnim Littek, some rights reserved (CC BY)",2019-01-05,51754,Phormium tenax,https://inaturalist-open-data.s3.amazonaws.com/photos/29933998/large.jpeg,https://inaturalist-open-data.s3.amazonaws.com/photos/29933998/original.jpeg,data/raw/harakeke/29933998.jpg,321294,4afbab9353ad4398ef43ad849d3477ac,1536,2048,2026-09-11T15:58:51+1200,train
silver_fern,plant,Silver fern,Cyathea dealbata,943789,1181138,cc-by,"(c) Jon Sullivan, some rights reserved (CC BY)",2011-12-22,131669,Cyathea dealbata,https://inaturalist-open-data.s3.amazonaws.com/photos/1181138/large.jpg,https://inaturalist-open-data.s3.amazonaws.com/photos/1181138/original.jpg,data/raw/silver_fern/1181138.jpg,428228,2cb88b30c3709726749b54f2c211575c,2048,1371,2026-09-11T15:59:22+1200,train
silver_fern,plant,Silver fern,Cyathea dealbata,943789,1181139,cc-by,"(c) Jon Sullivan, some rights reserved (CC BY)",2011-12-22,131669,Cyathea dealbata,https://inaturalist-open-data.s3.amazonaws.com/photos/1181139/large.jpg,https://inaturalist-open-data.s3.amazonaws.com/photos/1181139/original.jpg,data/raw/silver_fern/1181139.jpg,426598,770dc3a1dd0932bc3fa8ffd7efa0d796,1371,2048,2026-09-11T15:59:22+1200,train
silver_fern,plant,Silver fern,Cyathea dealbata,5072495,6226011,cc-by,"(c) Bruce Calvert, some rights reserved (CC BY)",2017-02-08,131669,Cyathea dealbata,https://inaturalist-open-data.s3.amazonaws.com/photos/6226011/large.jpeg,https://inaturalist-open-data.s3.amazonaws.com/photos/6226011/original.jpeg,data/raw/silver_fern/6226011.jpg,676884,ad62190907d52d96aa5abe259b26ad37,2048,1536,2026-09-11T15:59:22+1200,train
silver_fern,plant,Silver fern,Cyathea dealbata,3768901,4392624,cc-by,"(c) Bruce Calvert, some rights reserved (CC BY)",2016-07-30,131669,Cyathea dealbata,https://inaturalist-open-data.s3.amazonaws.com/photos/4392624/large.jpg,https://inaturalist-open-data.s3.amazonaws.com/photos/4392624/original.jpg,data/raw/silver_fern/4392624.jpg,911925,0fa672eccf5a634efed71cb012275ae4,764,1024,2026-09-11T15:59:22+1200,train
silver_fern,plant,Silver fern,Cyathea dealbata,3768901,4392627,cc-by,"(c) Bruce Calvert, some rights reserved (CC BY)",2016-07-30,131669,Cyathea dealbata,https://inaturalist-open-data.s3.amazonaws.com/photos/4392627/large.jpeg,https://inaturalist-open-data.s3.amazonaws.com/photos/4392627/original.jpeg,data/raw/silver_fern/4392627.jpg,397234,f4bce9d007287f7fdf6f8137577d061f,2048,1536,2026-09-11T15:59:22+1200,train
silver_fern,plant,Silver fern,Cyathea dealbata,104403343,174928419,cc-by,"(c) Saryu Mae 前 朝琉, some rights reserved (CC BY)",2022-01-05,131669,Cyathea dealbata,https://inaturalist-open-data.s3.amazonaws.com/photos/174928419/large.jpeg,https://inaturalist-open-data.s3.amazonaws.com/photos/174928419/original.jpeg,data/raw/silver_fern/174928419.jpg,276224,bdb09f63588bfff6e5d5441ddb1cbe9f,2048,1536,2026-09-11T15:59:22+1200,train
silver_fern,plant,Silver fern,Cyathea dealbata,296182227,533285703,cc0,no rights reserved,2025-07-08,131669,Cyathea dealbata,https://inaturalist-open-data.s3.amazonaws.com/photos/533285703/large.jpg,https://inaturalist-open-data.s3.amazonaws.com/photos/533285703/original.jpg,data/raw/silver_fern/533285703.jpg,665060,34c78752fb16f4e67b4a3d0085d80ea1,1153,2048,2026-09-11T15:59:22+1200,train
silver_fern,plant,Silver fern,Cyathea dealbata,296182227,533285724,cc0,no rights reserved,2025-07-08,131669,Cyathea dealbata,https://inaturalist-open-data.s3.amazonaws.com/photos/533285724/large.jpg,https://inaturalist-open-data.s3.amazonaws.com/photos/533285724/original.jpg,data/raw/silver_fern/533285724.jpg,627909,df3fd4b1800e378f5ac9a873fbb7dcaa,1153,2048,2026-09-11T15:59:22+1200,train
silver_fern,plant,Silver fern,Cyathea dealbata,14408890,21434723,cc-by,"(c) Jacqui Geux, some rights reserved (CC BY)",2018-07-16,131669,Cyathea dealbata,https://inaturalist-open-data.s3.amazonaws.com/photos/21434723/large.jpeg,https://inaturalist-open-data.s3.amazonaws.com/photos/21434723/original.jpeg,data/raw/silver_fern/21434723.jpg,256631,ab185958f598a3ff52342b36447ce5ec,1600,1200,2026-09-11T15:59:22+1200,train
silver_fern,plant,Silver fern,Cyathea dealbata,14408890,21434725,cc-by,"(c) Jacqui Geux, some rights reserved (CC BY)",2018-07-16,131669,Cyathea dealbata,https://inaturalist-open-data.s3.amazonaws.com/photos/21434725/large.jpeg,https://inaturalist-open-data.s3.amazonaws.com/photos/21434725/original.jpeg,data/raw/silver_fern/21434725.jpg,367245,15ff1a05dd944351f845ef1fac84e68d,1600,1200,2026-09-11T15:59:22+1200,train
silver_fern,plant,Silver fern,Cyathea dealbata,24172152,37378029,cc0,no rights reserved,1999-03-22,131669,Cyathea dealbata,https://inaturalist-open-data.s3.amazonaws.com/photos/37378029/large.jpg,https://inaturalist-open-data.s3.amazonaws.com/photos/37378029/original.jpg,data/raw/silver_fern/37378029.jpg,52719,0aa1b7f4e92a2662823ec1e5aec87b90,640,480,2026-09-11T15:59:22+1200,train
silver_fern,plant,Silver fern,Cyathea dealbata,164538508,284698471,cc-by,"(c) Ian Armitage, some rights reserved (CC BY)",2023-05-22,131669,Cyathea dealbata,https://inaturalist-open-data.s3.amazonaws.com/photos/284698471/large.jpg,https://inaturalist-open-data.s3.amazonaws.com/photos/284698471/original.jpg,data/raw/silver_fern/284698471.jpg,487059,2202ee2f6eea64153c3d0b99d44f4ebb,2048,1536,2026-09-11T15:59:22+1200,train
silver_fern,plant,Silver fern,Cyathea dealbata,164538508,284698482,cc-by,"(c) Ian Armitage, some rights reserved (CC BY)",2023-05-22,131669,Cyathea dealbata,https://inaturalist-open-data.s3.amazonaws.com/photos/284698482/large.jpg,https://inaturalist-open-data.s3.amazonaws.com/photos/284698482/original.jpg,data/raw/silver_fern/284698482.jpg,447383,668c515a9f45391b4ee6753523dfd62c,2048,1848,2026-09-11T15:59:22+1200,train
silver_fern,plant,Silver fern,Cyathea dealbata,240407874,428297217,cc0,no rights reserved,2024-09-03,131669,Cyathea dealbata,https://inaturalist-open-data.s3.amazonaws.com/photos/428297217/large.jpeg,https://inaturalist-open-data.s3.amazonaws.com/photos/428297217/original.jpeg,data/raw/silver_fern/428297217.jpg,440192,3a24a5ea70f0710b089711373003eb4e,1536,2048,2026-09-11T15:59:22+1200,train
silver_fern,plant,Silver fern,Cyathea dealbata,240407874,428302563,cc0,no rights reserved,2024-09-03,131669,Cyathea dealbata,https://inaturalist-open-data.s3.amazonaws.com/photos/428302563/large.jpeg,https://inaturalist-open-data.s3.amazonaws.com/photos/428302563/original.jpeg,data/raw/silver_fern/428302563.jpg,468180,abd3d12c70ad2ded37149f14ed4dbfe2,2048,1536,2026-09-11T15:59:22+1200,train
silver_fern,plant,Silver fern,Cyathea dealbata,63926280,102682118,cc-by,"(c) Jacqui Geux, some rights reserved (CC BY)",2020-10-31,131669,Cyathea dealbata,https://inaturalist-open-data.s3.amazonaws.com/photos/102682118/large.jpeg,https://inaturalist-open-data.s3.amazonaws.com/photos/102682118/original.jpeg,data/raw/silver_fern/102682118.jpg,260506,8d424a381e7cc3155afe957799ad2bfa,1600,1067,2026-09-11T15:59:22+1200,train
silver_fern,plant,Silver fern,Cyathea dealbata,63926280,102682132,cc-by,"(c) Jacqui Geux, some rights reserved (CC BY)",2020-10-31,131669,Cyathea dealbata,https://inaturalist-open-data.s3.amazonaws.com/photos/102682132/large.jpeg,https://inaturalist-open-data.s3.amazonaws.com/photos/102682132/original.jpeg,data/raw/silver_fern/102682132.jpg,297500,f0d83d9a871177f5dd9bc8e9ac51ad3b,1600,1067,2026-09-11T15:59:22+1200,train
silver_fern,plant,Silver fern,Cyathea dealbata,143232489,245618306,cc-by,"(c) Richard Littauer, some rights reserved (CC BY)",2022-11-25,131669,Cyathea dealbata,https://inaturalist-open-data.s3.amazonaws.com/photos/245618306/large.jpg,https://inaturalist-open-data.s3.amazonaws.com/photos/245618306/original.jpg,data/raw/silver_fern/245618306.jpg,948833,c740d920c34b01d57fc6eb6af123f0ed,2048,1365,2026-09-11T15:59:22+1200,train
silver_fern,plant,Silver fern,Cyathea dealbata,66487962,107193300,cc-by,"(c) Jacqui Geux, some rights reserved (CC BY)",2020-12-12,131669,Cyathea dealbata,https://inaturalist-open-data.s3.amazonaws.com/photos/107193300/large.jpeg,https://inaturalist-open-data.s3.amazonaws.com/photos/107193300/original.jpeg,data/raw/silver_fern/107193300.jpg,237433,7dec0ec0a654c9aaa7667fec69d23941,1600,1200,2026-09-11T15:59:22+1200,train
silver_fern,plant,Silver fern,Cyathea dealbata,66487962,107193308,cc-by,"(c) Jacqui Geux, some rights reserved (CC BY)",2020-12-12,131669,Cyathea dealbata,https://inaturalist-open-data.s3.amazonaws.com/photos/107193308/large.jpeg,https://inaturalist-open-data.s3.amazonaws.com/photos/107193308/original.jpeg,data/raw/silver_fern/107193308.jpg,318507,7c6c8e5f2061c95333d875c80546e353,1600,1200,2026-09-11T15:59:22+1200,train
silver_fern,plant,Silver fern,Cyathea dealbata,66487962,107193767,cc-by,"(c) Jacqui Geux, some rights reserved (CC BY)",2020-12-12,131669,Cyathea dealbata,https://inaturalist-open-data.s3.amazonaws.com/photos/107193767/large.jpeg,https://inaturalist-open-data.s3.amazonaws.com/photos/107193767/original.jpeg,data/raw/silver_fern/107193767.jpg,322689,335a02a5240e1eb6864848a09ba72e1c,1600,1200,2026-09-11T15:59:22+1200,train
silver_fern,plant,Silver fern,Cyathea dealbata,249257614,445534808,cc0,no rights reserved,2024-10-27,131669,Cyathea dealbata,https://inaturalist-open-data.s3.amazonaws.com/photos/445534808/large.jpeg,https://inaturalist-open-data.s3.amazonaws.com/photos/445534808/original.jpeg,data/raw/silver_fern/445534808.jpg,689282,8cee60d7e0f1bda955f58129d8bab583,1536,2048,2026-09-11T15:59:22+1200,train
silver_fern,plant,Silver fern,Cyathea dealbata,249257614,445534851,cc0,no rights reserved,2024-10-27,131669,Cyathea dealbata,https://inaturalist-open-data.s3.amazonaws.com/photos/445534851/large.jpeg,https://inaturalist-open-data.s3.amazonaws.com/photos/445534851/original.jpeg,data/raw/silver_fern/445534851.jpg,860537,f2c3523553beb76a6f000180a02b28f9,1536,2048,2026-09-11T15:59:22+1200,train
silver_fern,plant,Silver fern,Cyathea dealbata,249257614,445535344,cc0,no rights reserved,2024-10-27,131669,Cyathea dealbata,https://inaturalist-open-data.s3.amazonaws.com/photos/445535344/large.jpeg,https://inaturalist-open-data.s3.amazonaws.com/photos/445535344/original.jpeg,data/raw/silver_fern/445535344.jpg,708473,e50e632c7ee3b590bac2930041004be0,1536,2048,2026-09-11T15:59:22+1200,train
silver_fern,plant,Silver fern,Cyathea dealbata,251258773,449536249,cc-by,"(c) Saryu Mae 前 朝琉, some rights reserved (CC BY)",2024-10-01,131669,Cyathea dealbata,https://inaturalist-open-data.s3.amazonaws.com/photos/449536249/large.jpeg,https://inaturalist-open-data.s3.amazonaws.com/photos/449536249/original.jpeg,data/raw/silver_fern/449536249.jpg,169656,338f38bba646a1a00ad0d935f26df861,1365,2048,2026-09-11T15:59:22+1200,train
silver_fern,plant,Silver fern,Cyathea dealbata,251258773,449536252,cc-by,"(c) Saryu Mae 前 朝琉, some rights reserved (CC BY)",2024-10-01,131669,Cyathea dealbata,https://inaturalist-open-data.s3.amazonaws.com/photos/449536252/large.jpeg,https://inaturalist-open-data.s3.amazonaws.com/photos/449536252/original.jpeg,data/raw/silver_fern/449536252.jpg,179527,46fe6ef5af999f542c86649d3fb4c80f,2048,1365,2026-09-11T15:59:22+1200,train
silver_fern,plant,Silver fern,Cyathea dealbata,173846997,301949203,cc-by,"(c) Kelvin Perrie, some rights reserved (CC BY)",2023-07-19,131669,Cyathea dealbata,https://inaturalist-open-data.s3.amazonaws.com/photos/301949203/large.jpeg,https://inaturalist-open-data.s3.amazonaws.com/photos/301949203/original.jpeg,data/raw/silver_fern/301949203.jpg,337091,37788e00bb3ab70797de639b04325b62,1536,2048,2026-09-11T15:59:22+1200,train
silver_fern,plant,Silver fern,Cyathea dealbata,251123358,449271823,cc0,no rights reserved,2024-11-07,131669,Cyathea dealbata,https://inaturalist-open-data.s3.amazonaws.com/photos/449271823/large.jpeg,https://inaturalist-open-data.s3.amazonaws.com/photos/449271823/original.jpeg,data/raw/silver_fern/449271823.jpg,414567,1099c1d78408c65256a1fa3110d6a334,2048,1536,2026-09-11T15:59:22+1200,train
silver_fern,plant,Silver fern,Cyathea dealbata,186667875,326269110,cc0,no rights reserved,2020-09-20,131669,Cyathea dealbata,https://inaturalist-open-data.s3.amazonaws.com/photos/326269110/large.jpeg,https://inaturalist-open-data.s3.amazonaws.com/photos/326269110/original.jpeg,data/raw/silver_fern/326269110.jpg,544693,ffcf7f00b94d94d6ffba754cccbec4b7,2048,1536,2026-09-11T15:59:22+1200,train
silver_fern,plant,Silver fern,Cyathea dealbata,123913797,209972860,cc-by,"(c) eyrezer, some rights reserved (CC BY)",2022-06-29,131669,Cyathea dealbata,https://inaturalist-open-data.s3.amazonaws.com/photos/209972860/large.jpg,https://inaturalist-open-data.s3.amazonaws.com/photos/209972860/original.jpg,data/raw/silver_fern/209972860.jpg,355980,08c87e1c0e31a3874246cc3b83e5c7f5,1536,2048,2026-09-11T15:59:22+1200,train
silver_fern,plant,Silver fern,Cyathea dealbata,123913797,209972892,cc-by,"(c) eyrezer, some rights reserved (CC BY)",2022-06-29,131669,Cyathea dealbata,https://inaturalist-open-data.s3.amazonaws.com/photos/209972892/large.jpg,https://inaturalist-open-data.s3.amazonaws.com/photos/209972892/original.jpg,data/raw/silver_fern/209972892.jpg,433700,9a3e4b8a03029e5d8c68e6266cfbb7a1,1536,2048,2026-09-11T15:59:22+1200,train
silver_fern,plant,Silver fern,Cyathea dealbata,123913797,209972931,cc-by,"(c) eyrezer, some rights reserved (CC BY)",2022-06-29,131669,Cyathea dealbata,https://inaturalist-open-data.s3.amazonaws.com/photos/209972931/large.jpg,https://inaturalist-open-data.s3.amazonaws.com/photos/209972931/original.jpg,data/raw/silver_fern/209972931.jpg,544161,ac7f50e3560e7d89f547b91ffeb6b0c6,1536,2048,2026-09-11T15:59:22+1200,train
silver_fern,plant,Silver fern,Cyathea dealbata,157509077,272301342,cc-by,"(c) Halema J, some rights reserved (CC BY)",2023-04-29,131669,Cyathea dealbata,https://inaturalist-open-data.s3.amazonaws.com/photos/272301342/large.jpg,https://inaturalist-open-data.s3.amazonaws.com/photos/272301342/original.jpg,data/raw/silver_fern/272301342.jpg,308034,03f57b840f1c20fef54bb3360b65aee1,1152,2048,2026-09-11T15:59:22+1200,train
silver_fern,plant,Silver fern,Cyathea dealbata,157509077,272301355,cc-by,"(c) Halema J, some rights reserved (CC BY)",2023-04-29,131669,Cyathea dealbata,https://inaturalist-open-data.s3.amazonaws.com/photos/272301355/large.jpg,https://inaturalist-open-data.s3.amazonaws.com/photos/272301355/original.jpg,data/raw/silver_fern/272301355.jpg,336313,03bebf19bed70981ad44c0bf2cf02ee4,1152,2048,2026-09-11T15:59:22+1200,train
silver_fern,plant,Silver fern,Cyathea dealbata,157509077,272301380,cc-by,"(c) Halema J, some rights reserved (CC BY)",2023-04-29,131669,Cyathea dealbata,https://inaturalist-open-data.s3.amazonaws.com/photos/272301380/large.jpg,https://inaturalist-open-data.s3.amazonaws.com/photos/272301380/original.jpg,data/raw/silver_fern/272301380.jpg,373140,01d64a21ab3dc9eae9f6a54fa85f58ca,1152,2048,2026-09-11T15:59:22+1200,train
silver_fern,plant,Silver fern,Cyathea dealbata,157916826,272983647,cc-by,"(c) Squid Wizard, some rights reserved (CC BY)",2023-04-30,131669,Cyathea dealbata,https://inaturalist-open-data.s3.amazonaws.com/photos/272983647/large.jpeg,https://inaturalist-open-data.s3.amazonaws.com/photos/272983647/original.jpeg,data/raw/silver_fern/272983647.jpg,785036,3ea4f224f4a65be7630c545a8096ca0a,1536,2048,2026-09-11T15:59:22+1200,train
silver_fern,plant,Silver fern,Cyathea dealbata,1662589,2032367,cc-by,"(c) Ian Armitage, some rights reserved (CC BY)",2015-06-22,131669,Cyathea dealbata,https://inaturalist-open-data.s3.amazonaws.com/photos/2032367/large.JPG,https://inaturalist-open-data.s3.amazonaws.com/photos/2032367/original.JPG,data/raw/silver_fern/2032367.jpg,274055,9e2f78c87f9227c709e941b2c300e8ce,2048,1536,2026-09-11T15:59:22+1200,train
silver_fern,plant,Silver fern,Cyathea dealbata,1662589,2032368,cc-by,"(c) Ian Armitage, some rights reserved (CC BY)",2015-06-22,131669,Cyathea dealbata,https://inaturalist-open-data.s3.amazonaws.com/photos/2032368/large.JPG,https://inaturalist-open-data.s3.amazonaws.com/photos/2032368/original.JPG,data/raw/silver_fern/2032368.jpg,273609,cd18864e80fff7894e10ca2dbc513fe0,2048,1536,2026-09-11T15:59:22+1200,train
silver_fern,plant,Silver fern,Cyathea dealbata,203184943,358953260,cc-by,"(c) Mark Richman, some rights reserved (CC BY)",2023-12-04,131669,Cyathea dealbata,https://inaturalist-open-data.s3.amazonaws.com/photos/358953260/large.jpg,https://inaturalist-open-data.s3.amazonaws.com/photos/358953260/original.jpg,data/raw/silver_fern/358953260.jpg,513394,8a870d395f287b8cc3e6fee37b57be1a,1536,2048,2026-09-11T15:59:22+1200,train
silver_fern,plant,Silver fern,Cyathea dealbata,203184943,358953224,cc-by,"(c) Mark Richman, some rights reserved (CC BY)",2023-12-04,131669,Cyathea dealbata,https://inaturalist-open-data.s3.amazonaws.com/photos/358953224/large.jpg,https://inaturalist-open-data.s3.amazonaws.com/photos/358953224/original.jpg,data/raw/silver_fern/358953224.jpg,552878,724e3b1200bfb4e6c68b7365d508636e,1536,2048,2026-09-11T15:59:22+1200,train
silver_fern,plant,Silver fern,Cyathea dealbata,272861452,490904345,cc0,no rights reserved,2025-04-25,131669,Cyathea dealbata,https://inaturalist-open-data.s3.amazonaws.com/photos/490904345/large.jpeg,https://inaturalist-open-data.s3.amazonaws.com/photos/490904345/original.jpeg,data/raw/silver_fern/490904345.jpg,695144,5a32f6de6c3c65d299cd40e3f6cb2a18,1536,2048,2026-09-11T15:59:22+1200,train
nikau,plant,Nīkau,Rhopalostylis sapida,329264998,596813172,cc-by,"(c) Archie, some rights reserved (CC BY)",2025-12-02,85274,Rhopalostylis sapida,https://inaturalist-open-data.s3.amazonaws.com/photos/596813172/large.jpg,https://inaturalist-open-data.s3.amazonaws.com/photos/596813172/original.jpg,data/raw/nikau/596813172.jpg,796902,23fd6ab4ffd8f0baf13d8187f0262bf2,1536,2048,2026-09-11T15:59:53+1200,train
nikau,plant,Nīkau,Rhopalostylis sapida,329264998,596813193,cc-by,"(c) Archie, some rights reserved (CC BY)",2025-12-02,85274,Rhopalostylis sapida,https://inaturalist-open-data.s3.amazonaws.com/photos/596813193/large.jpg,https://inaturalist-open-data.s3.amazonaws.com/photos/596813193/original.jpg,data/raw/nikau/596813193.jpg,872138,d1eda15d944d3a716cfa9bc15d137f2c,1536,2048,2026-09-11T15:59:53+1200,train
nikau,plant,Nīkau,Rhopalostylis sapida,20072524,30994322,cc0,no rights reserved,2019-02-03,85274,Rhopalostylis sapida,https://inaturalist-open-data.s3.amazonaws.com/photos/30994322/large.jpeg,https://inaturalist-open-data.s3.amazonaws.com/photos/30994322/original.jpeg,data/raw/nikau/30994322.jpg,313936,25eeb043a0063ef804336ce5af72e20d,2048,1536,2026-09-11T15:59:53+1200,train
nikau,plant,Nīkau,Rhopalostylis sapida,20072524,30994328,cc0,no rights reserved,2019-02-03,85274,Rhopalostylis sapida,https://inaturalist-open-data.s3.amazonaws.com/photos/30994328/large.jpeg,https://inaturalist-open-data.s3.amazonaws.com/photos/30994328/original.jpeg,data/raw/nikau/30994328.jpg,227461,ddf04ac3fbaffe5468ddfd21b2c9f061,1536,2048,2026-09-11T15:59:53+1200,train
nikau,plant,Nīkau,Rhopalostylis sapida,20072524,30994330,cc0,no rights reserved,2019-02-03,85274,Rhopalostylis sapida,https://inaturalist-open-data.s3.amazonaws.com/photos/30994330/large.jpeg,https://inaturalist-open-data.s3.amazonaws.com/photos/30994330/original.jpeg,data/raw/nikau/30994330.jpg,226683,7f91330ce956c27c505e34b60de73732,1536,2048,2026-09-11T15:59:53+1200,train
nikau,plant,Nīkau,Rhopalostylis sapida,20072524,30994338,cc0,no rights reserved,2019-02-03,85274,Rhopalostylis sapida,https://inaturalist-open-data.s3.amazonaws.com/photos/30994338/large.jpeg,https://inaturalist-open-data.s3.amazonaws.com/photos/30994338/original.jpeg,data/raw/nikau/30994338.jpg,208445,1e38ce5ab7eb7dc42eccdea561f9796d,1536,2048,2026-09-11T15:59:53+1200,train
nikau,plant,Nīkau,Rhopalostylis sapida,20072524,30994367,cc0,no rights reserved,2019-02-03,85274,Rhopalostylis sapida,https://inaturalist-open-data.s3.amazonaws.com/photos/30994367/large.jpeg,https://inaturalist-open-data.s3.amazonaws.com/photos/30994367/original.jpeg,data/raw/nikau/30994367.jpg,268286,d0699e4dded48c209c9b69fb02d70b80,1536,2048,2026-09-11T15:59:53+1200,train
nikau,plant,Nīkau,Rhopalostylis sapida,20072524,30994349,cc0,no rights reserved,2019-02-03,85274,Rhopalostylis sapida,https://inaturalist-open-data.s3.amazonaws.com/photos/30994349/large.jpeg,https://inaturalist-open-data.s3.amazonaws.com/photos/30994349/original.jpeg,data/raw/nikau/30994349.jpg,198691,3c1c78f93adf8a9d37ab61e044a031de,1536,2048,2026-09-11T15:59:53+1200,train
nikau,plant,Nīkau,Rhopalostylis sapida,20072524,30994361,cc0,no rights reserved,2019-02-03,85274,Rhopalostylis sapida,https://inaturalist-open-data.s3.amazonaws.com/photos/30994361/large.jpeg,https://inaturalist-open-data.s3.amazonaws.com/photos/30994361/original.jpeg,data/raw/nikau/30994361.jpg,172578,8c82cfdecd50cd18a001d8ab2fcc1047,2048,1536,2026-09-11T15:59:53+1200,train
nikau,plant,Nīkau,Rhopalostylis sapida,20072524,30994368,cc0,no rights reserved,2019-02-03,85274,Rhopalostylis sapida,https://inaturalist-open-data.s3.amazonaws.com/photos/30994368/large.jpeg,https://inaturalist-open-data.s3.amazonaws.com/photos/30994368/original.jpeg,data/raw/nikau/30994368.jpg,266737,4044b05f5bed3109eec6ac9b8ff5ca7a,1536,2048,2026-09-11T15:59:53+1200,train
nikau,plant,Nīkau,Rhopalostylis sapida,20072524,30994374,cc0,no rights reserved,2019-02-03,85274,Rhopalostylis sapida,https://inaturalist-open-data.s3.amazonaws.com/photos/30994374/large.jpeg,https://inaturalist-open-data.s3.amazonaws.com/photos/30994374/original.jpeg,data/raw/nikau/30994374.jpg,204965,b95a54efc9b6f461a8d237f884376131,1536,2048,2026-09-11T15:59:53+1200,train
nikau,plant,Nīkau,Rhopalostylis sapida,20072524,30994585,cc0,no rights reserved,2019-02-03,85274,Rhopalostylis sapida,https://inaturalist-open-data.s3.amazonaws.com/photos/30994585/large.jpeg,https://inaturalist-open-data.s3.amazonaws.com/photos/30994585/original.jpeg,data/raw/nikau/30994585.jpg,379564,7dfc466067843e7c7d977cbd16781746,2048,1536,2026-09-11T15:59:53+1200,train
nikau,plant,Nīkau,Rhopalostylis sapida,15934216,23837994,cc0,no rights reserved,2018-08-22,85274,Rhopalostylis sapida,https://inaturalist-open-data.s3.amazonaws.com/photos/23837994/large.jpeg,https://inaturalist-open-data.s3.amazonaws.com/photos/23837994/original.jpeg,data/raw/nikau/23837994.jpg,396156,3cb98d2f9b95c958f86dbe58d18849d5,2048,1536,2026-09-11T15:59:53+1200,train
nikau,plant,Nīkau,Rhopalostylis sapida,15934216,23838166,cc0,no rights reserved,2018-08-22,85274,Rhopalostylis sapida,https://inaturalist-open-data.s3.amazonaws.com/photos/23838166/large.jpeg,https://inaturalist-open-data.s3.amazonaws.com/photos/23838166/original.jpeg,data/raw/nikau/23838166.jpg,403062,1fb5749a64506aa0d68ee8e8558a5b4f,1536,2048,2026-09-11T15:59:53+1200,train
nikau,plant,Nīkau,Rhopalostylis sapida,343420310,625571289,cc0,no rights reserved,2026-03-17,85274,Rhopalostylis sapida,https://inaturalist-open-data.s3.amazonaws.com/photos/625571289/large.jpg,https://inaturalist-open-data.s3.amazonaws.com/photos/625571289/original.jpg,data/raw/nikau/625571289.jpg,527941,2c186632e9f7d1b3d8beccc6c5ee1fad,1536,2048,2026-09-11T15:59:53+1200,train
nikau,plant,Nīkau,Rhopalostylis sapida,246029606,439104501,cc-by,"(c) Saryu Mae 前 朝琉, some rights reserved (CC BY)",2024-09-23,85274,Rhopalostylis sapida,https://inaturalist-open-data.s3.amazonaws.com/photos/439104501/large.jpeg,https://inaturalist-open-data.s3.amazonaws.com/photos/439104501/original.jpeg,data/raw/nikau/439104501.jpg,137343,0c90e05a1531388d855c3d0200ce8d84,2048,1365,2026-09-11T15:59:53+1200,train
nikau,plant,Nīkau,Rhopalostylis sapida,13596152,20001055,cc0,no rights reserved,2018-06-15,85274,Rhopalostylis sapida,https://inaturalist-open-data.s3.amazonaws.com/photos/20001055/large.jpeg,https://inaturalist-open-data.s3.amazonaws.com/photos/20001055/original.jpeg,data/raw/nikau/20001055.jpg,422874,c5a1e435f5fd09d1a7ad078d9b95d34a,1536,2048,2026-09-11T15:59:53+1200,train
nikau,plant,Nīkau,Rhopalostylis sapida,12965851,18849549,cc0,no rights reserved,1999-06-18,85274,Rhopalostylis sapida,https://inaturalist-open-data.s3.amazonaws.com/photos/18849549/large.jpg,https://inaturalist-open-data.s3.amazonaws.com/photos/18849549/original.jpg,data/raw/nikau/18849549.jpg,60149,c1ef6d701e3a15d1eb97fd5918234963,640,480,2026-09-11T15:59:53+1200,train
nikau,plant,Nīkau,Rhopalostylis sapida,133167266,226790228,cc-by,"(c) Mike Bowie, some rights reserved (CC BY)",2022-09-01,85274,Rhopalostylis sapida,https://inaturalist-open-data.s3.amazonaws.com/photos/226790228/large.jpeg,https://inaturalist-open-data.s3.amazonaws.com/photos/226790228/original.jpeg,data/raw/nikau/226790228.jpg,884176,a103a3e0ecb2315994bbc383874c43f9,2048,1536,2026-09-11T15:59:53+1200,train
nikau,plant,Nīkau,Rhopalostylis sapida,255372628,457638516,cc0,no rights reserved,2024-12-17,85274,Rhopalostylis sapida,https://inaturalist-open-data.s3.amazonaws.com/photos/457638516/large.jpeg,https://inaturalist-open-data.s3.amazonaws.com/photos/457638516/original.jpeg,data/raw/nikau/457638516.jpg,436576,c4d7a383150bec45d65af99ec210b911,1536,2048,2026-09-11T15:59:53+1200,train
nikau,plant,Nīkau,Rhopalostylis sapida,40515622,64206886,cc-by,"(c) Danielle, some rights reserved (CC BY)",2020-03-22,85274,Rhopalostylis sapida,https://inaturalist-open-data.s3.amazonaws.com/photos/64206886/large.jpg,https://inaturalist-open-data.s3.amazonaws.com/photos/64206886/original.jpg,data/raw/nikau/64206886.jpg,307565,0b0db1de2c7d6d2a863e7aa67331eef9,1024,768,2026-09-11T15:59:53+1200,train
nikau,plant,Nīkau,Rhopalostylis sapida,40515622,64206893,cc-by,"(c) Danielle, some rights reserved (CC BY)",2020-03-22,85274,Rhopalostylis sapida,https://inaturalist-open-data.s3.amazonaws.com/photos/64206893/large.jpg,https://inaturalist-open-data.s3.amazonaws.com/photos/64206893/original.jpg,data/raw/nikau/64206893.jpg,262639,82cca10b7fe530fb60590923eb7e328f,768,1024,2026-09-11T15:59:53+1200,train
nikau,plant,Nīkau,Rhopalostylis sapida,113603536,191916937,cc0,no rights reserved,2022-04-30,85274,Rhopalostylis sapida,https://inaturalist-open-data.s3.amazonaws.com/photos/191916937/large.jpeg,https://inaturalist-open-data.s3.amazonaws.com/photos/191916937/original.jpeg,data/raw/nikau/191916937.jpg,605651,d5b3f2908c5a4f7cf7c9b18c3bb74cb0,1152,2048,2026-09-11T15:59:53+1200,train
nikau,plant,Nīkau,Rhopalostylis sapida,113324672,191486153,cc-by,"(c) Emily Roberts, some rights reserved (CC BY)",2022-04-29,85274,Rhopalostylis sapida,https://inaturalist-open-data.s3.amazonaws.com/photos/191486153/large.jpg,https://inaturalist-open-data.s3.amazonaws.com/photos/191486153/original.jpg,data/raw/nikau/191486153.jpg,337337,2e16850f92560c328b88415b590f82a6,1536,2048,2026-09-11T15:59:53+1200,train
nikau,plant,Nīkau,Rhopalostylis sapida,112772872,190503814,cc-by,"(c) Kate McAlpine, some rights reserved (CC BY)",2022-04-25,85274,Rhopalostylis sapida,https://inaturalist-open-data.s3.amazonaws.com/photos/190503814/large.jpeg,https://inaturalist-open-data.s3.amazonaws.com/photos/190503814/original.jpeg,data/raw/nikau/190503814.jpg,872234,5f0d468e6c9b39f9d300e085310d82cc,1536,2048,2026-09-11T15:59:53+1200,train
nikau,plant,Nīkau,Rhopalostylis sapida,34810409,54831093,cc0,no rights reserved,2019-07-21,85274,Rhopalostylis sapida,https://inaturalist-open-data.s3.amazonaws.com/photos/54831093/large.jpeg,https://inaturalist-open-data.s3.amazonaws.com/photos/54831093/original.jpeg,data/raw/nikau/54831093.jpg,374210,d592901000e345fe88a72c882d34e7f3,2048,1679,2026-09-11T15:59:53+1200,train
nikau,plant,Nīkau,Rhopalostylis sapida,47490605,75321447,cc0,no rights reserved,2020-01-18,85274,Rhopalostylis sapida,https://inaturalist-open-data.s3.amazonaws.com/photos/75321447/large.jpeg,https://inaturalist-open-data.s3.amazonaws.com/photos/75321447/original.jpeg,data/raw/nikau/75321447.jpg,839189,cc2d00f7154664701cf97516cda68a47,2048,1913,2026-09-11T15:59:53+1200,train
nikau,plant,Nīkau,Rhopalostylis sapida,47490605,75320757,cc0,no rights reserved,2020-01-18,85274,Rhopalostylis sapida,https://inaturalist-open-data.s3.amazonaws.com/photos/75320757/large.jpeg,https://inaturalist-open-data.s3.amazonaws.com/photos/75320757/original.jpeg,data/raw/nikau/75320757.jpg,571068,16a4e2b3b517528c74a88eddc21b24c0,2048,1368,2026-09-11T15:59:53+1200,train
nikau,plant,Nīkau,Rhopalostylis sapida,47490605,75321587,cc0,no rights reserved,2020-01-18,85274,Rhopalostylis sapida,https://inaturalist-open-data.s3.amazonaws.com/photos/75321587/large.jpeg,https://inaturalist-open-data.s3.amazonaws.com/photos/75321587/original.jpeg,data/raw/nikau/75321587.jpg,691837,054bb628f48b17866889f954117f405a,2048,1368,2026-09-11T15:59:53+1200,train
nikau,plant,Nīkau,Rhopalostylis sapida,47490605,75322548,cc0,no rights reserved,2020-01-18,85274,Rhopalostylis sapida,https://inaturalist-open-data.s3.amazonaws.com/photos/75322548/large.jpeg,https://inaturalist-open-data.s3.amazonaws.com/photos/75322548/original.jpeg,data/raw/nikau/75322548.jpg,549080,55121fd8103546ecc7a83ce218a514b0,2048,1536,2026-09-11T15:59:53+1200,train
nikau,plant,Nīkau,Rhopalostylis sapida,1159928,1462191,cc-by,"(c) Lisa Bennett, some rights reserved (CC BY)",2014-12-20,85274,Rhopalostylis sapida,https://inaturalist-open-data.s3.amazonaws.com/photos/1462191/large.JPG,https://inaturalist-open-data.s3.amazonaws.com/photos/1462191/original.JPG,data/raw/nikau/1462191.jpg,400639,1ac825a26a24199da3b93184185014cc,1536,2048,2026-09-11T15:59:53+1200,train
nikau,plant,Nīkau,Rhopalostylis sapida,2582376,2883334,cc-by,"(c) Bruce Calvert, some rights reserved (CC BY)",2016-01-15,85274,Rhopalostylis sapida,https://inaturalist-open-data.s3.amazonaws.com/photos/2883334/large.jpg,https://inaturalist-open-data.s3.amazonaws.com/photos/2883334/original.jpg,data/raw/nikau/2883334.jpg,990417,e597779894086eeb0bd5cd8f9ab6bceb,1529,2048,2026-09-11T15:59:53+1200,train
nikau,plant,Nīkau,Rhopalostylis sapida,2582376,2883333,cc-by,"(c) Bruce Calvert, some rights reserved (CC BY)",2016-01-15,85274,Rhopalostylis sapida,https://inaturalist-open-data.s3.amazonaws.com/photos/2883333/large.jpg,https://inaturalist-open-data.s3.amazonaws.com/photos/2883333/original.jpg,data/raw/nikau/2883333.jpg,1194735,ff469a5151e2e6b88618d8e28ca25a52,1529,2048,2026-09-11T15:59:53+1200,train
nikau,plant,Nīkau,Rhopalostylis sapida,1380400,1705747,cc0,no rights reserved,2015-04-05,85274,Rhopalostylis sapida,https://inaturalist-open-data.s3.amazonaws.com/photos/1705747/large.jpg,https://inaturalist-open-data.s3.amazonaws.com/photos/1705747/original.jpg,data/raw/nikau/1705747.jpg,1362245,37c41f57ba6cc4967ad828e8cc015761,2048,2012,2026-09-11T15:59:53+1200,train
nikau,plant,Nīkau,Rhopalostylis sapida,1547146,1916510,cc0,no rights reserved,2006-01-13,85274,Rhopalostylis sapida,https://inaturalist-open-data.s3.amazonaws.com/photos/1916510/large.jpg,https://inaturalist-open-data.s3.amazonaws.com/photos/1916510/original.jpg,data/raw/nikau/1916510.jpg,373160,d7e1f309838efc51336d1985a71b72c6,709,1070,2026-09-11T15:59:53+1200,train
nikau,plant,Nīkau,Rhopalostylis sapida,1547146,1916511,cc0,no rights reserved,2006-01-13,85274,Rhopalostylis sapida,https://inaturalist-open-data.s3.amazonaws.com/photos/1916511/large.jpg,https://inaturalist-open-data.s3.amazonaws.com/photos/1916511/original.jpg,data/raw/nikau/1916511.jpg,504966,4c4dc2f7e76f5b0fe060e466c20a34e8,709,945,2026-09-11T15:59:53+1200,train
nikau,plant,Nīkau,Rhopalostylis sapida,1547146,1916512,cc0,no rights reserved,2006-01-13,85274,Rhopalostylis sapida,https://inaturalist-open-data.s3.amazonaws.com/photos/1916512/large.jpg,https://inaturalist-open-data.s3.amazonaws.com/photos/1916512/original.jpg,data/raw/nikau/1916512.jpg,528214,14134093790382644ed72de326e432d1,709,945,2026-09-11T15:59:53+1200,train
nikau,plant,Nīkau,Rhopalostylis sapida,247278549,441612458,cc0,no rights reserved,2024-07-23,85274,Rhopalostylis sapida,https://inaturalist-open-data.s3.amazonaws.com/photos/441612458/large.jpeg,https://inaturalist-open-data.s3.amazonaws.com/photos/441612458/original.jpeg,data/raw/nikau/441612458.jpg,458868,31eaef4a2fa0e6e1d124bcdf54784f8f,1536,2048,2026-09-11T15:59:53+1200,train
nikau,plant,Nīkau,Rhopalostylis sapida,247278549,441612449,cc0,no rights reserved,2024-07-23,85274,Rhopalostylis sapida,https://inaturalist-open-data.s3.amazonaws.com/photos/441612449/large.jpeg,https://inaturalist-open-data.s3.amazonaws.com/photos/441612449/original.jpeg,data/raw/nikau/441612449.jpg,402133,ba83821d51d809f41b64864fdcd6d091,1536,2048,2026-09-11T15:59:53+1200,train
nikau,plant,Nīkau,Rhopalostylis sapida,247278549,441612462,cc0,no rights reserved,2024-07-23,85274,Rhopalostylis sapida,https://inaturalist-open-data.s3.amazonaws.com/photos/441612462/large.jpeg,https://inaturalist-open-data.s3.amazonaws.com/photos/441612462/original.jpeg,data/raw/nikau/441612462.jpg,439245,fbf3d96309ac10225b5455f5633f3b54,1536,2048,2026-09-11T15:59:53+1200,train
nikau,plant,Nīkau,Rhopalostylis sapida,252314500,451649355,cc-by,"(c) Alice Shanks, some rights reserved (CC BY)",2024-11-19,85274,Rhopalostylis sapida,https://inaturalist-open-data.s3.amazonaws.com/photos/451649355/large.jpeg,https://inaturalist-open-data.s3.amazonaws.com/photos/451649355/original.jpeg,data/raw/nikau/451649355.jpg,629774,7943e19ace6964f256c6335671211a78,2048,1538,2026-09-11T15:59:53+1200,train
kowhai,plant,Kōwhai,Sophora microphylla,2651543,2978252,cc-by,"(c) Jon Sullivan, some rights reserved (CC BY)",2016-01-07,210947,Sophora microphylla,https://inaturalist-open-data.s3.amazonaws.com/photos/2978252/large.jpg,https://inaturalist-open-data.s3.amazonaws.com/photos/2978252/original.jpg,data/raw/kowhai/2978252.jpg,281991,02bce903c07b3e7defcdaafb7a2828ed,2048,1367,2026-09-11T16:00:22+1200,train
kowhai,plant,Kōwhai,Sophora microphylla,2651543,2978253,cc-by,"(c) Jon Sullivan, some rights reserved (CC BY)",2016-01-07,210947,Sophora microphylla,https://inaturalist-open-data.s3.amazonaws.com/photos/2978253/large.jpg,https://inaturalist-open-data.s3.amazonaws.com/photos/2978253/original.jpg,data/raw/kowhai/2978253.jpg,303572,8f02c09521f0f183d0866167bcdc5c6a,2048,1367,2026-09-11T16:00:22+1200,train
kowhai,plant,Kōwhai,Sophora microphylla,2651543,2980195,cc-by,"(c) Jon Sullivan, some rights reserved (CC BY)",2016-01-07,210947,Sophora microphylla,https://inaturalist-open-data.s3.amazonaws.com/photos/2980195/large.jpg,https://inaturalist-open-data.s3.amazonaws.com/photos/2980195/original.jpg,data/raw/kowhai/2980195.jpg,215434,3c58d269e6c3a1f150c097e647e48664,2048,1367,2026-09-11T16:00:22+1200,train
kowhai,plant,Kōwhai,Sophora microphylla,137121579,234129279,cc-by,"(c) Joe Potter Butler, some rights reserved (CC BY)",2022-10-01,210947,Sophora microphylla,https://inaturalist-open-data.s3.amazonaws.com/photos/234129279/large.jpeg,https://inaturalist-open-data.s3.amazonaws.com/photos/234129279/original.jpeg,data/raw/kowhai/234129279.jpg,382271,68dbc4d739fdecd4c8b32c2a9fddbbba,2048,1365,2026-09-11T16:00:22+1200,train
kowhai,plant,Kōwhai,Sophora microphylla,137121579,234129421,cc-by,"(c) Joe Potter Butler, some rights reserved (CC BY)",2022-10-01,210947,Sophora microphylla,https://inaturalist-open-data.s3.amazonaws.com/photos/234129421/large.jpeg,https://inaturalist-open-data.s3.amazonaws.com/photos/234129421/original.jpeg,data/raw/kowhai/234129421.jpg,709036,d686255d73bdc3e2612fcd1419b9dd17,2048,1365,2026-09-11T16:00:22+1200,train
kowhai,plant,Kōwhai,Sophora microphylla,137121579,234129431,cc-by,"(c) Joe Potter Butler, some rights reserved (CC BY)",2022-10-01,210947,Sophora microphylla,https://inaturalist-open-data.s3.amazonaws.com/photos/234129431/large.jpeg,https://inaturalist-open-data.s3.amazonaws.com/photos/234129431/original.jpeg,data/raw/kowhai/234129431.jpg,759497,c775178695f91f06d8e5929687b779ed,2048,1365,2026-09-11T16:00:22+1200,train
kowhai,plant,Kōwhai,Sophora microphylla,137121579,234129441,cc-by,"(c) Joe Potter Butler, some rights reserved (CC BY)",2022-10-01,210947,Sophora microphylla,https://inaturalist-open-data.s3.amazonaws.com/photos/234129441/large.jpeg,https://inaturalist-open-data.s3.amazonaws.com/photos/234129441/original.jpeg,data/raw/kowhai/234129441.jpg,305605,d77fa613e8dea8df2b35dbf617cc4664,2048,1365,2026-09-11T16:00:22+1200,train
kowhai,plant,Kōwhai,Sophora microphylla,137121579,234129450,cc-by,"(c) Joe Potter Butler, some rights reserved (CC BY)",2022-10-01,210947,Sophora microphylla,https://inaturalist-open-data.s3.amazonaws.com/photos/234129450/large.jpeg,https://inaturalist-open-data.s3.amazonaws.com/photos/234129450/original.jpeg,data/raw/kowhai/234129450.jpg,770128,66c2513d4e8d54c40f300da757baf30c,2048,1365,2026-09-11T16:00:22+1200,train
kowhai,plant,Kōwhai,Sophora microphylla,137121579,234129466,cc-by,"(c) Joe Potter Butler, some rights reserved (CC BY)",2022-10-01,210947,Sophora microphylla,https://inaturalist-open-data.s3.amazonaws.com/photos/234129466/large.jpeg,https://inaturalist-open-data.s3.amazonaws.com/photos/234129466/original.jpeg,data/raw/kowhai/234129466.jpg,719792,ba930da4e546ddbb6764ede99c546b12,2048,1365,2026-09-11T16:00:22+1200,train
kowhai,plant,Kōwhai,Sophora microphylla,103565714,173364882,cc-by,"(c) Jenny Saito, some rights reserved (CC BY)",2021-12-23,210947,Sophora microphylla,https://inaturalist-open-data.s3.amazonaws.com/photos/173364882/large.jpeg,https://inaturalist-open-data.s3.amazonaws.com/photos/173364882/original.jpeg,data/raw/kowhai/173364882.jpg,1086196,58325b04245f2cc8fe4732db9552c9dc,2048,2048,2026-09-11T16:00:22+1200,train
kowhai,plant,Kōwhai,Sophora microphylla,103565714,173364892,cc-by,"(c) Jenny Saito, some rights reserved (CC BY)",2021-12-23,210947,Sophora microphylla,https://inaturalist-open-data.s3.amazonaws.com/photos/173364892/large.jpeg,https://inaturalist-open-data.s3.amazonaws.com/photos/173364892/original.jpeg,data/raw/kowhai/173364892.jpg,1089414,7d9a87597afade41cfc43c6cdd6f9340,2048,2048,2026-09-11T16:00:22+1200,train
kowhai,plant,Kōwhai,Sophora microphylla,110726586,186838110,cc0,no rights reserved,2022-04-08,210947,Sophora microphylla,https://inaturalist-open-data.s3.amazonaws.com/photos/186838110/large.jpg,https://inaturalist-open-data.s3.amazonaws.com/photos/186838110/original.jpg,data/raw/kowhai/186838110.jpg,343285,00daa2bd5d981869b675fe0875340e45,1536,2048,2026-09-11T16:00:22+1200,train
kowhai,plant,Kōwhai,Sophora microphylla,107993207,181735671,cc0,no rights reserved,2022-03-06,210947,Sophora microphylla,https://inaturalist-open-data.s3.amazonaws.com/photos/181735671/large.jpg,https://inaturalist-open-data.s3.amazonaws.com/photos/181735671/original.jpg,data/raw/kowhai/181735671.jpg,516259,28b51f519dc4918c9ad82cfdf3a7046b,1536,2048,2026-09-11T16:00:22+1200,train
kowhai,plant,Kōwhai,Sophora microphylla,107993207,181735696,cc0,no rights reserved,2022-03-06,210947,Sophora microphylla,https://inaturalist-open-data.s3.amazonaws.com/photos/181735696/large.jpg,https://inaturalist-open-data.s3.amazonaws.com/photos/181735696/original.jpg,data/raw/kowhai/181735696.jpg,541492,b761c21a2b5ccb80cfd441526298df28,1536,2048,2026-09-11T16:00:22+1200,train
kowhai,plant,Kōwhai,Sophora microphylla,107993207,181735726,cc0,no rights reserved,2022-03-06,210947,Sophora microphylla,https://inaturalist-open-data.s3.amazonaws.com/photos/181735726/large.jpg,https://inaturalist-open-data.s3.amazonaws.com/photos/181735726/original.jpg,data/raw/kowhai/181735726.jpg,566417,02189a27d1817aab40067de8db81844a,1536,2048,2026-09-11T16:00:22+1200,train
kowhai,plant,Kōwhai,Sophora microphylla,266862326,479506951,cc0,no rights reserved,2025-03-25,210947,Sophora microphylla,https://inaturalist-open-data.s3.amazonaws.com/photos/479506951/large.jpg,https://inaturalist-open-data.s3.amazonaws.com/photos/479506951/original.jpg,data/raw/kowhai/479506951.jpg,439733,b464214c06a207c4c93303197d5ab9e8,1536,2048,2026-09-11T16:00:22+1200,train
kowhai,plant,Kōwhai,Sophora microphylla,272151920,489611609,cc-by,"(c) Jon Sullivan, some rights reserved (CC BY)",2025-04-09,210947,Sophora microphylla,https://inaturalist-open-data.s3.amazonaws.com/photos/489611609/large.jpg,https://inaturalist-open-data.s3.amazonaws.com/photos/489611609/original.jpg,data/raw/kowhai/489611609.jpg,733547,43c9fe50c46388af7ce569291ecb7257,2048,1367,2026-09-11T16:00:22+1200,train
kowhai,plant,Kōwhai,Sophora microphylla,180726395,314864041,cc0,no rights reserved,2023-08-29,210947,Sophora microphylla,https://inaturalist-open-data.s3.amazonaws.com/photos/314864041/large.jpg,https://inaturalist-open-data.s3.amazonaws.com/photos/314864041/original.jpg,data/raw/kowhai/314864041.jpg,537507,4d253ebc397815454f5f668ee482a130,1536,2048,2026-09-11T16:00:22+1200,train
kowhai,plant,Kōwhai,Sophora microphylla,180733774,314877877,cc-by,"(c) Nicholas Allen, some rights reserved (CC BY)",2023-08-27,210947,Sophora microphylla,https://inaturalist-open-data.s3.amazonaws.com/photos/314877877/large.jpg,https://inaturalist-open-data.s3.amazonaws.com/photos/314877877/original.jpg,data/raw/kowhai/314877877.jpg,510651,42e386c98188afa9a99ce75b5ccd9d18,1536,2048,2026-09-11T16:00:22+1200,train
kowhai,plant,Kōwhai,Sophora microphylla,263359786,473108429,cc-by,"(c) Benjamin Lavin, some rights reserved (CC BY)",2025-01-27,210947,Sophora microphylla,https://inaturalist-open-data.s3.amazonaws.com/photos/473108429/large.jpeg,https://inaturalist-open-data.s3.amazonaws.com/photos/473108429/original.jpeg,data/raw/kowhai/473108429.jpg,532844,bc0806ac7a2eade436effbb8772b9f57,1536,2048,2026-09-11T16:00:22+1200,train
kowhai,plant,Kōwhai,Sophora microphylla,263359786,473108523,cc-by,"(c) Benjamin Lavin, some rights reserved (CC BY)",2025-01-27,210947,Sophora microphylla,https://inaturalist-open-data.s3.amazonaws.com/photos/473108523/large.jpeg,https://inaturalist-open-data.s3.amazonaws.com/photos/473108523/original.jpeg,data/raw/kowhai/473108523.jpg,430857,4eadac0fc7262cb3c557e6acebf102f6,2048,1536,2026-09-11T16:00:22+1200,train
kowhai,plant,Kōwhai,Sophora microphylla,263359786,473108532,cc-by,"(c) Benjamin Lavin, some rights reserved (CC BY)",2025-01-27,210947,Sophora microphylla,https://inaturalist-open-data.s3.amazonaws.com/photos/473108532/large.jpeg,https://inaturalist-open-data.s3.amazonaws.com/photos/473108532/original.jpeg,data/raw/kowhai/473108532.jpg,484086,6c1ac7fba0f180a8bfe70c81418ca5c3,1536,2048,2026-09-11T16:00:22+1200,train
kowhai,plant,Kōwhai,Sophora microphylla,263359786,473108445,cc-by,"(c) Benjamin Lavin, some rights reserved (CC BY)",2025-01-27,210947,Sophora microphylla,https://inaturalist-open-data.s3.amazonaws.com/photos/473108445/large.jpeg,https://inaturalist-open-data.s3.amazonaws.com/photos/473108445/original.jpeg,data/raw/kowhai/473108445.jpg,527184,a0a64d47015449c31e1798631b6c66cf,2048,1536,2026-09-11T16:00:22+1200,train
kowhai,plant,Kōwhai,Sophora microphylla,263359786,473108470,cc-by,"(c) Benjamin Lavin, some rights reserved (CC BY)",2025-01-27,210947,Sophora microphylla,https://inaturalist-open-data.s3.amazonaws.com/photos/473108470/large.jpeg,https://inaturalist-open-data.s3.amazonaws.com/photos/473108470/original.jpeg,data/raw/kowhai/473108470.jpg,552392,e2f5bd052d578910df9c3d0755849cc8,2048,1536,2026-09-11T16:00:22+1200,train
kowhai,plant,Kōwhai,Sophora microphylla,263359786,473108484,cc-by,"(c) Benjamin Lavin, some rights reserved (CC BY)",2025-01-27,210947,Sophora microphylla,https://inaturalist-open-data.s3.amazonaws.com/photos/473108484/large.jpeg,https://inaturalist-open-data.s3.amazonaws.com/photos/473108484/original.jpeg,data/raw/kowhai/473108484.jpg,378089,88ec116da880a901954b4ebced3f1503,2048,1536,2026-09-11T16:00:22+1200,train
kowhai,plant,Kōwhai,Sophora microphylla,195739776,344435425,cc-by,"(c) Eric Knight, some rights reserved (CC BY)",2023-12-12,210947,Sophora microphylla,https://inaturalist-open-data.s3.amazonaws.com/photos/344435425/large.jpg,https://inaturalist-open-data.s3.amazonaws.com/photos/344435425/original.jpg,data/raw/kowhai/344435425.jpg,351500,a7f86f37029883ac80d07d3af8b245f9,1536,2048,2026-09-11T16:00:22+1200,train
kowhai,plant,Kōwhai,Sophora microphylla,195739776,344435431,cc-by,"(c) Eric Knight, some rights reserved (CC BY)",2023-12-12,210947,Sophora microphylla,https://inaturalist-open-data.s3.amazonaws.com/photos/344435431/large.jpg,https://inaturalist-open-data.s3.amazonaws.com/photos/344435431/original.jpg,data/raw/kowhai/344435431.jpg,544953,2d50eee311528207e3c549d43e4ac826,1536,2048,2026-09-11T16:00:22+1200,train
kowhai,plant,Kōwhai,Sophora microphylla,193887264,340668813,cc-by,"(c) Mark Richman, some rights reserved (CC BY)",2023-12-13,210947,Sophora microphylla,https://inaturalist-open-data.s3.amazonaws.com/photos/340668813/large.jpg,https://inaturalist-open-data.s3.amazonaws.com/photos/340668813/original.jpg,data/raw/kowhai/340668813.jpg,397448,4b5b52822370f4b13b96622152e62278,1536,2048,2026-09-11T16:00:22+1200,train
kowhai,plant,Kōwhai,Sophora microphylla,193887264,340668830,cc-by,"(c) Mark Richman, some rights reserved (CC BY)",2023-12-13,210947,Sophora microphylla,https://inaturalist-open-data.s3.amazonaws.com/photos/340668830/large.jpg,https://inaturalist-open-data.s3.amazonaws.com/photos/340668830/original.jpg,data/raw/kowhai/340668830.jpg,418129,55a8aacf5feb2679e0d2771ad798f2a1,1536,2048,2026-09-11T16:00:22+1200,train
kowhai,plant,Kōwhai,Sophora microphylla,274263385,493096258,cc-by,"(c) boytouchgrass, some rights reserved (CC BY)",2025-04-27,210947,Sophora microphylla,https://inaturalist-open-data.s3.amazonaws.com/photos/493096258/large.jpg,https://inaturalist-open-data.s3.amazonaws.com/photos/493096258/original.jpg,data/raw/kowhai/493096258.jpg,1194602,621bc4add0e13a32ca107988d08e408e,1536,2048,2026-09-11T16:00:22+1200,train
kowhai,plant,Kōwhai,Sophora microphylla,376139429,687705466,cc-by,"(c) 謝麗霦, some rights reserved (CC BY)",2026-01-04,210947,Sophora microphylla,https://inaturalist-open-data.s3.amazonaws.com/photos/687705466/large.jpg,https://inaturalist-open-data.s3.amazonaws.com/photos/687705466/original.jpg,data/raw/kowhai/687705466.jpg,483812,cb3d91bd7219c6274fe7c7d0ce31e947,1536,2048,2026-09-11T16:00:22+1200,train
kowhai,plant,Kōwhai,Sophora microphylla,288649979,519119095,cc0,no rights reserved,2025-06-11,210947,Sophora microphylla,https://inaturalist-open-data.s3.amazonaws.com/photos/519119095/large.jpg,https://inaturalist-open-data.s3.amazonaws.com/photos/519119095/original.jpg,data/raw/kowhai/519119095.jpg,280750,4f65e4dc8bd18d233e789122e35e9b2c,1536,2048,2026-09-11T16:00:22+1200,train
kowhai,plant,Kōwhai,Sophora microphylla,288649979,519119117,cc0,no rights reserved,2025-06-11,210947,Sophora microphylla,https://inaturalist-open-data.s3.amazonaws.com/photos/519119117/large.jpg,https://inaturalist-open-data.s3.amazonaws.com/photos/519119117/original.jpg,data/raw/kowhai/519119117.jpg,162969,a21e6252c0a89cecc0e28b99791c26de,1536,2048,2026-09-11T16:00:22+1200,train
kowhai,plant,Kōwhai,Sophora microphylla,288649979,519119138,cc0,no rights reserved,2025-06-11,210947,Sophora microphylla,https://inaturalist-open-data.s3.amazonaws.com/photos/519119138/large.jpg,https://inaturalist-open-data.s3.amazonaws.com/photos/519119138/original.jpg,data/raw/kowhai/519119138.jpg,490128,18add537aebef9cc12205cc6184f08c8,1536,2048,2026-09-11T16:00:22+1200,train
kowhai,plant,Kōwhai,Sophora microphylla,288649979,519119153,cc0,no rights reserved,2025-06-11,210947,Sophora microphylla,https://inaturalist-open-data.s3.amazonaws.com/photos/519119153/large.jpg,https://inaturalist-open-data.s3.amazonaws.com/photos/519119153/original.jpg,data/raw/kowhai/519119153.jpg,264057,d975bc6aec3c2b5baf8d0d0ae244443d,1536,2048,2026-09-11T16:00:22+1200,train
kowhai,plant,Kōwhai,Sophora microphylla,1882941,2294929,cc-by,"(c) Jon Sullivan, some rights reserved (CC BY)",2015-08-21,210947,Sophora microphylla,https://inaturalist-open-data.s3.amazonaws.com/photos/2294929/large.jpg,https://inaturalist-open-data.s3.amazonaws.com/photos/2294929/original.jpg,data/raw/kowhai/2294929.jpg,335509,95bd18a65b6dbf9528e60f651febd492,1536,2048,2026-09-11T16:00:22+1200,train
kowhai,plant,Kōwhai,Sophora microphylla,4988277,6094369,cc-by,"(c) John Barkla, some rights reserved (CC BY)",2017-01-19,210947,Sophora microphylla,https://inaturalist-open-data.s3.amazonaws.com/photos/6094369/large.jpg,https://inaturalist-open-data.s3.amazonaws.com/photos/6094369/original.jpg,data/raw/kowhai/6094369.jpg,203960,75aef8715656cfafd1504a8053828d23,2048,1366,2026-09-11T16:00:22+1200,train
kowhai,plant,Kōwhai,Sophora microphylla,5742884,7125951,cc-by,"(c) naturewatchwidow, some rights reserved (CC BY)",2017-04-16,210947,Sophora microphylla,https://inaturalist-open-data.s3.amazonaws.com/photos/7125951/large.jpeg,https://inaturalist-open-data.s3.amazonaws.com/photos/7125951/original.jpeg,data/raw/kowhai/7125951.jpg,546079,3ae89d91d1de871ebabed34c9c1a092e,1152,2048,2026-09-11T16:00:22+1200,train
kowhai,plant,Kōwhai,Sophora microphylla,83086289,136428403,cc0,no rights reserved,2021-06-15,210947,Sophora microphylla,https://inaturalist-open-data.s3.amazonaws.com/photos/136428403/large.jpg,https://inaturalist-open-data.s3.amazonaws.com/photos/136428403/original.jpg,data/raw/kowhai/136428403.jpg,594782,cc2167d2f4c592259bee3e386509a399,1536,2048,2026-09-11T16:00:22+1200,train
kowhai,plant,Kōwhai,Sophora microphylla,83086289,136429620,cc0,no rights reserved,2021-06-15,210947,Sophora microphylla,https://inaturalist-open-data.s3.amazonaws.com/photos/136429620/large.jpg,https://inaturalist-open-data.s3.amazonaws.com/photos/136429620/original.jpg,data/raw/kowhai/136429620.jpg,523207,f5f99bfcbb42deb76eec336ec09a6ddf,1536,2048,2026-09-11T16:00:22+1200,train
kowhai,plant,Kōwhai,Sophora microphylla,305900838,551594755,cc-by,"(c) John Davey, some rights reserved (CC BY)",2025-08-13,413230,Sophora microphylla microphylla,https://inaturalist-open-data.s3.amazonaws.com/photos/551594755/large.jpg,https://inaturalist-open-data.s3.amazonaws.com/photos/551594755/original.jpg,data/raw/kowhai/551594755.jpg,1541698,2b47e3777aa305e4086c44207e7318d5,2048,2048,2026-09-11T16:00:22+1200,train
kowhai,plant,Kōwhai,Sophora microphylla,305900838,551594802,cc-by,"(c) John Davey, some rights reserved (CC BY)",2025-08-13,413230,Sophora microphylla microphylla,https://inaturalist-open-data.s3.amazonaws.com/photos/551594802/large.jpg,https://inaturalist-open-data.s3.amazonaws.com/photos/551594802/original.jpg,data/raw/kowhai/551594802.jpg,2037453,81188e6fda88846b5c90cdb2e958c268,2048,2048,2026-09-11T16:00:22+1200,train
kowhai,plant,Kōwhai,Sophora microphylla,341342665,621376135,cc-by,"(c) Jeff Young, some rights reserved (CC BY)",2026-02-07,210947,Sophora microphylla,https://inaturalist-open-data.s3.amazonaws.com/photos/621376135/large.jpg,https://inaturalist-open-data.s3.amazonaws.com/photos/621376135/original.jpg,data/raw/kowhai/621376135.jpg,693470,c808f00fe7045e736d4ad82db8db927f,1152,2048,2026-09-11T16:00:22+1200,train
kowhai,plant,Kōwhai,Sophora microphylla,136985950,233877165,cc-by,"(c) John Barkla, some rights reserved (CC BY)",2022-09-29,210947,Sophora microphylla,https://inaturalist-open-data.s3.amazonaws.com/photos/233877165/large.jpeg,https://inaturalist-open-data.s3.amazonaws.com/photos/233877165/original.jpeg,data/raw/kowhai/233877165.jpg,223587,25d31fa873861029ee16beb6010949d8,1773,1182,2026-09-11T16:00:22+1200,train
kowhai,plant,Kōwhai,Sophora microphylla,68437913,110814610,cc-by,"(c) janicelord, some rights reserved (CC BY)",2021-01-22,210947,Sophora microphylla,https://inaturalist-open-data.s3.amazonaws.com/photos/110814610/large.jpeg,https://inaturalist-open-data.s3.amazonaws.com/photos/110814610/original.jpeg,data/raw/kowhai/110814610.jpg,935283,5caf2d3e2173f190772e3c33a0266180,1536,2048,2026-09-11T16:00:22+1200,train
tradescantia,plant,Tradescantia,Tradescantia fluminensis,43254018,68653850,cc-by,"(c) Taylor Davies-Colley, some rights reserved (CC BY)",2020-04-25,79382,Tradescantia fluminensis,https://inaturalist-open-data.s3.amazonaws.com/photos/68653850/large.jpeg,https://inaturalist-open-data.s3.amazonaws.com/photos/68653850/original.jpeg,data/raw/tradescantia/68653850.jpg,479711,242eb096f490c100faa5519a42bf4e6e,1536,2048,2026-09-11T16:00:53+1200,train
tradescantia,plant,Tradescantia,Tradescantia fluminensis,43254018,68653881,cc-by,"(c) Taylor Davies-Colley, some rights reserved (CC BY)",2020-04-25,79382,Tradescantia fluminensis,https://inaturalist-open-data.s3.amazonaws.com/photos/68653881/large.jpeg,https://inaturalist-open-data.s3.amazonaws.com/photos/68653881/original.jpeg,data/raw/tradescantia/68653881.jpg,405429,a5c329a5cc2958d256e14dfbd038ebdc,1536,2048,2026-09-11T16:00:53+1200,train
tradescantia,plant,Tradescantia,Tradescantia fluminensis,203557908,359669695,cc-by,"(c) Saryu Mae 前 朝琉, some rights reserved (CC BY)",2023-12-01,79382,Tradescantia fluminensis,https://inaturalist-open-data.s3.amazonaws.com/photos/359669695/large.jpeg,https://inaturalist-open-data.s3.amazonaws.com/photos/359669695/original.jpeg,data/raw/tradescantia/359669695.jpg,99941,2c800aa8bf33988332d1930b5331bf5a,2048,1536,2026-09-11T16:00:53+1200,train
tradescantia,plant,Tradescantia,Tradescantia fluminensis,17609673,26816815,cc0,no rights reserved,2018-10-10,79382,Tradescantia fluminensis,https://inaturalist-open-data.s3.amazonaws.com/photos/26816815/large.jpeg,https://inaturalist-open-data.s3.amazonaws.com/photos/26816815/original.jpeg,data/raw/tradescantia/26816815.jpg,436839,9c1b6d9e685d788185710175ba8aa8ff,1536,2048,2026-09-11T16:00:53+1200,train
tradescantia,plant,Tradescantia,Tradescantia fluminensis,35113944,55351039,cc0,no rights reserved,2019-04-20,79382,Tradescantia fluminensis,https://inaturalist-open-data.s3.amazonaws.com/photos/55351039/large.jpeg,https://inaturalist-open-data.s3.amazonaws.com/photos/55351039/original.jpeg,data/raw/tradescantia/55351039.jpg,588062,55966e59991aee08e8fe94d3151f2e41,1828,2048,2026-09-11T16:00:53+1200,train
tradescantia,plant,Tradescantia,Tradescantia fluminensis,34757898,54740143,cc0,no rights reserved,2019-09-24,79382,Tradescantia fluminensis,https://inaturalist-open-data.s3.amazonaws.com/photos/54740143/large.jpeg,https://inaturalist-open-data.s3.amazonaws.com/photos/54740143/original.jpeg,data/raw/tradescantia/54740143.jpg,326724,0960ea2d99ad6538bf53224f235aa547,2048,1536,2026-09-11T16:00:53+1200,train
tradescantia,plant,Tradescantia,Tradescantia fluminensis,34757898,54740388,cc0,no rights reserved,2019-09-24,79382,Tradescantia fluminensis,https://inaturalist-open-data.s3.amazonaws.com/photos/54740388/large.jpeg,https://inaturalist-open-data.s3.amazonaws.com/photos/54740388/original.jpeg,data/raw/tradescantia/54740388.jpg,267252,1cc596b240ef939d0bcd216f9af40228,2048,1536,2026-09-11T16:00:53+1200,train
tradescantia,plant,Tradescantia,Tradescantia fluminensis,33246356,52201660,cc0,no rights reserved,2019-04-09,79382,Tradescantia fluminensis,https://inaturalist-open-data.s3.amazonaws.com/photos/52201660/large.jpeg,https://inaturalist-open-data.s3.amazonaws.com/photos/52201660/original.jpeg,data/raw/tradescantia/52201660.jpg,383449,1b3c3c6eecf98e8ebb37dabb3a8d74f6,2048,1536,2026-09-11T16:00:53+1200,train
tradescantia,plant,Tradescantia,Tradescantia fluminensis,33246356,52201661,cc0,no rights reserved,2019-04-09,79382,Tradescantia fluminensis,https://inaturalist-open-data.s3.amazonaws.com/photos/52201661/large.jpeg,https://inaturalist-open-data.s3.amazonaws.com/photos/52201661/original.jpeg,data/raw/tradescantia/52201661.jpg,376181,6c570ad1de80f1cb8400100c14cc4e4d,2048,1536,2026-09-11T16:00:53+1200,train
tradescantia,plant,Tradescantia,Tradescantia fluminensis,35157356,55406221,cc0,no rights reserved,2019-07-30,79382,Tradescantia fluminensis,https://inaturalist-open-data.s3.amazonaws.com/photos/55406221/large.jpeg,https://inaturalist-open-data.s3.amazonaws.com/photos/55406221/original.jpeg,data/raw/tradescantia/55406221.jpg,520484,00dc04a7c467cc271e01ef6df270eddb,2048,1881,2026-09-11T16:00:53+1200,train
tradescantia,plant,Tradescantia,Tradescantia fluminensis,36108146,57035451,cc0,no rights reserved,2019-03-19,79382,Tradescantia fluminensis,https://inaturalist-open-data.s3.amazonaws.com/photos/57035451/large.jpeg,https://inaturalist-open-data.s3.amazonaws.com/photos/57035451/original.jpeg,data/raw/tradescantia/57035451.jpg,316749,61a326422c77031ed13343841a91fd12,2048,1536,2026-09-11T16:00:53+1200,train
tradescantia,plant,Tradescantia,Tradescantia fluminensis,36167701,57138385,cc0,no rights reserved,2019-08-25,79382,Tradescantia fluminensis,https://inaturalist-open-data.s3.amazonaws.com/photos/57138385/large.jpeg,https://inaturalist-open-data.s3.amazonaws.com/photos/57138385/original.jpeg,data/raw/tradescantia/57138385.jpg,279388,a2772b4576faa2fb09203ab9c4aa850c,2048,1536,2026-09-11T16:00:53+1200,train
tradescantia,plant,Tradescantia,Tradescantia fluminensis,32516652,51007900,cc0,no rights reserved,2019-07-05,79382,Tradescantia fluminensis,https://inaturalist-open-data.s3.amazonaws.com/photos/51007900/large.jpeg,https://inaturalist-open-data.s3.amazonaws.com/photos/51007900/original.jpeg,data/raw/tradescantia/51007900.jpg,418924,69c4ac166076c413009cf5070db6952d,2048,1536,2026-09-11T16:00:53+1200,train
tradescantia,plant,Tradescantia,Tradescantia fluminensis,32626122,51187383,cc0,no rights reserved,2019-03-19,79382,Tradescantia fluminensis,https://inaturalist-open-data.s3.amazonaws.com/photos/51187383/large.jpeg,https://inaturalist-open-data.s3.amazonaws.com/photos/51187383/original.jpeg,data/raw/tradescantia/51187383.jpg,343378,7c5f56088d0cc15a456d96fb235ba86a,2048,1536,2026-09-11T16:00:53+1200,train
tradescantia,plant,Tradescantia,Tradescantia fluminensis,32626122,51187430,cc0,no rights reserved,2019-03-19,79382,Tradescantia fluminensis,https://inaturalist-open-data.s3.amazonaws.com/photos/51187430/large.jpeg,https://inaturalist-open-data.s3.amazonaws.com/photos/51187430/original.jpeg,data/raw/tradescantia/51187430.jpg,384534,2374cd1d5980bd13a5ea25a60fc3f9c7,2048,1536,2026-09-11T16:00:53+1200,train
tradescantia,plant,Tradescantia,Tradescantia fluminensis,32863241,51575117,cc0,no rights reserved,2019-06-04,79382,Tradescantia fluminensis,https://inaturalist-open-data.s3.amazonaws.com/photos/51575117/large.jpeg,https://inaturalist-open-data.s3.amazonaws.com/photos/51575117/original.jpeg,data/raw/tradescantia/51575117.jpg,405987,d683978c3d2f3a101fe094bfb40b4ab5,2048,1536,2026-09-11T16:00:53+1200,train
tradescantia,plant,Tradescantia,Tradescantia fluminensis,32863241,51575274,cc0,no rights reserved,2019-06-04,79382,Tradescantia fluminensis,https://inaturalist-open-data.s3.amazonaws.com/photos/51575274/large.jpeg,https://inaturalist-open-data.s3.amazonaws.com/photos/51575274/original.jpeg,data/raw/tradescantia/51575274.jpg,443204,7a6f9b0e5b8049532d678a944deadef2,1536,2048,2026-09-11T16:00:53+1200,train
tradescantia,plant,Tradescantia,Tradescantia fluminensis,32556894,51073889,cc0,no rights reserved,2019-07-05,79382,Tradescantia fluminensis,https://inaturalist-open-data.s3.amazonaws.com/photos/51073889/large.jpeg,https://inaturalist-open-data.s3.amazonaws.com/photos/51073889/original.jpeg,data/raw/tradescantia/51073889.jpg,400474,f56b2ce5016359ced00f7ff62428f0b1,2048,1536,2026-09-11T16:00:53+1200,train
tradescantia,plant,Tradescantia,Tradescantia fluminensis,32606527,51153151,cc0,no rights reserved,2019-08-07,79382,Tradescantia fluminensis,https://inaturalist-open-data.s3.amazonaws.com/photos/51153151/large.jpeg,https://inaturalist-open-data.s3.amazonaws.com/photos/51153151/original.jpeg,data/raw/tradescantia/51153151.jpg,302274,4266583015b95603b4f1226676753a85,2048,1536,2026-09-11T16:00:53+1200,train
tradescantia,plant,Tradescantia,Tradescantia fluminensis,36086931,56995532,cc0,no rights reserved,2019-07-05,79382,Tradescantia fluminensis,https://inaturalist-open-data.s3.amazonaws.com/photos/56995532/large.jpeg,https://inaturalist-open-data.s3.amazonaws.com/photos/56995532/original.jpeg,data/raw/tradescantia/56995532.jpg,245832,a6de62c8aa79104304d4a7ff09082316,2048,1536,2026-09-11T16:00:53+1200,train
tradescantia,plant,Tradescantia,Tradescantia fluminensis,35320063,55683470,cc0,no rights reserved,2019-04-02,79382,Tradescantia fluminensis,https://inaturalist-open-data.s3.amazonaws.com/photos/55683470/large.jpeg,https://inaturalist-open-data.s3.amazonaws.com/photos/55683470/original.jpeg,data/raw/tradescantia/55683470.jpg,350057,c1abc96483912cdd20ee60aa9e697269,1536,2048,2026-09-11T16:00:53+1200,train
tradescantia,plant,Tradescantia,Tradescantia fluminensis,35320063,55683480,cc0,no rights reserved,2019-04-02,79382,Tradescantia fluminensis,https://inaturalist-open-data.s3.amazonaws.com/photos/55683480/large.jpeg,https://inaturalist-open-data.s3.amazonaws.com/photos/55683480/original.jpeg,data/raw/tradescantia/55683480.jpg,339559,2c066e3de32fb28d270afa2ede33bbb6,2048,1536,2026-09-11T16:00:53+1200,train
tradescantia,plant,Tradescantia,Tradescantia fluminensis,277892534,498948315,cc-by,"(c) Jon Sullivan, some rights reserved (CC BY)",2025-04-26,79382,Tradescantia fluminensis,https://inaturalist-open-data.s3.amazonaws.com/photos/498948315/large.jpg,https://inaturalist-open-data.s3.amazonaws.com/photos/498948315/original.jpg,data/raw/tradescantia/498948315.jpg,487635,67af5574c3d869e247300325c7c13e21,2048,1365,2026-09-11T16:00:53+1200,train
tradescantia,plant,Tradescantia,Tradescantia fluminensis,273605751,492066649,cc-by,"(c) John Davey, some rights reserved (CC BY)",2025-04-26,79382,Tradescantia fluminensis,https://inaturalist-open-data.s3.amazonaws.com/photos/492066649/large.jpg,https://inaturalist-open-data.s3.amazonaws.com/photos/492066649/original.jpg,data/raw/tradescantia/492066649.jpg,1472591,349cb7cdab71c9df81f2cc8d01e69e12,2048,2048,2026-09-11T16:00:53+1200,train
tradescantia,plant,Tradescantia,Tradescantia fluminensis,273605751,505138454,cc-by,"(c) John Davey, some rights reserved (CC BY)",2025-04-26,79382,Tradescantia fluminensis,https://inaturalist-open-data.s3.amazonaws.com/photos/505138454/large.jpg,https://inaturalist-open-data.s3.amazonaws.com/photos/505138454/original.jpg,data/raw/tradescantia/505138454.jpg,1227637,3ffc3460278150238f757fb8deff7f8e,1884,1884,2026-09-11T16:00:53+1200,train
tradescantia,plant,Tradescantia,Tradescantia fluminensis,278285663,499645788,cc-by,"(c) Jon Sullivan, some rights reserved (CC BY)",2025-04-27,79382,Tradescantia fluminensis,https://inaturalist-open-data.s3.amazonaws.com/photos/499645788/large.jpg,https://inaturalist-open-data.s3.amazonaws.com/photos/499645788/original.jpg,data/raw/tradescantia/499645788.jpg,537496,c241427bd131f9207038a55d57896a4f,2048,1536,2026-09-11T16:00:53+1200,train
tradescantia,plant,Tradescantia,Tradescantia fluminensis,193859893,340613680,cc-by,"(c) Michael Berardozzi, some rights reserved (CC BY)",2023-12-13,79382,Tradescantia fluminensis,https://inaturalist-open-data.s3.amazonaws.com/photos/340613680/large.jpeg,https://inaturalist-open-data.s3.amazonaws.com/photos/340613680/original.jpeg,data/raw/tradescantia/340613680.jpg,218375,9ae31d51646dd1abfc655bf46e1fb215,1536,2048,2026-09-11T16:00:53+1200,train
tradescantia,plant,Tradescantia,Tradescantia fluminensis,160254183,276911433,cc-by,"(c) Jon Sullivan, some rights reserved (CC BY)",2023-04-30,79382,Tradescantia fluminensis,https://inaturalist-open-data.s3.amazonaws.com/photos/276911433/large.jpg,https://inaturalist-open-data.s3.amazonaws.com/photos/276911433/original.jpg,data/raw/tradescantia/276911433.jpg,515254,266a3fc0067a32a768a4d6a02f510878,2048,1365,2026-09-11T16:00:53+1200,train
tradescantia,plant,Tradescantia,Tradescantia fluminensis,34530731,54356183,cc0,no rights reserved,2019-10-18,79382,Tradescantia fluminensis,https://inaturalist-open-data.s3.amazonaws.com/photos/54356183/large.jpeg,https://inaturalist-open-data.s3.amazonaws.com/photos/54356183/original.jpeg,data/raw/tradescantia/54356183.jpg,411177,3bd8d5d5edd3a20924bc41b22912fe71,2048,1596,2026-09-11T16:00:53+1200,train
tradescantia,plant,Tradescantia,Tradescantia fluminensis,103604710,174576259,cc-by,"(c) Mark, some rights reserved (CC BY)",2021-12-19,79382,Tradescantia fluminensis,https://inaturalist-open-data.s3.amazonaws.com/photos/174576259/large.jpg,https://inaturalist-open-data.s3.amazonaws.com/photos/174576259/original.jpg,data/raw/tradescantia/174576259.jpg,407818,fd1f40a1dc6033aaf31ad86d0cf27006,1536,2048,2026-09-11T16:00:53+1200,train
tradescantia,plant,Tradescantia,Tradescantia fluminensis,4682352,5683840,cc-by,"(c) War Weeds, some rights reserved (CC BY)",2016-12-01,79382,Tradescantia fluminensis,https://inaturalist-open-data.s3.amazonaws.com/photos/5683840/large.jpeg,https://inaturalist-open-data.s3.amazonaws.com/photos/5683840/original.jpeg,data/raw/tradescantia/5683840.jpg,583554,43d757baa087b051a404ad83c96bd8b6,1152,2048,2026-09-11T16:00:53+1200,train
tradescantia,plant,Tradescantia,Tradescantia fluminensis,1620702,1989956,cc-by,"(c) Jon Sullivan, some rights reserved (CC BY)",2015-06-12,79382,Tradescantia fluminensis,https://inaturalist-open-data.s3.amazonaws.com/photos/1989956/large.jpg,https://inaturalist-open-data.s3.amazonaws.com/photos/1989956/original.jpg,data/raw/tradescantia/1989956.jpg,175401,f88fa3129ae44e38c26faeff2379bc66,1536,2048,2026-09-11T16:00:53+1200,train
tradescantia,plant,Tradescantia,Tradescantia fluminensis,4234287,5058281,cc-by,"(c) Jon Sullivan, some rights reserved (CC BY)",2016-09-17,79382,Tradescantia fluminensis,https://inaturalist-open-data.s3.amazonaws.com/photos/5058281/large.jpg,https://inaturalist-open-data.s3.amazonaws.com/photos/5058281/original.jpg,data/raw/tradescantia/5058281.jpg,507403,9364a088071cd455ab1ab033d5bc626c,2048,1536,2026-09-11T16:00:53+1200,train
tradescantia,plant,Tradescantia,Tradescantia fluminensis,77418607,126611721,cc-by,"(c) Jon Sullivan, some rights reserved (CC BY)",2021-05-03,79382,Tradescantia fluminensis,https://inaturalist-open-data.s3.amazonaws.com/photos/126611721/large.jpg,https://inaturalist-open-data.s3.amazonaws.com/photos/126611721/original.jpg,data/raw/tradescantia/126611721.jpg,384353,4d63cbbb4bc60c1656657172382bef9d,2048,1367,2026-09-11T16:00:53+1200,train
tradescantia,plant,Tradescantia,Tradescantia fluminensis,75527375,123576782,cc0,no rights reserved,2021-04-27,79382,Tradescantia fluminensis,https://inaturalist-open-data.s3.amazonaws.com/photos/123576782/large.jpeg,https://inaturalist-open-data.s3.amazonaws.com/photos/123576782/original.jpeg,data/raw/tradescantia/123576782.jpg,234867,f4d06b055fe72ecd51ae2d394fc28f6d,2048,1536,2026-09-11T16:00:53+1200,train
tradescantia,plant,Tradescantia,Tradescantia fluminensis,75527375,123579381,cc0,no rights reserved,2021-04-27,79382,Tradescantia fluminensis,https://inaturalist-open-data.s3.amazonaws.com/photos/123579381/large.jpeg,https://inaturalist-open-data.s3.amazonaws.com/photos/123579381/original.jpeg,data/raw/tradescantia/123579381.jpg,271649,5e30542ca24702b54fda694c3618193a,2048,1536,2026-09-11T16:00:53+1200,train
tradescantia,plant,Tradescantia,Tradescantia fluminensis,75527375,123576867,cc0,no rights reserved,2021-04-27,79382,Tradescantia fluminensis,https://inaturalist-open-data.s3.amazonaws.com/photos/123576867/large.jpeg,https://inaturalist-open-data.s3.amazonaws.com/photos/123576867/original.jpeg,data/raw/tradescantia/123576867.jpg,257058,301ba1d37f8c0b613498915679cad127,1536,2048,2026-09-11T16:00:53+1200,train
tradescantia,plant,Tradescantia,Tradescantia fluminensis,75527375,123576879,cc0,no rights reserved,2021-04-27,79382,Tradescantia fluminensis,https://inaturalist-open-data.s3.amazonaws.com/photos/123576879/large.jpeg,https://inaturalist-open-data.s3.amazonaws.com/photos/123576879/original.jpeg,data/raw/tradescantia/123576879.jpg,250965,6809d67d8cf12657f3bd46f9f17a4d32,1536,2048,2026-09-11T16:00:53+1200,train
tradescantia,plant,Tradescantia,Tradescantia fluminensis,5657743,7005369,cc-by,"(c) Brett Sandford, some rights reserved (CC BY)",2017-04-12,79382,Tradescantia fluminensis,https://inaturalist-open-data.s3.amazonaws.com/photos/7005369/large.jpeg,https://inaturalist-open-data.s3.amazonaws.com/photos/7005369/original.jpeg,data/raw/tradescantia/7005369.jpg,399565,5d6032d07f33840794bef588812b6003,2048,1536,2026-09-11T16:00:53+1200,train
tradescantia,plant,Tradescantia,Tradescantia fluminensis,5657743,7005650,cc-by,"(c) Brett Sandford, some rights reserved (CC BY)",2017-04-12,79382,Tradescantia fluminensis,https://inaturalist-open-data.s3.amazonaws.com/photos/7005650/large.jpg,https://inaturalist-open-data.s3.amazonaws.com/photos/7005650/original.jpg,data/raw/tradescantia/7005650.jpg,295293,44584e34a5d5d12502a339b54f8c5280,2048,1536,2026-09-11T16:00:53+1200,train
tradescantia,plant,Tradescantia,Tradescantia fluminensis,75790145,124019993,cc-by,"(c) Joe Dillon, some rights reserved (CC BY)",2021-04-30,79382,Tradescantia fluminensis,https://inaturalist-open-data.s3.amazonaws.com/photos/124019993/large.jpeg,https://inaturalist-open-data.s3.amazonaws.com/photos/124019993/original.jpeg,data/raw/tradescantia/124019993.jpg,345638,92eb6706ad1b81b25a628f37484e4ae8,2048,1365,2026-09-11T16:00:53+1200,train
tradescantia,plant,Tradescantia,Tradescantia fluminensis,246742301,440551015,cc-by,"(c) Joe Dillon, some rights reserved (CC BY)",2024-10-06,79382,Tradescantia fluminensis,https://inaturalist-open-data.s3.amazonaws.com/photos/440551015/large.jpeg,https://inaturalist-open-data.s3.amazonaws.com/photos/440551015/original.jpeg,data/raw/tradescantia/440551015.jpg,366423,475dc6290761bd753fd406b7840566e4,2048,1365,2026-09-11T16:00:53+1200,train
woolly_nightshade,plant,Woolly nightshade,Solanum mauritianum,132178448,225051631,cc-by,"(c) Grey Smith, some rights reserved (CC BY)",2022-06-23,133287,Solanum mauritianum,https://inaturalist-open-data.s3.amazonaws.com/photos/225051631/large.jpg,https://inaturalist-open-data.s3.amazonaws.com/photos/225051631/original.jpg,data/raw/woolly_nightshade/225051631.jpg,309883,57270f2a9a09ad0715bf276a6a7cb851,1536,2048,2026-09-11T16:01:20+1200,train
woolly_nightshade,plant,Woolly nightshade,Solanum mauritianum,132178448,225051673,cc-by,"(c) Grey Smith, some rights reserved (CC BY)",2022-06-23,133287,Solanum mauritianum,https://inaturalist-open-data.s3.amazonaws.com/photos/225051673/large.jpg,https://inaturalist-open-data.s3.amazonaws.com/photos/225051673/original.jpg,data/raw/woolly_nightshade/225051673.jpg,173285,19ce078fdd1b59f4d3892bf860ebe846,1536,2048,2026-09-11T16:01:20+1200,train
woolly_nightshade,plant,Woolly nightshade,Solanum mauritianum,132178448,225051739,cc-by,"(c) Grey Smith, some rights reserved (CC BY)",2022-06-23,133287,Solanum mauritianum,https://inaturalist-open-data.s3.amazonaws.com/photos/225051739/large.jpg,https://inaturalist-open-data.s3.amazonaws.com/photos/225051739/original.jpg,data/raw/woolly_nightshade/225051739.jpg,357315,76738d1521ca618332d9ce3899608b9d,1536,2048,2026-09-11T16:01:20+1200,train
woolly_nightshade,plant,Woolly nightshade,Solanum mauritianum,37503255,59458895,cc-by,"(c) William Brockelsby, some rights reserved (CC BY)",2019-12-25,133287,Solanum mauritianum,https://inaturalist-open-data.s3.amazonaws.com/photos/59458895/large.jpeg,https://inaturalist-open-data.s3.amazonaws.com/photos/59458895/original.jpeg,data/raw/woolly_nightshade/59458895.jpg,246677,ec2192d0cf4341805664876a3ff0745d,2048,1536,2026-09-11T16:01:20+1200,train
woolly_nightshade,plant,Woolly nightshade,Solanum mauritianum,197667600,348206521,cc-by,"(c) Michael Berardozzi, some rights reserved (CC BY)",2024-01-26,133287,Solanum mauritianum,https://inaturalist-open-data.s3.amazonaws.com/photos/348206521/large.jpeg,https://inaturalist-open-data.s3.amazonaws.com/photos/348206521/original.jpeg,data/raw/woolly_nightshade/348206521.jpg,307414,c804c9119c003303f0ec27896d62dad7,1536,2048,2026-09-11T16:01:20+1200,train
woolly_nightshade,plant,Woolly nightshade,Solanum mauritianum,197667600,348206543,cc-by,"(c) Michael Berardozzi, some rights reserved (CC BY)",2024-01-26,133287,Solanum mauritianum,https://inaturalist-open-data.s3.amazonaws.com/photos/348206543/large.jpeg,https://inaturalist-open-data.s3.amazonaws.com/photos/348206543/original.jpeg,data/raw/woolly_nightshade/348206543.jpg,512660,134af616fa870b8cda588495eae0df29,1536,2048,2026-09-11T16:01:20+1200,train
woolly_nightshade,plant,Woolly nightshade,Solanum mauritianum,205192128,362775181,cc-by,"(c) Emily Roberts, some rights reserved (CC BY)",2024-04-03,133287,Solanum mauritianum,https://inaturalist-open-data.s3.amazonaws.com/photos/362775181/large.jpg,https://inaturalist-open-data.s3.amazonaws.com/photos/362775181/original.jpg,data/raw/woolly_nightshade/362775181.jpg,433329,d92ba2130f80569b50d2dd13101ba6d5,2048,1536,2026-09-11T16:01:20+1200,train
woolly_nightshade,plant,Woolly nightshade,Solanum mauritianum,373161380,681949433,cc-by,"(c) Nic Charlton, some rights reserved (CC BY)",2026-06-12,133287,Solanum mauritianum,https://inaturalist-open-data.s3.amazonaws.com/photos/681949433/large.jpg,https://inaturalist-open-data.s3.amazonaws.com/photos/681949433/original.jpg,data/raw/woolly_nightshade/681949433.jpg,486926,b394b95cea96c7cfd244a947025ec216,1152,2048,2026-09-11T16:01:20+1200,train
woolly_nightshade,plant,Woolly nightshade,Solanum mauritianum,211441479,373815046,cc-by,"(c) Emily Roberts, some rights reserved (CC BY)",2024-04-29,133287,Solanum mauritianum,https://inaturalist-open-data.s3.amazonaws.com/photos/373815046/large.jpg,https://inaturalist-open-data.s3.amazonaws.com/photos/373815046/original.jpg,data/raw/woolly_nightshade/373815046.jpg,478912,5cf55c642eb682f0baacb0a5e5e63fee,2048,1536,2026-09-11T16:01:20+1200,train
woolly_nightshade,plant,Woolly nightshade,Solanum mauritianum,26376905,40954953,cc-by,"(c) Jacqui Geux, some rights reserved (CC BY)",2019-06-04,133287,Solanum mauritianum,https://inaturalist-open-data.s3.amazonaws.com/photos/40954953/large.jpeg,https://inaturalist-open-data.s3.amazonaws.com/photos/40954953/original.jpeg,data/raw/woolly_nightshade/40954953.jpg,140484,b10768772d143236499c7e2b3bcdcd51,1600,1200,2026-09-11T16:01:20+1200,train
woolly_nightshade,plant,Woolly nightshade,Solanum mauritianum,26376905,40954958,cc-by,"(c) Jacqui Geux, some rights reserved (CC BY)",2019-06-04,133287,Solanum mauritianum,https://inaturalist-open-data.s3.amazonaws.com/photos/40954958/large.jpeg,https://inaturalist-open-data.s3.amazonaws.com/photos/40954958/original.jpeg,data/raw/woolly_nightshade/40954958.jpg,285068,826f7c93ce9e8251704a7622c7dfe24c,1600,1200,2026-09-11T16:01:20+1200,train
woolly_nightshade,plant,Woolly nightshade,Solanum mauritianum,22856556,35416960,cc-by,"(c) Callan Bird, some rights reserved (CC BY)",2019-04-21,133287,Solanum mauritianum,https://inaturalist-open-data.s3.amazonaws.com/photos/35416960/large.jpg,https://inaturalist-open-data.s3.amazonaws.com/photos/35416960/original.jpg,data/raw/woolly_nightshade/35416960.jpg,316402,97583eed0d71cf807735ec76d120e478,1536,2048,2026-09-11T16:01:20+1200,train
woolly_nightshade,plant,Woolly nightshade,Solanum mauritianum,22856593,35417577,cc-by,"(c) Callan Bird, some rights reserved (CC BY)",2019-04-21,133287,Solanum mauritianum,https://inaturalist-open-data.s3.amazonaws.com/photos/35417577/large.jpg,https://inaturalist-open-data.s3.amazonaws.com/photos/35417577/original.jpg,data/raw/woolly_nightshade/35417577.jpg,260274,4b812ae5912106760e8aa52bcad48dcc,2048,1536,2026-09-11T16:01:20+1200,train
woolly_nightshade,plant,Woolly nightshade,Solanum mauritianum,28165299,43887320,cc0,no rights reserved,2019-06-24,133287,Solanum mauritianum,https://inaturalist-open-data.s3.amazonaws.com/photos/43887320/large.jpeg,https://inaturalist-open-data.s3.amazonaws.com/photos/43887320/original.jpeg,data/raw/woolly_nightshade/43887320.jpg,329832,f7f7981ae6a100cddfe8c7ad12057175,1934,2048,2026-09-11T16:01:20+1200,train
woolly_nightshade,plant,Woolly nightshade,Solanum mauritianum,18302148,27963471,cc0,no rights reserved,2018-08-26,133287,Solanum mauritianum,https://inaturalist-open-data.s3.amazonaws.com/photos/27963471/large.jpeg,https://inaturalist-open-data.s3.amazonaws.com/photos/27963471/original.jpeg,data/raw/woolly_nightshade/27963471.jpg,449414,1a1b8c309bebd2913a29ab9b22978107,2048,1536,2026-09-11T16:01:20+1200,train
woolly_nightshade,plant,Woolly nightshade,Solanum mauritianum,24114327,37294152,cc0,no rights reserved,2019-03-25,133287,Solanum mauritianum,https://inaturalist-open-data.s3.amazonaws.com/photos/37294152/large.jpeg,https://inaturalist-open-data.s3.amazonaws.com/photos/37294152/original.jpeg,data/raw/woolly_nightshade/37294152.jpg,302825,53ea0e3973bcecc74abdee27238c87f1,2048,1536,2026-09-11T16:01:20+1200,train
woolly_nightshade,plant,Woolly nightshade,Solanum mauritianum,24114327,37289381,cc0,no rights reserved,2019-03-25,133287,Solanum mauritianum,https://inaturalist-open-data.s3.amazonaws.com/photos/37289381/large.jpeg,https://inaturalist-open-data.s3.amazonaws.com/photos/37289381/original.jpeg,data/raw/woolly_nightshade/37289381.jpg,160950,644352aecb23277ac055f736cce30cd6,1536,2048,2026-09-11T16:01:20+1200,train
woolly_nightshade,plant,Woolly nightshade,Solanum mauritianum,24114327,37289504,cc0,no rights reserved,2019-03-25,133287,Solanum mauritianum,https://inaturalist-open-data.s3.amazonaws.com/photos/37289504/large.jpeg,https://inaturalist-open-data.s3.amazonaws.com/photos/37289504/original.jpeg,data/raw/woolly_nightshade/37289504.jpg,202121,97a2cbace51af495596d65cd0c2d25b2,1536,2048,2026-09-11T16:01:20+1200,train
woolly_nightshade,plant,Woolly nightshade,Solanum mauritianum,24114327,37294087,cc0,no rights reserved,2019-03-25,133287,Solanum mauritianum,https://inaturalist-open-data.s3.amazonaws.com/photos/37294087/large.jpeg,https://inaturalist-open-data.s3.amazonaws.com/photos/37294087/original.jpeg,data/raw/woolly_nightshade/37294087.jpg,252923,4ba89a52e5f5cb2e9d936ef3f34a6865,2048,1536,2026-09-11T16:01:20+1200,train
woolly_nightshade,plant,Woolly nightshade,Solanum mauritianum,35304411,55656687,cc0,no rights reserved,2019-05-15,133287,Solanum mauritianum,https://inaturalist-open-data.s3.amazonaws.com/photos/55656687/large.jpeg,https://inaturalist-open-data.s3.amazonaws.com/photos/55656687/original.jpeg,data/raw/woolly_nightshade/55656687.jpg,420518,cbc143fa80d8ed64421748c60996b6a3,2048,2035,2026-09-11T16:01:20+1200,train
woolly_nightshade,plant,Woolly nightshade,Solanum mauritianum,35304411,55656596,cc0,no rights reserved,2019-05-15,133287,Solanum mauritianum,https://inaturalist-open-data.s3.amazonaws.com/photos/55656596/large.jpeg,https://inaturalist-open-data.s3.amazonaws.com/photos/55656596/original.jpeg,data/raw/woolly_nightshade/55656596.jpg,346970,1a236db9dba597bb7402a9cf0f30600f,1536,2048,2026-09-11T16:01:20+1200,train
woolly_nightshade,plant,Woolly nightshade,Solanum mauritianum,35304411,55656588,cc0,no rights reserved,2019-05-15,133287,Solanum mauritianum,https://inaturalist-open-data.s3.amazonaws.com/photos/55656588/large.jpeg,https://inaturalist-open-data.s3.amazonaws.com/photos/55656588/original.jpeg,data/raw/woolly_nightshade/55656588.jpg,202153,8bdced3b145c3ddfd083019ecc990fb8,1536,2048,2026-09-11T16:01:20+1200,train
woolly_nightshade,plant,Woolly nightshade,Solanum mauritianum,114593055,193498580,cc-by,"(c) Samuel Brown, some rights reserved (CC BY)",2022-05-02,133287,Solanum mauritianum,https://inaturalist-open-data.s3.amazonaws.com/photos/193498580/large.jpg,https://inaturalist-open-data.s3.amazonaws.com/photos/193498580/original.jpg,data/raw/woolly_nightshade/193498580.jpg,353514,5a8a5f14d965ccec70fd3b45c474d13a,1536,2048,2026-09-11T16:01:20+1200,train
woolly_nightshade,plant,Woolly nightshade,Solanum mauritianum,114593055,193498607,cc-by,"(c) Samuel Brown, some rights reserved (CC BY)",2022-05-02,133287,Solanum mauritianum,https://inaturalist-open-data.s3.amazonaws.com/photos/193498607/large.jpg,https://inaturalist-open-data.s3.amazonaws.com/photos/193498607/original.jpg,data/raw/woolly_nightshade/193498607.jpg,363159,d738cd5b103ad55c1c85625823218a1c,2048,1536,2026-09-11T16:01:20+1200,train
woolly_nightshade,plant,Woolly nightshade,Solanum mauritianum,33182389,52095010,cc-by,"(c) Emily Roberts, some rights reserved (CC BY)",2019-09-22,133287,Solanum mauritianum,https://inaturalist-open-data.s3.amazonaws.com/photos/52095010/large.jpg,https://inaturalist-open-data.s3.amazonaws.com/photos/52095010/original.jpg,data/raw/woolly_nightshade/52095010.jpg,525405,82b714310ce1ec273a6db4c2ee32c058,2048,1536,2026-09-11T16:01:20+1200,train
woolly_nightshade,plant,Woolly nightshade,Solanum mauritianum,33182389,52095020,cc-by,"(c) Emily Roberts, some rights reserved (CC BY)",2019-09-22,133287,Solanum mauritianum,https://inaturalist-open-data.s3.amazonaws.com/photos/52095020/large.jpg,https://inaturalist-open-data.s3.amazonaws.com/photos/52095020/original.jpg,data/raw/woolly_nightshade/52095020.jpg,372792,0f90326b54f6261522e4f427cada45b6,2048,1536,2026-09-11T16:01:20+1200,train
woolly_nightshade,plant,Woolly nightshade,Solanum mauritianum,157509072,272301289,cc-by,"(c) Halema J, some rights reserved (CC BY)",2023-04-29,133287,Solanum mauritianum,https://inaturalist-open-data.s3.amazonaws.com/photos/272301289/large.jpg,https://inaturalist-open-data.s3.amazonaws.com/photos/272301289/original.jpg,data/raw/woolly_nightshade/272301289.jpg,275807,b85079edae2d5dc7c9128724cbd5bfea,1152,2048,2026-09-11T16:01:20+1200,train
woolly_nightshade,plant,Woolly nightshade,Solanum mauritianum,158521585,273955144,cc-by,"(c) Halema J, some rights reserved (CC BY)",2023-05-01,133287,Solanum mauritianum,https://inaturalist-open-data.s3.amazonaws.com/photos/273955144/large.jpg,https://inaturalist-open-data.s3.amazonaws.com/photos/273955144/original.jpg,data/raw/woolly_nightshade/273955144.jpg,299284,4fac399d79a4504076a5acb7c1e57083,2048,1152,2026-09-11T16:01:20+1200,train
woolly_nightshade,plant,Woolly nightshade,Solanum mauritianum,234657100,417197867,cc0,no rights reserved,2024-07-04,133287,Solanum mauritianum,https://inaturalist-open-data.s3.amazonaws.com/photos/417197867/large.jpeg,https://inaturalist-open-data.s3.amazonaws.com/photos/417197867/original.jpeg,data/raw/woolly_nightshade/417197867.jpg,503173,c0f11fa3ed2cab236c0bf945cec74516,1536,2048,2026-09-11T16:01:20+1200,train
woolly_nightshade,plant,Woolly nightshade,Solanum mauritianum,234657100,417197851,cc0,no rights reserved,2024-07-04,133287,Solanum mauritianum,https://inaturalist-open-data.s3.amazonaws.com/photos/417197851/large.jpeg,https://inaturalist-open-data.s3.amazonaws.com/photos/417197851/original.jpeg,data/raw/woolly_nightshade/417197851.jpg,400446,4f957f629245fa067e091d132e797f43,1536,2048,2026-09-11T16:01:20+1200,train
woolly_nightshade,plant,Woolly nightshade,Solanum mauritianum,234657100,417197846,cc0,no rights reserved,2024-07-04,133287,Solanum mauritianum,https://inaturalist-open-data.s3.amazonaws.com/photos/417197846/large.jpeg,https://inaturalist-open-data.s3.amazonaws.com/photos/417197846/original.jpeg,data/raw/woolly_nightshade/417197846.jpg,330970,c45467aa0ddf96fba1eccd64612fe1da,1536,2048,2026-09-11T16:01:20+1200,train
woolly_nightshade,plant,Woolly nightshade,Solanum mauritianum,234657100,417197843,cc0,no rights reserved,2024-07-04,133287,Solanum mauritianum,https://inaturalist-open-data.s3.amazonaws.com/photos/417197843/large.jpeg,https://inaturalist-open-data.s3.amazonaws.com/photos/417197843/original.jpeg,data/raw/woolly_nightshade/417197843.jpg,387053,361fb0f32a4d3ef96bbe299b4e18b9ed,1536,2048,2026-09-11T16:01:20+1200,train
woolly_nightshade,plant,Woolly nightshade,Solanum mauritianum,234657100,417197844,cc0,no rights reserved,2024-07-04,133287,Solanum mauritianum,https://inaturalist-open-data.s3.amazonaws.com/photos/417197844/large.jpeg,https://inaturalist-open-data.s3.amazonaws.com/photos/417197844/original.jpeg,data/raw/woolly_nightshade/417197844.jpg,275021,0cfcfca58d6fc30d7445d0cf9d03ebca,1536,2048,2026-09-11T16:01:20+1200,train
woolly_nightshade,plant,Woolly nightshade,Solanum mauritianum,234657100,417197821,cc0,no rights reserved,2024-07-04,133287,Solanum mauritianum,https://inaturalist-open-data.s3.amazonaws.com/photos/417197821/large.jpeg,https://inaturalist-open-data.s3.amazonaws.com/photos/417197821/original.jpeg,data/raw/woolly_nightshade/417197821.jpg,293159,36f1c8b6f74e0af240296d1398f1474b,1536,2048,2026-09-11T16:01:20+1200,train
woolly_nightshade,plant,Woolly nightshade,Solanum mauritianum,234657100,417197834,cc0,no rights reserved,2024-07-04,133287,Solanum mauritianum,https://inaturalist-open-data.s3.amazonaws.com/photos/417197834/large.jpeg,https://inaturalist-open-data.s3.amazonaws.com/photos/417197834/original.jpeg,data/raw/woolly_nightshade/417197834.jpg,299936,ae1bb4fa1a076288c8aab66e461639af,1536,2048,2026-09-11T16:01:20+1200,train
woolly_nightshade,plant,Woolly nightshade,Solanum mauritianum,234657100,417197820,cc0,no rights reserved,2024-07-04,133287,Solanum mauritianum,https://inaturalist-open-data.s3.amazonaws.com/photos/417197820/large.jpeg,https://inaturalist-open-data.s3.amazonaws.com/photos/417197820/original.jpeg,data/raw/woolly_nightshade/417197820.jpg,421214,d7812d39421609169982a491e01b0844,1536,2048,2026-09-11T16:01:20+1200,train
woolly_nightshade,plant,Woolly nightshade,Solanum mauritianum,234657100,417197812,cc0,no rights reserved,2024-07-04,133287,Solanum mauritianum,https://inaturalist-open-data.s3.amazonaws.com/photos/417197812/large.jpeg,https://inaturalist-open-data.s3.amazonaws.com/photos/417197812/original.jpeg,data/raw/woolly_nightshade/417197812.jpg,274778,253616153b7cfe784debc6c417e8afef,1536,2048,2026-09-11T16:01:20+1200,train
woolly_nightshade,plant,Woolly nightshade,Solanum mauritianum,234657100,417197807,cc0,no rights reserved,2024-07-04,133287,Solanum mauritianum,https://inaturalist-open-data.s3.amazonaws.com/photos/417197807/large.jpeg,https://inaturalist-open-data.s3.amazonaws.com/photos/417197807/original.jpeg,data/raw/woolly_nightshade/417197807.jpg,292066,cd719a12677b2695ef5c5c781014de63,1536,2048,2026-09-11T16:01:20+1200,train
woolly_nightshade,plant,Woolly nightshade,Solanum mauritianum,234657100,417197805,cc0,no rights reserved,2024-07-04,133287,Solanum mauritianum,https://inaturalist-open-data.s3.amazonaws.com/photos/417197805/large.jpeg,https://inaturalist-open-data.s3.amazonaws.com/photos/417197805/original.jpeg,data/raw/woolly_nightshade/417197805.jpg,345488,3c7a8ee011ec13cb29fb72df1600720b,1536,2048,2026-09-11T16:01:20+1200,train
woolly_nightshade,plant,Woolly nightshade,Solanum mauritianum,234657100,417197780,cc0,no rights reserved,2024-07-04,133287,Solanum mauritianum,https://inaturalist-open-data.s3.amazonaws.com/photos/417197780/large.jpeg,https://inaturalist-open-data.s3.amazonaws.com/photos/417197780/original.jpeg,data/raw/woolly_nightshade/417197780.jpg,357252,0daf03c27094a71296d547748a9b8840,1536,2048,2026-09-11T16:01:20+1200,train
woolly_nightshade,plant,Woolly nightshade,Solanum mauritianum,234657100,417197573,cc0,no rights reserved,2024-07-04,133287,Solanum mauritianum,https://inaturalist-open-data.s3.amazonaws.com/photos/417197573/large.jpeg,https://inaturalist-open-data.s3.amazonaws.com/photos/417197573/original.jpeg,data/raw/woolly_nightshade/417197573.jpg,246174,d39ca23f4906b1ef84c7f3af61bcd1a2,1536,2048,2026-09-11T16:01:20+1200,train
wild_ginger,plant,Wild ginger,Hedychium gardnerianum,246044777,439160470,cc-by,"(c) Saryu Mae 前 朝琉, some rights reserved (CC BY)",2024-09-23,52495,Hedychium gardnerianum,https://inaturalist-open-data.s3.amazonaws.com/photos/439160470/large.jpeg,https://inaturalist-open-data.s3.amazonaws.com/photos/439160470/original.jpeg,data/raw/wild_ginger/439160470.jpg,70761,1552d8cb568ff365c0d27f8c4281604b,1365,2048,2026-09-11T16:01:46+1200,train
wild_ginger,plant,Wild ginger,Hedychium gardnerianum,3832122,4482962,cc-by,"(c) Jacqui Geux, some rights reserved (CC BY)",2016-08-07,52495,Hedychium gardnerianum,https://inaturalist-open-data.s3.amazonaws.com/photos/4482962/large.jpeg,https://inaturalist-open-data.s3.amazonaws.com/photos/4482962/original.jpeg,data/raw/wild_ginger/4482962.jpg,338902,8941f4ed2b562f6e06d39bd114c186ec,1600,1200,2026-09-11T16:01:46+1200,train
wild_ginger,plant,Wild ginger,Hedychium gardnerianum,3832122,4482963,cc-by,"(c) Jacqui Geux, some rights reserved (CC BY)",2016-08-07,52495,Hedychium gardnerianum,https://inaturalist-open-data.s3.amazonaws.com/photos/4482963/large.jpeg,https://inaturalist-open-data.s3.amazonaws.com/photos/4482963/original.jpeg,data/raw/wild_ginger/4482963.jpg,171086,edbc1bb1aef596c48c2877cb7adf936b,1600,1200,2026-09-11T16:01:46+1200,train
wild_ginger,plant,Wild ginger,Hedychium gardnerianum,246740069,440547682,cc-by,"(c) Colin Meurk, some rights reserved (CC BY)",2024-10-11,52495,Hedychium gardnerianum,https://inaturalist-open-data.s3.amazonaws.com/photos/440547682/large.jpeg,https://inaturalist-open-data.s3.amazonaws.com/photos/440547682/original.jpeg,data/raw/wild_ginger/440547682.jpg,880863,ad09f4fc5d91dbd32cf509afee952ae1,1536,2048,2026-09-11T16:01:46+1200,train
wild_ginger,plant,Wild ginger,Hedychium gardnerianum,2826514,3217147,cc-by,"(c) Murray NZ, some rights reserved (CC BY)",2016-03-19,52495,Hedychium gardnerianum,https://inaturalist-open-data.s3.amazonaws.com/photos/3217147/large.jpg,https://inaturalist-open-data.s3.amazonaws.com/photos/3217147/original.jpg,data/raw/wild_ginger/3217147.jpg,457632,06ee5d5c89c81245510c4852dd75300b,2048,1536,2026-09-11T16:01:46+1200,train
wild_ginger,plant,Wild ginger,Hedychium gardnerianum,32633698,51200439,cc0,no rights reserved,2019-09-10,52495,Hedychium gardnerianum,https://inaturalist-open-data.s3.amazonaws.com/photos/51200439/large.jpeg,https://inaturalist-open-data.s3.amazonaws.com/photos/51200439/original.jpeg,data/raw/wild_ginger/51200439.jpg,300432,beeda95d7c820fc9b0b1a66f58f29190,1536,2048,2026-09-11T16:01:46+1200,train
wild_ginger,plant,Wild ginger,Hedychium gardnerianum,32633698,51200698,cc0,no rights reserved,2019-09-10,52495,Hedychium gardnerianum,https://inaturalist-open-data.s3.amazonaws.com/photos/51200698/large.jpeg,https://inaturalist-open-data.s3.amazonaws.com/photos/51200698/original.jpeg,data/raw/wild_ginger/51200698.jpg,424987,05cc76dce2e47cd67c37e824e731a6db,1536,2048,2026-09-11T16:01:46+1200,train
wild_ginger,plant,Wild ginger,Hedychium gardnerianum,32633698,51200695,cc0,no rights reserved,2019-09-10,52495,Hedychium gardnerianum,https://inaturalist-open-data.s3.amazonaws.com/photos/51200695/large.jpeg,https://inaturalist-open-data.s3.amazonaws.com/photos/51200695/original.jpeg,data/raw/wild_ginger/51200695.jpg,435231,6a0c21790d07e397e2d42446eddb0839,1536,2048,2026-09-11T16:01:46+1200,train
wild_ginger,plant,Wild ginger,Hedychium gardnerianum,32633698,51200700,cc0,no rights reserved,2019-09-10,52495,Hedychium gardnerianum,https://inaturalist-open-data.s3.amazonaws.com/photos/51200700/large.jpeg,https://inaturalist-open-data.s3.amazonaws.com/photos/51200700/original.jpeg,data/raw/wild_ginger/51200700.jpg,361339,bdf68b135d5a9f610419f8f3c8e45000,1536,2048,2026-09-11T16:01:46+1200,train
wild_ginger,plant,Wild ginger,Hedychium gardnerianum,32633698,51200733,cc0,no rights reserved,2019-09-10,52495,Hedychium gardnerianum,https://inaturalist-open-data.s3.amazonaws.com/photos/51200733/large.jpeg,https://inaturalist-open-data.s3.amazonaws.com/photos/51200733/original.jpeg,data/raw/wild_ginger/51200733.jpg,458896,447188da235e4b8abd27d2154a1b12a7,1536,2048,2026-09-11T16:01:46+1200,train
wild_ginger,plant,Wild ginger,Hedychium gardnerianum,32633698,51200742,cc0,no rights reserved,2019-09-10,52495,Hedychium gardnerianum,https://inaturalist-open-data.s3.amazonaws.com/photos/51200742/large.jpeg,https://inaturalist-open-data.s3.amazonaws.com/photos/51200742/original.jpeg,data/raw/wild_ginger/51200742.jpg,423910,ddd068a2440b176b0213744d1e4f5f25,1536,2048,2026-09-11T16:01:46+1200,train
wild_ginger,plant,Wild ginger,Hedychium gardnerianum,32633698,51200751,cc0,no rights reserved,2019-09-10,52495,Hedychium gardnerianum,https://inaturalist-open-data.s3.amazonaws.com/photos/51200751/large.jpeg,https://inaturalist-open-data.s3.amazonaws.com/photos/51200751/original.jpeg,data/raw/wild_ginger/51200751.jpg,476067,8501af1692b5537f92202470008fb151,1536,2048,2026-09-11T16:01:46+1200,train
wild_ginger,plant,Wild ginger,Hedychium gardnerianum,32633698,51200692,cc0,no rights reserved,2019-09-10,52495,Hedychium gardnerianum,https://inaturalist-open-data.s3.amazonaws.com/photos/51200692/large.jpeg,https://inaturalist-open-data.s3.amazonaws.com/photos/51200692/original.jpeg,data/raw/wild_ginger/51200692.jpg,401538,43eb1d44c680b5c96d37c39fb309bdd2,1536,2048,2026-09-11T16:01:46+1200,train
wild_ginger,plant,Wild ginger,Hedychium gardnerianum,32633698,51200454,cc0,no rights reserved,2019-09-10,52495,Hedychium gardnerianum,https://inaturalist-open-data.s3.amazonaws.com/photos/51200454/large.jpeg,https://inaturalist-open-data.s3.amazonaws.com/photos/51200454/original.jpeg,data/raw/wild_ginger/51200454.jpg,388604,aaf0af9f1b52fef596eb6f4c69f15629,1536,2048,2026-09-11T16:01:46+1200,train
wild_ginger,plant,Wild ginger,Hedychium gardnerianum,32633698,51200691,cc0,no rights reserved,2019-09-10,52495,Hedychium gardnerianum,https://inaturalist-open-data.s3.amazonaws.com/photos/51200691/large.jpeg,https://inaturalist-open-data.s3.amazonaws.com/photos/51200691/original.jpeg,data/raw/wild_ginger/51200691.jpg,289721,3147efcf65064ec5297e458de5e839d1,1536,2048,2026-09-11T16:01:46+1200,train
wild_ginger,plant,Wild ginger,Hedychium gardnerianum,32633698,51200437,cc0,no rights reserved,2019-09-10,52495,Hedychium gardnerianum,https://inaturalist-open-data.s3.amazonaws.com/photos/51200437/large.jpeg,https://inaturalist-open-data.s3.amazonaws.com/photos/51200437/original.jpeg,data/raw/wild_ginger/51200437.jpg,328094,d4d354a3d5a4936069ebb5bda3ac5aae,1536,2048,2026-09-11T16:01:46+1200,train
wild_ginger,plant,Wild ginger,Hedychium gardnerianum,34147365,53701863,cc0,no rights reserved,2019-03-25,52495,Hedychium gardnerianum,https://inaturalist-open-data.s3.amazonaws.com/photos/53701863/large.jpeg,https://inaturalist-open-data.s3.amazonaws.com/photos/53701863/original.jpeg,data/raw/wild_ginger/53701863.jpg,280742,5c98d15c76e480483c83b9deda9d0962,2048,1536,2026-09-11T16:01:46+1200,train
wild_ginger,plant,Wild ginger,Hedychium gardnerianum,234844506,417566827,cc0,no rights reserved,2019-12-28,52495,Hedychium gardnerianum,https://inaturalist-open-data.s3.amazonaws.com/photos/417566827/large.jpeg,https://inaturalist-open-data.s3.amazonaws.com/photos/417566827/original.jpeg,data/raw/wild_ginger/417566827.jpg,350287,ec3e8d222496e083a7da70f782b2b036,2048,1823,2026-09-11T16:01:46+1200,train
wild_ginger,plant,Wild ginger,Hedychium gardnerianum,234844506,417562931,cc0,no rights reserved,2019-12-28,52495,Hedychium gardnerianum,https://inaturalist-open-data.s3.amazonaws.com/photos/417562931/large.jpeg,https://inaturalist-open-data.s3.amazonaws.com/photos/417562931/original.jpeg,data/raw/wild_ginger/417562931.jpg,336703,e96f8a47e47826a57b66db1bb504dc88,2048,1536,2026-09-11T16:01:46+1200,train
wild_ginger,plant,Wild ginger,Hedychium gardnerianum,234844506,417563109,cc0,no rights reserved,2019-12-28,52495,Hedychium gardnerianum,https://inaturalist-open-data.s3.amazonaws.com/photos/417563109/large.jpeg,https://inaturalist-open-data.s3.amazonaws.com/photos/417563109/original.jpeg,data/raw/wild_ginger/417563109.jpg,324757,111f51e258071740d4d01a51641ba96a,2048,1915,2026-09-11T16:01:46+1200,train
wild_ginger,plant,Wild ginger,Hedychium gardnerianum,234844506,417562786,cc0,no rights reserved,2019-12-28,52495,Hedychium gardnerianum,https://inaturalist-open-data.s3.amazonaws.com/photos/417562786/large.jpeg,https://inaturalist-open-data.s3.amazonaws.com/photos/417562786/original.jpeg,data/raw/wild_ginger/417562786.jpg,313062,55cdff6bbc3de92530ecd20bae173d67,2048,1536,2026-09-11T16:01:46+1200,train
wild_ginger,plant,Wild ginger,Hedychium gardnerianum,234844506,417564309,cc0,no rights reserved,2019-12-28,52495,Hedychium gardnerianum,https://inaturalist-open-data.s3.amazonaws.com/photos/417564309/large.jpeg,https://inaturalist-open-data.s3.amazonaws.com/photos/417564309/original.jpeg,data/raw/wild_ginger/417564309.jpg,349439,42b84d75ff0e45fc7c4611cb41d3abf1,2048,1841,2026-09-11T16:01:46+1200,train
wild_ginger,plant,Wild ginger,Hedychium gardnerianum,234844506,417566956,cc0,no rights reserved,2019-12-28,52495,Hedychium gardnerianum,https://inaturalist-open-data.s3.amazonaws.com/photos/417566956/large.jpeg,https://inaturalist-open-data.s3.amazonaws.com/photos/417566956/original.jpeg,data/raw/wild_ginger/417566956.jpg,305851,86d588b5d6e2c3e46acbe196c8e1c928,2048,1536,2026-09-11T16:01:46+1200,train
wild_ginger,plant,Wild ginger,Hedychium gardnerianum,33791614,53110034,cc0,no rights reserved,2019-06-03,52495,Hedychium gardnerianum,https://inaturalist-open-data.s3.amazonaws.com/photos/53110034/large.jpeg,https://inaturalist-open-data.s3.amazonaws.com/photos/53110034/original.jpeg,data/raw/wild_ginger/53110034.jpg,235539,959064549bd067a6e5fdd4335840bada,2048,1536,2026-09-11T16:01:46+1200,train
wild_ginger,plant,Wild ginger,Hedychium gardnerianum,33791614,53110029,cc0,no rights reserved,2019-06-03,52495,Hedychium gardnerianum,https://inaturalist-open-data.s3.amazonaws.com/photos/53110029/large.jpeg,https://inaturalist-open-data.s3.amazonaws.com/photos/53110029/original.jpeg,data/raw/wild_ginger/53110029.jpg,278929,e4b6a6f046a6db2049ffe9681584a20f,2048,1536,2026-09-11T16:01:46+1200,train
wild_ginger,plant,Wild ginger,Hedychium gardnerianum,32923068,51672060,cc0,no rights reserved,2019-04-22,52495,Hedychium gardnerianum,https://inaturalist-open-data.s3.amazonaws.com/photos/51672060/large.jpeg,https://inaturalist-open-data.s3.amazonaws.com/photos/51672060/original.jpeg,data/raw/wild_ginger/51672060.jpg,330676,1e1645483962e2d8cfc0797dc08994fd,2048,1536,2026-09-11T16:01:46+1200,train
wild_ginger,plant,Wild ginger,Hedychium gardnerianum,204870363,362169962,cc-by,"(c) garywwilson, some rights reserved (CC BY)",2024-03-31,52495,Hedychium gardnerianum,https://inaturalist-open-data.s3.amazonaws.com/photos/362169962/large.jpg,https://inaturalist-open-data.s3.amazonaws.com/photos/362169962/original.jpg,data/raw/wild_ginger/362169962.jpg,704226,1f844d218df073d65eacf14fe22dac84,2020,1345,2026-09-11T16:01:46+1200,train
wild_ginger,plant,Wild ginger,Hedychium gardnerianum,204870363,362169964,cc-by,"(c) garywwilson, some rights reserved (CC BY)",2024-03-31,52495,Hedychium gardnerianum,https://inaturalist-open-data.s3.amazonaws.com/photos/362169964/large.jpg,https://inaturalist-open-data.s3.amazonaws.com/photos/362169964/original.jpg,data/raw/wild_ginger/362169964.jpg,777415,7971d734dfc0ca7ae3194cd7ffd828b1,1345,2020,2026-09-11T16:01:46+1200,train
wild_ginger,plant,Wild ginger,Hedychium gardnerianum,191217864,335399137,cc-by,"(c) Geoff, some rights reserved (CC BY)",2023-11-17,52495,Hedychium gardnerianum,https://inaturalist-open-data.s3.amazonaws.com/photos/335399137/large.jpeg,https://inaturalist-open-data.s3.amazonaws.com/photos/335399137/original.jpeg,data/raw/wild_ginger/335399137.jpg,845408,ac72a1fec4833f5d9dcf5224d70f7f74,1536,2048,2026-09-11T16:01:46+1200,train
wild_ginger,plant,Wild ginger,Hedychium gardnerianum,302207038,544626056,cc-by,"(c) Keith S, some rights reserved (CC BY)",2025-07-30,52495,Hedychium gardnerianum,https://inaturalist-open-data.s3.amazonaws.com/photos/544626056/large.jpg,https://inaturalist-open-data.s3.amazonaws.com/photos/544626056/original.jpg,data/raw/wild_ginger/544626056.jpg,556870,aa44e08d0267a6bdafeff0c8df3cff78,1536,2048,2026-09-11T16:01:46+1200,train
wild_ginger,plant,Wild ginger,Hedychium gardnerianum,305458105,550757263,cc-by,"(c) Emma Radford, some rights reserved (CC BY)",2025-07-08,52495,Hedychium gardnerianum,https://inaturalist-open-data.s3.amazonaws.com/photos/550757263/large.jpg,https://inaturalist-open-data.s3.amazonaws.com/photos/550757263/original.jpg,data/raw/wild_ginger/550757263.jpg,911761,04894e43cce356720a523130f326e024,1152,2048,2026-09-11T16:01:46+1200,train
wild_ginger,plant,Wild ginger,Hedychium gardnerianum,13448733,20016106,cc0,no rights reserved,2018-06-15,52495,Hedychium gardnerianum,https://inaturalist-open-data.s3.amazonaws.com/photos/20016106/large.jpeg,https://inaturalist-open-data.s3.amazonaws.com/photos/20016106/original.jpeg,data/raw/wild_ginger/20016106.jpg,571366,c43290ed6433366870e958536bfdb28f,2048,1536,2026-09-11T16:01:46+1200,train
wild_ginger,plant,Wild ginger,Hedychium gardnerianum,13448733,20016145,cc0,no rights reserved,2018-06-15,52495,Hedychium gardnerianum,https://inaturalist-open-data.s3.amazonaws.com/photos/20016145/large.jpeg,https://inaturalist-open-data.s3.amazonaws.com/photos/20016145/original.jpeg,data/raw/wild_ginger/20016145.jpg,426036,d5a83a3901464b89db1254de4874f9c9,2048,1536,2026-09-11T16:01:46+1200,train
wild_ginger,plant,Wild ginger,Hedychium gardnerianum,13448733,20016153,cc0,no rights reserved,2018-06-15,52495,Hedychium gardnerianum,https://inaturalist-open-data.s3.amazonaws.com/photos/20016153/large.jpeg,https://inaturalist-open-data.s3.amazonaws.com/photos/20016153/original.jpeg,data/raw/wild_ginger/20016153.jpg,347169,d90b284bebb151c5a2983e4b77b51371,2048,1536,2026-09-11T16:01:46+1200,train
wild_ginger,plant,Wild ginger,Hedychium gardnerianum,17271422,26198975,cc0,no rights reserved,2018-10-07,52495,Hedychium gardnerianum,https://inaturalist-open-data.s3.amazonaws.com/photos/26198975/large.jpeg,https://inaturalist-open-data.s3.amazonaws.com/photos/26198975/original.jpeg,data/raw/wild_ginger/26198975.jpg,547729,308670e9190496ae655b9ffac4709ad8,1536,2048,2026-09-11T16:01:46+1200,train
wild_ginger,plant,Wild ginger,Hedychium gardnerianum,17271422,26198968,cc0,no rights reserved,2018-10-07,52495,Hedychium gardnerianum,https://inaturalist-open-data.s3.amazonaws.com/photos/26198968/large.jpeg,https://inaturalist-open-data.s3.amazonaws.com/photos/26198968/original.jpeg,data/raw/wild_ginger/26198968.jpg,562064,2fc4b3da24d6546c643156b9b6534e2c,2048,1536,2026-09-11T16:01:46+1200,train
wild_ginger,plant,Wild ginger,Hedychium gardnerianum,17271422,26199025,cc0,no rights reserved,2018-10-07,52495,Hedychium gardnerianum,https://inaturalist-open-data.s3.amazonaws.com/photos/26199025/large.jpeg,https://inaturalist-open-data.s3.amazonaws.com/photos/26199025/original.jpeg,data/raw/wild_ginger/26199025.jpg,511103,5391e19ddac766564d9c7e6bbf090681,1536,2048,2026-09-11T16:01:46+1200,train
wild_ginger,plant,Wild ginger,Hedychium gardnerianum,17271422,26199142,cc0,no rights reserved,2018-10-07,52495,Hedychium gardnerianum,https://inaturalist-open-data.s3.amazonaws.com/photos/26199142/large.jpeg,https://inaturalist-open-data.s3.amazonaws.com/photos/26199142/original.jpeg,data/raw/wild_ginger/26199142.jpg,411667,a21a47a9351551e596e9f395f22cdf79,1536,2048,2026-09-11T16:01:46+1200,train
wild_ginger,plant,Wild ginger,Hedychium gardnerianum,28724135,44794376,cc0,no rights reserved,2019-07-09,52495,Hedychium gardnerianum,https://inaturalist-open-data.s3.amazonaws.com/photos/44794376/large.jpeg,https://inaturalist-open-data.s3.amazonaws.com/photos/44794376/original.jpeg,data/raw/wild_ginger/44794376.jpg,161430,02431ab281dbd64e9fd8e0a4b2fabcdc,1536,2048,2026-09-11T16:01:46+1200,train
wild_ginger,plant,Wild ginger,Hedychium gardnerianum,28724135,44794536,cc0,no rights reserved,2019-07-09,52495,Hedychium gardnerianum,https://inaturalist-open-data.s3.amazonaws.com/photos/44794536/large.jpeg,https://inaturalist-open-data.s3.amazonaws.com/photos/44794536/original.jpeg,data/raw/wild_ginger/44794536.jpg,403626,c4b73703c10db065a7a1d57f9fcd3ffc,2048,1536,2026-09-11T16:01:46+1200,train
wild_ginger,plant,Wild ginger,Hedychium gardnerianum,28724135,44794624,cc0,no rights reserved,2019-07-09,52495,Hedychium gardnerianum,https://inaturalist-open-data.s3.amazonaws.com/photos/44794624/large.jpeg,https://inaturalist-open-data.s3.amazonaws.com/photos/44794624/original.jpeg,data/raw/wild_ginger/44794624.jpg,283189,ba67a61a314c0b6e9fa204c69bcdc944,2048,1536,2026-09-11T16:01:46+1200,train
wild_ginger,plant,Wild ginger,Hedychium gardnerianum,29564385,46146478,cc0,no rights reserved,2019-07-24,52495,Hedychium gardnerianum,https://inaturalist-open-data.s3.amazonaws.com/photos/46146478/large.jpeg,https://inaturalist-open-data.s3.amazonaws.com/photos/46146478/original.jpeg,data/raw/wild_ginger/46146478.jpg,298947,f94e699e5e7b5e5338e6a6afd867eadf,2048,1536,2026-09-11T16:01:46+1200,train
wild_ginger,plant,Wild ginger,Hedychium gardnerianum,29564385,46146474,cc0,no rights reserved,2019-07-24,52495,Hedychium gardnerianum,https://inaturalist-open-data.s3.amazonaws.com/photos/46146474/large.jpeg,https://inaturalist-open-data.s3.amazonaws.com/photos/46146474/original.jpeg,data/raw/wild_ginger/46146474.jpg,330933,6af8d016620e0c0c5bd92f85d12f1505,2048,1536,2026-09-11T16:01:46+1200,train
wild_ginger,plant,Wild ginger,Hedychium gardnerianum,210620834,372516261,cc-by,"(c) mcstanley, some rights reserved (CC BY)",2024-04-27,52495,Hedychium gardnerianum,https://inaturalist-open-data.s3.amazonaws.com/photos/372516261/large.jpg,https://inaturalist-open-data.s3.amazonaws.com/photos/372516261/original.jpg,data/raw/wild_ginger/372516261.jpg,433264,b138714ed6b1d827a2ff59d27d2a6d46,1536,2048,2026-09-11T16:01:46+1200,train
moth_plant,plant,Moth plant,Araujia sericifera,22401571,34697213,cc0,no rights reserved,2019-04-13,75499,Araujia sericifera,https://inaturalist-open-data.s3.amazonaws.com/photos/34697213/large.jpg,https://inaturalist-open-data.s3.amazonaws.com/photos/34697213/original.jpg,data/raw/moth_plant/34697213.jpg,321809,93a58b7dbee9aa407b42428fce89c65d,1536,2048,2026-09-11T16:02:12+1200,train
moth_plant,plant,Moth plant,Araujia sericifera,941300,1179924,cc-by,"(c) Jon Sullivan, some rights reserved (CC BY)",2005-05-29,75499,Araujia sericifera,https://inaturalist-open-data.s3.amazonaws.com/photos/1179924/large.jpg,https://inaturalist-open-data.s3.amazonaws.com/photos/1179924/original.jpg,data/raw/moth_plant/1179924.jpg,392110,a4a9bad375026449fa81a1a3561f3c9a,1536,2048,2026-09-11T16:02:12+1200,train
moth_plant,plant,Moth plant,Araujia sericifera,941300,1179925,cc-by,"(c) Jon Sullivan, some rights reserved (CC BY)",2005-05-29,75499,Araujia sericifera,https://inaturalist-open-data.s3.amazonaws.com/photos/1179925/large.jpg,https://inaturalist-open-data.s3.amazonaws.com/photos/1179925/original.jpg,data/raw/moth_plant/1179925.jpg,363773,36004708390b86b45029a0e8b1a7792a,1024,768,2026-09-11T16:02:12+1200,train
moth_plant,plant,Moth plant,Araujia sericifera,209406669,370583142,cc-by,"(c) jsimons, some rights reserved (CC BY)",2024-04-26,75499,Araujia sericifera,https://inaturalist-open-data.s3.amazonaws.com/photos/370583142/large.jpg,https://inaturalist-open-data.s3.amazonaws.com/photos/370583142/original.jpg,data/raw/moth_plant/370583142.jpg,286259,f960cc1eae3321ba35c52da5b343571c,1536,2048,2026-09-11T16:02:12+1200,train
moth_plant,plant,Moth plant,Araujia sericifera,209454604,370656174,cc-by,"(c) mcstanley, some rights reserved (CC BY)",2024-04-26,75499,Araujia sericifera,https://inaturalist-open-data.s3.amazonaws.com/photos/370656174/large.jpg,https://inaturalist-open-data.s3.amazonaws.com/photos/370656174/original.jpg,data/raw/moth_plant/370656174.jpg,470259,90a2fe14f8bdb8df0bc9401c1249ef20,1536,2048,2026-09-11T16:02:12+1200,train
moth_plant,plant,Moth plant,Araujia sericifera,259805040,466452750,cc-by,"(c) Wesley Webb, some rights reserved (CC BY)",2025-01-28,75499,Araujia sericifera,https://inaturalist-open-data.s3.amazonaws.com/photos/466452750/large.jpeg,https://inaturalist-open-data.s3.amazonaws.com/photos/466452750/original.jpeg,data/raw/moth_plant/466452750.jpg,559845,2bfa3f9df5f17e238ccbfed0227a3069,2048,1153,2026-09-11T16:02:12+1200,train
moth_plant,plant,Moth plant,Araujia sericifera,151577917,261557340,cc-by,"(c) prosperosity, some rights reserved (CC BY)",2023-03-19,75499,Araujia sericifera,https://inaturalist-open-data.s3.amazonaws.com/photos/261557340/large.jpg,https://inaturalist-open-data.s3.amazonaws.com/photos/261557340/original.jpg,data/raw/moth_plant/261557340.jpg,519398,a2ca5709200b9bac1345504ba3742545,1536,2048,2026-09-11T16:02:12+1200,train
moth_plant,plant,Moth plant,Araujia sericifera,338773598,616144986,cc-by,"(c) Keith S, some rights reserved (CC BY)",2026-02-16,75499,Araujia sericifera,https://inaturalist-open-data.s3.amazonaws.com/photos/616144986/large.jpg,https://inaturalist-open-data.s3.amazonaws.com/photos/616144986/original.jpg,data/raw/moth_plant/616144986.jpg,649420,b8a4d5651b7d40b4a2746d854836c4f4,1536,2048,2026-09-11T16:02:12+1200,train
moth_plant,plant,Moth plant,Araujia sericifera,17766981,27102572,cc-by,"(c) Murray NZ, some rights reserved (CC BY)",2018-10-18,75499,Araujia sericifera,https://inaturalist-open-data.s3.amazonaws.com/photos/27102572/large.jpg,https://inaturalist-open-data.s3.amazonaws.com/photos/27102572/original.jpg,data/raw/moth_plant/27102572.jpg,452792,10b08ee41266048190e5d435d7e622c4,1534,2048,2026-09-11T16:02:12+1200,train
moth_plant,plant,Moth plant,Araujia sericifera,17766981,27102573,cc-by,"(c) Murray NZ, some rights reserved (CC BY)",2018-10-18,75499,Araujia sericifera,https://inaturalist-open-data.s3.amazonaws.com/photos/27102573/large.jpg,https://inaturalist-open-data.s3.amazonaws.com/photos/27102573/original.jpg,data/raw/moth_plant/27102573.jpg,407603,abef87a7fd0243525d722ada658a293f,1365,2048,2026-09-11T16:02:12+1200,train
moth_plant,plant,Moth plant,Araujia sericifera,17930344,27394616,cc0,no rights reserved,2018-10-28,75499,Araujia sericifera,https://inaturalist-open-data.s3.amazonaws.com/photos/27394616/large.jpeg,https://inaturalist-open-data.s3.amazonaws.com/photos/27394616/original.jpeg,data/raw/moth_plant/27394616.jpg,364835,2b38aad752ae7a1469444edbb78714ed,1536,2048,2026-09-11T16:02:12+1200,train
moth_plant,plant,Moth plant,Araujia sericifera,17930344,27394617,cc0,no rights reserved,2018-10-28,75499,Araujia sericifera,https://inaturalist-open-data.s3.amazonaws.com/photos/27394617/large.jpeg,https://inaturalist-open-data.s3.amazonaws.com/photos/27394617/original.jpeg,data/raw/moth_plant/27394617.jpg,314949,a9dac05c907d63ee7f2a249105aafec2,1536,2048,2026-09-11T16:02:12+1200,train
moth_plant,plant,Moth plant,Araujia sericifera,15806340,23626092,cc0,no rights reserved,2018-08-23,75499,Araujia sericifera,https://inaturalist-open-data.s3.amazonaws.com/photos/23626092/large.jpeg,https://inaturalist-open-data.s3.amazonaws.com/photos/23626092/original.jpeg,data/raw/moth_plant/23626092.jpg,245018,2d99a158c2f98dc99687bef63c6aa08c,1536,2048,2026-09-11T16:02:12+1200,train
moth_plant,plant,Moth plant,Araujia sericifera,15806340,23626101,cc0,no rights reserved,2018-08-23,75499,Araujia sericifera,https://inaturalist-open-data.s3.amazonaws.com/photos/23626101/large.jpeg,https://inaturalist-open-data.s3.amazonaws.com/photos/23626101/original.jpeg,data/raw/moth_plant/23626101.jpg,318583,edb5a2194cc92ce45d58b303d660cf0e,2048,1536,2026-09-11T16:02:12+1200,train
moth_plant,plant,Moth plant,Araujia sericifera,15806340,23626102,cc0,no rights reserved,2018-08-23,75499,Araujia sericifera,https://inaturalist-open-data.s3.amazonaws.com/photos/23626102/large.jpeg,https://inaturalist-open-data.s3.amazonaws.com/photos/23626102/original.jpeg,data/raw/moth_plant/23626102.jpg,243646,ccff2ed18bda359c4783c752ce6bd94d,1536,2048,2026-09-11T16:02:12+1200,train
moth_plant,plant,Moth plant,Araujia sericifera,66240509,106737587,cc-by,"(c) Jacqui Geux, some rights reserved (CC BY)",2020-12-06,75499,Araujia sericifera,https://inaturalist-open-data.s3.amazonaws.com/photos/106737587/large.jpeg,https://inaturalist-open-data.s3.amazonaws.com/photos/106737587/original.jpeg,data/raw/moth_plant/106737587.jpg,107078,1884687a03811a3f5a28fbe95c2e6764,1600,1200,2026-09-11T16:02:12+1200,train
moth_plant,plant,Moth plant,Araujia sericifera,66240509,106737592,cc-by,"(c) Jacqui Geux, some rights reserved (CC BY)",2020-12-06,75499,Araujia sericifera,https://inaturalist-open-data.s3.amazonaws.com/photos/106737592/large.jpeg,https://inaturalist-open-data.s3.amazonaws.com/photos/106737592/original.jpeg,data/raw/moth_plant/106737592.jpg,244906,9dd9aad61fee4ebbe0d80f1c97bfcf7d,1600,1200,2026-09-11T16:02:12+1200,train
moth_plant,plant,Moth plant,Araujia sericifera,66240509,106737597,cc-by,"(c) Jacqui Geux, some rights reserved (CC BY)",2020-12-06,75499,Araujia sericifera,https://inaturalist-open-data.s3.amazonaws.com/photos/106737597/large.jpeg,https://inaturalist-open-data.s3.amazonaws.com/photos/106737597/original.jpeg,data/raw/moth_plant/106737597.jpg,193229,88d1ac4ef09d967a86f75dbc99cb8fef,1600,1200,2026-09-11T16:02:12+1200,train
moth_plant,plant,Moth plant,Araujia sericifera,66240509,106737613,cc-by,"(c) Jacqui Geux, some rights reserved (CC BY)",2020-12-06,75499,Araujia sericifera,https://inaturalist-open-data.s3.amazonaws.com/photos/106737613/large.jpeg,https://inaturalist-open-data.s3.amazonaws.com/photos/106737613/original.jpeg,data/raw/moth_plant/106737613.jpg,370479,30a5f1ebc6541df0722f44a9bcfffa5a,1600,1200,2026-09-11T16:02:12+1200,train
moth_plant,plant,Moth plant,Araujia sericifera,67297388,108694283,cc0,no rights reserved,2020-12-30,75499,Araujia sericifera,https://inaturalist-open-data.s3.amazonaws.com/photos/108694283/large.jpeg,https://inaturalist-open-data.s3.amazonaws.com/photos/108694283/original.jpeg,data/raw/moth_plant/108694283.jpg,487712,54cab19a54dd04f2ec57c2084cf46ef7,1536,2048,2026-09-11T16:02:12+1200,train
moth_plant,plant,Moth plant,Araujia sericifera,67297388,108694287,cc0,no rights reserved,2020-12-30,75499,Araujia sericifera,https://inaturalist-open-data.s3.amazonaws.com/photos/108694287/large.jpeg,https://inaturalist-open-data.s3.amazonaws.com/photos/108694287/original.jpeg,data/raw/moth_plant/108694287.jpg,469775,ccdfb2c6f8fc3b41e7f97b01bf3fca29,1536,2048,2026-09-11T16:02:12+1200,train
moth_plant,plant,Moth plant,Araujia sericifera,23242262,36003958,cc-by,"(c) Callan Bird, some rights reserved (CC BY)",2019-04-25,75499,Araujia sericifera,https://inaturalist-open-data.s3.amazonaws.com/photos/36003958/large.jpg,https://inaturalist-open-data.s3.amazonaws.com/photos/36003958/original.jpg,data/raw/moth_plant/36003958.jpg,161858,a64460913b93e07a2f256f207cf8669c,1536,2048,2026-09-11T16:02:12+1200,train
moth_plant,plant,Moth plant,Araujia sericifera,23242262,36004154,cc-by,"(c) Callan Bird, some rights reserved (CC BY)",2019-04-25,75499,Araujia sericifera,https://inaturalist-open-data.s3.amazonaws.com/photos/36004154/large.jpg,https://inaturalist-open-data.s3.amazonaws.com/photos/36004154/original.jpg,data/raw/moth_plant/36004154.jpg,373857,62ce1ac4f8c8ce4515760c48c4ec8edb,1536,2048,2026-09-11T16:02:12+1200,train
moth_plant,plant,Moth plant,Araujia sericifera,23242262,36004100,cc-by,"(c) Callan Bird, some rights reserved (CC BY)",2019-04-25,75499,Araujia sericifera,https://inaturalist-open-data.s3.amazonaws.com/photos/36004100/large.jpg,https://inaturalist-open-data.s3.amazonaws.com/photos/36004100/original.jpg,data/raw/moth_plant/36004100.jpg,116961,ee823d5c9a735649e44a2d7aa36997ff,1536,2048,2026-09-11T16:02:12+1200,train
moth_plant,plant,Moth plant,Araujia sericifera,319446306,577446502,cc-by,"(c) Keith S, some rights reserved (CC BY)",2025-10-08,75499,Araujia sericifera,https://inaturalist-open-data.s3.amazonaws.com/photos/577446502/large.jpg,https://inaturalist-open-data.s3.amazonaws.com/photos/577446502/original.jpg,data/raw/moth_plant/577446502.jpg,705218,162abcb690e9cf1f96f2d7f5de203011,1536,2048,2026-09-11T16:02:12+1200,train
moth_plant,plant,Moth plant,Araujia sericifera,54373968,86516886,cc0,no rights reserved,2019-07-19,75499,Araujia sericifera,https://inaturalist-open-data.s3.amazonaws.com/photos/86516886/large.jpeg,https://inaturalist-open-data.s3.amazonaws.com/photos/86516886/original.jpeg,data/raw/moth_plant/86516886.jpg,327293,370e4a0f803ff6b4eaf5a3a82ac070fa,1536,2048,2026-09-11T16:02:12+1200,train
moth_plant,plant,Moth plant,Araujia sericifera,54373968,86516956,cc0,no rights reserved,2019-07-19,75499,Araujia sericifera,https://inaturalist-open-data.s3.amazonaws.com/photos/86516956/large.jpeg,https://inaturalist-open-data.s3.amazonaws.com/photos/86516956/original.jpeg,data/raw/moth_plant/86516956.jpg,338413,882fbcb1546437e0ffa940d08c20fdb4,2048,1527,2026-09-11T16:02:12+1200,train
moth_plant,plant,Moth plant,Araujia sericifera,54373968,86516951,cc0,no rights reserved,2019-07-19,75499,Araujia sericifera,https://inaturalist-open-data.s3.amazonaws.com/photos/86516951/large.jpeg,https://inaturalist-open-data.s3.amazonaws.com/photos/86516951/original.jpeg,data/raw/moth_plant/86516951.jpg,310686,a0955225fdf7f4c549e342890d5a6dd5,1780,2048,2026-09-11T16:02:12+1200,train
moth_plant,plant,Moth plant,Araujia sericifera,54373968,86516936,cc0,no rights reserved,2019-07-19,75499,Araujia sericifera,https://inaturalist-open-data.s3.amazonaws.com/photos/86516936/large.jpeg,https://inaturalist-open-data.s3.amazonaws.com/photos/86516936/original.jpeg,data/raw/moth_plant/86516936.jpg,309087,92c9207a051a2d91bac39295c52cb55f,2048,1703,2026-09-11T16:02:12+1200,train
moth_plant,plant,Moth plant,Araujia sericifera,54373968,86516904,cc0,no rights reserved,2019-07-19,75499,Araujia sericifera,https://inaturalist-open-data.s3.amazonaws.com/photos/86516904/large.jpeg,https://inaturalist-open-data.s3.amazonaws.com/photos/86516904/original.jpeg,data/raw/moth_plant/86516904.jpg,412897,07bab0b1cafd548e62d9dc008469169c,2048,1536,2026-09-11T16:02:12+1200,train
moth_plant,plant,Moth plant,Araujia sericifera,54373968,86516849,cc0,no rights reserved,2019-07-19,75499,Araujia sericifera,https://inaturalist-open-data.s3.amazonaws.com/photos/86516849/large.jpeg,https://inaturalist-open-data.s3.amazonaws.com/photos/86516849/original.jpeg,data/raw/moth_plant/86516849.jpg,339731,c030234db2cdfc6725c2562caa58cd11,1536,2048,2026-09-11T16:02:12+1200,train
moth_plant,plant,Moth plant,Araujia sericifera,54373968,86516804,cc0,no rights reserved,2019-07-19,75499,Araujia sericifera,https://inaturalist-open-data.s3.amazonaws.com/photos/86516804/large.jpeg,https://inaturalist-open-data.s3.amazonaws.com/photos/86516804/original.jpeg,data/raw/moth_plant/86516804.jpg,385947,ddfd45ae0ab33108c5b23a222e478e84,1536,2048,2026-09-11T16:02:12+1200,train
moth_plant,plant,Moth plant,Araujia sericifera,54373968,86516791,cc0,no rights reserved,2019-07-19,75499,Araujia sericifera,https://inaturalist-open-data.s3.amazonaws.com/photos/86516791/large.jpeg,https://inaturalist-open-data.s3.amazonaws.com/photos/86516791/original.jpeg,data/raw/moth_plant/86516791.jpg,377227,b9d1f64374be3dffeb42f19fe4176f0e,1536,2048,2026-09-11T16:02:12+1200,train
moth_plant,plant,Moth plant,Araujia sericifera,54373968,86516776,cc0,no rights reserved,2019-07-19,75499,Araujia sericifera,https://inaturalist-open-data.s3.amazonaws.com/photos/86516776/large.jpeg,https://inaturalist-open-data.s3.amazonaws.com/photos/86516776/original.jpeg,data/raw/moth_plant/86516776.jpg,426039,faa8aad1b45a4748e9aac2eeec3f4e4c,1806,2048,2026-09-11T16:02:12+1200,train
moth_plant,plant,Moth plant,Araujia sericifera,54373968,86516995,cc0,no rights reserved,2019-07-19,75499,Araujia sericifera,https://inaturalist-open-data.s3.amazonaws.com/photos/86516995/large.jpeg,https://inaturalist-open-data.s3.amazonaws.com/photos/86516995/original.jpeg,data/raw/moth_plant/86516995.jpg,336030,9f048f026a963bd482e1b48d99718634,2048,1536,2026-09-11T16:02:12+1200,train
moth_plant,plant,Moth plant,Araujia sericifera,40009992,63537481,cc-by,"(c) Jacqui Geux, some rights reserved (CC BY)",2020-03-15,75499,Araujia sericifera,https://inaturalist-open-data.s3.amazonaws.com/photos/63537481/large.jpeg,https://inaturalist-open-data.s3.amazonaws.com/photos/63537481/original.jpeg,data/raw/moth_plant/63537481.jpg,269513,bf13dca5cac1bb97a4603532bfcdc0a7,1600,1200,2026-09-11T16:02:12+1200,train
moth_plant,plant,Moth plant,Araujia sericifera,40009992,63537483,cc-by,"(c) Jacqui Geux, some rights reserved (CC BY)",2020-03-15,75499,Araujia sericifera,https://inaturalist-open-data.s3.amazonaws.com/photos/63537483/large.jpeg,https://inaturalist-open-data.s3.amazonaws.com/photos/63537483/original.jpeg,data/raw/moth_plant/63537483.jpg,106468,4914116e10a54c4bf69e927f58e4d8bc,1600,1200,2026-09-11T16:02:12+1200,train
moth_plant,plant,Moth plant,Araujia sericifera,40009992,63537488,cc-by,"(c) Jacqui Geux, some rights reserved (CC BY)",2020-03-15,75499,Araujia sericifera,https://inaturalist-open-data.s3.amazonaws.com/photos/63537488/large.jpeg,https://inaturalist-open-data.s3.amazonaws.com/photos/63537488/original.jpeg,data/raw/moth_plant/63537488.jpg,166372,59c8df084da43798a03d1f8b2207e22d,1600,1200,2026-09-11T16:02:12+1200,train
moth_plant,plant,Moth plant,Araujia sericifera,107463806,180748604,cc-by,"(c) Nic Charlton, some rights reserved (CC BY)",2022-02-25,75499,Araujia sericifera,https://inaturalist-open-data.s3.amazonaws.com/photos/180748604/large.jpeg,https://inaturalist-open-data.s3.amazonaws.com/photos/180748604/original.jpeg,data/raw/moth_plant/180748604.jpg,671244,17425f6abf2f75eb73fa1ed03cf69918,2048,2048,2026-09-11T16:02:12+1200,train
moth_plant,plant,Moth plant,Araujia sericifera,107463806,180748617,cc-by,"(c) Nic Charlton, some rights reserved (CC BY)",2022-02-25,75499,Araujia sericifera,https://inaturalist-open-data.s3.amazonaws.com/photos/180748617/large.jpeg,https://inaturalist-open-data.s3.amazonaws.com/photos/180748617/original.jpeg,data/raw/moth_plant/180748617.jpg,646352,a493e0a5c9972f3ce78e57ae9c435574,2048,2048,2026-09-11T16:02:12+1200,train
moth_plant,plant,Moth plant,Araujia sericifera,107463806,180748629,cc-by,"(c) Nic Charlton, some rights reserved (CC BY)",2022-02-25,75499,Araujia sericifera,https://inaturalist-open-data.s3.amazonaws.com/photos/180748629/large.jpeg,https://inaturalist-open-data.s3.amazonaws.com/photos/180748629/original.jpeg,data/raw/moth_plant/180748629.jpg,645046,2a50e347bfd9e9fed3417c993184c63f,2048,2048,2026-09-11T16:02:12+1200,train
moth_plant,plant,Moth plant,Araujia sericifera,107463806,180748635,cc-by,"(c) Nic Charlton, some rights reserved (CC BY)",2022-02-25,75499,Araujia sericifera,https://inaturalist-open-data.s3.amazonaws.com/photos/180748635/large.jpeg,https://inaturalist-open-data.s3.amazonaws.com/photos/180748635/original.jpeg,data/raw/moth_plant/180748635.jpg,800288,367d8d9a480da3a720670156f0389563,2048,2048,2026-09-11T16:02:12+1200,train
moth_plant,plant,Moth plant,Araujia sericifera,198847084,350555871,cc-by,"(c) Leon Perrie, some rights reserved (CC BY)",2024-01-28,75499,Araujia sericifera,https://inaturalist-open-data.s3.amazonaws.com/photos/350555871/large.jpeg,https://inaturalist-open-data.s3.amazonaws.com/photos/350555871/original.jpeg,data/raw/moth_plant/350555871.jpg,227717,c5be0fa5d252dd6a0ba490938ee9f211,2048,1536,2026-09-11T16:02:12+1200,train
