class_slug,group,display_name,queried_name,observation_id,photo_id,license_code,attribution,observed_on,taxon_id,taxon_name,url_large,url_original,file_path,bytes,md5,width,height,downloaded_at,split
tui,bird,Tūī,Prosthemadera novaeseelandiae,189315617,331602772,cc-by,"(c) Tom Beard, some rights reserved (CC BY)",2023-10-24,413522,Prosthemadera novaeseelandiae novaeseelandiae,https://inaturalist-open-data.s3.amazonaws.com/photos/331602772/large.jpg,https://inaturalist-open-data.s3.amazonaws.com/photos/331602772/original.jpg,data/raw/tui/331602772.jpg,463176,2e07f879f9e0ce7891fe7d66cb8e2130,1627,1405,2026-09-11T17:16:17+1200,train
tui,bird,Tūī,Prosthemadera novaeseelandiae,163271174,282380254,cc-by,"(c) Michael Berardozzi, some rights reserved (CC BY)",2023-05-23,413522,Prosthemadera novaeseelandiae novaeseelandiae,https://inaturalist-open-data.s3.amazonaws.com/photos/282380254/large.jpeg,https://inaturalist-open-data.s3.amazonaws.com/photos/282380254/original.jpeg,data/raw/tui/282380254.jpg,237803,bd20356d6f93d64ec96a9766604a4297,2048,1536,2026-09-11T17:16:17+1200,train
tui,bird,Tūī,Prosthemadera novaeseelandiae,2344643,2603255,cc0,no rights reserved,2009-05-09,729198,Prosthemadera novaeseelandiae kermadecensis,https://inaturalist-open-data.s3.amazonaws.com/photos/2603255/large.jpg,https://inaturalist-open-data.s3.amazonaws.com/photos/2603255/original.jpg,data/raw/tui/2603255.jpg,735376,4c42ac03fbd9d926b0fdb0461528d4a6,2048,1492,2026-09-11T17:16:17+1200,train
tui,bird,Tūī,Prosthemadera novaeseelandiae,238034895,423719104,cc-by,"(c) William Harland, some rights reserved (CC BY)",2024-08-25,413522,Prosthemadera novaeseelandiae novaeseelandiae,https://inaturalist-open-data.s3.amazonaws.com/photos/423719104/large.jpeg,https://inaturalist-open-data.s3.amazonaws.com/photos/423719104/original.jpeg,data/raw/tui/423719104.jpg,104712,3e03361b3d883bb85aa43324c06a8ab6,2048,1992,2026-09-11T17:16:17+1200,train
tui,bird,Tūī,Prosthemadera novaeseelandiae,326747872,591837950,cc-by,"(c) sam-rajnikant, some rights reserved (CC BY)",2025-03-22,413522,Prosthemadera novaeseelandiae novaeseelandiae,https://inaturalist-open-data.s3.amazonaws.com/photos/591837950/large.jpg,https://inaturalist-open-data.s3.amazonaws.com/photos/591837950/original.jpg,data/raw/tui/591837950.jpg,331289,e9a06c077d04bb0662d4aef5ab63126e,2048,1365,2026-09-11T17:16:17+1200,train
tui,bird,Tūī,Prosthemadera novaeseelandiae,291695989,524844351,cc-by,"(c) Michael Berardozzi, some rights reserved (CC BY)",2025-06-22,413522,Prosthemadera novaeseelandiae novaeseelandiae,https://inaturalist-open-data.s3.amazonaws.com/photos/524844351/large.jpg,https://inaturalist-open-data.s3.amazonaws.com/photos/524844351/original.jpg,data/raw/tui/524844351.jpg,281136,5eb49f0691fb44dcbd568ff958d6c8f5,2048,1536,2026-09-11T17:16:17+1200,train
tui,bird,Tūī,Prosthemadera novaeseelandiae,15608606,23332477,cc-by,"(c) Jacqui Geux, some rights reserved (CC BY)",2018-08-18,413522,Prosthemadera novaeseelandiae novaeseelandiae,https://inaturalist-open-data.s3.amazonaws.com/photos/23332477/large.jpeg,https://inaturalist-open-data.s3.amazonaws.com/photos/23332477/original.jpeg,data/raw/tui/23332477.jpg,192056,0e606c8fe8103ce4789a263d1f3003e2,1600,1200,2026-09-11T17:16:17+1200,train
tui,bird,Tūī,Prosthemadera novaeseelandiae,45304678,71834212,cc-by,"(c) Chris Yesson, some rights reserved (CC BY)",2012-11-30,413522,Prosthemadera novaeseelandiae novaeseelandiae,https://inaturalist-open-data.s3.amazonaws.com/photos/71834212/large.jpeg,https://inaturalist-open-data.s3.amazonaws.com/photos/71834212/original.jpeg,data/raw/tui/71834212.jpg,465484,544eceabdb6113ce0bd1d4689df4b313,2048,1365,2026-09-11T17:16:17+1200,train
tui,bird,Tūī,Prosthemadera novaeseelandiae,260586068,467999812,cc-by,"(c) William Harland, some rights reserved (CC BY)",2025-01-28,413522,Prosthemadera novaeseelandiae novaeseelandiae,https://inaturalist-open-data.s3.amazonaws.com/photos/467999812/large.jpeg,https://inaturalist-open-data.s3.amazonaws.com/photos/467999812/original.jpeg,data/raw/tui/467999812.jpg,113471,9ba15e9484d217742f5338e0945b9238,1766,2048,2026-09-11T17:16:17+1200,train
tui,bird,Tūī,Prosthemadera novaeseelandiae,8814688,11840200,cc-by,"(c) Jacqui Geux, some rights reserved (CC BY)",2017-11-15,413522,Prosthemadera novaeseelandiae novaeseelandiae,https://inaturalist-open-data.s3.amazonaws.com/photos/11840200/large.jpeg,https://inaturalist-open-data.s3.amazonaws.com/photos/11840200/original.jpeg,data/raw/tui/11840200.jpg,244828,36f8eeb0395cf6e43c106f8c4cfdf029,1600,1200,2026-09-11T17:16:17+1200,train
tui,bird,Tūī,Prosthemadera novaeseelandiae,169123297,293180035,cc-by,"(c) Michael Berardozzi, some rights reserved (CC BY)",2023-06-24,413522,Prosthemadera novaeseelandiae novaeseelandiae,https://inaturalist-open-data.s3.amazonaws.com/photos/293180035/large.jpeg,https://inaturalist-open-data.s3.amazonaws.com/photos/293180035/original.jpeg,data/raw/tui/293180035.jpg,188456,c6f6c0f0192260eb728af59c52d4c300,2048,1536,2026-09-11T17:16:17+1200,train
tui,bird,Tūī,Prosthemadera novaeseelandiae,190176051,333304195,cc-by,"(c) Svend Hansen, some rights reserved (CC BY)",2023-11-06,413522,Prosthemadera novaeseelandiae novaeseelandiae,https://inaturalist-open-data.s3.amazonaws.com/photos/333304195/large.jpeg,https://inaturalist-open-data.s3.amazonaws.com/photos/333304195/original.jpeg,data/raw/tui/333304195.jpg,346276,012fe71807de4ee33bf187ee2740c143,1152,2048,2026-09-11T17:16:17+1200,train
tui,bird,Tūī,Prosthemadera novaeseelandiae,337762434,614086225,cc-by,"(c) Charlotte Sutton, some rights reserved (CC BY)",2026-02-07,413522,Prosthemadera novaeseelandiae novaeseelandiae,https://inaturalist-open-data.s3.amazonaws.com/photos/614086225/large.jpg,https://inaturalist-open-data.s3.amazonaws.com/photos/614086225/original.jpg,data/raw/tui/614086225.jpg,580406,087e9806860fe62d598750c4d2d50729,2048,1368,2026-09-11T17:16:17+1200,train
tui,bird,Tūī,Prosthemadera novaeseelandiae,227032877,402716356,cc-by,"(c) Oscar Dove, some rights reserved (CC BY)",2024-07-03,413522,Prosthemadera novaeseelandiae novaeseelandiae,https://inaturalist-open-data.s3.amazonaws.com/photos/402716356/large.jpeg,https://inaturalist-open-data.s3.amazonaws.com/photos/402716356/original.jpeg,data/raw/tui/402716356.jpg,464121,e38a7db7b15d78800f14cd66733e63e6,2048,1365,2026-09-11T17:16:17+1200,train
tui,bird,Tūī,Prosthemadera novaeseelandiae,308088521,555794912,cc0,no rights reserved,2025-08-22,413522,Prosthemadera novaeseelandiae novaeseelandiae,https://inaturalist-open-data.s3.amazonaws.com/photos/555794912/large.jpg,https://inaturalist-open-data.s3.amazonaws.com/photos/555794912/original.jpg,data/raw/tui/555794912.jpg,443102,2a19782b84123e2e7dcd911fd7d66b6f,1197,1197,2026-09-11T17:16:17+1200,train
tui,bird,Tūī,Prosthemadera novaeseelandiae,120117255,203128021,cc-by,"(c) William Harland, some rights reserved (CC BY)",2020-10-18,413522,Prosthemadera novaeseelandiae novaeseelandiae,https://inaturalist-open-data.s3.amazonaws.com/photos/203128021/large.jpeg,https://inaturalist-open-data.s3.amazonaws.com/photos/203128021/original.jpeg,data/raw/tui/203128021.jpg,209164,c1eab30b81d2e69241adb97e5eec09ff,2048,1746,2026-09-11T17:16:17+1200,train
tui,bird,Tūī,Prosthemadera novaeseelandiae,36212399,57214780,cc-by,"(c) wild_wind, some rights reserved (CC BY)",2019-11-30,413522,Prosthemadera novaeseelandiae novaeseelandiae,https://inaturalist-open-data.s3.amazonaws.com/photos/57214780/large.jpeg,https://inaturalist-open-data.s3.amazonaws.com/photos/57214780/original.jpeg,data/raw/tui/57214780.jpg,293873,17d7d585e048e855ddf9153a81dc7801,1922,2048,2026-09-11T17:16:17+1200,train
tui,bird,Tūī,Prosthemadera novaeseelandiae,278399757,499803814,cc-by,"(c) Saryu Mae 前 朝琉, some rights reserved (CC BY)",2024-12-31,12580,Prosthemadera novaeseelandiae,https://inaturalist-open-data.s3.amazonaws.com/photos/499803814/large.jpg,https://inaturalist-open-data.s3.amazonaws.com/photos/499803814/original.jpg,data/raw/tui/499803814.jpg,594102,75e54ec3577454670e582e02e1c0585a,2048,1365,2026-09-11T17:16:17+1200,train
tui,bird,Tūī,Prosthemadera novaeseelandiae,50243043,79785535,cc-by,"(c) John Barkla, some rights reserved (CC BY)",2020-06-18,413522,Prosthemadera novaeseelandiae novaeseelandiae,https://inaturalist-open-data.s3.amazonaws.com/photos/79785535/large.jpg,https://inaturalist-open-data.s3.amazonaws.com/photos/79785535/original.jpg,data/raw/tui/79785535.jpg,136212,a9ac51df920dc1f9b50a9889487b57e0,2048,1365,2026-09-11T17:16:17+1200,train
tui,bird,Tūī,Prosthemadera novaeseelandiae,335457526,609411441,cc-by,"(c) William Harland, some rights reserved (CC BY)",2026-01-13,413522,Prosthemadera novaeseelandiae novaeseelandiae,https://inaturalist-open-data.s3.amazonaws.com/photos/609411441/large.jpg,https://inaturalist-open-data.s3.amazonaws.com/photos/609411441/original.jpg,data/raw/tui/609411441.jpg,164450,19a66b6a16a20edde875bcbb28716892,2048,1329,2026-09-11T17:16:17+1200,train
tui,bird,Tūī,Prosthemadera novaeseelandiae,17730681,27036387,cc-by,"(c) John Barkla, some rights reserved (CC BY)",2018-10-20,413522,Prosthemadera novaeseelandiae novaeseelandiae,https://inaturalist-open-data.s3.amazonaws.com/photos/27036387/large.jpg,https://inaturalist-open-data.s3.amazonaws.com/photos/27036387/original.jpg,data/raw/tui/27036387.jpg,118806,76fe87f80de1cf904499d6bf3d382c0e,2048,1365,2026-09-11T17:16:17+1200,train
tui,bird,Tūī,Prosthemadera novaeseelandiae,62531,96106,cc-by,"(c) Justin, some rights reserved (CC BY)",2006-12-31,413522,Prosthemadera novaeseelandiae novaeseelandiae,https://inaturalist-open-data.s3.amazonaws.com/photos/96106/large.jpg,https://inaturalist-open-data.s3.amazonaws.com/photos/96106/original.jpg,data/raw/tui/96106.jpg,81817,74ff0f739ecaecd7aca86a1f501a91eb,242,402,2026-09-11T17:16:17+1200,train
tui,bird,Tūī,Prosthemadera novaeseelandiae,186131552,325213478,cc-by,"(c) Svend Hansen, some rights reserved (CC BY)",2023-10-04,413522,Prosthemadera novaeseelandiae novaeseelandiae,https://inaturalist-open-data.s3.amazonaws.com/photos/325213478/large.jpeg,https://inaturalist-open-data.s3.amazonaws.com/photos/325213478/original.jpeg,data/raw/tui/325213478.jpg,382628,3f34935cb11672d5431e1d3440039ed6,1152,2048,2026-09-11T17:16:17+1200,train
tui,bird,Tūī,Prosthemadera novaeseelandiae,104625214,175352918,cc-by,"(c) Svend Hansen, some rights reserved (CC BY)",2022-01-09,413522,Prosthemadera novaeseelandiae novaeseelandiae,https://inaturalist-open-data.s3.amazonaws.com/photos/175352918/large.jpeg,https://inaturalist-open-data.s3.amazonaws.com/photos/175352918/original.jpeg,data/raw/tui/175352918.jpg,380927,924285da9a012b02b258377cdc604700,1152,2048,2026-09-11T17:16:17+1200,train
tui,bird,Tūī,Prosthemadera novaeseelandiae,118595077,200391591,cc-by,"(c) William Harland, some rights reserved (CC BY)",2020-08-13,413522,Prosthemadera novaeseelandiae novaeseelandiae,https://inaturalist-open-data.s3.amazonaws.com/photos/200391591/large.jpeg,https://inaturalist-open-data.s3.amazonaws.com/photos/200391591/original.jpeg,data/raw/tui/200391591.jpg,223761,0935444a6e0ca4d7432b2056ba5f0b3a,2048,1583,2026-09-11T17:16:17+1200,train
tui,bird,Tūī,Prosthemadera novaeseelandiae,27792632,43280065,cc-by,"(c) Jacqui Geux, some rights reserved (CC BY)",2019-06-27,413522,Prosthemadera novaeseelandiae novaeseelandiae,https://inaturalist-open-data.s3.amazonaws.com/photos/43280065/large.jpeg,https://inaturalist-open-data.s3.amazonaws.com/photos/43280065/original.jpeg,data/raw/tui/43280065.jpg,165746,b8864d27db624fcf504430d80a87ad06,1600,1200,2026-09-11T17:16:17+1200,train
tui,bird,Tūī,Prosthemadera novaeseelandiae,358213808,653444893,cc0,no rights reserved,2026-04-25,413522,Prosthemadera novaeseelandiae novaeseelandiae,https://inaturalist-open-data.s3.amazonaws.com/photos/653444893/large.jpg,https://inaturalist-open-data.s3.amazonaws.com/photos/653444893/original.jpg,data/raw/tui/653444893.jpg,187872,af205ec5331d68e61201e970c204a35f,2048,1903,2026-09-11T17:16:17+1200,train
tui,bird,Tūī,Prosthemadera novaeseelandiae,32685494,51284004,cc-by,"(c) Jacqui Geux, some rights reserved (CC BY)",2019-09-13,413522,Prosthemadera novaeseelandiae novaeseelandiae,https://inaturalist-open-data.s3.amazonaws.com/photos/51284004/large.jpeg,https://inaturalist-open-data.s3.amazonaws.com/photos/51284004/original.jpeg,data/raw/tui/51284004.jpg,105282,7f6e76ddd46762b49b81e5ddd3d89bd4,1600,1200,2026-09-11T17:16:17+1200,train
tui,bird,Tūī,Prosthemadera novaeseelandiae,103795344,173805228,cc-by,"(c) Liadan Dickie, some rights reserved (CC BY)",2021-12-23,413522,Prosthemadera novaeseelandiae novaeseelandiae,https://inaturalist-open-data.s3.amazonaws.com/photos/173805228/large.jpg,https://inaturalist-open-data.s3.amazonaws.com/photos/173805228/original.jpg,data/raw/tui/173805228.jpg,276842,92269ac7fd0db7c31ae07c9edd5a6702,750,1000,2026-09-11T17:16:17+1200,train
tui,bird,Tūī,Prosthemadera novaeseelandiae,101678504,169820027,cc-by,"(c) Jacqui Geux, some rights reserved (CC BY)",2021-11-21,413522,Prosthemadera novaeseelandiae novaeseelandiae,https://inaturalist-open-data.s3.amazonaws.com/photos/169820027/large.jpeg,https://inaturalist-open-data.s3.amazonaws.com/photos/169820027/original.jpeg,data/raw/tui/169820027.jpg,146440,53601535df15f8c02e79799f504ce801,1600,1200,2026-09-11T17:16:17+1200,train
tui,bird,Tūī,Prosthemadera novaeseelandiae,100386223,167534545,cc-by,"(c) Mike Bowie, some rights reserved (CC BY)",2021-11-04,413522,Prosthemadera novaeseelandiae novaeseelandiae,https://inaturalist-open-data.s3.amazonaws.com/photos/167534545/large.jpeg,https://inaturalist-open-data.s3.amazonaws.com/photos/167534545/original.jpeg,data/raw/tui/167534545.jpg,249962,8e629f948560ff1ede4b3acfc031f7b5,1356,2048,2026-09-11T17:16:17+1200,train
tui,bird,Tūī,Prosthemadera novaeseelandiae,5055206,6197919,cc-by,"(c) Brett Sandford, some rights reserved (CC BY)",2017-02-05,413522,Prosthemadera novaeseelandiae novaeseelandiae,https://inaturalist-open-data.s3.amazonaws.com/photos/6197919/large.jpg,https://inaturalist-open-data.s3.amazonaws.com/photos/6197919/original.jpg,data/raw/tui/6197919.jpg,256476,7ad90c3aecc80be9dda4432fc4c7e79c,1234,926,2026-09-11T17:16:17+1200,train
tui,bird,Tūī,Prosthemadera novaeseelandiae,16724284,25233881,cc-by,"(c) Matthew Blissett, some rights reserved (CC BY)",2018-08-31,413522,Prosthemadera novaeseelandiae novaeseelandiae,https://inaturalist-open-data.s3.amazonaws.com/photos/25233881/large.jpeg,https://inaturalist-open-data.s3.amazonaws.com/photos/25233881/original.jpeg,data/raw/tui/25233881.jpg,268568,9c00bc46465658ee067183605f1c86ae,2048,1620,2026-09-11T17:16:17+1200,train
tui,bird,Tūī,Prosthemadera novaeseelandiae,17895723,27329765,cc-by,"(c) Katja Schulz, some rights reserved (CC BY)",2018-09-03,413522,Prosthemadera novaeseelandiae novaeseelandiae,https://inaturalist-open-data.s3.amazonaws.com/photos/27329765/large.jpg,https://inaturalist-open-data.s3.amazonaws.com/photos/27329765/original.jpg,data/raw/tui/27329765.jpg,334469,707f1932b81211e6a0759754da2ea9ea,2048,1536,2026-09-11T17:16:17+1200,train
tui,bird,Tūī,Prosthemadera novaeseelandiae,39664141,62948638,cc-by,"(c) Nathan Earley, some rights reserved (CC BY)",2020-01-23,413522,Prosthemadera novaeseelandiae novaeseelandiae,https://inaturalist-open-data.s3.amazonaws.com/photos/62948638/large.jpeg,https://inaturalist-open-data.s3.amazonaws.com/photos/62948638/original.jpeg,data/raw/tui/62948638.jpg,192139,e4952f4c4b0ccac3abde4fd8d48d61b9,2048,1536,2026-09-11T17:16:17+1200,train
tui,bird,Tūī,Prosthemadera novaeseelandiae,33832784,53181570,cc-by,"(c) Jacqui Geux, some rights reserved (CC BY)",2019-10-03,413522,Prosthemadera novaeseelandiae novaeseelandiae,https://inaturalist-open-data.s3.amazonaws.com/photos/53181570/large.jpeg,https://inaturalist-open-data.s3.amazonaws.com/photos/53181570/original.jpeg,data/raw/tui/53181570.jpg,146157,9e31d0a9ba919a6bb06752c43c4ddc27,1600,1200,2026-09-11T17:16:17+1200,train
tui,bird,Tūī,Prosthemadera novaeseelandiae,18048229,27595416,cc-by,"(c) Katja Schulz, some rights reserved (CC BY)",2018-09-04,413522,Prosthemadera novaeseelandiae novaeseelandiae,https://inaturalist-open-data.s3.amazonaws.com/photos/27595416/large.jpg,https://inaturalist-open-data.s3.amazonaws.com/photos/27595416/original.jpg,data/raw/tui/27595416.jpg,423051,9c0c656520d6632c7f9974ccee488346,2048,1536,2026-09-11T17:16:17+1200,train
tui,bird,Tūī,Prosthemadera novaeseelandiae,227030922,402712157,cc-by,"(c) Oscar Dove, some rights reserved (CC BY)",2024-06-29,413522,Prosthemadera novaeseelandiae novaeseelandiae,https://inaturalist-open-data.s3.amazonaws.com/photos/402712157/large.jpeg,https://inaturalist-open-data.s3.amazonaws.com/photos/402712157/original.jpeg,data/raw/tui/402712157.jpg,546565,e72546cf383d062f8475d0897d500674,2048,1365,2026-09-11T17:16:17+1200,train
tui,bird,Tūī,Prosthemadera novaeseelandiae,35190012,55463591,cc-by,"(c) wild_wind, some rights reserved (CC BY)",2019-11-02,413522,Prosthemadera novaeseelandiae novaeseelandiae,https://inaturalist-open-data.s3.amazonaws.com/photos/55463591/large.jpeg,https://inaturalist-open-data.s3.amazonaws.com/photos/55463591/original.jpeg,data/raw/tui/55463591.jpg,314051,e8c4e8507ac911a49ff44bb06a577e12,2006,2048,2026-09-11T17:16:17+1200,train
tui,bird,Tūī,Prosthemadera novaeseelandiae,41481670,65808595,cc-by,"(c) Leon Perrie, some rights reserved (CC BY)",2020-04-06,413522,Prosthemadera novaeseelandiae novaeseelandiae,https://inaturalist-open-data.s3.amazonaws.com/photos/65808595/large.jpeg,https://inaturalist-open-data.s3.amazonaws.com/photos/65808595/original.jpeg,data/raw/tui/65808595.jpg,749748,1be995ecbf6e1b6c8603cf6d27bdbed3,2048,1536,2026-09-11T17:16:17+1200,train
tui,bird,Tūī,Prosthemadera novaeseelandiae,257198397,461333654,cc-by,"(c) kiwialli, some rights reserved (CC BY)",2025-01-03,413522,Prosthemadera novaeseelandiae novaeseelandiae,https://inaturalist-open-data.s3.amazonaws.com/photos/461333654/large.jpeg,https://inaturalist-open-data.s3.amazonaws.com/photos/461333654/original.jpeg,data/raw/tui/461333654.jpg,501629,611c4e9395dc5496e0001304d0f69ac1,1536,2048,2026-09-11T17:16:17+1200,train
tui,bird,Tūī,Prosthemadera novaeseelandiae,42629779,67695048,cc0,no rights reserved,2020-04-20,413522,Prosthemadera novaeseelandiae novaeseelandiae,https://inaturalist-open-data.s3.amazonaws.com/photos/67695048/large.jpeg,https://inaturalist-open-data.s3.amazonaws.com/photos/67695048/original.jpeg,data/raw/tui/67695048.jpg,695546,20e32e29f78b1c6e31a9b994b6eb12e3,2048,1536,2026-09-11T17:16:17+1200,train
tui,bird,Tūī,Prosthemadera novaeseelandiae,37016783,58610438,cc-by,"(c) wild_wind, some rights reserved (CC BY)",2019-12-28,413522,Prosthemadera novaeseelandiae novaeseelandiae,https://inaturalist-open-data.s3.amazonaws.com/photos/58610438/large.jpeg,https://inaturalist-open-data.s3.amazonaws.com/photos/58610438/original.jpeg,data/raw/tui/58610438.jpg,239479,0ad4bee64465289434d8a22b1160fa7c,2048,2002,2026-09-11T17:16:17+1200,train
tui,bird,Tūī,Prosthemadera novaeseelandiae,37609998,59655120,cc-by,"(c) wild_wind, some rights reserved (CC BY)",2020-01-15,413522,Prosthemadera novaeseelandiae novaeseelandiae,https://inaturalist-open-data.s3.amazonaws.com/photos/59655120/large.jpeg,https://inaturalist-open-data.s3.amazonaws.com/photos/59655120/original.jpeg,data/raw/tui/59655120.jpg,229225,aaf5e67a916a2658c0e62510f8db39a5,2048,1867,2026-09-11T17:16:17+1200,train
tui,bird,Tūī,Prosthemadera novaeseelandiae,1539575,1907233,cc0,no rights reserved,2015-05-25,413522,Prosthemadera novaeseelandiae novaeseelandiae,https://inaturalist-open-data.s3.amazonaws.com/photos/1907233/large.jpg,https://inaturalist-open-data.s3.amazonaws.com/photos/1907233/original.jpg,data/raw/tui/1907233.jpg,491158,eec39dd900661f84d966f3271a32056b,2048,1152,2026-09-11T17:16:17+1200,train
tui,bird,Tūī,Prosthemadera novaeseelandiae,308629069,556824893,cc-by,"(c) Michael Berardozzi, some rights reserved (CC BY)",2025-08-24,413522,Prosthemadera novaeseelandiae novaeseelandiae,https://inaturalist-open-data.s3.amazonaws.com/photos/556824893/large.jpg,https://inaturalist-open-data.s3.amazonaws.com/photos/556824893/original.jpg,data/raw/tui/556824893.jpg,225621,5f2180628101cbec9c4365f9941ef550,1300,1296,2026-09-11T17:16:17+1200,train
tui,bird,Tūī,Prosthemadera novaeseelandiae,10879273,15276848,cc-by,"(c) naturewatchwidow, some rights reserved (CC BY)",2018-04-14,413522,Prosthemadera novaeseelandiae novaeseelandiae,https://inaturalist-open-data.s3.amazonaws.com/photos/15276848/large.jpeg,https://inaturalist-open-data.s3.amazonaws.com/photos/15276848/original.jpeg,data/raw/tui/15276848.jpg,511807,9d5cf2f7d865b4aab7f65d3c11581a28,1152,2048,2026-09-11T17:16:17+1200,train
tui,bird,Tūī,Prosthemadera novaeseelandiae,3600121,4168592,cc-by,"(c) John Barkla, some rights reserved (CC BY)",2016-07-03,413522,Prosthemadera novaeseelandiae novaeseelandiae,https://inaturalist-open-data.s3.amazonaws.com/photos/4168592/large.jpg,https://inaturalist-open-data.s3.amazonaws.com/photos/4168592/original.jpg,data/raw/tui/4168592.jpg,102675,26d92d73c38b45c0375f372b5b51288b,2048,1365,2026-09-11T17:16:17+1200,train
tui,bird,Tūī,Prosthemadera novaeseelandiae,372818477,681294055,cc-by,"(c) Beth Gibbs, some rights reserved (CC BY)",2026-06-17,413522,Prosthemadera novaeseelandiae novaeseelandiae,https://inaturalist-open-data.s3.amazonaws.com/photos/681294055/large.jpg,https://inaturalist-open-data.s3.amazonaws.com/photos/681294055/original.jpg,data/raw/tui/681294055.jpg,571137,2869291b7a56b90bbae337b5fe568388,2048,1536,2026-09-11T17:16:17+1200,train
tui,bird,Tūī,Prosthemadera novaeseelandiae,331781323,601959408,cc-by,"(c) cello caruso-turiello, some rights reserved (CC BY)",2025-12-22,413522,Prosthemadera novaeseelandiae novaeseelandiae,https://inaturalist-open-data.s3.amazonaws.com/photos/601959408/large.jpg,https://inaturalist-open-data.s3.amazonaws.com/photos/601959408/original.jpg,data/raw/tui/601959408.jpg,302376,606da6276c2f7c1f07652af965a96c18,2048,1365,2026-09-11T17:16:17+1200,train
tui,bird,Tūī,Prosthemadera novaeseelandiae,331781319,601959389,cc-by,"(c) cello caruso-turiello, some rights reserved (CC BY)",2025-12-22,413522,Prosthemadera novaeseelandiae novaeseelandiae,https://inaturalist-open-data.s3.amazonaws.com/photos/601959389/large.jpg,https://inaturalist-open-data.s3.amazonaws.com/photos/601959389/original.jpg,data/raw/tui/601959389.jpg,254948,4f1149092b0dc2354147bc7d5cc8cd5c,2048,1365,2026-09-11T17:16:17+1200,train
tui,bird,Tūī,Prosthemadera novaeseelandiae,313222845,565610930,cc-by,"(c) strewick, some rights reserved (CC BY)",2025-09-12,413522,Prosthemadera novaeseelandiae novaeseelandiae,https://inaturalist-open-data.s3.amazonaws.com/photos/565610930/large.jpg,https://inaturalist-open-data.s3.amazonaws.com/photos/565610930/original.jpg,data/raw/tui/565610930.jpg,275124,e84b10378d009dae24abde99439a7cc1,1536,2048,2026-09-11T17:16:17+1200,train
tui,bird,Tūī,Prosthemadera novaeseelandiae,231734876,411619941,cc-by,"(c) danrob, some rights reserved (CC BY)",2024-07-24,413522,Prosthemadera novaeseelandiae novaeseelandiae,https://inaturalist-open-data.s3.amazonaws.com/photos/411619941/large.jpeg,https://inaturalist-open-data.s3.amazonaws.com/photos/411619941/original.jpeg,data/raw/tui/411619941.jpg,434036,3bf1e65293b868d6fcbe18c761698754,2048,1536,2026-09-11T17:16:17+1200,train
tui,bird,Tūī,Prosthemadera novaeseelandiae,204249552,360995686,cc0,no rights reserved,2024-03-28,413522,Prosthemadera novaeseelandiae novaeseelandiae,https://inaturalist-open-data.s3.amazonaws.com/photos/360995686/large.jpg,https://inaturalist-open-data.s3.amazonaws.com/photos/360995686/original.jpg,data/raw/tui/360995686.jpg,458360,20242668bdfb75bef562dfd3abae3f2a,2048,1542,2026-09-11T17:16:17+1200,train
tui,bird,Tūī,Prosthemadera novaeseelandiae,8292958,11003926,cc-by,"(c) Mike Bowie, some rights reserved (CC BY)",2017-09-30,413522,Prosthemadera novaeseelandiae novaeseelandiae,https://inaturalist-open-data.s3.amazonaws.com/photos/11003926/large.jpeg,https://inaturalist-open-data.s3.amazonaws.com/photos/11003926/original.jpeg,data/raw/tui/11003926.jpg,306792,884fb60962c6ff60776ead3cc792d2b7,2048,1346,2026-09-11T17:16:17+1200,train
tui,bird,Tūī,Prosthemadera novaeseelandiae,249294606,445611336,cc-by,"(c) Julia Palmer, some rights reserved (CC BY)",2024-10-27,413522,Prosthemadera novaeseelandiae novaeseelandiae,https://inaturalist-open-data.s3.amazonaws.com/photos/445611336/large.jpeg,https://inaturalist-open-data.s3.amazonaws.com/photos/445611336/original.jpeg,data/raw/tui/445611336.jpg,422738,7cae894bfeb60dc27a25a344041b62bd,2048,1365,2026-09-11T17:16:17+1200,train
tui,bird,Tūī,Prosthemadera novaeseelandiae,3321182,3837153,cc-by,"(c) Jacqui Geux, some rights reserved (CC BY)",2016-05-28,413522,Prosthemadera novaeseelandiae novaeseelandiae,https://inaturalist-open-data.s3.amazonaws.com/photos/3837153/large.JPG,https://inaturalist-open-data.s3.amazonaws.com/photos/3837153/original.JPG,data/raw/tui/3837153.jpg,144084,cd02875e0d279589ff34b3f1215edc7a,1600,1200,2026-09-11T17:16:17+1200,train
tui,bird,Tūī,Prosthemadera novaeseelandiae,40117196,63720588,cc-by,"(c) Jacqui Geux, some rights reserved (CC BY)",2020-03-17,413522,Prosthemadera novaeseelandiae novaeseelandiae,https://inaturalist-open-data.s3.amazonaws.com/photos/63720588/large.jpeg,https://inaturalist-open-data.s3.amazonaws.com/photos/63720588/original.jpeg,data/raw/tui/63720588.jpg,223244,1f03b672a5f4500ad6ad5083c52d863e,1600,1200,2026-09-11T17:16:17+1200,train
tui,bird,Tūī,Prosthemadera novaeseelandiae,42142089,66895680,cc-by,"(c) Jacqui Geux, some rights reserved (CC BY)",2020-04-14,413522,Prosthemadera novaeseelandiae novaeseelandiae,https://inaturalist-open-data.s3.amazonaws.com/photos/66895680/large.jpeg,https://inaturalist-open-data.s3.amazonaws.com/photos/66895680/original.jpeg,data/raw/tui/66895680.jpg,124879,d8ea5e9d54c93c0f0c4555a27b5517c9,1600,1200,2026-09-11T17:16:17+1200,train
tui,bird,Tūī,Prosthemadera novaeseelandiae,6414032,8094262,cc-by,"(c) Jacqui Geux, some rights reserved (CC BY)",2017-05-26,413522,Prosthemadera novaeseelandiae novaeseelandiae,https://inaturalist-open-data.s3.amazonaws.com/photos/8094262/large.jpg,https://inaturalist-open-data.s3.amazonaws.com/photos/8094262/original.jpg,data/raw/tui/8094262.jpg,263623,29754ea98ecd28f37817736268713506,1600,900,2026-09-11T17:16:17+1200,train
tui,bird,Tūī,Prosthemadera novaeseelandiae,15220669,22773056,cc-by,"(c) Zoe Anthony Quested, some rights reserved (CC BY)",2018-08-08,413522,Prosthemadera novaeseelandiae novaeseelandiae,https://inaturalist-open-data.s3.amazonaws.com/photos/22773056/large.jpeg,https://inaturalist-open-data.s3.amazonaws.com/photos/22773056/original.jpeg,data/raw/tui/22773056.jpg,309038,b1cd53a152bb4e50289949628c174747,2048,1536,2026-09-11T17:16:17+1200,train
tui,bird,Tūī,Prosthemadera novaeseelandiae,116016365,195808706,cc-by,"(c) Oscar Dove, some rights reserved (CC BY)",2022-05-08,413522,Prosthemadera novaeseelandiae novaeseelandiae,https://inaturalist-open-data.s3.amazonaws.com/photos/195808706/large.jpeg,https://inaturalist-open-data.s3.amazonaws.com/photos/195808706/original.jpeg,data/raw/tui/195808706.jpg,698787,6e961f2d04a5facdc23c370907094b61,1537,2048,2026-09-11T17:16:17+1200,train
tui,bird,Tūī,Prosthemadera novaeseelandiae,330302290,598916491,cc0,no rights reserved,2025-12-11,413522,Prosthemadera novaeseelandiae novaeseelandiae,https://inaturalist-open-data.s3.amazonaws.com/photos/598916491/large.jpg,https://inaturalist-open-data.s3.amazonaws.com/photos/598916491/original.jpg,data/raw/tui/598916491.jpg,697236,b7502533be75eb170bab5580f03a6a9f,2048,1542,2026-09-11T17:16:17+1200,train
tui,bird,Tūī,Prosthemadera novaeseelandiae,304127619,548228776,cc0,no rights reserved,2025-08-06,413522,Prosthemadera novaeseelandiae novaeseelandiae,https://inaturalist-open-data.s3.amazonaws.com/photos/548228776/large.jpg,https://inaturalist-open-data.s3.amazonaws.com/photos/548228776/original.jpg,data/raw/tui/548228776.jpg,573221,3be07175813208b78a428415f9b4cc3f,2048,1153,2026-09-11T17:16:17+1200,train
tui,bird,Tūī,Prosthemadera novaeseelandiae,275383869,494870469,cc-by,"(c) Svend Hansen, some rights reserved (CC BY)",2025-04-27,413522,Prosthemadera novaeseelandiae novaeseelandiae,https://inaturalist-open-data.s3.amazonaws.com/photos/494870469/large.jpg,https://inaturalist-open-data.s3.amazonaws.com/photos/494870469/original.jpg,data/raw/tui/494870469.jpg,282255,f27c1b8eb691adb99918b5e1b3d4eed0,1152,2048,2026-09-11T17:16:17+1200,train
tui,bird,Tūī,Prosthemadera novaeseelandiae,352409006,643209599,cc-by,"(c) PampaSorro, some rights reserved (CC BY)",2026-04-24,12580,Prosthemadera novaeseelandiae,https://inaturalist-open-data.s3.amazonaws.com/photos/643209599/large.jpg,https://inaturalist-open-data.s3.amazonaws.com/photos/643209599/original.jpg,data/raw/tui/643209599.jpg,187209,add4387c7cfe4814bc0a091f982d063b,2048,1536,2026-09-11T17:16:17+1200,train
tui,bird,Tūī,Prosthemadera novaeseelandiae,94688417,157104504,cc-by,"(c) Jacqui Geux, some rights reserved (CC BY)",2021-09-13,413522,Prosthemadera novaeseelandiae novaeseelandiae,https://inaturalist-open-data.s3.amazonaws.com/photos/157104504/large.jpeg,https://inaturalist-open-data.s3.amazonaws.com/photos/157104504/original.jpeg,data/raw/tui/157104504.jpg,156766,f07f0e89555665aaea4f83615797015e,1600,1200,2026-09-11T17:16:17+1200,train
tui,bird,Tūī,Prosthemadera novaeseelandiae,16643538,25089704,cc0,no rights reserved,2018-09-15,413522,Prosthemadera novaeseelandiae novaeseelandiae,https://inaturalist-open-data.s3.amazonaws.com/photos/25089704/large.jpeg,https://inaturalist-open-data.s3.amazonaws.com/photos/25089704/original.jpeg,data/raw/tui/25089704.jpg,469170,e7f35447b6c9bc62f6272cb1bfefae38,1536,2048,2026-09-11T17:16:17+1200,train
tui,bird,Tūī,Prosthemadera novaeseelandiae,291130546,523786797,cc-by,"(c) Svend Hansen, some rights reserved (CC BY)",2025-06-20,413522,Prosthemadera novaeseelandiae novaeseelandiae,https://inaturalist-open-data.s3.amazonaws.com/photos/523786797/large.jpg,https://inaturalist-open-data.s3.amazonaws.com/photos/523786797/original.jpg,data/raw/tui/523786797.jpg,475090,f43b32798757b377805a2416abe30549,1152,2048,2026-09-11T17:16:17+1200,train
tui,bird,Tūī,Prosthemadera novaeseelandiae,101578495,169656750,cc-by,"(c) Svend Hansen, some rights reserved (CC BY)",2021-11-21,413522,Prosthemadera novaeseelandiae novaeseelandiae,https://inaturalist-open-data.s3.amazonaws.com/photos/169656750/large.jpeg,https://inaturalist-open-data.s3.amazonaws.com/photos/169656750/original.jpeg,data/raw/tui/169656750.jpg,399933,f41eab86be5de79e482f7b886761b245,1152,2048,2026-09-11T17:16:17+1200,train
tui,bird,Tūī,Prosthemadera novaeseelandiae,207071937,366233211,cc-by,"(c) Svend Hansen, some rights reserved (CC BY)",2024-04-14,413522,Prosthemadera novaeseelandiae novaeseelandiae,https://inaturalist-open-data.s3.amazonaws.com/photos/366233211/large.jpeg,https://inaturalist-open-data.s3.amazonaws.com/photos/366233211/original.jpeg,data/raw/tui/366233211.jpg,460771,0fc0e03e69587baada06230738f0aa85,1152,2048,2026-09-11T17:16:17+1200,train
tui,bird,Tūī,Prosthemadera novaeseelandiae,240058456,427634823,cc-by,"(c) Svend Hansen, some rights reserved (CC BY)",2024-09-06,413522,Prosthemadera novaeseelandiae novaeseelandiae,https://inaturalist-open-data.s3.amazonaws.com/photos/427634823/large.jpeg,https://inaturalist-open-data.s3.amazonaws.com/photos/427634823/original.jpeg,data/raw/tui/427634823.jpg,367255,f23c4aea1c095d0087fcc174f7891711,1152,2048,2026-09-11T17:16:17+1200,train
tui,bird,Tūī,Prosthemadera novaeseelandiae,233423299,414835975,cc-by,"(c) Svend Hansen, some rights reserved (CC BY)",2024-08-03,413522,Prosthemadera novaeseelandiae novaeseelandiae,https://inaturalist-open-data.s3.amazonaws.com/photos/414835975/large.jpeg,https://inaturalist-open-data.s3.amazonaws.com/photos/414835975/original.jpeg,data/raw/tui/414835975.jpg,430412,40b75e684544ca3d43856855c8f1e047,1152,2048,2026-09-11T17:16:17+1200,train
tui,bird,Tūī,Prosthemadera novaeseelandiae,244542368,436216993,cc-by,"(c) Svend Hansen, some rights reserved (CC BY)",2024-09-29,413522,Prosthemadera novaeseelandiae novaeseelandiae,https://inaturalist-open-data.s3.amazonaws.com/photos/436216993/large.jpeg,https://inaturalist-open-data.s3.amazonaws.com/photos/436216993/original.jpeg,data/raw/tui/436216993.jpg,365044,9a05c5802362df46d907f709d4a428b7,1152,2048,2026-09-11T17:16:17+1200,train
tui,bird,Tūī,Prosthemadera novaeseelandiae,105270520,176590898,cc-by,"(c) Svend Hansen, some rights reserved (CC BY)",2022-01-21,413522,Prosthemadera novaeseelandiae novaeseelandiae,https://inaturalist-open-data.s3.amazonaws.com/photos/176590898/large.jpeg,https://inaturalist-open-data.s3.amazonaws.com/photos/176590898/original.jpeg,data/raw/tui/176590898.jpg,336552,0b31271ff17745392a971d6b658742c7,1152,2048,2026-09-11T17:16:17+1200,train
tui,bird,Tūī,Prosthemadera novaeseelandiae,105448547,176929638,cc-by,"(c) Svend Hansen, some rights reserved (CC BY)",2022-01-24,413522,Prosthemadera novaeseelandiae novaeseelandiae,https://inaturalist-open-data.s3.amazonaws.com/photos/176929638/large.jpeg,https://inaturalist-open-data.s3.amazonaws.com/photos/176929638/original.jpeg,data/raw/tui/176929638.jpg,364447,cb77b57e11b4e532377c63d3251dc8b1,1152,2048,2026-09-11T17:16:17+1200,train
tui,bird,Tūī,Prosthemadera novaeseelandiae,224245588,397416940,cc-by,"(c) Svend Hansen, some rights reserved (CC BY)",2024-06-22,413522,Prosthemadera novaeseelandiae novaeseelandiae,https://inaturalist-open-data.s3.amazonaws.com/photos/397416940/large.jpeg,https://inaturalist-open-data.s3.amazonaws.com/photos/397416940/original.jpeg,data/raw/tui/397416940.jpg,364045,cf8a60bccd9ff7d75c54e46aa28a3a99,1152,2048,2026-09-11T17:16:17+1200,train
tui,bird,Tūī,Prosthemadera novaeseelandiae,260195611,467222173,cc-by,"(c) Svend Hansen, some rights reserved (CC BY)",2025-02-01,413522,Prosthemadera novaeseelandiae novaeseelandiae,https://inaturalist-open-data.s3.amazonaws.com/photos/467222173/large.jpeg,https://inaturalist-open-data.s3.amazonaws.com/photos/467222173/original.jpeg,data/raw/tui/467222173.jpg,463370,3dc8ea37e9ccfd0b03a8bcd49226e0bd,1152,2048,2026-09-11T17:16:17+1200,train
tui,bird,Tūī,Prosthemadera novaeseelandiae,285529841,513234086,cc-by,"(c) Svend Hansen, some rights reserved (CC BY)",2025-05-31,413522,Prosthemadera novaeseelandiae novaeseelandiae,https://inaturalist-open-data.s3.amazonaws.com/photos/513234086/large.jpg,https://inaturalist-open-data.s3.amazonaws.com/photos/513234086/original.jpg,data/raw/tui/513234086.jpg,383191,bdf57a890964ce7cef2af437b3b8ed28,1152,2048,2026-09-11T17:16:17+1200,train
tui,bird,Tūī,Prosthemadera novaeseelandiae,243014229,433285064,cc-by,"(c) Svend Hansen, some rights reserved (CC BY)",2024-09-21,413522,Prosthemadera novaeseelandiae novaeseelandiae,https://inaturalist-open-data.s3.amazonaws.com/photos/433285064/large.jpeg,https://inaturalist-open-data.s3.amazonaws.com/photos/433285064/original.jpeg,data/raw/tui/433285064.jpg,561029,41a321a15ee349d26d9df45bc8c2c34d,1152,2048,2026-09-11T17:16:17+1200,train
tui,bird,Tūī,Prosthemadera novaeseelandiae,243159036,433551425,cc-by,"(c) Svend Hansen, some rights reserved (CC BY)",2024-09-22,413522,Prosthemadera novaeseelandiae novaeseelandiae,https://inaturalist-open-data.s3.amazonaws.com/photos/433551425/large.jpeg,https://inaturalist-open-data.s3.amazonaws.com/photos/433551425/original.jpeg,data/raw/tui/433551425.jpg,649907,1d3f7c422640c8dac17e788f421d428b,1152,2048,2026-09-11T17:16:17+1200,train
tui,bird,Tūī,Prosthemadera novaeseelandiae,211058138,373202790,cc-by,"(c) Svend Hansen, some rights reserved (CC BY)",2024-04-29,413522,Prosthemadera novaeseelandiae novaeseelandiae,https://inaturalist-open-data.s3.amazonaws.com/photos/373202790/large.jpeg,https://inaturalist-open-data.s3.amazonaws.com/photos/373202790/original.jpeg,data/raw/tui/373202790.jpg,335101,9d3ec64a75a131652c88ea58f0ff07bc,1152,2048,2026-09-11T17:16:17+1200,train
tui,bird,Tūī,Prosthemadera novaeseelandiae,242422390,432195667,cc-by,"(c) Svend Hansen, some rights reserved (CC BY)",2024-09-18,413522,Prosthemadera novaeseelandiae novaeseelandiae,https://inaturalist-open-data.s3.amazonaws.com/photos/432195667/large.jpeg,https://inaturalist-open-data.s3.amazonaws.com/photos/432195667/original.jpeg,data/raw/tui/432195667.jpg,369427,109552a14c1b99618ab1830754cb7d7c,1152,2048,2026-09-11T17:16:17+1200,train
tui,bird,Tūī,Prosthemadera novaeseelandiae,206868802,365853081,cc-by,"(c) Svend Hansen, some rights reserved (CC BY)",2024-04-13,413522,Prosthemadera novaeseelandiae novaeseelandiae,https://inaturalist-open-data.s3.amazonaws.com/photos/365853081/large.jpeg,https://inaturalist-open-data.s3.amazonaws.com/photos/365853081/original.jpeg,data/raw/tui/365853081.jpg,387472,27c848069b29bd946574f91edf2947a6,1152,2048,2026-09-11T17:16:17+1200,train
tui,bird,Tūī,Prosthemadera novaeseelandiae,105565517,177152157,cc-by,"(c) Svend Hansen, some rights reserved (CC BY)",2022-01-26,413522,Prosthemadera novaeseelandiae novaeseelandiae,https://inaturalist-open-data.s3.amazonaws.com/photos/177152157/large.jpeg,https://inaturalist-open-data.s3.amazonaws.com/photos/177152157/original.jpeg,data/raw/tui/177152157.jpg,344903,1f16f528fdb934593925352dc8f53631,720,1280,2026-09-11T17:16:17+1200,train
tui,bird,Tūī,Prosthemadera novaeseelandiae,106445846,178814435,cc-by,"(c) Svend Hansen, some rights reserved (CC BY)",2022-02-10,413522,Prosthemadera novaeseelandiae novaeseelandiae,https://inaturalist-open-data.s3.amazonaws.com/photos/178814435/large.jpeg,https://inaturalist-open-data.s3.amazonaws.com/photos/178814435/original.jpeg,data/raw/tui/178814435.jpg,336739,c90e02d48ce07f0746f8629b551b4695,1152,2048,2026-09-11T17:16:17+1200,train
tui,bird,Tūī,Prosthemadera novaeseelandiae,106807923,179508516,cc-by,"(c) Svend Hansen, some rights reserved (CC BY)",2022-02-16,413522,Prosthemadera novaeseelandiae novaeseelandiae,https://inaturalist-open-data.s3.amazonaws.com/photos/179508516/large.jpeg,https://inaturalist-open-data.s3.amazonaws.com/photos/179508516/original.jpeg,data/raw/tui/179508516.jpg,483493,f52e22bcb90ecc802d7c4013571f1092,1152,2048,2026-09-11T17:16:17+1200,train
tui,bird,Tūī,Prosthemadera novaeseelandiae,107664422,181125194,cc-by,"(c) Svend Hansen, some rights reserved (CC BY)",2022-03-01,413522,Prosthemadera novaeseelandiae novaeseelandiae,https://inaturalist-open-data.s3.amazonaws.com/photos/181125194/large.jpeg,https://inaturalist-open-data.s3.amazonaws.com/photos/181125194/original.jpeg,data/raw/tui/181125194.jpg,382001,9e803a98fcb43fbd55a9d1d48c657f12,1152,2048,2026-09-11T17:16:17+1200,train
tui,bird,Tūī,Prosthemadera novaeseelandiae,105564798,177150600,cc-by,"(c) Svend Hansen, some rights reserved (CC BY)",2022-01-26,413522,Prosthemadera novaeseelandiae novaeseelandiae,https://inaturalist-open-data.s3.amazonaws.com/photos/177150600/large.jpeg,https://inaturalist-open-data.s3.amazonaws.com/photos/177150600/original.jpeg,data/raw/tui/177150600.jpg,345263,be93ace5697eed86d225f3d5fcd2f5d7,1152,2048,2026-09-11T17:16:17+1200,train
tui,bird,Tūī,Prosthemadera novaeseelandiae,280048925,502938081,cc-by,"(c) Svend Hansen, some rights reserved (CC BY)",2025-05-11,413522,Prosthemadera novaeseelandiae novaeseelandiae,https://inaturalist-open-data.s3.amazonaws.com/photos/502938081/large.jpeg,https://inaturalist-open-data.s3.amazonaws.com/photos/502938081/original.jpeg,data/raw/tui/502938081.jpg,391858,9f6f554b6934939dd14b52d08a6513e0,1152,2048,2026-09-11T17:16:17+1200,train
tui,bird,Tūī,Prosthemadera novaeseelandiae,98837187,164646492,cc-by,"(c) Svend Hansen, some rights reserved (CC BY)",2021-10-21,413522,Prosthemadera novaeseelandiae novaeseelandiae,https://inaturalist-open-data.s3.amazonaws.com/photos/164646492/large.jpeg,https://inaturalist-open-data.s3.amazonaws.com/photos/164646492/original.jpeg,data/raw/tui/164646492.jpg,363616,ea068bd7da47a311cb33b50ce8c536ba,1152,2048,2026-09-11T17:16:17+1200,train
tui,bird,Tūī,Prosthemadera novaeseelandiae,104593592,175291303,cc-by,"(c) Svend Hansen, some rights reserved (CC BY)",2022-01-09,413522,Prosthemadera novaeseelandiae novaeseelandiae,https://inaturalist-open-data.s3.amazonaws.com/photos/175291303/large.jpeg,https://inaturalist-open-data.s3.amazonaws.com/photos/175291303/original.jpeg,data/raw/tui/175291303.jpg,635935,96aa6968303101432c871c085985e01a,1152,2048,2026-09-11T17:16:17+1200,train
tui,bird,Tūī,Prosthemadera novaeseelandiae,166665839,288631354,cc-by,"(c) Svend Hansen, some rights reserved (CC BY)",2023-06-11,413522,Prosthemadera novaeseelandiae novaeseelandiae,https://inaturalist-open-data.s3.amazonaws.com/photos/288631354/large.jpeg,https://inaturalist-open-data.s3.amazonaws.com/photos/288631354/original.jpeg,data/raw/tui/288631354.jpg,369850,58ec0f5707ea971648611886770af8a6,1152,2048,2026-09-11T17:16:17+1200,train
tui,bird,Tūī,Prosthemadera novaeseelandiae,187670885,328255565,cc-by,"(c) Svend Hansen, some rights reserved (CC BY)",2023-10-16,413522,Prosthemadera novaeseelandiae novaeseelandiae,https://inaturalist-open-data.s3.amazonaws.com/photos/328255565/large.jpeg,https://inaturalist-open-data.s3.amazonaws.com/photos/328255565/original.jpeg,data/raw/tui/328255565.jpg,337149,9f160f433db468b13670422b4149622a,1152,2048,2026-09-11T17:16:17+1200,train
tui,bird,Tūī,Prosthemadera novaeseelandiae,207441865,366927532,cc-by,"(c) Svend Hansen, some rights reserved (CC BY)",2024-04-16,413522,Prosthemadera novaeseelandiae novaeseelandiae,https://inaturalist-open-data.s3.amazonaws.com/photos/366927532/large.jpeg,https://inaturalist-open-data.s3.amazonaws.com/photos/366927532/original.jpeg,data/raw/tui/366927532.jpg,356436,01913a542fd2dd2a35bcf8cbc94123a9,1152,2048,2026-09-11T17:16:17+1200,train
tui,bird,Tūī,Prosthemadera novaeseelandiae,187873241,328655864,cc-by,"(c) Svend Hansen, some rights reserved (CC BY)",2023-10-17,413522,Prosthemadera novaeseelandiae novaeseelandiae,https://inaturalist-open-data.s3.amazonaws.com/photos/328655864/large.jpeg,https://inaturalist-open-data.s3.amazonaws.com/photos/328655864/original.jpeg,data/raw/tui/328655864.jpg,363747,7bb69bc46930fc0de2ec29c578cdfdb4,1152,2048,2026-09-11T17:16:17+1200,train
tui,bird,Tūī,Prosthemadera novaeseelandiae,259719449,466280252,cc-by,"(c) Mike Bowie, some rights reserved (CC BY)",2014-11-28,12580,Prosthemadera novaeseelandiae,https://inaturalist-open-data.s3.amazonaws.com/photos/466280252/large.jpeg,https://inaturalist-open-data.s3.amazonaws.com/photos/466280252/original.jpeg,data/raw/tui/466280252.jpg,343590,d660f1e0b7c6c30a539ad0d37e607f0a,2048,1574,2026-09-11T17:16:17+1200,train
tui,bird,Tūī,Prosthemadera novaeseelandiae,257090864,461115266,cc-by,"(c) Jenny Saito, some rights reserved (CC BY)",2025-01-02,12580,Prosthemadera novaeseelandiae,https://inaturalist-open-data.s3.amazonaws.com/photos/461115266/large.jpeg,https://inaturalist-open-data.s3.amazonaws.com/photos/461115266/original.jpeg,data/raw/tui/461115266.jpg,646341,76c166731cb8a715b56ab1248b1f4f96,2048,1536,2026-09-11T17:16:17+1200,train
tui,bird,Tūī,Prosthemadera novaeseelandiae,255545565,457972115,cc0,no rights reserved,2024-12-15,12580,Prosthemadera novaeseelandiae,https://inaturalist-open-data.s3.amazonaws.com/photos/457972115/large.jpeg,https://inaturalist-open-data.s3.amazonaws.com/photos/457972115/original.jpeg,data/raw/tui/457972115.jpg,158643,fc3f8446c11cd7343345da7cc4086b7d,2048,2048,2026-09-11T17:16:17+1200,train
tui,bird,Tūī,Prosthemadera novaeseelandiae,192769691,338479632,cc-by,"(c) Michael Berardozzi, some rights reserved (CC BY)",2023-12-02,413522,Prosthemadera novaeseelandiae novaeseelandiae,https://inaturalist-open-data.s3.amazonaws.com/photos/338479632/large.jpeg,https://inaturalist-open-data.s3.amazonaws.com/photos/338479632/original.jpeg,data/raw/tui/338479632.jpg,425849,c181503ed464aca538f303d00998ce1a,1536,2048,2026-09-11T17:16:17+1200,train
tui,bird,Tūī,Prosthemadera novaeseelandiae,12122446,17392421,cc-by,"(c) Jacqui Geux, some rights reserved (CC BY)",2018-05-04,413522,Prosthemadera novaeseelandiae novaeseelandiae,https://inaturalist-open-data.s3.amazonaws.com/photos/17392421/large.jpg,https://inaturalist-open-data.s3.amazonaws.com/photos/17392421/original.jpg,data/raw/tui/17392421.jpg,123074,4ea043f03e154e97250975a1598f99a2,921,518,2026-09-11T17:16:17+1200,train
kereru,bird,Kererū,Hemiphaga novaeseelandiae,259452792,465746691,cc0,no rights reserved,2024-12-28,413481,Hemiphaga novaeseelandiae novaeseelandiae,https://inaturalist-open-data.s3.amazonaws.com/photos/465746691/large.jpeg,https://inaturalist-open-data.s3.amazonaws.com/photos/465746691/original.jpeg,data/raw/kereru/465746691.jpg,137344,8795a50fa61b212c612b27e9dfdde263,1205,1205,2026-09-11T17:17:23+1200,train
kereru,bird,Kererū,Hemiphaga novaeseelandiae,16296701,24476457,cc-by,"(c) Lisa Bennett, some rights reserved (CC BY)",2018-09-08,204520,Hemiphaga novaeseelandiae,https://inaturalist-open-data.s3.amazonaws.com/photos/24476457/large.jpeg,https://inaturalist-open-data.s3.amazonaws.com/photos/24476457/original.jpeg,data/raw/kereru/24476457.jpg,409243,69a5371f9e762c5490c9e141926cd518,1536,2048,2026-09-11T17:17:23+1200,train
kereru,bird,Kererū,Hemiphaga novaeseelandiae,37908855,60168245,cc-by,"(c) Jacqui Geux, some rights reserved (CC BY)",2020-01-24,413481,Hemiphaga novaeseelandiae novaeseelandiae,https://inaturalist-open-data.s3.amazonaws.com/photos/60168245/large.jpeg,https://inaturalist-open-data.s3.amazonaws.com/photos/60168245/original.jpeg,data/raw/kereru/60168245.jpg,108874,952789440e468e3fb8e1c0048c90f804,1600,1200,2026-09-11T17:17:23+1200,train
kereru,bird,Kererū,Hemiphaga novaeseelandiae,251422524,449870020,cc0,no rights reserved,2024-11-10,413481,Hemiphaga novaeseelandiae novaeseelandiae,https://inaturalist-open-data.s3.amazonaws.com/photos/449870020/large.jpeg,https://inaturalist-open-data.s3.amazonaws.com/photos/449870020/original.jpeg,data/raw/kereru/449870020.jpg,590946,c520572951c33477824713842d7730ea,1536,2048,2026-09-11T17:17:23+1200,train
kereru,bird,Kererū,Hemiphaga novaeseelandiae,345626839,629911932,cc0,no rights reserved,2026-03-28,204520,Hemiphaga novaeseelandiae,https://inaturalist-open-data.s3.amazonaws.com/photos/629911932/large.jpg,https://inaturalist-open-data.s3.amazonaws.com/photos/629911932/original.jpg,data/raw/kereru/629911932.jpg,1122135,c0bf6db2d46150fcbee7cab376eba063,2048,2048,2026-09-11T17:17:23+1200,train
kereru,bird,Kererū,Hemiphaga novaeseelandiae,33288026,52272063,cc-by,"(c) Jacqui Geux, some rights reserved (CC BY)",2019-09-23,204520,Hemiphaga novaeseelandiae,https://inaturalist-open-data.s3.amazonaws.com/photos/52272063/large.jpeg,https://inaturalist-open-data.s3.amazonaws.com/photos/52272063/original.jpeg,data/raw/kereru/52272063.jpg,117879,6c8dfdc75a936002894d113bdf1dc54c,1600,1200,2026-09-11T17:17:23+1200,train
kereru,bird,Kererū,Hemiphaga novaeseelandiae,246093011,439264290,cc-by,"(c) Mike Bowie, some rights reserved (CC BY)",2024-10-07,204520,Hemiphaga novaeseelandiae,https://inaturalist-open-data.s3.amazonaws.com/photos/439264290/large.jpeg,https://inaturalist-open-data.s3.amazonaws.com/photos/439264290/original.jpeg,data/raw/kereru/439264290.jpg,837495,694f200ebaec0441dad4d7253b031831,1536,2048,2026-09-11T17:17:23+1200,train
kereru,bird,Kererū,Hemiphaga novaeseelandiae,19158026,29416886,cc0,no rights reserved,2018-12-22,204520,Hemiphaga novaeseelandiae,https://inaturalist-open-data.s3.amazonaws.com/photos/29416886/large.jpeg,https://inaturalist-open-data.s3.amazonaws.com/photos/29416886/original.jpeg,data/raw/kereru/29416886.jpg,212192,5ef8e556caefc61fc5c9f5b14d109efd,1536,2048,2026-09-11T17:17:23+1200,train
kereru,bird,Kererū,Hemiphaga novaeseelandiae,315196715,569381658,cc-by,"(c) Jon Sullivan, some rights reserved (CC BY)",2025-09-20,413481,Hemiphaga novaeseelandiae novaeseelandiae,https://inaturalist-open-data.s3.amazonaws.com/photos/569381658/large.jpg,https://inaturalist-open-data.s3.amazonaws.com/photos/569381658/original.jpg,data/raw/kereru/569381658.jpg,362866,f034c1b9a6b74bd361e7fe200eaf9a22,2048,1367,2026-09-11T17:17:23+1200,train
kereru,bird,Kererū,Hemiphaga novaeseelandiae,197101837,347062492,cc-by,"(c) jimsox, some rights reserved (CC BY)",2024-01-20,413481,Hemiphaga novaeseelandiae novaeseelandiae,https://inaturalist-open-data.s3.amazonaws.com/photos/347062492/large.jpg,https://inaturalist-open-data.s3.amazonaws.com/photos/347062492/original.jpg,data/raw/kereru/347062492.jpg,203263,0cb9818522ee555e0906524aeaf3e204,707,707,2026-09-11T17:17:23+1200,train
kereru,bird,Kererū,Hemiphaga novaeseelandiae,154924412,267741452,cc-by,"(c) Jay Pruett, some rights reserved (CC BY)",2018-10-23,204520,Hemiphaga novaeseelandiae,https://inaturalist-open-data.s3.amazonaws.com/photos/267741452/large.jpg,https://inaturalist-open-data.s3.amazonaws.com/photos/267741452/original.jpg,data/raw/kereru/267741452.jpg,259117,b2d80423fbec13abf0b83a26651b222c,2048,1366,2026-09-11T17:17:23+1200,train
kereru,bird,Kererū,Hemiphaga novaeseelandiae,388954516,712433568,cc-by,"(c) Aalbert Rebergen, some rights reserved (CC BY)",2026-08-06,204520,Hemiphaga novaeseelandiae,https://inaturalist-open-data.s3.amazonaws.com/photos/712433568/large.jpg,https://inaturalist-open-data.s3.amazonaws.com/photos/712433568/original.jpg,data/raw/kereru/712433568.jpg,254269,a475a68b7b2f3ae5c1658934ec7784e0,2048,1368,2026-09-11T17:17:23+1200,train
kereru,bird,Kererū,Hemiphaga novaeseelandiae,310129246,559694382,cc-by,"(c) William Harland, some rights reserved (CC BY)",2025-08-23,413481,Hemiphaga novaeseelandiae novaeseelandiae,https://inaturalist-open-data.s3.amazonaws.com/photos/559694382/large.jpg,https://inaturalist-open-data.s3.amazonaws.com/photos/559694382/original.jpg,data/raw/kereru/559694382.jpg,163163,a911294ccb94767d93ca9cd965a3ebc4,2048,1429,2026-09-11T17:17:23+1200,train
kereru,bird,Kererū,Hemiphaga novaeseelandiae,3089282,3561498,cc-by,"(c) Alice Shanks, some rights reserved (CC BY)",2016-05-03,204520,Hemiphaga novaeseelandiae,https://inaturalist-open-data.s3.amazonaws.com/photos/3561498/large.JPG,https://inaturalist-open-data.s3.amazonaws.com/photos/3561498/original.JPG,data/raw/kereru/3561498.jpg,195416,3ce50a809aae69f469ae6963de2cd661,843,1060,2026-09-11T17:17:23+1200,train
kereru,bird,Kererū,Hemiphaga novaeseelandiae,209850369,371278522,cc-by,"(c) Joe Potter Butler, some rights reserved (CC BY)",2024-04-27,204520,Hemiphaga novaeseelandiae,https://inaturalist-open-data.s3.amazonaws.com/photos/371278522/large.jpeg,https://inaturalist-open-data.s3.amazonaws.com/photos/371278522/original.jpeg,data/raw/kereru/371278522.jpg,684586,205f78dda8edec1277cfee08e83273a1,1542,2048,2026-09-11T17:17:23+1200,train
kereru,bird,Kererū,Hemiphaga novaeseelandiae,310446053,560301205,cc-by,"(c) Charlotte Sutton, some rights reserved (CC BY)",2025-08-26,413481,Hemiphaga novaeseelandiae novaeseelandiae,https://inaturalist-open-data.s3.amazonaws.com/photos/560301205/large.jpg,https://inaturalist-open-data.s3.amazonaws.com/photos/560301205/original.jpg,data/raw/kereru/560301205.jpg,1078649,823e6b9d8706bae4937f9516e3f0b38c,2048,1368,2026-09-11T17:17:23+1200,train
kereru,bird,Kererū,Hemiphaga novaeseelandiae,265140650,476198007,cc-by,"(c) William Harland, some rights reserved (CC BY)",2025-03-09,413481,Hemiphaga novaeseelandiae novaeseelandiae,https://inaturalist-open-data.s3.amazonaws.com/photos/476198007/large.jpeg,https://inaturalist-open-data.s3.amazonaws.com/photos/476198007/original.jpeg,data/raw/kereru/476198007.jpg,141604,d5fc21e720037fb67324df415afbbd7a,2048,1631,2026-09-11T17:17:23+1200,train
kereru,bird,Kererū,Hemiphaga novaeseelandiae,187067108,327062553,cc-by,"(c) John Barkla, some rights reserved (CC BY)",2023-10-06,144558,Hemiphaga chathamensis,https://inaturalist-open-data.s3.amazonaws.com/photos/327062553/large.jpeg,https://inaturalist-open-data.s3.amazonaws.com/photos/327062553/original.jpeg,data/raw/kereru/327062553.jpg,161530,cf090d38c27181d51cede6ea41ab5944,2048,1400,2026-09-11T17:17:23+1200,train
kereru,bird,Kererū,Hemiphaga novaeseelandiae,61642710,98661499,cc-by,"(c) John Barkla, some rights reserved (CC BY)",2020-10-03,204520,Hemiphaga novaeseelandiae,https://inaturalist-open-data.s3.amazonaws.com/photos/98661499/large.jpeg,https://inaturalist-open-data.s3.amazonaws.com/photos/98661499/original.jpeg,data/raw/kereru/98661499.jpg,857966,35dc8607d6974dc3a203f71aa14e29f0,2048,1536,2026-09-11T17:17:23+1200,train
kereru,bird,Kererū,Hemiphaga novaeseelandiae,222946945,394974462,cc-by,"(c) strewick, some rights reserved (CC BY)",2024-06-15,413481,Hemiphaga novaeseelandiae novaeseelandiae,https://inaturalist-open-data.s3.amazonaws.com/photos/394974462/large.jpeg,https://inaturalist-open-data.s3.amazonaws.com/photos/394974462/original.jpeg,data/raw/kereru/394974462.jpg,288944,e428b7ed7f9c1849dcb081554f507648,1536,2048,2026-09-11T17:17:23+1200,train
kereru,bird,Kererū,Hemiphaga novaeseelandiae,37644395,59717274,cc-by,"(c) Jacqui Geux, some rights reserved (CC BY)",2020-01-16,413481,Hemiphaga novaeseelandiae novaeseelandiae,https://inaturalist-open-data.s3.amazonaws.com/photos/59717274/large.jpeg,https://inaturalist-open-data.s3.amazonaws.com/photos/59717274/original.jpeg,data/raw/kereru/59717274.jpg,158277,8d0837eac38c19d7c2cc2616f788104b,1600,1200,2026-09-11T17:17:23+1200,train
kereru,bird,Kererū,Hemiphaga novaeseelandiae,16972143,25656755,cc-by,"(c) Paul, some rights reserved (CC BY)",2018-09-28,204520,Hemiphaga novaeseelandiae,https://inaturalist-open-data.s3.amazonaws.com/photos/25656755/large.jpg,https://inaturalist-open-data.s3.amazonaws.com/photos/25656755/original.jpg,data/raw/kereru/25656755.jpg,399168,f1e36b4cc9faacf20b013ba6a98a4316,1536,2048,2026-09-11T17:17:23+1200,train
kereru,bird,Kererū,Hemiphaga novaeseelandiae,318151137,574974903,cc-by,"(c) William Harland, some rights reserved (CC BY)",2025-09-21,413481,Hemiphaga novaeseelandiae novaeseelandiae,https://inaturalist-open-data.s3.amazonaws.com/photos/574974903/large.jpg,https://inaturalist-open-data.s3.amazonaws.com/photos/574974903/original.jpg,data/raw/kereru/574974903.jpg,178651,aeb6699fbc7ff7428dba0214bbaeeb29,1704,2048,2026-09-11T17:17:23+1200,train
kereru,bird,Kererū,Hemiphaga novaeseelandiae,245705928,438503751,cc-by,"(c) Elias Freyhof, some rights reserved (CC BY)",2024-10-04,413481,Hemiphaga novaeseelandiae novaeseelandiae,https://inaturalist-open-data.s3.amazonaws.com/photos/438503751/large.jpeg,https://inaturalist-open-data.s3.amazonaws.com/photos/438503751/original.jpeg,data/raw/kereru/438503751.jpg,254540,529d3b9c630246a4d6b0f420544c326c,2048,1367,2026-09-11T17:17:23+1200,train
kereru,bird,Kererū,Hemiphaga novaeseelandiae,393698864,721656471,cc-by,"(c) Jeremy Rolfe, some rights reserved (CC BY)",2026-08-23,204520,Hemiphaga novaeseelandiae,https://inaturalist-open-data.s3.amazonaws.com/photos/721656471/large.jpg,https://inaturalist-open-data.s3.amazonaws.com/photos/721656471/original.jpg,data/raw/kereru/721656471.jpg,1320544,107f19cd53b7a59cf55165677fbe17b7,1536,2048,2026-09-11T17:17:23+1200,train
kereru,bird,Kererū,Hemiphaga novaeseelandiae,242245246,431856053,cc-by,"(c) Pierre Tellier, some rights reserved (CC BY)",2017-04-22,413481,Hemiphaga novaeseelandiae novaeseelandiae,https://inaturalist-open-data.s3.amazonaws.com/photos/431856053/large.jpg,https://inaturalist-open-data.s3.amazonaws.com/photos/431856053/original.jpg,data/raw/kereru/431856053.jpg,242914,f1cfc38d86a695641d84db5b872b5b4c,1363,2048,2026-09-11T17:17:24+1200,train
kereru,bird,Kererū,Hemiphaga novaeseelandiae,230943449,410118263,cc-by,"(c) William Harland, some rights reserved (CC BY)",2018-12-12,413481,Hemiphaga novaeseelandiae novaeseelandiae,https://inaturalist-open-data.s3.amazonaws.com/photos/410118263/large.jpeg,https://inaturalist-open-data.s3.amazonaws.com/photos/410118263/original.jpeg,data/raw/kereru/410118263.jpg,148264,d9087551a3c187c9935f9094dfdd2cb7,2048,1814,2026-09-11T17:17:24+1200,train
kereru,bird,Kererū,Hemiphaga novaeseelandiae,247033513,441123538,cc-by,"(c) Neil Birrell, some rights reserved (CC BY)",2024-10-13,413481,Hemiphaga novaeseelandiae novaeseelandiae,https://inaturalist-open-data.s3.amazonaws.com/photos/441123538/large.jpeg,https://inaturalist-open-data.s3.amazonaws.com/photos/441123538/original.jpeg,data/raw/kereru/441123538.jpg,856457,1e290f35493bde1fed7f285647b13e52,1536,2048,2026-09-11T17:17:24+1200,train
kereru,bird,Kererū,Hemiphaga novaeseelandiae,246900757,440865406,cc-by,"(c) Archie, some rights reserved (CC BY)",2024-10-12,413481,Hemiphaga novaeseelandiae novaeseelandiae,https://inaturalist-open-data.s3.amazonaws.com/photos/440865406/large.jpeg,https://inaturalist-open-data.s3.amazonaws.com/photos/440865406/original.jpeg,data/raw/kereru/440865406.jpg,779023,1781b2cabd89579bfde4e0853014538b,1536,2048,2026-09-11T17:17:24+1200,train
kereru,bird,Kererū,Hemiphaga novaeseelandiae,262484969,471528723,cc-by,"(c) Damon H, some rights reserved (CC BY)",2025-02-20,413481,Hemiphaga novaeseelandiae novaeseelandiae,https://inaturalist-open-data.s3.amazonaws.com/photos/471528723/large.jpg,https://inaturalist-open-data.s3.amazonaws.com/photos/471528723/original.jpg,data/raw/kereru/471528723.jpg,251659,98875b76edfb8ad153277eccd77ddd46,2048,1536,2026-09-11T17:17:24+1200,train
kereru,bird,Kererū,Hemiphaga novaeseelandiae,212546155,375607229,cc-by,"(c) Huey, some rights reserved (CC BY)",2024-04-18,413481,Hemiphaga novaeseelandiae novaeseelandiae,https://inaturalist-open-data.s3.amazonaws.com/photos/375607229/large.jpeg,https://inaturalist-open-data.s3.amazonaws.com/photos/375607229/original.jpeg,data/raw/kereru/375607229.jpg,644239,f57da25a100a3d0aa5c95b80c503ec19,2048,2048,2026-09-11T17:17:24+1200,train
kereru,bird,Kererū,Hemiphaga novaeseelandiae,229191513,406805215,cc-by,"(c) Jon Sullivan, some rights reserved (CC BY)",2024-07-11,413481,Hemiphaga novaeseelandiae novaeseelandiae,https://inaturalist-open-data.s3.amazonaws.com/photos/406805215/large.jpg,https://inaturalist-open-data.s3.amazonaws.com/photos/406805215/original.jpg,data/raw/kereru/406805215.jpg,300045,570e81dd6358d6a1f7a49788ae91605e,942,706,2026-09-11T17:17:24+1200,train
kereru,bird,Kererū,Hemiphaga novaeseelandiae,229835509,408022162,cc0,no rights reserved,2024-07-17,413481,Hemiphaga novaeseelandiae novaeseelandiae,https://inaturalist-open-data.s3.amazonaws.com/photos/408022162/large.jpeg,https://inaturalist-open-data.s3.amazonaws.com/photos/408022162/original.jpeg,data/raw/kereru/408022162.jpg,537347,262100dbd23d4f9abbbd7bc989211c8c,1153,2048,2026-09-11T17:17:24+1200,train
kereru,bird,Kererū,Hemiphaga novaeseelandiae,195027551,342989056,cc-by,"(c) Oscar Dove, some rights reserved (CC BY)",2023-12-24,413481,Hemiphaga novaeseelandiae novaeseelandiae,https://inaturalist-open-data.s3.amazonaws.com/photos/342989056/large.jpeg,https://inaturalist-open-data.s3.amazonaws.com/photos/342989056/original.jpeg,data/raw/kereru/342989056.jpg,567521,439c1bb32b0ec7f118a2ae0322b8f959,2048,1365,2026-09-11T17:17:24+1200,train
kereru,bird,Kererū,Hemiphaga novaeseelandiae,221259656,391827186,cc-by,"(c) craigphillips, some rights reserved (CC BY)",2024-06-08,413481,Hemiphaga novaeseelandiae novaeseelandiae,https://inaturalist-open-data.s3.amazonaws.com/photos/391827186/large.jpg,https://inaturalist-open-data.s3.amazonaws.com/photos/391827186/original.jpg,data/raw/kereru/391827186.jpg,440921,2771ddb09f8855bf516d72552b672670,2048,1536,2026-09-11T17:17:24+1200,train
kereru,bird,Kererū,Hemiphaga novaeseelandiae,191051069,335060738,cc-by,"(c) John Barkla, some rights reserved (CC BY)",2023-11-11,413481,Hemiphaga novaeseelandiae novaeseelandiae,https://inaturalist-open-data.s3.amazonaws.com/photos/335060738/large.jpg,https://inaturalist-open-data.s3.amazonaws.com/photos/335060738/original.jpg,data/raw/kereru/335060738.jpg,197660,162565216ed4c7c7d9b19006d7981b3f,2048,1365,2026-09-11T17:17:24+1200,train
kereru,bird,Kererū,Hemiphaga novaeseelandiae,101692141,169847727,cc-by,"(c) Jacqui Geux, some rights reserved (CC BY)",2021-11-22,413481,Hemiphaga novaeseelandiae novaeseelandiae,https://inaturalist-open-data.s3.amazonaws.com/photos/169847727/large.jpeg,https://inaturalist-open-data.s3.amazonaws.com/photos/169847727/original.jpeg,data/raw/kereru/169847727.jpg,239911,a8fc15191d94966de66a9d21bbdbfc49,1600,1200,2026-09-11T17:17:24+1200,train
kereru,bird,Kererū,Hemiphaga novaeseelandiae,188354776,329645800,cc-by,"(c) William Harland, some rights reserved (CC BY)",2023-10-21,413481,Hemiphaga novaeseelandiae novaeseelandiae,https://inaturalist-open-data.s3.amazonaws.com/photos/329645800/large.jpeg,https://inaturalist-open-data.s3.amazonaws.com/photos/329645800/original.jpeg,data/raw/kereru/329645800.jpg,125283,18230cdf48a7633be91b17cd86b85302,2048,1675,2026-09-11T17:17:24+1200,train
kereru,bird,Kererū,Hemiphaga novaeseelandiae,274477373,493442523,cc-by,"(c) Tim Park, some rights reserved (CC BY)",2025-04-27,204520,Hemiphaga novaeseelandiae,https://inaturalist-open-data.s3.amazonaws.com/photos/493442523/large.jpg,https://inaturalist-open-data.s3.amazonaws.com/photos/493442523/original.jpg,data/raw/kereru/493442523.jpg,874746,cd1bdb861b5474191991fe875e292655,1152,2048,2026-09-11T17:17:24+1200,train
kereru,bird,Kererū,Hemiphaga novaeseelandiae,323105625,584612008,cc-by,"(c) Richard Littauer, some rights reserved (CC BY)",2025-10-26,204520,Hemiphaga novaeseelandiae,https://inaturalist-open-data.s3.amazonaws.com/photos/584612008/large.jpg,https://inaturalist-open-data.s3.amazonaws.com/photos/584612008/original.jpg,data/raw/kereru/584612008.jpg,294931,5bb9fa0f9637ea1dc404349861798371,2000,1331,2026-09-11T17:17:24+1200,train
kereru,bird,Kererū,Hemiphaga novaeseelandiae,75623733,123748603,cc-by,"(c) John Barkla, some rights reserved (CC BY)",2021-04-29,413481,Hemiphaga novaeseelandiae novaeseelandiae,https://inaturalist-open-data.s3.amazonaws.com/photos/123748603/large.jpeg,https://inaturalist-open-data.s3.amazonaws.com/photos/123748603/original.jpeg,data/raw/kereru/123748603.jpg,643315,44472b48e0017c090a3f955292592de8,2048,1536,2026-09-11T17:17:24+1200,train
kereru,bird,Kererū,Hemiphaga novaeseelandiae,82086739,134695357,cc-by,"(c) John Barkla, some rights reserved (CC BY)",2021-06-07,413481,Hemiphaga novaeseelandiae novaeseelandiae,https://inaturalist-open-data.s3.amazonaws.com/photos/134695357/large.jpeg,https://inaturalist-open-data.s3.amazonaws.com/photos/134695357/original.jpeg,data/raw/kereru/134695357.jpg,856952,760b3173d69c31217d5ee4bdd2e1ca8f,1536,2048,2026-09-11T17:17:24+1200,train
kereru,bird,Kererū,Hemiphaga novaeseelandiae,92631016,153404720,cc-by,"(c) BIHNZ, some rights reserved (CC BY)",2021-08-23,413481,Hemiphaga novaeseelandiae novaeseelandiae,https://inaturalist-open-data.s3.amazonaws.com/photos/153404720/large.jpg,https://inaturalist-open-data.s3.amazonaws.com/photos/153404720/original.jpg,data/raw/kereru/153404720.jpg,667219,6808404eda8995b86ba2bacab0ddda45,1840,1227,2026-09-11T17:17:24+1200,train
kereru,bird,Kererū,Hemiphaga novaeseelandiae,94275347,156369014,cc-by,"(c) Mark Roper, some rights reserved (CC BY)",2021-09-10,413481,Hemiphaga novaeseelandiae novaeseelandiae,https://inaturalist-open-data.s3.amazonaws.com/photos/156369014/large.jpg,https://inaturalist-open-data.s3.amazonaws.com/photos/156369014/original.jpg,data/raw/kereru/156369014.jpg,331915,6ba68dd45cf025c5664efef708df31a4,1152,2048,2026-09-11T17:17:24+1200,train
kereru,bird,Kererū,Hemiphaga novaeseelandiae,337507515,613563625,cc-by,"(c) David Orlovich, some rights reserved (CC BY)",2026-02-06,413481,Hemiphaga novaeseelandiae novaeseelandiae,https://inaturalist-open-data.s3.amazonaws.com/photos/613563625/large.jpg,https://inaturalist-open-data.s3.amazonaws.com/photos/613563625/original.jpg,data/raw/kereru/613563625.jpg,384405,2f12a4e732099915492f49d99ffada41,1536,2048,2026-09-11T17:17:24+1200,train
kereru,bird,Kererū,Hemiphaga novaeseelandiae,335169743,608833101,cc0,no rights reserved,2026-01-12,204520,Hemiphaga novaeseelandiae,https://inaturalist-open-data.s3.amazonaws.com/photos/608833101/large.jpg,https://inaturalist-open-data.s3.amazonaws.com/photos/608833101/original.jpg,data/raw/kereru/608833101.jpg,843725,d806157bbc3162a0695a8790e0cd0409,1534,2048,2026-09-11T17:17:24+1200,train
kereru,bird,Kererū,Hemiphaga novaeseelandiae,336218126,610933647,cc-by,"(c) Corli du Toit Smith, some rights reserved (CC BY)",2026-01-26,204520,Hemiphaga novaeseelandiae,https://inaturalist-open-data.s3.amazonaws.com/photos/610933647/large.jpg,https://inaturalist-open-data.s3.amazonaws.com/photos/610933647/original.jpg,data/raw/kereru/610933647.jpg,793998,6e13286667b8497d8dced573a6726757,2048,1536,2026-09-11T17:17:24+1200,train
kereru,bird,Kererū,Hemiphaga novaeseelandiae,96193957,159778763,cc-by,"(c) rempson, some rights reserved (CC BY)",2021-09-25,413481,Hemiphaga novaeseelandiae novaeseelandiae,https://inaturalist-open-data.s3.amazonaws.com/photos/159778763/large.jpeg,https://inaturalist-open-data.s3.amazonaws.com/photos/159778763/original.jpeg,data/raw/kereru/159778763.jpg,871967,8f0b2b6cf72d1d158ab489a6983f31ef,1536,2048,2026-09-11T17:17:24+1200,train
kereru,bird,Kererū,Hemiphaga novaeseelandiae,55999035,89206095,cc-by,"(c) hjcjim, some rights reserved (CC BY)",2020-08-10,413481,Hemiphaga novaeseelandiae novaeseelandiae,https://inaturalist-open-data.s3.amazonaws.com/photos/89206095/large.jpg,https://inaturalist-open-data.s3.amazonaws.com/photos/89206095/original.jpg,data/raw/kereru/89206095.jpg,267103,db59423057c21d174234fe8feb98bf9c,1536,2048,2026-09-11T17:17:24+1200,train
kereru,bird,Kererū,Hemiphaga novaeseelandiae,51331205,81545966,cc-by,"(c) Jacqui Geux, some rights reserved (CC BY)",2020-06-29,413481,Hemiphaga novaeseelandiae novaeseelandiae,https://inaturalist-open-data.s3.amazonaws.com/photos/81545966/large.jpeg,https://inaturalist-open-data.s3.amazonaws.com/photos/81545966/original.jpeg,data/raw/kereru/81545966.jpg,202505,a7ccab2690600e3915d1106ce5f598b5,1600,1200,2026-09-11T17:17:24+1200,train
kereru,bird,Kererū,Hemiphaga novaeseelandiae,41970995,66608388,cc-by,"(c) Jacqui Geux, some rights reserved (CC BY)",2020-04-11,413481,Hemiphaga novaeseelandiae novaeseelandiae,https://inaturalist-open-data.s3.amazonaws.com/photos/66608388/large.jpeg,https://inaturalist-open-data.s3.amazonaws.com/photos/66608388/original.jpeg,data/raw/kereru/66608388.jpg,133646,4c0fd7c23c8965e0325d5230c073616f,1600,1200,2026-09-11T17:17:24+1200,train
kereru,bird,Kererū,Hemiphaga novaeseelandiae,44542611,70619854,cc-by,"(c) Jon Sullivan, some rights reserved (CC BY)",2020-04-26,413481,Hemiphaga novaeseelandiae novaeseelandiae,https://inaturalist-open-data.s3.amazonaws.com/photos/70619854/large.jpg,https://inaturalist-open-data.s3.amazonaws.com/photos/70619854/original.jpg,data/raw/kereru/70619854.jpg,337402,4dab6c67a175e2c72bf1d92dab6b1b5b,734,1101,2026-09-11T17:17:24+1200,train
kereru,bird,Kererū,Hemiphaga novaeseelandiae,47559047,75431947,cc-by,"(c) naturewatchwidow, some rights reserved (CC BY)",2020-05-28,413481,Hemiphaga novaeseelandiae novaeseelandiae,https://inaturalist-open-data.s3.amazonaws.com/photos/75431947/large.jpeg,https://inaturalist-open-data.s3.amazonaws.com/photos/75431947/original.jpeg,data/raw/kereru/75431947.jpg,396985,584573c85438f19851d5fc28b907119b,1536,2048,2026-09-11T17:17:24+1200,train
kereru,bird,Kererū,Hemiphaga novaeseelandiae,40150455,63774062,cc-by,"(c) Spencer McIntyre, some rights reserved (CC BY)",2019-07-22,413481,Hemiphaga novaeseelandiae novaeseelandiae,https://inaturalist-open-data.s3.amazonaws.com/photos/63774062/large.jpg,https://inaturalist-open-data.s3.amazonaws.com/photos/63774062/original.jpg,data/raw/kereru/63774062.jpg,271282,d1cf0d7dc2c653afa787bb6e15b55ea1,1080,1555,2026-09-11T17:17:24+1200,train
kereru,bird,Kererū,Hemiphaga novaeseelandiae,41086499,65146413,cc-by,"(c) rempson, some rights reserved (CC BY)",2017-02-10,413481,Hemiphaga novaeseelandiae novaeseelandiae,https://inaturalist-open-data.s3.amazonaws.com/photos/65146413/large.jpeg,https://inaturalist-open-data.s3.amazonaws.com/photos/65146413/original.jpeg,data/raw/kereru/65146413.jpg,666418,02eb1362b6af3e62483ec4c424157358,1536,2048,2026-09-11T17:17:24+1200,train
kereru,bird,Kererū,Hemiphaga novaeseelandiae,62766901,100624796,cc-by,"(c) wild_wind, some rights reserved (CC BY)",2020-10-17,413481,Hemiphaga novaeseelandiae novaeseelandiae,https://inaturalist-open-data.s3.amazonaws.com/photos/100624796/large.jpeg,https://inaturalist-open-data.s3.amazonaws.com/photos/100624796/original.jpeg,data/raw/kereru/100624796.jpg,174526,bfbd2db11187caf46baf0bbbaee55f0f,2048,2048,2026-09-11T17:17:24+1200,train
kereru,bird,Kererū,Hemiphaga novaeseelandiae,62766902,100624795,cc-by,"(c) wild_wind, some rights reserved (CC BY)",2020-10-17,413481,Hemiphaga novaeseelandiae novaeseelandiae,https://inaturalist-open-data.s3.amazonaws.com/photos/100624795/large.jpeg,https://inaturalist-open-data.s3.amazonaws.com/photos/100624795/original.jpeg,data/raw/kereru/100624795.jpg,180431,6454e4f6570193de27da53ca15375f70,2048,2048,2026-09-11T17:17:24+1200,train
kereru,bird,Kererū,Hemiphaga novaeseelandiae,67472908,109020389,cc-by,"(c) Jacqui Geux, some rights reserved (CC BY)",2020-12-31,413481,Hemiphaga novaeseelandiae novaeseelandiae,https://inaturalist-open-data.s3.amazonaws.com/photos/109020389/large.jpeg,https://inaturalist-open-data.s3.amazonaws.com/photos/109020389/original.jpeg,data/raw/kereru/109020389.jpg,290407,e3e938fe1f0b23dcf794ae2201e50cac,1600,1200,2026-09-11T17:17:24+1200,train
kereru,bird,Kererū,Hemiphaga novaeseelandiae,125586634,212989520,cc-by,"(c) nick_goldwater, some rights reserved (CC BY)",2022-07-10,413481,Hemiphaga novaeseelandiae novaeseelandiae,https://inaturalist-open-data.s3.amazonaws.com/photos/212989520/large.jpg,https://inaturalist-open-data.s3.amazonaws.com/photos/212989520/original.jpg,data/raw/kereru/212989520.jpg,439447,a7744fdc9b8119c1b0c75d42ed5dd690,1536,2048,2026-09-11T17:17:24+1200,train
kereru,bird,Kererū,Hemiphaga novaeseelandiae,128742446,218705502,cc-by,"(c) John Barkla, some rights reserved (CC BY)",2022-07-31,413481,Hemiphaga novaeseelandiae novaeseelandiae,https://inaturalist-open-data.s3.amazonaws.com/photos/218705502/large.jpeg,https://inaturalist-open-data.s3.amazonaws.com/photos/218705502/original.jpeg,data/raw/kereru/218705502.jpg,208786,a5bea4252eb1c5a8612c2220062e423a,1773,1182,2026-09-11T17:17:24+1200,train
kereru,bird,Kererū,Hemiphaga novaeseelandiae,132109238,224925968,cc-by,"(c) Jon Sullivan, some rights reserved (CC BY)",2022-08-24,413481,Hemiphaga novaeseelandiae novaeseelandiae,https://inaturalist-open-data.s3.amazonaws.com/photos/224925968/large.jpg,https://inaturalist-open-data.s3.amazonaws.com/photos/224925968/original.jpg,data/raw/kereru/224925968.jpg,387419,02061576216ac6f56126fdc3128d53b4,2048,1367,2026-09-11T17:17:24+1200,train
kereru,bird,Kererū,Hemiphaga novaeseelandiae,142491661,244297892,cc-by,"(c) Archie, some rights reserved (CC BY)",2022-11-20,413481,Hemiphaga novaeseelandiae novaeseelandiae,https://inaturalist-open-data.s3.amazonaws.com/photos/244297892/large.jpeg,https://inaturalist-open-data.s3.amazonaws.com/photos/244297892/original.jpeg,data/raw/kereru/244297892.jpg,884251,7d756ef7ea31af0721f4a293468916df,1536,2048,2026-09-11T17:17:24+1200,train
kereru,bird,Kererū,Hemiphaga novaeseelandiae,146283765,251462222,cc0,no rights reserved,2023-01-10,413481,Hemiphaga novaeseelandiae novaeseelandiae,https://inaturalist-open-data.s3.amazonaws.com/photos/251462222/large.jpeg,https://inaturalist-open-data.s3.amazonaws.com/photos/251462222/original.jpeg,data/raw/kereru/251462222.jpg,604461,b60497cf850c68f80677a033c3534c28,1152,2048,2026-09-11T17:17:24+1200,train
kereru,bird,Kererū,Hemiphaga novaeseelandiae,167655966,290462063,cc-by,"(c) BIHNZ, some rights reserved (CC BY)",2023-06-16,413481,Hemiphaga novaeseelandiae novaeseelandiae,https://inaturalist-open-data.s3.amazonaws.com/photos/290462063/large.jpg,https://inaturalist-open-data.s3.amazonaws.com/photos/290462063/original.jpg,data/raw/kereru/290462063.jpg,520140,fcbab52ea14cd9a850aa6bff1c7262f9,1880,1410,2026-09-11T17:17:24+1200,train
kereru,bird,Kererū,Hemiphaga novaeseelandiae,167795178,290718005,cc-by,"(c) Michael Berardozzi, some rights reserved (CC BY)",2023-06-17,413481,Hemiphaga novaeseelandiae novaeseelandiae,https://inaturalist-open-data.s3.amazonaws.com/photos/290718005/large.jpeg,https://inaturalist-open-data.s3.amazonaws.com/photos/290718005/original.jpeg,data/raw/kereru/290718005.jpg,284438,490e4bd62c80257197b852a9385507d1,2048,1536,2026-09-11T17:17:24+1200,train
kereru,bird,Kererū,Hemiphaga novaeseelandiae,177962388,309591849,cc0,no rights reserved,2023-08-12,413481,Hemiphaga novaeseelandiae novaeseelandiae,https://inaturalist-open-data.s3.amazonaws.com/photos/309591849/large.jpg,https://inaturalist-open-data.s3.amazonaws.com/photos/309591849/original.jpg,data/raw/kereru/309591849.jpg,455817,7bfdd1e5c9ea8472a7c35cb89103ae42,1536,2048,2026-09-11T17:17:24+1200,train
kereru,bird,Kererū,Hemiphaga novaeseelandiae,323311646,584987262,cc0,no rights reserved,2025-10-26,413481,Hemiphaga novaeseelandiae novaeseelandiae,https://inaturalist-open-data.s3.amazonaws.com/photos/584987262/large.jpg,https://inaturalist-open-data.s3.amazonaws.com/photos/584987262/original.jpg,data/raw/kereru/584987262.jpg,541315,4e90422f05f5e8983c49fab8ca7d7ab9,2048,2048,2026-09-11T17:17:24+1200,train
kereru,bird,Kererū,Hemiphaga novaeseelandiae,182230480,317688570,cc0,no rights reserved,2023-09-08,413481,Hemiphaga novaeseelandiae novaeseelandiae,https://inaturalist-open-data.s3.amazonaws.com/photos/317688570/large.jpeg,https://inaturalist-open-data.s3.amazonaws.com/photos/317688570/original.jpeg,data/raw/kereru/317688570.jpg,569650,2eee606f102dbdad888cbcdf0aeb9ebf,1536,2048,2026-09-11T17:17:24+1200,train
kereru,bird,Kererū,Hemiphaga novaeseelandiae,185990823,324935734,cc0,no rights reserved,2023-10-03,413481,Hemiphaga novaeseelandiae novaeseelandiae,https://inaturalist-open-data.s3.amazonaws.com/photos/324935734/large.jpeg,https://inaturalist-open-data.s3.amazonaws.com/photos/324935734/original.jpeg,data/raw/kereru/324935734.jpg,896982,7d394fa60a17d8a72fa0a2f43582bfcf,1536,2048,2026-09-11T17:17:24+1200,train
kereru,bird,Kererū,Hemiphaga novaeseelandiae,310963393,561289752,cc-by,"(c) kiwialli, some rights reserved (CC BY)",2025-09-02,413481,Hemiphaga novaeseelandiae novaeseelandiae,https://inaturalist-open-data.s3.amazonaws.com/photos/561289752/large.jpg,https://inaturalist-open-data.s3.amazonaws.com/photos/561289752/original.jpg,data/raw/kereru/561289752.jpg,177090,157c13e8d6220d43b02e06dcfef7f592,504,504,2026-09-11T17:17:24+1200,train
kereru,bird,Kererū,Hemiphaga novaeseelandiae,105992902,177966613,cc-by,"(c) John Barkla, some rights reserved (CC BY)",2022-02-01,413481,Hemiphaga novaeseelandiae novaeseelandiae,https://inaturalist-open-data.s3.amazonaws.com/photos/177966613/large.jpeg,https://inaturalist-open-data.s3.amazonaws.com/photos/177966613/original.jpeg,data/raw/kereru/177966613.jpg,791721,bd728d165a775ca33802673591d2395e,2048,1536,2026-09-11T17:17:24+1200,train
kereru,bird,Kererū,Hemiphaga novaeseelandiae,106848617,179586275,cc-by,"(c) nick_goldwater, some rights reserved (CC BY)",2022-02-16,413481,Hemiphaga novaeseelandiae novaeseelandiae,https://inaturalist-open-data.s3.amazonaws.com/photos/179586275/large.jpg,https://inaturalist-open-data.s3.amazonaws.com/photos/179586275/original.jpg,data/raw/kereru/179586275.jpg,226482,c91f89f711abe39f401b2c6b56b1330d,1686,2048,2026-09-11T17:17:24+1200,train
kereru,bird,Kererū,Hemiphaga novaeseelandiae,243257100,433744359,cc-by,"(c) Svend Hansen, some rights reserved (CC BY)",2024-09-22,413481,Hemiphaga novaeseelandiae novaeseelandiae,https://inaturalist-open-data.s3.amazonaws.com/photos/433744359/large.jpg,https://inaturalist-open-data.s3.amazonaws.com/photos/433744359/original.jpg,data/raw/kereru/433744359.jpg,220059,6fd44306f80132f10adde51b9bf27711,1152,2048,2026-09-11T17:17:24+1200,train
kereru,bird,Kererū,Hemiphaga novaeseelandiae,193670850,340237739,cc-by,"(c) Svend Hansen, some rights reserved (CC BY)",2023-12-11,413481,Hemiphaga novaeseelandiae novaeseelandiae,https://inaturalist-open-data.s3.amazonaws.com/photos/340237739/large.jpeg,https://inaturalist-open-data.s3.amazonaws.com/photos/340237739/original.jpeg,data/raw/kereru/340237739.jpg,538734,a43ea5466efbad6e15a50c3f34205ab1,1152,2048,2026-09-11T17:17:24+1200,train
kereru,bird,Kererū,Hemiphaga novaeseelandiae,187021559,326969390,cc-by,"(c) Svend Hansen, some rights reserved (CC BY)",2023-10-11,413481,Hemiphaga novaeseelandiae novaeseelandiae,https://inaturalist-open-data.s3.amazonaws.com/photos/326969390/large.jpeg,https://inaturalist-open-data.s3.amazonaws.com/photos/326969390/original.jpeg,data/raw/kereru/326969390.jpg,203210,1a7eda673e081dcb60837a10435d3e1c,1152,2048,2026-09-11T17:17:24+1200,train
kereru,bird,Kererū,Hemiphaga novaeseelandiae,239113805,425806642,cc-by,"(c) Svend Hansen, some rights reserved (CC BY)",2024-09-01,413481,Hemiphaga novaeseelandiae novaeseelandiae,https://inaturalist-open-data.s3.amazonaws.com/photos/425806642/large.jpeg,https://inaturalist-open-data.s3.amazonaws.com/photos/425806642/original.jpeg,data/raw/kereru/425806642.jpg,401729,42e1bdd5d6c40ba42d32f287d92221a5,1152,2048,2026-09-11T17:17:24+1200,train
kereru,bird,Kererū,Hemiphaga novaeseelandiae,251410564,449846347,cc-by,"(c) Svend Hansen, some rights reserved (CC BY)",2024-11-12,413481,Hemiphaga novaeseelandiae novaeseelandiae,https://inaturalist-open-data.s3.amazonaws.com/photos/449846347/large.jpeg,https://inaturalist-open-data.s3.amazonaws.com/photos/449846347/original.jpeg,data/raw/kereru/449846347.jpg,275101,8858ec2a6eeec462fda39c449ae746cb,1152,2048,2026-09-11T17:17:24+1200,train
kereru,bird,Kererū,Hemiphaga novaeseelandiae,67580228,109221834,cc-by,"(c) Svend Hansen, some rights reserved (CC BY)",2021-01-04,413481,Hemiphaga novaeseelandiae novaeseelandiae,https://inaturalist-open-data.s3.amazonaws.com/photos/109221834/large.jpeg,https://inaturalist-open-data.s3.amazonaws.com/photos/109221834/original.jpeg,data/raw/kereru/109221834.jpg,244645,0d0e789e6a76fceeb01e0d88d783015f,1152,2048,2026-09-11T17:17:24+1200,train
kereru,bird,Kererū,Hemiphaga novaeseelandiae,262355164,471328536,cc-by,"(c) Svend Hansen, some rights reserved (CC BY)",2025-02-18,413481,Hemiphaga novaeseelandiae novaeseelandiae,https://inaturalist-open-data.s3.amazonaws.com/photos/471328536/large.jpg,https://inaturalist-open-data.s3.amazonaws.com/photos/471328536/original.jpg,data/raw/kereru/471328536.jpg,390092,a069090176df024b9ad61a4761c254d5,1152,2048,2026-09-11T17:17:24+1200,train
kereru,bird,Kererū,Hemiphaga novaeseelandiae,194069056,341030239,cc-by,"(c) Doug Miller, some rights reserved (CC BY)",2023-12-15,204520,Hemiphaga novaeseelandiae,https://inaturalist-open-data.s3.amazonaws.com/photos/341030239/large.jpg,https://inaturalist-open-data.s3.amazonaws.com/photos/341030239/original.jpg,data/raw/kereru/341030239.jpg,296151,88d4a6c745421ba6210abb67bc4f1a41,1536,2048,2026-09-11T17:17:24+1200,train
kereru,bird,Kererū,Hemiphaga novaeseelandiae,263588232,473557729,cc-by,"(c) Charlotte Sutton, some rights reserved (CC BY)",2025-03-02,204520,Hemiphaga novaeseelandiae,https://inaturalist-open-data.s3.amazonaws.com/photos/473557729/large.jpg,https://inaturalist-open-data.s3.amazonaws.com/photos/473557729/original.jpg,data/raw/kereru/473557729.jpg,190675,b8b58cdfdeec2f1f7acc30bdcc538b94,1536,2048,2026-09-11T17:17:24+1200,train
kereru,bird,Kererū,Hemiphaga novaeseelandiae,255129200,457142151,cc-by,"(c) Aalbert Rebergen, some rights reserved (CC BY)",2024-11-27,204520,Hemiphaga novaeseelandiae,https://inaturalist-open-data.s3.amazonaws.com/photos/457142151/large.jpeg,https://inaturalist-open-data.s3.amazonaws.com/photos/457142151/original.jpeg,data/raw/kereru/457142151.jpg,321232,0d3f4c522f0f28a27c5d87116cf77f09,2048,1368,2026-09-11T17:17:24+1200,train
kereru,bird,Kererū,Hemiphaga novaeseelandiae,168960895,292882657,cc-by,"(c) John Barkla, some rights reserved (CC BY)",2023-06-23,204520,Hemiphaga novaeseelandiae,https://inaturalist-open-data.s3.amazonaws.com/photos/292882657/large.jpeg,https://inaturalist-open-data.s3.amazonaws.com/photos/292882657/original.jpeg,data/raw/kereru/292882657.jpg,503827,9892d0acfdfa78b514bda5424d2ddcca,1166,2048,2026-09-11T17:17:24+1200,train
kereru,bird,Kererū,Hemiphaga novaeseelandiae,143779921,246644143,cc-by,"(c) Aalbert Rebergen, some rights reserved (CC BY)",2022-12-03,204520,Hemiphaga novaeseelandiae,https://inaturalist-open-data.s3.amazonaws.com/photos/246644143/large.jpeg,https://inaturalist-open-data.s3.amazonaws.com/photos/246644143/original.jpeg,data/raw/kereru/246644143.jpg,238957,a33ccb419bbc4f104d5bab1e485e6f6a,2048,1364,2026-09-11T17:17:24+1200,train
kereru,bird,Kererū,Hemiphaga novaeseelandiae,213357481,377062134,cc-by,"(c) catchwords, some rights reserved (CC BY)",2024-04-28,204520,Hemiphaga novaeseelandiae,https://inaturalist-open-data.s3.amazonaws.com/photos/377062134/large.jpg,https://inaturalist-open-data.s3.amazonaws.com/photos/377062134/original.jpg,data/raw/kereru/377062134.jpg,253268,6c5134e9b80b909be75ddeef730437ca,1023,2048,2026-09-11T17:17:24+1200,train
kereru,bird,Kererū,Hemiphaga novaeseelandiae,210054754,371607448,cc-by,"(c) wild_wind, some rights reserved (CC BY)",2024-04-27,204520,Hemiphaga novaeseelandiae,https://inaturalist-open-data.s3.amazonaws.com/photos/371607448/large.jpeg,https://inaturalist-open-data.s3.amazonaws.com/photos/371607448/original.jpeg,data/raw/kereru/371607448.jpg,541800,ea81e3ccd5a8b0a82bf50b661900cc8a,1515,1506,2026-09-11T17:17:24+1200,train
kereru,bird,Kererū,Hemiphaga novaeseelandiae,60236351,96299076,cc-by,"(c) Tim Park, some rights reserved (CC BY)",2020-09-21,204520,Hemiphaga novaeseelandiae,https://inaturalist-open-data.s3.amazonaws.com/photos/96299076/large.jpg,https://inaturalist-open-data.s3.amazonaws.com/photos/96299076/original.jpg,data/raw/kereru/96299076.jpg,292101,f37a845b869d6d84b7550341b51e3832,1536,2048,2026-09-11T17:17:24+1200,train
kereru,bird,Kererū,Hemiphaga novaeseelandiae,109797880,185120676,cc-by,"(c) Oscar Dove, some rights reserved (CC BY)",2022-03-28,413481,Hemiphaga novaeseelandiae novaeseelandiae,https://inaturalist-open-data.s3.amazonaws.com/photos/185120676/large.jpeg,https://inaturalist-open-data.s3.amazonaws.com/photos/185120676/original.jpeg,data/raw/kereru/185120676.jpg,920072,94f4e0c2cb00852c4507d27e910d63f7,1537,2048,2026-09-11T17:17:24+1200,train
kereru,bird,Kererū,Hemiphaga novaeseelandiae,60286610,96386525,cc-by,"(c) Kathy Warburton, some rights reserved (CC BY)",2020-09-19,204520,Hemiphaga novaeseelandiae,https://inaturalist-open-data.s3.amazonaws.com/photos/96386525/large.jpeg,https://inaturalist-open-data.s3.amazonaws.com/photos/96386525/original.jpeg,data/raw/kereru/96386525.jpg,737785,d0b65230aae9ba5a6a737fb9b859b90a,2048,1365,2026-09-11T17:17:24+1200,train
kereru,bird,Kererū,Hemiphaga novaeseelandiae,289724444,521127512,cc-by,"(c) Charlotte Sutton, some rights reserved (CC BY)",2025-06-13,413481,Hemiphaga novaeseelandiae novaeseelandiae,https://inaturalist-open-data.s3.amazonaws.com/photos/521127512/large.jpg,https://inaturalist-open-data.s3.amazonaws.com/photos/521127512/original.jpg,data/raw/kereru/521127512.jpg,1175643,fc4e5f33f3f3476725f251360cb34d8a,2048,1536,2026-09-11T17:17:24+1200,train
kereru,bird,Kererū,Hemiphaga novaeseelandiae,355076452,647684786,cc-by,"(c) bythepark, some rights reserved (CC BY)",2026-04-27,413481,Hemiphaga novaeseelandiae novaeseelandiae,https://inaturalist-open-data.s3.amazonaws.com/photos/647684786/large.jpg,https://inaturalist-open-data.s3.amazonaws.com/photos/647684786/original.jpg,data/raw/kereru/647684786.jpg,701553,37b5b28d294ac591b08b3f21d23c099e,1536,2048,2026-09-11T17:17:24+1200,train
kereru,bird,Kererū,Hemiphaga novaeseelandiae,360057812,656913973,cc-by,"(c) Jon Sullivan, some rights reserved (CC BY)",2026-04-27,413481,Hemiphaga novaeseelandiae novaeseelandiae,https://inaturalist-open-data.s3.amazonaws.com/photos/656913973/large.jpg,https://inaturalist-open-data.s3.amazonaws.com/photos/656913973/original.jpg,data/raw/kereru/656913973.jpg,641988,9ddfe54cdaa1b76324c9da005ded01bd,2048,1365,2026-09-11T17:17:24+1200,train
kereru,bird,Kererū,Hemiphaga novaeseelandiae,317164018,573088408,cc-by,"(c) Andy McKay, some rights reserved (CC BY)",2025-09-28,204520,Hemiphaga novaeseelandiae,https://inaturalist-open-data.s3.amazonaws.com/photos/573088408/large.jpg,https://inaturalist-open-data.s3.amazonaws.com/photos/573088408/original.jpg,data/raw/kereru/573088408.jpg,586846,724ca60b56af011f3ef517c1c9a86da3,1536,2048,2026-09-11T17:17:24+1200,train
kereru,bird,Kererū,Hemiphaga novaeseelandiae,357850834,652718455,cc-by,"(c) Jon Sullivan, some rights reserved (CC BY)",2026-04-25,204520,Hemiphaga novaeseelandiae,https://inaturalist-open-data.s3.amazonaws.com/photos/652718455/large.jpg,https://inaturalist-open-data.s3.amazonaws.com/photos/652718455/original.jpg,data/raw/kereru/652718455.jpg,430321,e2e11beea0223d7694123caa22bc8aa9,2048,1365,2026-09-11T17:17:24+1200,train
kereru,bird,Kererū,Hemiphaga novaeseelandiae,150622127,259757717,cc-by,"(c) Joss Simpson, some rights reserved (CC BY)",2023-03-09,204520,Hemiphaga novaeseelandiae,https://inaturalist-open-data.s3.amazonaws.com/photos/259757717/large.jpeg,https://inaturalist-open-data.s3.amazonaws.com/photos/259757717/original.jpeg,data/raw/kereru/259757717.jpg,388486,cd43059a71cb01456e995cc0fd35f93d,1697,2048,2026-09-11T17:17:24+1200,train
kereru,bird,Kererū,Hemiphaga novaeseelandiae,155278747,268390245,cc-by,"(c) Jay Pruett, some rights reserved (CC BY)",2018-10-27,204520,Hemiphaga novaeseelandiae,https://inaturalist-open-data.s3.amazonaws.com/photos/268390245/large.jpg,https://inaturalist-open-data.s3.amazonaws.com/photos/268390245/original.jpg,data/raw/kereru/268390245.jpg,197289,d986ded81f2c6bb71a20d440c2e93d8e,2048,1365,2026-09-11T17:17:24+1200,train
kereru,bird,Kererū,Hemiphaga novaeseelandiae,336542576,611590672,cc-by,"(c) John Barkla, some rights reserved (CC BY)",2026-01-29,204520,Hemiphaga novaeseelandiae,https://inaturalist-open-data.s3.amazonaws.com/photos/611590672/large.jpg,https://inaturalist-open-data.s3.amazonaws.com/photos/611590672/original.jpg,data/raw/kereru/611590672.jpg,648622,7fd4156b2567aa70f623870357930897,2048,1152,2026-09-11T17:17:24+1200,train
kereru,bird,Kererū,Hemiphaga novaeseelandiae,1947726,2385956,cc-by,"(c) Jon Sullivan, some rights reserved (CC BY)",2015-08-29,204520,Hemiphaga novaeseelandiae,https://inaturalist-open-data.s3.amazonaws.com/photos/2385956/large.jpg,https://inaturalist-open-data.s3.amazonaws.com/photos/2385956/original.jpg,data/raw/kereru/2385956.jpg,239957,99496e44f8740a24f96689c13f67b726,1970,1312,2026-09-11T17:17:24+1200,train
kereru,bird,Kererū,Hemiphaga novaeseelandiae,3034631,3493255,cc-by,"(c) Jacqui Geux, some rights reserved (CC BY)",2016-04-25,204520,Hemiphaga novaeseelandiae,https://inaturalist-open-data.s3.amazonaws.com/photos/3493255/large.JPG,https://inaturalist-open-data.s3.amazonaws.com/photos/3493255/original.JPG,data/raw/kereru/3493255.jpg,133154,2716362fd9b33c28e63d70dbe58b3edf,1600,1200,2026-09-11T17:17:24+1200,train
kereru,bird,Kererū,Hemiphaga novaeseelandiae,3659279,4236643,cc-by,"(c) Jacqui Geux, some rights reserved (CC BY)",2016-07-09,204520,Hemiphaga novaeseelandiae,https://inaturalist-open-data.s3.amazonaws.com/photos/4236643/large.JPG,https://inaturalist-open-data.s3.amazonaws.com/photos/4236643/original.JPG,data/raw/kereru/4236643.jpg,368767,ef80a9db8515f3cdc3d080774175cb30,2048,1536,2026-09-11T17:17:24+1200,train
kereru,bird,Kererū,Hemiphaga novaeseelandiae,1033069,1296246,cc-by,"(c) Tim Park, some rights reserved (CC BY)",2014-10-12,204520,Hemiphaga novaeseelandiae,https://inaturalist-open-data.s3.amazonaws.com/photos/1296246/large.,https://inaturalist-open-data.s3.amazonaws.com/photos/1296246/original.,data/raw/kereru/1296246.jpg,672485,0468308193cba21de14dd4a2e982f5c0,960,720,2026-09-11T17:17:24+1200,train
kereru,bird,Kererū,Hemiphaga novaeseelandiae,1033071,1296247,cc-by,"(c) Tim Park, some rights reserved (CC BY)",2014-10-12,204520,Hemiphaga novaeseelandiae,https://inaturalist-open-data.s3.amazonaws.com/photos/1296247/large.,https://inaturalist-open-data.s3.amazonaws.com/photos/1296247/original.,data/raw/kereru/1296247.jpg,1107706,1373244a7fffc3ba1453ca946a1bbd8e,720,960,2026-09-11T17:17:24+1200,train
kereru,bird,Kererū,Hemiphaga novaeseelandiae,1004719,1197021,cc-by,"(c) Jon Sullivan, some rights reserved (CC BY)",2014-05-24,204520,Hemiphaga novaeseelandiae,https://inaturalist-open-data.s3.amazonaws.com/photos/1197021/large.jpg,https://inaturalist-open-data.s3.amazonaws.com/photos/1197021/original.jpg,data/raw/kereru/1197021.jpg,420631,9157b5b86490b839c3b3c238aec98e0f,2048,1356,2026-09-11T17:17:24+1200,train
kereru,bird,Kererū,Hemiphaga novaeseelandiae,1008334,1197464,cc-by,"(c) Jon Sullivan, some rights reserved (CC BY)",2014-06-28,204520,Hemiphaga novaeseelandiae,https://inaturalist-open-data.s3.amazonaws.com/photos/1197464/large.jpg,https://inaturalist-open-data.s3.amazonaws.com/photos/1197464/original.jpg,data/raw/kereru/1197464.jpg,368780,b0948e3b8e648c486031c8fe99fcaa3d,2048,1365,2026-09-11T17:17:24+1200,train
kereru,bird,Kererū,Hemiphaga novaeseelandiae,1012580,1197922,cc-by,"(c) Jon Sullivan, some rights reserved (CC BY)",2014-06-28,204520,Hemiphaga novaeseelandiae,https://inaturalist-open-data.s3.amazonaws.com/photos/1197922/large.jpg,https://inaturalist-open-data.s3.amazonaws.com/photos/1197922/original.jpg,data/raw/kereru/1197922.jpg,367591,18336ca8e5d8cc501f934efa5ae4d817,2048,1356,2026-09-11T17:17:24+1200,train
kereru,bird,Kererū,Hemiphaga novaeseelandiae,1016564,1278013,cc-by,"(c) John Barkla, some rights reserved (CC BY)",2014-09-27,204520,Hemiphaga novaeseelandiae,https://inaturalist-open-data.s3.amazonaws.com/photos/1278013/large.,https://inaturalist-open-data.s3.amazonaws.com/photos/1278013/original.,data/raw/kereru/1278013.jpg,369309,60a6231f5f2f90d1ff28482ed2062a10,2048,1536,2026-09-11T17:17:24+1200,train
kereru,bird,Kererū,Hemiphaga novaeseelandiae,957872,1209186,cc-by,"(c) Jon Sullivan, some rights reserved (CC BY)",2013-04-01,204520,Hemiphaga novaeseelandiae,https://inaturalist-open-data.s3.amazonaws.com/photos/1209186/large.,https://inaturalist-open-data.s3.amazonaws.com/photos/1209186/original.,data/raw/kereru/1209186.jpg,762647,a968254d582e06837fd4c7b37b8817c4,720,960,2026-09-11T17:17:24+1200,train
piwakawaka,bird,Pīwakawaka,Rhipidura fuliginosa,40665972,64462201,cc0,no rights reserved,2020-03-17,413543,Rhipidura fuliginosa placabilis,https://inaturalist-open-data.s3.amazonaws.com/photos/64462201/large.jpg,https://inaturalist-open-data.s3.amazonaws.com/photos/64462201/original.jpg,data/raw/piwakawaka/64462201.jpg,624963,d05ef49cbf74825a210cdff07bd5f37c,2048,1536,2026-09-11T17:18:26+1200,train
piwakawaka,bird,Pīwakawaka,Rhipidura fuliginosa,32684969,51282998,cc-by,"(c) Jacqui Geux, some rights reserved (CC BY)",2019-09-13,413543,Rhipidura fuliginosa placabilis,https://inaturalist-open-data.s3.amazonaws.com/photos/51282998/large.jpeg,https://inaturalist-open-data.s3.amazonaws.com/photos/51282998/original.jpeg,data/raw/piwakawaka/51282998.jpg,144081,1ceb4292559bc7c4881bcd829fe3ae9b,1600,1200,2026-09-11T17:18:26+1200,train
piwakawaka,bird,Pīwakawaka,Rhipidura fuliginosa,241817193,431030419,cc-by,"(c) Peggy Newman, some rights reserved (CC BY)",2024-09-13,244276,Rhipidura fuliginosa,https://inaturalist-open-data.s3.amazonaws.com/photos/431030419/large.jpeg,https://inaturalist-open-data.s3.amazonaws.com/photos/431030419/original.jpeg,data/raw/piwakawaka/431030419.jpg,729889,43d98b3fbbcd6339e7f85d8968b29a7a,1629,2048,2026-09-11T17:18:26+1200,train
piwakawaka,bird,Pīwakawaka,Rhipidura fuliginosa,26907339,41810551,cc-by,"(c) Jon Sullivan, some rights reserved (CC BY)",2019-01-09,413533,Rhipidura fuliginosa fuliginosa,https://inaturalist-open-data.s3.amazonaws.com/photos/41810551/large.jpg,https://inaturalist-open-data.s3.amazonaws.com/photos/41810551/original.jpg,data/raw/piwakawaka/41810551.jpg,246698,7f3b25ae176734dcfeaa8e21a41a1427,1378,920,2026-09-11T17:18:26+1200,train
piwakawaka,bird,Pīwakawaka,Rhipidura fuliginosa,358104478,653220644,cc-by,"(c) William Harland, some rights reserved (CC BY)",2026-04-26,413533,Rhipidura fuliginosa fuliginosa,https://inaturalist-open-data.s3.amazonaws.com/photos/653220644/large.jpg,https://inaturalist-open-data.s3.amazonaws.com/photos/653220644/original.jpg,data/raw/piwakawaka/653220644.jpg,130743,6d4b272134f2024c157d6b0e20447b17,2048,1383,2026-09-11T17:18:26+1200,train
piwakawaka,bird,Pīwakawaka,Rhipidura fuliginosa,256960240,460844732,cc-by,"(c) William Harland, some rights reserved (CC BY)",2024-12-31,413533,Rhipidura fuliginosa fuliginosa,https://inaturalist-open-data.s3.amazonaws.com/photos/460844732/large.jpeg,https://inaturalist-open-data.s3.amazonaws.com/photos/460844732/original.jpeg,data/raw/piwakawaka/460844732.jpg,101418,aa0e44a2119ebe7f6a653d2b2af64158,2048,1382,2026-09-11T17:18:26+1200,train
piwakawaka,bird,Pīwakawaka,Rhipidura fuliginosa,17847116,27243734,cc-by,"(c) Jacqui Geux, some rights reserved (CC BY)",2018-10-25,413543,Rhipidura fuliginosa placabilis,https://inaturalist-open-data.s3.amazonaws.com/photos/27243734/large.jpeg,https://inaturalist-open-data.s3.amazonaws.com/photos/27243734/original.jpeg,data/raw/piwakawaka/27243734.jpg,142865,57536c1dfc8179e56cf655e1676ac64e,1600,1200,2026-09-11T17:18:26+1200,train
piwakawaka,bird,Pīwakawaka,Rhipidura fuliginosa,251422081,449869282,cc0,no rights reserved,2024-11-10,413533,Rhipidura fuliginosa fuliginosa,https://inaturalist-open-data.s3.amazonaws.com/photos/449869282/large.jpeg,https://inaturalist-open-data.s3.amazonaws.com/photos/449869282/original.jpeg,data/raw/piwakawaka/449869282.jpg,391596,fa1ee11ea312e76bfa4248e489fee91b,2048,1536,2026-09-11T17:18:26+1200,train
piwakawaka,bird,Pīwakawaka,Rhipidura fuliginosa,357427073,651706555,cc-by,"(c) Jon Sullivan, some rights reserved (CC BY)",2026-04-24,413533,Rhipidura fuliginosa fuliginosa,https://inaturalist-open-data.s3.amazonaws.com/photos/651706555/large.jpg,https://inaturalist-open-data.s3.amazonaws.com/photos/651706555/original.jpg,data/raw/piwakawaka/651706555.jpg,328942,1c0c60e6c9da279e57af86ba74a00c03,2048,1365,2026-09-11T17:18:26+1200,train
piwakawaka,bird,Pīwakawaka,Rhipidura fuliginosa,277278055,497876468,cc0,no rights reserved,2025-04-29,244276,Rhipidura fuliginosa,https://inaturalist-open-data.s3.amazonaws.com/photos/497876468/large.jpg,https://inaturalist-open-data.s3.amazonaws.com/photos/497876468/original.jpg,data/raw/piwakawaka/497876468.jpg,388366,48e8d41e9934fe0526b65d97daf521de,1179,1279,2026-09-11T17:18:26+1200,train
piwakawaka,bird,Pīwakawaka,Rhipidura fuliginosa,170591248,295897611,cc-by,"(c) Michael Berardozzi, some rights reserved (CC BY)",2023-07-02,413543,Rhipidura fuliginosa placabilis,https://inaturalist-open-data.s3.amazonaws.com/photos/295897611/large.jpeg,https://inaturalist-open-data.s3.amazonaws.com/photos/295897611/original.jpeg,data/raw/piwakawaka/295897611.jpg,188223,ef1c52ca43056ee7cd012df59f4b5fc6,2048,1536,2026-09-11T17:18:26+1200,train
piwakawaka,bird,Pīwakawaka,Rhipidura fuliginosa,343444697,625621909,cc0,no rights reserved,2026-03-17,244276,Rhipidura fuliginosa,https://inaturalist-open-data.s3.amazonaws.com/photos/625621909/large.jpg,https://inaturalist-open-data.s3.amazonaws.com/photos/625621909/original.jpg,data/raw/piwakawaka/625621909.jpg,472004,979d3e611e7cf43d1c16065972a3a199,1536,2048,2026-09-11T17:18:26+1200,train
piwakawaka,bird,Pīwakawaka,Rhipidura fuliginosa,270576389,486622593,cc-by,"(c) William Harland, some rights reserved (CC BY)",2025-04-15,413533,Rhipidura fuliginosa fuliginosa,https://inaturalist-open-data.s3.amazonaws.com/photos/486622593/large.jpeg,https://inaturalist-open-data.s3.amazonaws.com/photos/486622593/original.jpeg,data/raw/piwakawaka/486622593.jpg,140747,1f47241fd6c168e4b3ce6ee923af3605,2048,1301,2026-09-11T17:18:26+1200,train
piwakawaka,bird,Pīwakawaka,Rhipidura fuliginosa,357746073,651999588,cc-by,"(c) Jon Sullivan, some rights reserved (CC BY)",2026-04-24,413533,Rhipidura fuliginosa fuliginosa,https://inaturalist-open-data.s3.amazonaws.com/photos/651999588/large.jpg,https://inaturalist-open-data.s3.amazonaws.com/photos/651999588/original.jpg,data/raw/piwakawaka/651999588.jpg,372729,65ed635f4e24071bf395c5a71ca11eca,2048,1365,2026-09-11T17:18:26+1200,train
piwakawaka,bird,Pīwakawaka,Rhipidura fuliginosa,19818948,30549787,cc-by,"(c) Jacqui Geux, some rights reserved (CC BY)",2019-01-23,413543,Rhipidura fuliginosa placabilis,https://inaturalist-open-data.s3.amazonaws.com/photos/30549787/large.jpeg,https://inaturalist-open-data.s3.amazonaws.com/photos/30549787/original.jpeg,data/raw/piwakawaka/30549787.jpg,77509,f0f956a3bde6e81db0703579b5c213d4,1600,1200,2026-09-11T17:18:26+1200,train
piwakawaka,bird,Pīwakawaka,Rhipidura fuliginosa,206909335,365933836,cc0,no rights reserved,2024-04-13,413543,Rhipidura fuliginosa placabilis,https://inaturalist-open-data.s3.amazonaws.com/photos/365933836/large.jpeg,https://inaturalist-open-data.s3.amazonaws.com/photos/365933836/original.jpeg,data/raw/piwakawaka/365933836.jpg,481836,ac6a72069c93bd34a7774933fcfb55bd,1695,2045,2026-09-11T17:18:26+1200,train
piwakawaka,bird,Pīwakawaka,Rhipidura fuliginosa,24573509,38000881,cc-by,"(c) Jon Sullivan, some rights reserved (CC BY)",2019-04-28,413533,Rhipidura fuliginosa fuliginosa,https://inaturalist-open-data.s3.amazonaws.com/photos/38000881/large.jpg,https://inaturalist-open-data.s3.amazonaws.com/photos/38000881/original.jpg,data/raw/piwakawaka/38000881.jpg,133346,6f52c0a2cb8af29112389e5b92da391d,1140,761,2026-09-11T17:18:26+1200,train
piwakawaka,bird,Pīwakawaka,Rhipidura fuliginosa,271800125,488938523,cc-by,"(c) Jon Sullivan, some rights reserved (CC BY)",2025-04-09,413533,Rhipidura fuliginosa fuliginosa,https://inaturalist-open-data.s3.amazonaws.com/photos/488938523/large.jpeg,https://inaturalist-open-data.s3.amazonaws.com/photos/488938523/original.jpeg,data/raw/piwakawaka/488938523.jpg,238994,be99f049f5f35a09ce83e3423f0a62b2,2048,1367,2026-09-11T17:18:26+1200,train
piwakawaka,bird,Pīwakawaka,Rhipidura fuliginosa,329667818,597627954,cc-by,"(c) Michael Berardozzi, some rights reserved (CC BY)",2025-12-06,413543,Rhipidura fuliginosa placabilis,https://inaturalist-open-data.s3.amazonaws.com/photos/597627954/large.jpg,https://inaturalist-open-data.s3.amazonaws.com/photos/597627954/original.jpg,data/raw/piwakawaka/597627954.jpg,167156,e9e27a41b28a75c3a09d86d13430b5bc,2048,1869,2026-09-11T17:18:26+1200,train
piwakawaka,bird,Pīwakawaka,Rhipidura fuliginosa,39251846,62249752,cc-by,"(c) Jon Sullivan, some rights reserved (CC BY)",2020-02-26,413533,Rhipidura fuliginosa fuliginosa,https://inaturalist-open-data.s3.amazonaws.com/photos/62249752/large.jpg,https://inaturalist-open-data.s3.amazonaws.com/photos/62249752/original.jpg,data/raw/piwakawaka/62249752.jpg,485422,888e639a77022d85c332c5e769201906,2048,1365,2026-09-11T17:18:26+1200,train
piwakawaka,bird,Pīwakawaka,Rhipidura fuliginosa,209916007,371385305,cc-by,"(c) William Harland, some rights reserved (CC BY)",2024-04-26,413533,Rhipidura fuliginosa fuliginosa,https://inaturalist-open-data.s3.amazonaws.com/photos/371385305/large.jpeg,https://inaturalist-open-data.s3.amazonaws.com/photos/371385305/original.jpeg,data/raw/piwakawaka/371385305.jpg,79485,1f47ce0c2c60ef647fa421abcf74d6f6,2048,1463,2026-09-11T17:18:26+1200,train
piwakawaka,bird,Pīwakawaka,Rhipidura fuliginosa,210659605,372581204,cc-by,"(c) William Harland, some rights reserved (CC BY)",2024-04-28,413533,Rhipidura fuliginosa fuliginosa,https://inaturalist-open-data.s3.amazonaws.com/photos/372581204/large.jpeg,https://inaturalist-open-data.s3.amazonaws.com/photos/372581204/original.jpeg,data/raw/piwakawaka/372581204.jpg,123884,e05b4b6851a75f21050587f2b2369dc0,2048,1220,2026-09-11T17:18:26+1200,train
piwakawaka,bird,Pīwakawaka,Rhipidura fuliginosa,113295220,191435611,cc-by,"(c) bythepark, some rights reserved (CC BY)",2022-04-29,413533,Rhipidura fuliginosa fuliginosa,https://inaturalist-open-data.s3.amazonaws.com/photos/191435611/large.jpeg,https://inaturalist-open-data.s3.amazonaws.com/photos/191435611/original.jpeg,data/raw/piwakawaka/191435611.jpg,437415,093ee17e83aebec83e053425b160ef77,1365,2048,2026-09-11T17:18:26+1200,train
piwakawaka,bird,Pīwakawaka,Rhipidura fuliginosa,275468890,494994110,cc-by,"(c) Frank Ashwood, some rights reserved (CC BY)",2025-04-28,413533,Rhipidura fuliginosa fuliginosa,https://inaturalist-open-data.s3.amazonaws.com/photos/494994110/large.jpg,https://inaturalist-open-data.s3.amazonaws.com/photos/494994110/original.jpg,data/raw/piwakawaka/494994110.jpg,786564,f1bd3911e58e8b5c51253890d27e8fba,991,1761,2026-09-11T17:18:26+1200,train
piwakawaka,bird,Pīwakawaka,Rhipidura fuliginosa,271896314,489122726,cc-by,"(c) Jon Sullivan, some rights reserved (CC BY)",2025-04-09,413533,Rhipidura fuliginosa fuliginosa,https://inaturalist-open-data.s3.amazonaws.com/photos/489122726/large.jpg,https://inaturalist-open-data.s3.amazonaws.com/photos/489122726/original.jpg,data/raw/piwakawaka/489122726.jpg,238744,0fe4b7a9d5619cf175ffe66f574f4e15,2048,1368,2026-09-11T17:18:26+1200,train
piwakawaka,bird,Pīwakawaka,Rhipidura fuliginosa,39688597,62990947,cc-by,"(c) Loïc Chalmandrier, some rights reserved (CC BY)",2020-03-08,413533,Rhipidura fuliginosa fuliginosa,https://inaturalist-open-data.s3.amazonaws.com/photos/62990947/large.jpeg,https://inaturalist-open-data.s3.amazonaws.com/photos/62990947/original.jpeg,data/raw/piwakawaka/62990947.jpg,601148,136146d73e146c282a12c7dfa5b67b0b,1536,2048,2026-09-11T17:18:26+1200,train
piwakawaka,bird,Pīwakawaka,Rhipidura fuliginosa,244012181,435189601,cc-by,"(c) Saryu Mae 前 朝琉, some rights reserved (CC BY)",2024-09-21,413543,Rhipidura fuliginosa placabilis,https://inaturalist-open-data.s3.amazonaws.com/photos/435189601/large.jpeg,https://inaturalist-open-data.s3.amazonaws.com/photos/435189601/original.jpeg,data/raw/piwakawaka/435189601.jpg,127919,c47ae9fb0e83ec0f6f92a56863c0fe0e,2048,1365,2026-09-11T17:18:26+1200,train
piwakawaka,bird,Pīwakawaka,Rhipidura fuliginosa,292271787,525945654,cc-by,"(c) William Harland, some rights reserved (CC BY)",2025-06-15,413533,Rhipidura fuliginosa fuliginosa,https://inaturalist-open-data.s3.amazonaws.com/photos/525945654/large.jpg,https://inaturalist-open-data.s3.amazonaws.com/photos/525945654/original.jpg,data/raw/piwakawaka/525945654.jpg,67225,5e2d0412a9cd361fcb6381e496e4393a,2048,1229,2026-09-11T17:18:26+1200,train
piwakawaka,bird,Pīwakawaka,Rhipidura fuliginosa,100552840,167808049,cc0,no rights reserved,2019-04-25,413533,Rhipidura fuliginosa fuliginosa,https://inaturalist-open-data.s3.amazonaws.com/photos/167808049/large.jpeg,https://inaturalist-open-data.s3.amazonaws.com/photos/167808049/original.jpeg,data/raw/piwakawaka/167808049.jpg,189865,df580fb752fab14d0c6c7a693f9941cf,2048,1536,2026-09-11T17:18:26+1200,train
piwakawaka,bird,Pīwakawaka,Rhipidura fuliginosa,27912908,43475860,cc-by,"(c) John Barkla, some rights reserved (CC BY)",2019-06-30,413533,Rhipidura fuliginosa fuliginosa,https://inaturalist-open-data.s3.amazonaws.com/photos/43475860/large.jpg,https://inaturalist-open-data.s3.amazonaws.com/photos/43475860/original.jpg,data/raw/piwakawaka/43475860.jpg,129690,62c5ac58292d7400a8b7951d79531678,2048,1366,2026-09-11T17:18:26+1200,train
piwakawaka,bird,Pīwakawaka,Rhipidura fuliginosa,943592,1180811,cc-by,"(c) Jon Sullivan, some rights reserved (CC BY)",2008-01-06,413533,Rhipidura fuliginosa fuliginosa,https://inaturalist-open-data.s3.amazonaws.com/photos/1180811/large.jpg,https://inaturalist-open-data.s3.amazonaws.com/photos/1180811/original.jpg,data/raw/piwakawaka/1180811.jpg,350954,ec9d2b1b47c6c571c25e9080396c3006,1639,2048,2026-09-11T17:18:26+1200,train
piwakawaka,bird,Pīwakawaka,Rhipidura fuliginosa,305156390,550178325,cc0,no rights reserved,2025-08-10,413543,Rhipidura fuliginosa placabilis,https://inaturalist-open-data.s3.amazonaws.com/photos/550178325/large.jpg,https://inaturalist-open-data.s3.amazonaws.com/photos/550178325/original.jpg,data/raw/piwakawaka/550178325.jpg,573266,0ab3d2b9cc96c44b0da2ce26ede9a7f1,917,1401,2026-09-11T17:18:26+1200,train
piwakawaka,bird,Pīwakawaka,Rhipidura fuliginosa,112807630,190571196,cc0,no rights reserved,2022-04-25,413543,Rhipidura fuliginosa placabilis,https://inaturalist-open-data.s3.amazonaws.com/photos/190571196/large.jpeg,https://inaturalist-open-data.s3.amazonaws.com/photos/190571196/original.jpeg,data/raw/piwakawaka/190571196.jpg,498930,d0c9189a4fdd86e712d584005e8fde64,2048,1536,2026-09-11T17:18:26+1200,train
piwakawaka,bird,Pīwakawaka,Rhipidura fuliginosa,1012678,1197937,cc-by,"(c) Jon Sullivan, some rights reserved (CC BY)",2014-06-29,413533,Rhipidura fuliginosa fuliginosa,https://inaturalist-open-data.s3.amazonaws.com/photos/1197937/large.jpg,https://inaturalist-open-data.s3.amazonaws.com/photos/1197937/original.jpg,data/raw/piwakawaka/1197937.jpg,490536,f567b5686d4506fbc0fd0057faee33f9,2048,1356,2026-09-11T17:18:26+1200,train
piwakawaka,bird,Pīwakawaka,Rhipidura fuliginosa,1057469,1326073,cc-by,"(c) John Barkla, some rights reserved (CC BY)",2014-11-06,413533,Rhipidura fuliginosa fuliginosa,https://inaturalist-open-data.s3.amazonaws.com/photos/1326073/large.jpg,https://inaturalist-open-data.s3.amazonaws.com/photos/1326073/original.jpg,data/raw/piwakawaka/1326073.jpg,198212,981b2673153e3ac9ce8dbbf0a6770435,2048,1535,2026-09-11T17:18:26+1200,train
piwakawaka,bird,Pīwakawaka,Rhipidura fuliginosa,972256,1188731,cc-by,"(c) Jon Sullivan, some rights reserved (CC BY)",2013-09-14,413533,Rhipidura fuliginosa fuliginosa,https://inaturalist-open-data.s3.amazonaws.com/photos/1188731/large.jpg,https://inaturalist-open-data.s3.amazonaws.com/photos/1188731/original.jpg,data/raw/piwakawaka/1188731.jpg,189285,9f1a4f3d4705df2ba7e777d82901a807,958,1437,2026-09-11T17:18:26+1200,train
piwakawaka,bird,Pīwakawaka,Rhipidura fuliginosa,41418092,65704495,cc-by,"(c) John Barkla, some rights reserved (CC BY)",2020-04-05,413533,Rhipidura fuliginosa fuliginosa,https://inaturalist-open-data.s3.amazonaws.com/photos/65704495/large.jpeg,https://inaturalist-open-data.s3.amazonaws.com/photos/65704495/original.jpeg,data/raw/piwakawaka/65704495.jpg,834042,10c09fd0458bb47124245e8558c53b74,2048,1536,2026-09-11T17:18:26+1200,train
piwakawaka,bird,Pīwakawaka,Rhipidura fuliginosa,123322945,208905924,cc-by,"(c) russelljsmith, some rights reserved (CC BY)",2022-06-19,413543,Rhipidura fuliginosa placabilis,https://inaturalist-open-data.s3.amazonaws.com/photos/208905924/large.jpg,https://inaturalist-open-data.s3.amazonaws.com/photos/208905924/original.jpg,data/raw/piwakawaka/208905924.jpg,356939,bf0179bd6d0e91f0c90ab985c937539d,1152,2048,2026-09-11T17:18:26+1200,train
piwakawaka,bird,Pīwakawaka,Rhipidura fuliginosa,208020237,368012619,cc0,no rights reserved,2024-04-19,413543,Rhipidura fuliginosa placabilis,https://inaturalist-open-data.s3.amazonaws.com/photos/368012619/large.jpeg,https://inaturalist-open-data.s3.amazonaws.com/photos/368012619/original.jpeg,data/raw/piwakawaka/368012619.jpg,474351,e1df8f4bbcb979f40eb21548d5402977,2048,946,2026-09-11T17:18:26+1200,train
piwakawaka,bird,Pīwakawaka,Rhipidura fuliginosa,350220159,638975613,cc-by,"(c) Jon Sullivan, some rights reserved (CC BY)",2026-04-10,413533,Rhipidura fuliginosa fuliginosa,https://inaturalist-open-data.s3.amazonaws.com/photos/638975613/large.jpg,https://inaturalist-open-data.s3.amazonaws.com/photos/638975613/original.jpg,data/raw/piwakawaka/638975613.jpg,389950,9a055f3045491bcb0c5ecb456b260635,1049,699,2026-09-11T17:18:26+1200,train
piwakawaka,bird,Pīwakawaka,Rhipidura fuliginosa,381884539,698812061,cc0,no rights reserved,2026-07-16,413543,Rhipidura fuliginosa placabilis,https://inaturalist-open-data.s3.amazonaws.com/photos/698812061/large.jpg,https://inaturalist-open-data.s3.amazonaws.com/photos/698812061/original.jpg,data/raw/piwakawaka/698812061.jpg,633303,acbd19043aae7c5ee1458eff25a5efdd,2046,2048,2026-09-11T17:18:26+1200,train
piwakawaka,bird,Pīwakawaka,Rhipidura fuliginosa,275140029,494469741,cc-by,"(c) alamettyr, some rights reserved (CC BY)",2025-04-28,244276,Rhipidura fuliginosa,https://inaturalist-open-data.s3.amazonaws.com/photos/494469741/large.jpeg,https://inaturalist-open-data.s3.amazonaws.com/photos/494469741/original.jpeg,data/raw/piwakawaka/494469741.jpg,823845,b73806ea0de6b04519d9075b9d8cbeed,1536,2048,2026-09-11T17:18:26+1200,train
piwakawaka,bird,Pīwakawaka,Rhipidura fuliginosa,275977986,495719653,cc-by,"(c) Halema J, some rights reserved (CC BY)",2025-04-28,244276,Rhipidura fuliginosa,https://inaturalist-open-data.s3.amazonaws.com/photos/495719653/large.jpeg,https://inaturalist-open-data.s3.amazonaws.com/photos/495719653/original.jpeg,data/raw/piwakawaka/495719653.jpg,327134,72c8da6c3cd3171cf3fe1438a1802ca5,2048,1365,2026-09-11T17:18:26+1200,train
piwakawaka,bird,Pīwakawaka,Rhipidura fuliginosa,7936680,10479438,cc-by,"(c) Mark, some rights reserved (CC BY)",2017-09-16,413533,Rhipidura fuliginosa fuliginosa,https://inaturalist-open-data.s3.amazonaws.com/photos/10479438/large.jpeg,https://inaturalist-open-data.s3.amazonaws.com/photos/10479438/original.jpeg,data/raw/piwakawaka/10479438.jpg,441083,f6114d1e8cbd74ca3cb9c5a22fca575c,2048,1536,2026-09-11T17:18:26+1200,train
piwakawaka,bird,Pīwakawaka,Rhipidura fuliginosa,75520308,123567029,cc-by,"(c) Jenny Saito, some rights reserved (CC BY)",2021-04-28,413533,Rhipidura fuliginosa fuliginosa,https://inaturalist-open-data.s3.amazonaws.com/photos/123567029/large.jpeg,https://inaturalist-open-data.s3.amazonaws.com/photos/123567029/original.jpeg,data/raw/piwakawaka/123567029.jpg,627938,1816ec00d1f6412f1d4f150d6593ad6c,1536,2048,2026-09-11T17:18:26+1200,train
piwakawaka,bird,Pīwakawaka,Rhipidura fuliginosa,78009137,127620179,cc-by,"(c) Jenny Saito, some rights reserved (CC BY)",2021-05-09,413533,Rhipidura fuliginosa fuliginosa,https://inaturalist-open-data.s3.amazonaws.com/photos/127620179/large.jpeg,https://inaturalist-open-data.s3.amazonaws.com/photos/127620179/original.jpeg,data/raw/piwakawaka/127620179.jpg,533568,8bd7d775e811ba368e49960c6d70d2a3,1536,2048,2026-09-11T17:18:26+1200,train
piwakawaka,bird,Pīwakawaka,Rhipidura fuliginosa,10670072,14895208,cc-by,"(c) Milly S, some rights reserved (CC BY)",2018-04-07,413533,Rhipidura fuliginosa fuliginosa,https://inaturalist-open-data.s3.amazonaws.com/photos/14895208/large.jpg,https://inaturalist-open-data.s3.amazonaws.com/photos/14895208/original.jpg,data/raw/piwakawaka/14895208.jpg,310659,7bae5629f64dfbfaa63c1d7681fece91,1536,2048,2026-09-11T17:18:26+1200,train
piwakawaka,bird,Pīwakawaka,Rhipidura fuliginosa,53238094,84663731,cc-by,"(c) Mike Bowie, some rights reserved (CC BY)",2020-07-10,413533,Rhipidura fuliginosa fuliginosa,https://inaturalist-open-data.s3.amazonaws.com/photos/84663731/large.jpeg,https://inaturalist-open-data.s3.amazonaws.com/photos/84663731/original.jpeg,data/raw/piwakawaka/84663731.jpg,161240,3814d85c6846c9ec6802b8134c16c82b,2048,1357,2026-09-11T17:18:26+1200,train
piwakawaka,bird,Pīwakawaka,Rhipidura fuliginosa,209194611,370195685,cc-by,"(c) Aalbert Rebergen, some rights reserved (CC BY)",2024-04-07,413533,Rhipidura fuliginosa fuliginosa,https://inaturalist-open-data.s3.amazonaws.com/photos/370195685/large.jpeg,https://inaturalist-open-data.s3.amazonaws.com/photos/370195685/original.jpeg,data/raw/piwakawaka/370195685.jpg,107114,0a71fc5c8ab3c130fe5c63ed10c7a402,2048,1368,2026-09-11T17:18:26+1200,train
piwakawaka,bird,Pīwakawaka,Rhipidura fuliginosa,213352319,377052373,cc-by,"(c) Jon Sullivan, some rights reserved (CC BY)",2024-04-29,413533,Rhipidura fuliginosa fuliginosa,https://inaturalist-open-data.s3.amazonaws.com/photos/377052373/large.jpg,https://inaturalist-open-data.s3.amazonaws.com/photos/377052373/original.jpg,data/raw/piwakawaka/377052373.jpg,31279,fe88511a0012b44667d32d3cc40757db,2048,1368,2026-09-11T17:18:26+1200,train
piwakawaka,bird,Pīwakawaka,Rhipidura fuliginosa,226139684,401009294,cc-by,"(c) Frank Ashwood, some rights reserved (CC BY)",2024-06-28,413533,Rhipidura fuliginosa fuliginosa,https://inaturalist-open-data.s3.amazonaws.com/photos/401009294/large.jpg,https://inaturalist-open-data.s3.amazonaws.com/photos/401009294/original.jpg,data/raw/piwakawaka/401009294.jpg,1124085,cbdfcd26031270feb1fb808bc55026be,1538,1153,2026-09-11T17:18:26+1200,train
piwakawaka,bird,Pīwakawaka,Rhipidura fuliginosa,205032625,362475650,cc-by,"(c) William Harland, some rights reserved (CC BY)",2024-03-23,413533,Rhipidura fuliginosa fuliginosa,https://inaturalist-open-data.s3.amazonaws.com/photos/362475650/large.jpeg,https://inaturalist-open-data.s3.amazonaws.com/photos/362475650/original.jpeg,data/raw/piwakawaka/362475650.jpg,51269,1fac26e3609b921aa8bcca813524851c,2048,1059,2026-09-11T17:18:26+1200,train
piwakawaka,bird,Pīwakawaka,Rhipidura fuliginosa,202370364,357399562,cc-by,"(c) Mirca Fredrick, some rights reserved (CC BY)",2024-03-12,413533,Rhipidura fuliginosa fuliginosa,https://inaturalist-open-data.s3.amazonaws.com/photos/357399562/large.jpeg,https://inaturalist-open-data.s3.amazonaws.com/photos/357399562/original.jpeg,data/raw/piwakawaka/357399562.jpg,859090,929d30c604306398fbe9fffffc627525,1536,2048,2026-09-11T17:18:26+1200,train
piwakawaka,bird,Pīwakawaka,Rhipidura fuliginosa,5784431,7186449,cc-by,"(c) Nathan Odgers, some rights reserved (CC BY)",2017-04-17,413533,Rhipidura fuliginosa fuliginosa,https://inaturalist-open-data.s3.amazonaws.com/photos/7186449/large.jpg,https://inaturalist-open-data.s3.amazonaws.com/photos/7186449/original.jpg,data/raw/piwakawaka/7186449.jpg,683265,71fbc54f23e783b6feca1353d99341bd,1249,1246,2026-09-11T17:18:26+1200,train
piwakawaka,bird,Pīwakawaka,Rhipidura fuliginosa,956421,1208368,cc-by,"(c) Jon Sullivan, some rights reserved (CC BY)",2013-03-26,413533,Rhipidura fuliginosa fuliginosa,https://inaturalist-open-data.s3.amazonaws.com/photos/1208368/large.,https://inaturalist-open-data.s3.amazonaws.com/photos/1208368/original.,data/raw/piwakawaka/1208368.jpg,661824,249f8d6cdbaef3466647172188d80992,720,960,2026-09-11T17:18:26+1200,train
piwakawaka,bird,Pīwakawaka,Rhipidura fuliginosa,201795825,356268976,cc-by,"(c) Julien Renoult, some rights reserved (CC BY)",2024-01-31,413533,Rhipidura fuliginosa fuliginosa,https://inaturalist-open-data.s3.amazonaws.com/photos/356268976/large.jpg,https://inaturalist-open-data.s3.amazonaws.com/photos/356268976/original.jpg,data/raw/piwakawaka/356268976.jpg,637618,abe48f00be50452613ab645e9c4c25cb,2048,1366,2026-09-11T17:18:26+1200,train
piwakawaka,bird,Pīwakawaka,Rhipidura fuliginosa,206726853,365588701,cc-by,"(c) Murray Dawson, some rights reserved (CC BY)",2024-04-12,413533,Rhipidura fuliginosa fuliginosa,https://inaturalist-open-data.s3.amazonaws.com/photos/365588701/large.jpeg,https://inaturalist-open-data.s3.amazonaws.com/photos/365588701/original.jpeg,data/raw/piwakawaka/365588701.jpg,525750,3f6f6cb700dad61af64babb9b78ec20e,2048,1536,2026-09-11T17:18:26+1200,train
piwakawaka,bird,Pīwakawaka,Rhipidura fuliginosa,320989384,580449537,cc-by,"(c) William Harland, some rights reserved (CC BY)",2025-09-20,413533,Rhipidura fuliginosa fuliginosa,https://inaturalist-open-data.s3.amazonaws.com/photos/580449537/large.jpg,https://inaturalist-open-data.s3.amazonaws.com/photos/580449537/original.jpg,data/raw/piwakawaka/580449537.jpg,150338,6c717746f039d9818400d42a3fd2c958,2048,1307,2026-09-11T17:18:26+1200,train
piwakawaka,bird,Pīwakawaka,Rhipidura fuliginosa,170217428,295199560,cc-by,"(c) Nathan Odgers, some rights reserved (CC BY)",2023-06-30,413533,Rhipidura fuliginosa fuliginosa,https://inaturalist-open-data.s3.amazonaws.com/photos/295199560/large.jpg,https://inaturalist-open-data.s3.amazonaws.com/photos/295199560/original.jpg,data/raw/piwakawaka/295199560.jpg,582646,534f2f7efc3bbf3536235a9a50bb61af,2048,2048,2026-09-11T17:18:26+1200,train
piwakawaka,bird,Pīwakawaka,Rhipidura fuliginosa,170586720,295892723,cc-by,"(c) William Harland, some rights reserved (CC BY)",2023-07-02,413533,Rhipidura fuliginosa fuliginosa,https://inaturalist-open-data.s3.amazonaws.com/photos/295892723/large.jpeg,https://inaturalist-open-data.s3.amazonaws.com/photos/295892723/original.jpeg,data/raw/piwakawaka/295892723.jpg,221072,f5b9a8cd4916ea977d1a03b13b85fac3,2048,1527,2026-09-11T17:18:26+1200,train
piwakawaka,bird,Pīwakawaka,Rhipidura fuliginosa,116023758,195820221,cc-by,"(c) Jon Sullivan, some rights reserved (CC BY)",2022-05-01,413533,Rhipidura fuliginosa fuliginosa,https://inaturalist-open-data.s3.amazonaws.com/photos/195820221/large.jpg,https://inaturalist-open-data.s3.amazonaws.com/photos/195820221/original.jpg,data/raw/piwakawaka/195820221.jpg,350558,ac270f562580572e8f082b8e62560356,2048,1365,2026-09-11T17:18:26+1200,train
piwakawaka,bird,Pīwakawaka,Rhipidura fuliginosa,35400392,55817125,cc-by,"(c) wild_wind, some rights reserved (CC BY)",2019-11-07,413543,Rhipidura fuliginosa placabilis,https://inaturalist-open-data.s3.amazonaws.com/photos/55817125/large.jpeg,https://inaturalist-open-data.s3.amazonaws.com/photos/55817125/original.jpeg,data/raw/piwakawaka/55817125.jpg,269709,692bfc877e0953e350fcf3f225ffdd95,1965,2048,2026-09-11T17:18:26+1200,train
piwakawaka,bird,Pīwakawaka,Rhipidura fuliginosa,35665213,56263936,cc-by,"(c) Jacqui Geux, some rights reserved (CC BY)",2019-11-14,413543,Rhipidura fuliginosa placabilis,https://inaturalist-open-data.s3.amazonaws.com/photos/56263936/large.jpeg,https://inaturalist-open-data.s3.amazonaws.com/photos/56263936/original.jpeg,data/raw/piwakawaka/56263936.jpg,122147,996cae61fd29d5f6ae5a59abf4afff28,1600,1200,2026-09-11T17:18:26+1200,train
piwakawaka,bird,Pīwakawaka,Rhipidura fuliginosa,38236988,60741929,cc-by,"(c) naturewatchwidow, some rights reserved (CC BY)",2020-02-02,413543,Rhipidura fuliginosa placabilis,https://inaturalist-open-data.s3.amazonaws.com/photos/60741929/large.jpeg,https://inaturalist-open-data.s3.amazonaws.com/photos/60741929/original.jpeg,data/raw/piwakawaka/60741929.jpg,684835,49ff651cf7356a4f051b952b8476a125,1536,2048,2026-09-11T17:18:26+1200,train
piwakawaka,bird,Pīwakawaka,Rhipidura fuliginosa,38409042,61038389,cc-by,"(c) Jacqui Geux, some rights reserved (CC BY)",2020-02-08,413543,Rhipidura fuliginosa placabilis,https://inaturalist-open-data.s3.amazonaws.com/photos/61038389/large.jpeg,https://inaturalist-open-data.s3.amazonaws.com/photos/61038389/original.jpeg,data/raw/piwakawaka/61038389.jpg,147137,2864f48c058bbd9da124ada077aef0f6,1600,1200,2026-09-11T17:18:26+1200,train
piwakawaka,bird,Pīwakawaka,Rhipidura fuliginosa,45749144,72554771,cc-by,"(c) wild_wind, some rights reserved (CC BY)",2020-05-12,413543,Rhipidura fuliginosa placabilis,https://inaturalist-open-data.s3.amazonaws.com/photos/72554771/large.jpeg,https://inaturalist-open-data.s3.amazonaws.com/photos/72554771/original.jpeg,data/raw/piwakawaka/72554771.jpg,228747,b32ee7957f6328bcdf3348419599e274,2048,1880,2026-09-11T17:18:26+1200,train
piwakawaka,bird,Pīwakawaka,Rhipidura fuliginosa,51629977,82042518,cc-by,"(c) wild_wind, some rights reserved (CC BY)",2020-06-13,413543,Rhipidura fuliginosa placabilis,https://inaturalist-open-data.s3.amazonaws.com/photos/82042518/large.jpeg,https://inaturalist-open-data.s3.amazonaws.com/photos/82042518/original.jpeg,data/raw/piwakawaka/82042518.jpg,204329,397ea44154d0147c6b84e11346b67191,2048,1965,2026-09-11T17:18:26+1200,train
piwakawaka,bird,Pīwakawaka,Rhipidura fuliginosa,56393205,89866682,cc-by,"(c) wild_wind, some rights reserved (CC BY)",2020-08-14,413543,Rhipidura fuliginosa placabilis,https://inaturalist-open-data.s3.amazonaws.com/photos/89866682/large.jpeg,https://inaturalist-open-data.s3.amazonaws.com/photos/89866682/original.jpeg,data/raw/piwakawaka/89866682.jpg,193381,62249774e72cb183eb003d0149663f5e,2048,2048,2026-09-11T17:18:26+1200,train
piwakawaka,bird,Pīwakawaka,Rhipidura fuliginosa,64268951,103297439,cc-by,"(c) Jacqui Geux, some rights reserved (CC BY)",2020-11-06,413543,Rhipidura fuliginosa placabilis,https://inaturalist-open-data.s3.amazonaws.com/photos/103297439/large.jpeg,https://inaturalist-open-data.s3.amazonaws.com/photos/103297439/original.jpeg,data/raw/piwakawaka/103297439.jpg,97526,35ee46d552caa8d9a1a1d050f502addf,1599,1200,2026-09-11T17:18:26+1200,train
piwakawaka,bird,Pīwakawaka,Rhipidura fuliginosa,199161554,351179207,cc-by,"(c) William Harland, some rights reserved (CC BY)",2024-02-10,413533,Rhipidura fuliginosa fuliginosa,https://inaturalist-open-data.s3.amazonaws.com/photos/351179207/large.jpeg,https://inaturalist-open-data.s3.amazonaws.com/photos/351179207/original.jpeg,data/raw/piwakawaka/351179207.jpg,51732,fd02608f5f2dfdb53c9e7520d4a48ee0,2048,1210,2026-09-11T17:18:26+1200,train
piwakawaka,bird,Pīwakawaka,Rhipidura fuliginosa,126140840,213991968,cc-by,"(c) Mike Bowie, some rights reserved (CC BY)",2022-07-13,413533,Rhipidura fuliginosa fuliginosa,https://inaturalist-open-data.s3.amazonaws.com/photos/213991968/large.jpeg,https://inaturalist-open-data.s3.amazonaws.com/photos/213991968/original.jpeg,data/raw/piwakawaka/213991968.jpg,823375,17ee8496ddf3904a68ae1a18d65206c9,1536,2048,2026-09-11T17:18:26+1200,train
piwakawaka,bird,Pīwakawaka,Rhipidura fuliginosa,228785606,406037565,cc-by,"(c) Arnim Littek, some rights reserved (CC BY)",2024-07-11,413543,Rhipidura fuliginosa placabilis,https://inaturalist-open-data.s3.amazonaws.com/photos/406037565/large.jpeg,https://inaturalist-open-data.s3.amazonaws.com/photos/406037565/original.jpeg,data/raw/piwakawaka/406037565.jpg,197099,3800bd00cad6d107d1b0f5ef84fb26e1,2048,1536,2026-09-11T17:18:26+1200,train
piwakawaka,bird,Pīwakawaka,Rhipidura fuliginosa,152959247,264118051,cc0,no rights reserved,2023-03-30,413533,Rhipidura fuliginosa fuliginosa,https://inaturalist-open-data.s3.amazonaws.com/photos/264118051/large.jpeg,https://inaturalist-open-data.s3.amazonaws.com/photos/264118051/original.jpeg,data/raw/piwakawaka/264118051.jpg,720404,86da25f9cc5451c22bb458d0e0b94e34,2048,1536,2026-09-11T17:18:26+1200,train
piwakawaka,bird,Pīwakawaka,Rhipidura fuliginosa,22452269,34777602,cc0,no rights reserved,2019-04-06,413533,Rhipidura fuliginosa fuliginosa,https://inaturalist-open-data.s3.amazonaws.com/photos/34777602/large.jpeg,https://inaturalist-open-data.s3.amazonaws.com/photos/34777602/original.jpeg,data/raw/piwakawaka/34777602.jpg,452927,8e3e5852eb4763a92590d95399d8cdce,2048,1363,2026-09-11T17:18:26+1200,train
piwakawaka,bird,Pīwakawaka,Rhipidura fuliginosa,24166062,37372034,cc-by,"(c) Jon Sullivan, some rights reserved (CC BY)",2019-04-26,413533,Rhipidura fuliginosa fuliginosa,https://inaturalist-open-data.s3.amazonaws.com/photos/37372034/large.jpg,https://inaturalist-open-data.s3.amazonaws.com/photos/37372034/original.jpg,data/raw/piwakawaka/37372034.jpg,230801,0d1f6810cc0437d0833455c219bbe437,992,662,2026-09-11T17:18:26+1200,train
piwakawaka,bird,Pīwakawaka,Rhipidura fuliginosa,23525931,36428474,cc-by,"(c) bythepark, some rights reserved (CC BY)",2019-04-28,413533,Rhipidura fuliginosa fuliginosa,https://inaturalist-open-data.s3.amazonaws.com/photos/36428474/large.jpeg,https://inaturalist-open-data.s3.amazonaws.com/photos/36428474/original.jpeg,data/raw/piwakawaka/36428474.jpg,262706,c15387aa0fdae9333b75e76e29ebd54a,1497,2048,2026-09-11T17:18:26+1200,train
piwakawaka,bird,Pīwakawaka,Rhipidura fuliginosa,283771312,509915583,cc-by,"(c) Jenny Saito, some rights reserved (CC BY)",2025-05-25,413533,Rhipidura fuliginosa fuliginosa,https://inaturalist-open-data.s3.amazonaws.com/photos/509915583/large.jpg,https://inaturalist-open-data.s3.amazonaws.com/photos/509915583/original.jpg,data/raw/piwakawaka/509915583.jpg,639463,fc9ae6f71a43c61d32d532cc0882a41f,1152,2048,2026-09-11T17:18:26+1200,train
piwakawaka,bird,Pīwakawaka,Rhipidura fuliginosa,283774385,509921294,cc-by,"(c) Jenny Saito, some rights reserved (CC BY)",2025-05-25,413533,Rhipidura fuliginosa fuliginosa,https://inaturalist-open-data.s3.amazonaws.com/photos/509921294/large.jpg,https://inaturalist-open-data.s3.amazonaws.com/photos/509921294/original.jpg,data/raw/piwakawaka/509921294.jpg,706720,33dfa531052552e06a01ac1ff65e6437,1152,2048,2026-09-11T17:18:26+1200,train
piwakawaka,bird,Pīwakawaka,Rhipidura fuliginosa,225424801,399669896,cc-by,"(c) Tom Beard, some rights reserved (CC BY)",2024-06-22,413543,Rhipidura fuliginosa placabilis,https://inaturalist-open-data.s3.amazonaws.com/photos/399669896/large.jpg,https://inaturalist-open-data.s3.amazonaws.com/photos/399669896/original.jpg,data/raw/piwakawaka/399669896.jpg,330980,a743c5fec872efca9fb7e16de5eb2bb5,1729,1729,2026-09-11T17:18:26+1200,train
piwakawaka,bird,Pīwakawaka,Rhipidura fuliginosa,293247213,527794751,cc-by,"(c) Michael Berardozzi, some rights reserved (CC BY)",2025-06-28,413543,Rhipidura fuliginosa placabilis,https://inaturalist-open-data.s3.amazonaws.com/photos/527794751/large.jpg,https://inaturalist-open-data.s3.amazonaws.com/photos/527794751/original.jpg,data/raw/piwakawaka/527794751.jpg,194779,0378b53f2496e0fee5d6bc6abdb6bb5c,1144,850,2026-09-11T17:18:26+1200,train
piwakawaka,bird,Pīwakawaka,Rhipidura fuliginosa,325745459,589834730,cc-by,"(c) John Barkla, some rights reserved (CC BY)",2025-11-09,413533,Rhipidura fuliginosa fuliginosa,https://inaturalist-open-data.s3.amazonaws.com/photos/589834730/large.jpg,https://inaturalist-open-data.s3.amazonaws.com/photos/589834730/original.jpg,data/raw/piwakawaka/589834730.jpg,144708,fd6af7263245dd2b3ec79bf63ff4cdc5,2048,1365,2026-09-11T17:18:26+1200,train
piwakawaka,bird,Pīwakawaka,Rhipidura fuliginosa,263256199,472906841,cc-by,"(c) ian_mcallan, some rights reserved (CC BY)",2025-02-16,413543,Rhipidura fuliginosa placabilis,https://inaturalist-open-data.s3.amazonaws.com/photos/472906841/large.jpeg,https://inaturalist-open-data.s3.amazonaws.com/photos/472906841/original.jpeg,data/raw/piwakawaka/472906841.jpg,166038,a2f9e63ad55ae94e837e83e2c7af03a1,2048,1536,2026-09-11T17:18:26+1200,train
piwakawaka,bird,Pīwakawaka,Rhipidura fuliginosa,317485973,573700266,cc-by,"(c) Jon Sullivan, some rights reserved (CC BY)",2025-09-26,413533,Rhipidura fuliginosa fuliginosa,https://inaturalist-open-data.s3.amazonaws.com/photos/573700266/large.jpg,https://inaturalist-open-data.s3.amazonaws.com/photos/573700266/original.jpg,data/raw/piwakawaka/573700266.jpg,564493,d6b547823838b717587bd381b06cb54c,2048,1535,2026-09-11T17:18:26+1200,train
piwakawaka,bird,Pīwakawaka,Rhipidura fuliginosa,76048277,124430030,cc-by,"(c) Sean Clifford, some rights reserved (CC BY)",2021-05-01,413533,Rhipidura fuliginosa fuliginosa,https://inaturalist-open-data.s3.amazonaws.com/photos/124430030/large.jpeg,https://inaturalist-open-data.s3.amazonaws.com/photos/124430030/original.jpeg,data/raw/piwakawaka/124430030.jpg,147694,f68a860ba443e92bb68cd80e4ba98b6f,545,553,2026-09-11T17:18:26+1200,train
piwakawaka,bird,Pīwakawaka,Rhipidura fuliginosa,235044661,417950638,cc-by,"(c) Richard Littauer, some rights reserved (CC BY)",2024-08-04,413543,Rhipidura fuliginosa placabilis,https://inaturalist-open-data.s3.amazonaws.com/photos/417950638/large.jpg,https://inaturalist-open-data.s3.amazonaws.com/photos/417950638/original.jpg,data/raw/piwakawaka/417950638.jpg,609569,eaa02018cf7043326cbfea1b3d061172,2000,1333,2026-09-11T17:18:26+1200,train
piwakawaka,bird,Pīwakawaka,Rhipidura fuliginosa,278278805,499670201,cc-by,"(c) Richard Littauer, some rights reserved (CC BY)",2025-04-25,413543,Rhipidura fuliginosa placabilis,https://inaturalist-open-data.s3.amazonaws.com/photos/499670201/large.jpg,https://inaturalist-open-data.s3.amazonaws.com/photos/499670201/original.jpg,data/raw/piwakawaka/499670201.jpg,910899,825a4010ae76570afa53782b5fa42fe5,2000,1333,2026-09-11T17:18:26+1200,train
piwakawaka,bird,Pīwakawaka,Rhipidura fuliginosa,268163082,481992850,cc-by,"(c) Frank Ashwood, some rights reserved (CC BY)",2025-04-02,413533,Rhipidura fuliginosa fuliginosa,https://inaturalist-open-data.s3.amazonaws.com/photos/481992850/large.jpg,https://inaturalist-open-data.s3.amazonaws.com/photos/481992850/original.jpg,data/raw/piwakawaka/481992850.jpg,317487,75cba5c486e276a81cb9bdc69aed0a00,1135,2018,2026-09-11T17:18:26+1200,train
piwakawaka,bird,Pīwakawaka,Rhipidura fuliginosa,283304058,509047904,cc-by,"(c) prosperosity, some rights reserved (CC BY)",2025-05-23,413543,Rhipidura fuliginosa placabilis,https://inaturalist-open-data.s3.amazonaws.com/photos/509047904/large.jpg,https://inaturalist-open-data.s3.amazonaws.com/photos/509047904/original.jpg,data/raw/piwakawaka/509047904.jpg,784787,18107fffbaffe9e83490bf84fec017a2,1536,2048,2026-09-11T17:18:26+1200,train
piwakawaka,bird,Pīwakawaka,Rhipidura fuliginosa,49973817,79344722,cc-by,"(c) Krystal, some rights reserved (CC BY)",2020-06-17,413543,Rhipidura fuliginosa placabilis,https://inaturalist-open-data.s3.amazonaws.com/photos/79344722/large.jpeg,https://inaturalist-open-data.s3.amazonaws.com/photos/79344722/original.jpeg,data/raw/piwakawaka/79344722.jpg,690672,e847087c8362cdbd09c0a214543c1680,1152,2048,2026-09-11T17:18:26+1200,train
piwakawaka,bird,Pīwakawaka,Rhipidura fuliginosa,351903535,642245090,cc-by,"(c) Joe Potter Butler, some rights reserved (CC BY)",2026-04-18,413533,Rhipidura fuliginosa fuliginosa,https://inaturalist-open-data.s3.amazonaws.com/photos/642245090/large.jpg,https://inaturalist-open-data.s3.amazonaws.com/photos/642245090/original.jpg,data/raw/piwakawaka/642245090.jpg,873665,89da23741ebced980eae3117b78fb259,1536,2048,2026-09-11T17:18:26+1200,train
piwakawaka,bird,Pīwakawaka,Rhipidura fuliginosa,350755648,640024362,cc-by,"(c) Jon Sullivan, some rights reserved (CC BY)",2026-04-18,413533,Rhipidura fuliginosa fuliginosa,https://inaturalist-open-data.s3.amazonaws.com/photos/640024362/large.jpg,https://inaturalist-open-data.s3.amazonaws.com/photos/640024362/original.jpg,data/raw/piwakawaka/640024362.jpg,519544,66a2ff8799bf6dbb87fe2f4258f9a392,2048,1365,2026-09-11T17:18:26+1200,train
piwakawaka,bird,Pīwakawaka,Rhipidura fuliginosa,107096292,180055723,cc0,no rights reserved,2022-02-20,413543,Rhipidura fuliginosa placabilis,https://inaturalist-open-data.s3.amazonaws.com/photos/180055723/large.jpeg,https://inaturalist-open-data.s3.amazonaws.com/photos/180055723/original.jpeg,data/raw/piwakawaka/180055723.jpg,647874,894c5ea60cf53b8f6014829545ec27de,2048,1536,2026-09-11T17:18:26+1200,train
piwakawaka,bird,Pīwakawaka,Rhipidura fuliginosa,107362974,180554004,cc0,no rights reserved,2022-02-24,413543,Rhipidura fuliginosa placabilis,https://inaturalist-open-data.s3.amazonaws.com/photos/180554004/large.jpeg,https://inaturalist-open-data.s3.amazonaws.com/photos/180554004/original.jpeg,data/raw/piwakawaka/180554004.jpg,339390,9ae07941de9c15ae52723291450aa0cb,1536,2048,2026-09-11T17:18:26+1200,train
piwakawaka,bird,Pīwakawaka,Rhipidura fuliginosa,149434585,257499124,cc-by,"(c) Oscar Dove, some rights reserved (CC BY)",2023-02-18,413543,Rhipidura fuliginosa placabilis,https://inaturalist-open-data.s3.amazonaws.com/photos/257499124/large.jpeg,https://inaturalist-open-data.s3.amazonaws.com/photos/257499124/original.jpeg,data/raw/piwakawaka/257499124.jpg,814347,a5f44e3e0e190f42acdcb11febe5d195,1537,2048,2026-09-11T17:18:26+1200,train
piwakawaka,bird,Pīwakawaka,Rhipidura fuliginosa,161552327,279249790,cc-by,"(c) Michael Berardozzi, some rights reserved (CC BY)",2023-05-14,413543,Rhipidura fuliginosa placabilis,https://inaturalist-open-data.s3.amazonaws.com/photos/279249790/large.jpeg,https://inaturalist-open-data.s3.amazonaws.com/photos/279249790/original.jpeg,data/raw/piwakawaka/279249790.jpg,218489,dffff188a0d25d372eebcd82e64073af,2048,1536,2026-09-11T17:18:26+1200,train
piwakawaka,bird,Pīwakawaka,Rhipidura fuliginosa,165430865,286365141,cc0,no rights reserved,2023-05-31,413543,Rhipidura fuliginosa placabilis,https://inaturalist-open-data.s3.amazonaws.com/photos/286365141/large.jpeg,https://inaturalist-open-data.s3.amazonaws.com/photos/286365141/original.jpeg,data/raw/piwakawaka/286365141.jpg,521834,713a3180ff4754ded9205e14963f02ab,2048,1536,2026-09-11T17:18:26+1200,train
piwakawaka,bird,Pīwakawaka,Rhipidura fuliginosa,195876904,344712918,cc-by,"(c) Oscar Dove, some rights reserved (CC BY)",2024-01-05,413543,Rhipidura fuliginosa placabilis,https://inaturalist-open-data.s3.amazonaws.com/photos/344712918/large.jpeg,https://inaturalist-open-data.s3.amazonaws.com/photos/344712918/original.jpeg,data/raw/piwakawaka/344712918.jpg,884153,41a3736a680be73ca3f8b8499a46fa2b,1537,2048,2026-09-11T17:18:26+1200,train
piwakawaka,bird,Pīwakawaka,Rhipidura fuliginosa,2004717,2439396,cc-by,"(c) Jon Sullivan, some rights reserved (CC BY)",2015-09-27,413543,Rhipidura fuliginosa placabilis,https://inaturalist-open-data.s3.amazonaws.com/photos/2439396/large.jpg,https://inaturalist-open-data.s3.amazonaws.com/photos/2439396/original.jpg,data/raw/piwakawaka/2439396.jpg,190910,d2f17a522576575ecc185292c08d4a52,2048,1364,2026-09-11T17:18:26+1200,train
piwakawaka,bird,Pīwakawaka,Rhipidura fuliginosa,16250788,24396072,cc0,no rights reserved,2018-09-06,413543,Rhipidura fuliginosa placabilis,https://inaturalist-open-data.s3.amazonaws.com/photos/24396072/large.jpeg,https://inaturalist-open-data.s3.amazonaws.com/photos/24396072/original.jpeg,data/raw/piwakawaka/24396072.jpg,423315,b4f05e1f0e5e2d8ca422c027988119e3,1536,2048,2026-09-11T17:18:26+1200,train
piwakawaka,bird,Pīwakawaka,Rhipidura fuliginosa,21376034,33064753,cc-by,"(c) Jacqui Geux, some rights reserved (CC BY)",2019-03-16,413543,Rhipidura fuliginosa placabilis,https://inaturalist-open-data.s3.amazonaws.com/photos/33064753/large.jpeg,https://inaturalist-open-data.s3.amazonaws.com/photos/33064753/original.jpeg,data/raw/piwakawaka/33064753.jpg,119985,6650a6ebdb40c392bb408dac60fc3480,1600,1200,2026-09-11T17:18:26+1200,train
piwakawaka,bird,Pīwakawaka,Rhipidura fuliginosa,22003263,34106420,cc0,no rights reserved,2019-04-05,413543,Rhipidura fuliginosa placabilis,https://inaturalist-open-data.s3.amazonaws.com/photos/34106420/large.jpeg,https://inaturalist-open-data.s3.amazonaws.com/photos/34106420/original.jpeg,data/raw/piwakawaka/34106420.jpg,530627,90298754b020697085efb05251139ae9,1363,2048,2026-09-11T17:18:26+1200,train
piwakawaka,bird,Pīwakawaka,Rhipidura fuliginosa,22182536,34345266,cc-by,"(c) Lisa Bennett, some rights reserved (CC BY)",2019-03-14,413543,Rhipidura fuliginosa placabilis,https://inaturalist-open-data.s3.amazonaws.com/photos/34345266/large.jpeg,https://inaturalist-open-data.s3.amazonaws.com/photos/34345266/original.jpeg,data/raw/piwakawaka/34345266.jpg,198595,9b2f430d0bf5438756d9a77ff8c75b8b,2048,1536,2026-09-11T17:18:26+1200,train
piwakawaka,bird,Pīwakawaka,Rhipidura fuliginosa,22186910,34352384,cc-by,"(c) Arnim Littek, some rights reserved (CC BY)",2019-04-07,413543,Rhipidura fuliginosa placabilis,https://inaturalist-open-data.s3.amazonaws.com/photos/34352384/large.jpeg,https://inaturalist-open-data.s3.amazonaws.com/photos/34352384/original.jpeg,data/raw/piwakawaka/34352384.jpg,266500,070aa046155f5034fa438ed45be36b8a,2048,1536,2026-09-11T17:18:26+1200,train
piwakawaka,bird,Pīwakawaka,Rhipidura fuliginosa,24924469,38558080,cc-by,"(c) Jacqui Geux, some rights reserved (CC BY)",2019-05-10,413543,Rhipidura fuliginosa placabilis,https://inaturalist-open-data.s3.amazonaws.com/photos/38558080/large.jpeg,https://inaturalist-open-data.s3.amazonaws.com/photos/38558080/original.jpeg,data/raw/piwakawaka/38558080.jpg,148376,09fe02b6fb1af1f0416b3bb4131b0277,1600,1200,2026-09-11T17:18:26+1200,train
piwakawaka,bird,Pīwakawaka,Rhipidura fuliginosa,25007563,38694105,cc-by,"(c) Arnim Littek, some rights reserved (CC BY)",2019-05-12,413543,Rhipidura fuliginosa placabilis,https://inaturalist-open-data.s3.amazonaws.com/photos/38694105/large.jpeg,https://inaturalist-open-data.s3.amazonaws.com/photos/38694105/original.jpeg,data/raw/piwakawaka/38694105.jpg,343064,991a90e117ff1667d36f2ba86d6763eb,2048,1536,2026-09-11T17:18:26+1200,train
piwakawaka,bird,Pīwakawaka,Rhipidura fuliginosa,29768475,46476206,cc-by,"(c) Jacqui Geux, some rights reserved (CC BY)",2019-07-26,413543,Rhipidura fuliginosa placabilis,https://inaturalist-open-data.s3.amazonaws.com/photos/46476206/large.jpeg,https://inaturalist-open-data.s3.amazonaws.com/photos/46476206/original.jpeg,data/raw/piwakawaka/46476206.jpg,122389,f7697d44c5be0096307dad380f407a19,1600,1200,2026-09-11T17:18:26+1200,train
piwakawaka,bird,Pīwakawaka,Rhipidura fuliginosa,31881362,49944383,cc-by,"(c) Jacqui Geux, some rights reserved (CC BY)",2019-08-30,413543,Rhipidura fuliginosa placabilis,https://inaturalist-open-data.s3.amazonaws.com/photos/49944383/large.jpeg,https://inaturalist-open-data.s3.amazonaws.com/photos/49944383/original.jpeg,data/raw/piwakawaka/49944383.jpg,127638,1bf05406dd7ab1fbf3ad8c974d303da3,1600,1200,2026-09-11T17:18:26+1200,train
piwakawaka,bird,Pīwakawaka,Rhipidura fuliginosa,10802398,15122461,cc0,no rights reserved,2018-04-12,413543,Rhipidura fuliginosa placabilis,https://inaturalist-open-data.s3.amazonaws.com/photos/15122461/large.jpg,https://inaturalist-open-data.s3.amazonaws.com/photos/15122461/original.jpg,data/raw/piwakawaka/15122461.jpg,90700,8b2c5d67cb191ede8f9689cb06ad9bb6,576,1024,2026-09-11T17:18:26+1200,train
piwakawaka,bird,Pīwakawaka,Rhipidura fuliginosa,15162513,22670996,cc-by,"(c) Jacqui Geux, some rights reserved (CC BY)",2018-08-04,413543,Rhipidura fuliginosa placabilis,https://inaturalist-open-data.s3.amazonaws.com/photos/22670996/large.jpeg,https://inaturalist-open-data.s3.amazonaws.com/photos/22670996/original.jpeg,data/raw/piwakawaka/22670996.jpg,225167,f0d02ac965b41bf5310a5945db0bee97,1600,1200,2026-09-11T17:18:26+1200,train
piwakawaka,bird,Pīwakawaka,Rhipidura fuliginosa,5564780,6869999,cc-by,"(c) leafveiled, some rights reserved (CC BY)",2017-03-14,413543,Rhipidura fuliginosa placabilis,https://inaturalist-open-data.s3.amazonaws.com/photos/6869999/large.jpg,https://inaturalist-open-data.s3.amazonaws.com/photos/6869999/original.jpg,data/raw/piwakawaka/6869999.jpg,371097,b01290e90a7c2ac98f364b968666114b,1160,1137,2026-09-11T17:18:26+1200,train
piwakawaka,bird,Pīwakawaka,Rhipidura fuliginosa,6520193,8258690,cc-by,"(c) Jacqui Geux, some rights reserved (CC BY)",2017-06-05,413543,Rhipidura fuliginosa placabilis,https://inaturalist-open-data.s3.amazonaws.com/photos/8258690/large.jpeg,https://inaturalist-open-data.s3.amazonaws.com/photos/8258690/original.jpeg,data/raw/piwakawaka/8258690.jpg,230596,9100e13a5e8973caeb7e9ed198a866de,1600,1200,2026-09-11T17:18:26+1200,train
piwakawaka,bird,Pīwakawaka,Rhipidura fuliginosa,2610752,2918349,cc-by,"(c) Jon Sullivan, some rights reserved (CC BY)",2016-01-11,413533,Rhipidura fuliginosa fuliginosa,https://inaturalist-open-data.s3.amazonaws.com/photos/2918349/large.jpg,https://inaturalist-open-data.s3.amazonaws.com/photos/2918349/original.jpg,data/raw/piwakawaka/2918349.jpg,162197,20bcd970de29eade6095e9697285d3ca,1385,923,2026-09-11T17:18:26+1200,train
piwakawaka,bird,Pīwakawaka,Rhipidura fuliginosa,333993661,606432677,cc-by,"(c) cello caruso-turiello, some rights reserved (CC BY)",2025-12-25,413543,Rhipidura fuliginosa placabilis,https://inaturalist-open-data.s3.amazonaws.com/photos/606432677/large.jpg,https://inaturalist-open-data.s3.amazonaws.com/photos/606432677/original.jpg,data/raw/piwakawaka/606432677.jpg,212643,9f9794c1ddeed3c5cacdb74a44ad18f5,2048,1365,2026-09-11T17:18:26+1200,train
tauhou,bird,Tauhou (silvereye),Zosterops lateralis,241463029,430240040,cc-by,"(c) Saryu Mae 前 朝琉, some rights reserved (CC BY)",2024-02-12,413547,Zosterops lateralis lateralis,https://inaturalist-open-data.s3.amazonaws.com/photos/430240040/large.jpg,https://inaturalist-open-data.s3.amazonaws.com/photos/430240040/original.jpg,data/raw/tauhou/430240040.jpg,179226,a4121f2d99c6174efa883a137a784ded,828,1104,2026-09-11T17:19:28+1200,train
tauhou,bird,Tauhou (silvereye),Zosterops lateralis,33512262,52638815,cc-by,"(c) wild_wind, some rights reserved (CC BY)",2019-09-17,413547,Zosterops lateralis lateralis,https://inaturalist-open-data.s3.amazonaws.com/photos/52638815/large.jpeg,https://inaturalist-open-data.s3.amazonaws.com/photos/52638815/original.jpeg,data/raw/tauhou/52638815.jpg,276863,e96b0c23beb3965687f85db728f240e3,2048,2048,2026-09-11T17:19:28+1200,train
tauhou,bird,Tauhou (silvereye),Zosterops lateralis,294767558,530595816,cc-by,"(c) M Rutherford, some rights reserved (CC BY)",2025-07-03,202505,Zosterops lateralis,https://inaturalist-open-data.s3.amazonaws.com/photos/530595816/large.jpg,https://inaturalist-open-data.s3.amazonaws.com/photos/530595816/original.jpg,data/raw/tauhou/530595816.jpg,225984,28b47234fe8a6e8f0726cbd7b5f572a9,2048,1362,2026-09-11T17:19:28+1200,train
tauhou,bird,Tauhou (silvereye),Zosterops lateralis,252668370,452338135,cc-by,"(c) Elias Freyhof, some rights reserved (CC BY)",2024-11-20,202505,Zosterops lateralis,https://inaturalist-open-data.s3.amazonaws.com/photos/452338135/large.jpeg,https://inaturalist-open-data.s3.amazonaws.com/photos/452338135/original.jpeg,data/raw/tauhou/452338135.jpg,163652,d14f7e6ef0694d5d7342bc78a81df60c,1964,1311,2026-09-11T17:19:28+1200,train
tauhou,bird,Tauhou (silvereye),Zosterops lateralis,260588083,468004039,cc-by,"(c) William Harland, some rights reserved (CC BY)",2025-01-30,413547,Zosterops lateralis lateralis,https://inaturalist-open-data.s3.amazonaws.com/photos/468004039/large.jpeg,https://inaturalist-open-data.s3.amazonaws.com/photos/468004039/original.jpeg,data/raw/tauhou/468004039.jpg,128748,3c505cb1db2d8a3283c183f631533188,2048,1430,2026-09-11T17:19:28+1200,train
tauhou,bird,Tauhou (silvereye),Zosterops lateralis,184058571,321222701,cc-by,"(c) bythepark, some rights reserved (CC BY)",2023-09-20,413547,Zosterops lateralis lateralis,https://inaturalist-open-data.s3.amazonaws.com/photos/321222701/large.jpeg,https://inaturalist-open-data.s3.amazonaws.com/photos/321222701/original.jpeg,data/raw/tauhou/321222701.jpg,458860,20e655a5ece41b5e6db1c306fc3dde39,1365,2048,2026-09-11T17:19:28+1200,train
tauhou,bird,Tauhou (silvereye),Zosterops lateralis,308562364,556694957,cc-by,"(c) Jon Sullivan, some rights reserved (CC BY)",2025-08-11,413547,Zosterops lateralis lateralis,https://inaturalist-open-data.s3.amazonaws.com/photos/556694957/large.gif,https://inaturalist-open-data.s3.amazonaws.com/photos/556694957/original.gif,data/raw/tauhou/556694957.jpg,15150618,3c9ff470f5c35db882fb8bcea4b56268,320,240,2026-09-11T17:19:28+1200,train
tauhou,bird,Tauhou (silvereye),Zosterops lateralis,388974256,712471508,cc-by,"(c) Aalbert Rebergen, some rights reserved (CC BY)",2026-08-07,202505,Zosterops lateralis,https://inaturalist-open-data.s3.amazonaws.com/photos/712471508/large.jpg,https://inaturalist-open-data.s3.amazonaws.com/photos/712471508/original.jpg,data/raw/tauhou/712471508.jpg,120398,8f159f497a7c2a1a0cc3ce289f6fa597,2048,1272,2026-09-11T17:19:28+1200,train
tauhou,bird,Tauhou (silvereye),Zosterops lateralis,234097067,416114326,cc-by,"(c) William Harland, some rights reserved (CC BY)",2024-07-28,413547,Zosterops lateralis lateralis,https://inaturalist-open-data.s3.amazonaws.com/photos/416114326/large.jpeg,https://inaturalist-open-data.s3.amazonaws.com/photos/416114326/original.jpeg,data/raw/tauhou/416114326.jpg,53308,b21bf87b0049966698fd9d73d857b918,2048,1097,2026-09-11T17:19:28+1200,train
tauhou,bird,Tauhou (silvereye),Zosterops lateralis,20437860,31554537,cc-by,"(c) Jacqui Geux, some rights reserved (CC BY)",2019-02-15,413547,Zosterops lateralis lateralis,https://inaturalist-open-data.s3.amazonaws.com/photos/31554537/large.jpeg,https://inaturalist-open-data.s3.amazonaws.com/photos/31554537/original.jpeg,data/raw/tauhou/31554537.jpg,194255,3a6b65a379fdcfc11338164b12ab0873,1600,1200,2026-09-11T17:19:28+1200,train
tauhou,bird,Tauhou (silvereye),Zosterops lateralis,325596107,589537361,cc-by,"(c) Tom, some rights reserved (CC BY)",2025-06-16,202505,Zosterops lateralis,https://inaturalist-open-data.s3.amazonaws.com/photos/589537361/large.jpg,https://inaturalist-open-data.s3.amazonaws.com/photos/589537361/original.jpg,data/raw/tauhou/589537361.jpg,294036,80f573f025fcc209b6bb9ffc04a2ca12,2000,1472,2026-09-11T17:19:28+1200,train
tauhou,bird,Tauhou (silvereye),Zosterops lateralis,311393948,562124832,cc0,no rights reserved,2025-09-04,413547,Zosterops lateralis lateralis,https://inaturalist-open-data.s3.amazonaws.com/photos/562124832/large.jpg,https://inaturalist-open-data.s3.amazonaws.com/photos/562124832/original.jpg,data/raw/tauhou/562124832.jpg,875358,10be345eb19f5ca22fc5d000df6d317d,2048,2048,2026-09-11T17:19:28+1200,train
tauhou,bird,Tauhou (silvereye),Zosterops lateralis,76846635,125685652,cc-by,"(c) Jenny Saito, some rights reserved (CC BY)",2021-05-03,413547,Zosterops lateralis lateralis,https://inaturalist-open-data.s3.amazonaws.com/photos/125685652/large.jpeg,https://inaturalist-open-data.s3.amazonaws.com/photos/125685652/original.jpeg,data/raw/tauhou/125685652.jpg,804043,b53ad6301c270f4557d498036f71a1e7,1536,2048,2026-09-11T17:19:28+1200,train
tauhou,bird,Tauhou (silvereye),Zosterops lateralis,90505698,149594223,cc-by,"(c) Jacqui Geux, some rights reserved (CC BY)",2021-08-02,413547,Zosterops lateralis lateralis,https://inaturalist-open-data.s3.amazonaws.com/photos/149594223/large.jpeg,https://inaturalist-open-data.s3.amazonaws.com/photos/149594223/original.jpeg,data/raw/tauhou/149594223.jpg,167243,1ce2e8be84527891806d9674f7ee1f01,1599,1200,2026-09-11T17:19:28+1200,train
tauhou,bird,Tauhou (silvereye),Zosterops lateralis,71589940,116579456,cc-by,"(c) Nathan Odgers, some rights reserved (CC BY)",2021-03-20,413547,Zosterops lateralis lateralis,https://inaturalist-open-data.s3.amazonaws.com/photos/116579456/large.jpg,https://inaturalist-open-data.s3.amazonaws.com/photos/116579456/original.jpg,data/raw/tauhou/116579456.jpg,313941,ff43da7243163369f9c8fa330f2914e9,1536,2048,2026-09-11T17:19:28+1200,train
tauhou,bird,Tauhou (silvereye),Zosterops lateralis,13244997,19378401,cc-by,"(c) Jacqui Geux, some rights reserved (CC BY)",2018-06-08,413547,Zosterops lateralis lateralis,https://inaturalist-open-data.s3.amazonaws.com/photos/19378401/large.jpeg,https://inaturalist-open-data.s3.amazonaws.com/photos/19378401/original.jpeg,data/raw/tauhou/19378401.jpg,305499,7f76507147912a86238bf7c653e1fca1,1600,1200,2026-09-11T17:19:28+1200,train
tauhou,bird,Tauhou (silvereye),Zosterops lateralis,227666112,403909297,cc-by,"(c) Jon Sullivan, some rights reserved (CC BY)",2024-07-07,413547,Zosterops lateralis lateralis,https://inaturalist-open-data.s3.amazonaws.com/photos/403909297/large.jpg,https://inaturalist-open-data.s3.amazonaws.com/photos/403909297/original.jpg,data/raw/tauhou/403909297.jpg,272225,8ce5f5a43bae9be5785f76667e52386e,2048,1367,2026-09-11T17:19:28+1200,train
tauhou,bird,Tauhou (silvereye),Zosterops lateralis,968978,1221874,cc-by,"(c) Tim Park, some rights reserved (CC BY)",2013-08-07,413547,Zosterops lateralis lateralis,https://inaturalist-open-data.s3.amazonaws.com/photos/1221874/large.,https://inaturalist-open-data.s3.amazonaws.com/photos/1221874/original.,data/raw/tauhou/1221874.jpg,300875,68546b9f5ddfd96682b2c76d65dc881e,480,360,2026-09-11T17:19:28+1200,train
tauhou,bird,Tauhou (silvereye),Zosterops lateralis,5749773,7136195,cc0,no rights reserved,2016-10-30,413547,Zosterops lateralis lateralis,https://inaturalist-open-data.s3.amazonaws.com/photos/7136195/large.jpg,https://inaturalist-open-data.s3.amazonaws.com/photos/7136195/original.jpg,data/raw/tauhou/7136195.jpg,313887,4b5a527cef2d0deca2bab6e3ab2ff29a,960,720,2026-09-11T17:19:28+1200,train
tauhou,bird,Tauhou (silvereye),Zosterops lateralis,112937397,190806377,cc-by,"(c) Oscar Dove, some rights reserved (CC BY)",2022-04-14,413547,Zosterops lateralis lateralis,https://inaturalist-open-data.s3.amazonaws.com/photos/190806377/large.jpeg,https://inaturalist-open-data.s3.amazonaws.com/photos/190806377/original.jpeg,data/raw/tauhou/190806377.jpg,862850,c511ec3d83d0eca426e1bfe41753609e,1537,2048,2026-09-11T17:19:28+1200,train
tauhou,bird,Tauhou (silvereye),Zosterops lateralis,216691261,383255087,cc0,no rights reserved,2024-05-19,413547,Zosterops lateralis lateralis,https://inaturalist-open-data.s3.amazonaws.com/photos/383255087/large.jpeg,https://inaturalist-open-data.s3.amazonaws.com/photos/383255087/original.jpeg,data/raw/tauhou/383255087.jpg,617009,0fb4fee910f60d27299d3c128912dbe8,2048,1370,2026-09-11T17:19:28+1200,train
tauhou,bird,Tauhou (silvereye),Zosterops lateralis,208798060,369455027,cc-by,"(c) Huey, some rights reserved (CC BY)",2024-04-08,413547,Zosterops lateralis lateralis,https://inaturalist-open-data.s3.amazonaws.com/photos/369455027/large.jpeg,https://inaturalist-open-data.s3.amazonaws.com/photos/369455027/original.jpeg,data/raw/tauhou/369455027.jpg,731227,576fb02ecfae1b226cd0f7323c8a35d8,2048,2048,2026-09-11T17:19:28+1200,train
tauhou,bird,Tauhou (silvereye),Zosterops lateralis,25178911,38974859,cc0,no rights reserved,2019-05-15,413547,Zosterops lateralis lateralis,https://inaturalist-open-data.s3.amazonaws.com/photos/38974859/large.jpg,https://inaturalist-open-data.s3.amazonaws.com/photos/38974859/original.jpg,data/raw/tauhou/38974859.jpg,222931,6f455220943b78e47f77cb2660a2e756,1440,1080,2026-09-11T17:19:28+1200,train
tauhou,bird,Tauhou (silvereye),Zosterops lateralis,380504937,696134397,cc0,no rights reserved,2026-07-12,413547,Zosterops lateralis lateralis,https://inaturalist-open-data.s3.amazonaws.com/photos/696134397/large.jpg,https://inaturalist-open-data.s3.amazonaws.com/photos/696134397/original.jpg,data/raw/tauhou/696134397.jpg,526876,c4b7415581f98f77e0b5abc7d0c524d7,2047,2048,2026-09-11T17:19:28+1200,train
tauhou,bird,Tauhou (silvereye),Zosterops lateralis,289710529,521096746,cc-by,"(c) Michael Berardozzi, some rights reserved (CC BY)",2025-06-15,413547,Zosterops lateralis lateralis,https://inaturalist-open-data.s3.amazonaws.com/photos/521096746/large.jpg,https://inaturalist-open-data.s3.amazonaws.com/photos/521096746/original.jpg,data/raw/tauhou/521096746.jpg,146295,89d8d70b941b88397c00d0afba890a92,1335,1249,2026-09-11T17:19:28+1200,train
tauhou,bird,Tauhou (silvereye),Zosterops lateralis,288569464,518961799,cc-by,"(c) Frank Ashwood, some rights reserved (CC BY)",2025-06-11,413547,Zosterops lateralis lateralis,https://inaturalist-open-data.s3.amazonaws.com/photos/518961799/large.jpg,https://inaturalist-open-data.s3.amazonaws.com/photos/518961799/original.jpg,data/raw/tauhou/518961799.jpg,867786,ff0403bcbd5d076d0324d123d910d07c,1152,2048,2026-09-11T17:19:28+1200,train
tauhou,bird,Tauhou (silvereye),Zosterops lateralis,305964336,551716706,cc-by,"(c) William Harland, some rights reserved (CC BY)",2025-08-12,413547,Zosterops lateralis lateralis,https://inaturalist-open-data.s3.amazonaws.com/photos/551716706/large.jpg,https://inaturalist-open-data.s3.amazonaws.com/photos/551716706/original.jpg,data/raw/tauhou/551716706.jpg,134405,bd47b7b0f1c4d216ccd26144ef960fe7,2048,1358,2026-09-11T17:19:28+1200,train
tauhou,bird,Tauhou (silvereye),Zosterops lateralis,11083501,15648420,cc-by,"(c) Jon Sullivan, some rights reserved (CC BY)",2018-04-18,413547,Zosterops lateralis lateralis,https://inaturalist-open-data.s3.amazonaws.com/photos/15648420/large.jpg,https://inaturalist-open-data.s3.amazonaws.com/photos/15648420/original.jpg,data/raw/tauhou/15648420.jpg,357292,89c406548c0f1ca5418ff103cd29bef3,1129,754,2026-09-11T17:19:28+1200,train
tauhou,bird,Tauhou (silvereye),Zosterops lateralis,82270083,135013839,cc-by,"(c) Mike Bowie, some rights reserved (CC BY)",2021-06-01,413547,Zosterops lateralis lateralis,https://inaturalist-open-data.s3.amazonaws.com/photos/135013839/large.jpeg,https://inaturalist-open-data.s3.amazonaws.com/photos/135013839/original.jpeg,data/raw/tauhou/135013839.jpg,170466,79a3aea84c102b43f84008be25293c70,2048,1356,2026-09-11T17:19:28+1200,train
tauhou,bird,Tauhou (silvereye),Zosterops lateralis,129495221,220071474,cc-by,"(c) Joss Simpson, some rights reserved (CC BY)",2022-07-10,413547,Zosterops lateralis lateralis,https://inaturalist-open-data.s3.amazonaws.com/photos/220071474/large.jpeg,https://inaturalist-open-data.s3.amazonaws.com/photos/220071474/original.jpeg,data/raw/tauhou/220071474.jpg,508234,7689f4b72abdfb70d424bbe2fb05f144,1394,2048,2026-09-11T17:19:28+1200,train
tauhou,bird,Tauhou (silvereye),Zosterops lateralis,147596139,254003336,cc-by,"(c) William Harland, some rights reserved (CC BY)",2023-01-27,413547,Zosterops lateralis lateralis,https://inaturalist-open-data.s3.amazonaws.com/photos/254003336/large.jpeg,https://inaturalist-open-data.s3.amazonaws.com/photos/254003336/original.jpeg,data/raw/tauhou/254003336.jpg,151712,83c9212392b58e264391207ebbb32332,2048,1746,2026-09-11T17:19:28+1200,train
tauhou,bird,Tauhou (silvereye),Zosterops lateralis,237980210,423610082,cc-by,"(c) William Harland, some rights reserved (CC BY)",2024-08-20,413547,Zosterops lateralis lateralis,https://inaturalist-open-data.s3.amazonaws.com/photos/423610082/large.jpeg,https://inaturalist-open-data.s3.amazonaws.com/photos/423610082/original.jpeg,data/raw/tauhou/423610082.jpg,122956,314c98200f2c78551164f6696cbaf22c,2048,1797,2026-09-11T17:19:28+1200,train
tauhou,bird,Tauhou (silvereye),Zosterops lateralis,972426,1226607,cc-by,"(c) Jon Sullivan, some rights reserved (CC BY)",2013-09-26,413547,Zosterops lateralis lateralis,https://inaturalist-open-data.s3.amazonaws.com/photos/1226607/large.,https://inaturalist-open-data.s3.amazonaws.com/photos/1226607/original.,data/raw/tauhou/1226607.jpg,834723,11bf6307f4e99c3da4f44cbe2ccfc7ee,720,960,2026-09-11T17:19:28+1200,train
tauhou,bird,Tauhou (silvereye),Zosterops lateralis,314796847,568605223,cc-by,"(c) Alison Copeland, some rights reserved (CC BY)",2025-09-13,202505,Zosterops lateralis,https://inaturalist-open-data.s3.amazonaws.com/photos/568605223/large.jpg,https://inaturalist-open-data.s3.amazonaws.com/photos/568605223/original.jpg,data/raw/tauhou/568605223.jpg,175817,e8dabb0bac7da223cda115474f4ed772,2048,1491,2026-09-11T17:19:28+1200,train
tauhou,bird,Tauhou (silvereye),Zosterops lateralis,7901134,10422379,cc-by,"(c) Jacqui Geux, some rights reserved (CC BY)",2017-09-13,413547,Zosterops lateralis lateralis,https://inaturalist-open-data.s3.amazonaws.com/photos/10422379/large.jpeg,https://inaturalist-open-data.s3.amazonaws.com/photos/10422379/original.jpeg,data/raw/tauhou/10422379.jpg,97233,fb99783247471d76cacbca38731786b2,1600,1200,2026-09-11T17:19:28+1200,train
tauhou,bird,Tauhou (silvereye),Zosterops lateralis,296930589,534711795,cc-by,"(c) William Harland, some rights reserved (CC BY)",2025-07-10,413547,Zosterops lateralis lateralis,https://inaturalist-open-data.s3.amazonaws.com/photos/534711795/large.jpg,https://inaturalist-open-data.s3.amazonaws.com/photos/534711795/original.jpg,data/raw/tauhou/534711795.jpg,128301,59abd830e6ca5c107171ef6ea49e19d5,2048,1187,2026-09-11T17:19:28+1200,train
tauhou,bird,Tauhou (silvereye),Zosterops lateralis,86655575,142791392,cc-by,"(c) Nathan Odgers, some rights reserved (CC BY)",2021-07-12,413547,Zosterops lateralis lateralis,https://inaturalist-open-data.s3.amazonaws.com/photos/142791392/large.jpg,https://inaturalist-open-data.s3.amazonaws.com/photos/142791392/original.jpg,data/raw/tauhou/142791392.jpg,369624,2f7a78f270c665fda778ac46f4f0f347,1536,2048,2026-09-11T17:19:28+1200,train
tauhou,bird,Tauhou (silvereye),Zosterops lateralis,148005236,254788672,cc0,no rights reserved,2023-02-04,202505,Zosterops lateralis,https://inaturalist-open-data.s3.amazonaws.com/photos/254788672/large.jpeg,https://inaturalist-open-data.s3.amazonaws.com/photos/254788672/original.jpeg,data/raw/tauhou/254788672.jpg,765729,2d41c59ddc1d5ccd3a1c2a24ae98f5e8,1536,2048,2026-09-11T17:19:28+1200,train
tauhou,bird,Tauhou (silvereye),Zosterops lateralis,212544125,375604050,cc-by,"(c) Huey, some rights reserved (CC BY)",2024-04-18,413547,Zosterops lateralis lateralis,https://inaturalist-open-data.s3.amazonaws.com/photos/375604050/large.jpeg,https://inaturalist-open-data.s3.amazonaws.com/photos/375604050/original.jpeg,data/raw/tauhou/375604050.jpg,833711,cc8625cebc3f2d07d6d006c5590fbfd5,1743,1743,2026-09-11T17:19:28+1200,train
tauhou,bird,Tauhou (silvereye),Zosterops lateralis,15345731,22987425,cc-by,"(c) Andy McKay, some rights reserved (CC BY)",2018-08-12,202505,Zosterops lateralis,https://inaturalist-open-data.s3.amazonaws.com/photos/22987425/large.jpeg,https://inaturalist-open-data.s3.amazonaws.com/photos/22987425/original.jpeg,data/raw/tauhou/22987425.jpg,475430,7c453b3e65fee7f94026df2e3b267cac,2048,1365,2026-09-11T17:19:28+1200,train
tauhou,bird,Tauhou (silvereye),Zosterops lateralis,159121576,274912181,cc-by,"(c) Jon Sullivan, some rights reserved (CC BY)",2023-04-29,413547,Zosterops lateralis lateralis,https://inaturalist-open-data.s3.amazonaws.com/photos/274912181/large.jpg,https://inaturalist-open-data.s3.amazonaws.com/photos/274912181/original.jpg,data/raw/tauhou/274912181.jpg,162317,ad0caa3ff47c0c42f31d37b35dc45076,2048,1366,2026-09-11T17:19:28+1200,train
tauhou,bird,Tauhou (silvereye),Zosterops lateralis,1449312,1795839,cc-by,"(c) Jon Sullivan, some rights reserved (CC BY)",2015-03-08,202505,Zosterops lateralis,https://inaturalist-open-data.s3.amazonaws.com/photos/1795839/large.jpg,https://inaturalist-open-data.s3.amazonaws.com/photos/1795839/original.jpg,data/raw/tauhou/1795839.jpg,192184,d0717bddad63806bb1cf41dd0022d24f,2048,1536,2026-09-11T17:19:28+1200,train
tauhou,bird,Tauhou (silvereye),Zosterops lateralis,245444795,437984061,cc0,no rights reserved,2018-01-26,202505,Zosterops lateralis,https://inaturalist-open-data.s3.amazonaws.com/photos/437984061/large.jpeg,https://inaturalist-open-data.s3.amazonaws.com/photos/437984061/original.jpeg,data/raw/tauhou/437984061.jpg,578140,956c4a88ee4c194195dae05a6b836757,2048,1536,2026-09-11T17:19:28+1200,train
tauhou,bird,Tauhou (silvereye),Zosterops lateralis,242622990,432547828,cc-by,"(c) BIHNZ, some rights reserved (CC BY)",2024-09-19,202505,Zosterops lateralis,https://inaturalist-open-data.s3.amazonaws.com/photos/432547828/large.jpeg,https://inaturalist-open-data.s3.amazonaws.com/photos/432547828/original.jpeg,data/raw/tauhou/432547828.jpg,217081,ca9c8f756fe2b10074750fc564a65737,1221,814,2026-09-11T17:19:28+1200,train
tauhou,bird,Tauhou (silvereye),Zosterops lateralis,333996897,606438971,cc-by,"(c) cello caruso-turiello, some rights reserved (CC BY)",2025-12-26,202505,Zosterops lateralis,https://inaturalist-open-data.s3.amazonaws.com/photos/606438971/large.jpg,https://inaturalist-open-data.s3.amazonaws.com/photos/606438971/original.jpg,data/raw/tauhou/606438971.jpg,290246,24bc79fc6f3948004bab296cf66ff6e5,2048,1366,2026-09-11T17:19:28+1200,train
tauhou,bird,Tauhou (silvereye),Zosterops lateralis,256360166,459622069,cc-by,"(c) Jenny Saito, some rights reserved (CC BY)",2024-12-27,202505,Zosterops lateralis,https://inaturalist-open-data.s3.amazonaws.com/photos/459622069/large.jpeg,https://inaturalist-open-data.s3.amazonaws.com/photos/459622069/original.jpeg,data/raw/tauhou/459622069.jpg,654360,44bd4d67ef8e2c3bfb301f5850154529,2048,1536,2026-09-11T17:19:28+1200,train
tauhou,bird,Tauhou (silvereye),Zosterops lateralis,262636035,471663826,cc-by,"(c) Michael Berardozzi, some rights reserved (CC BY)",2025-02-22,202505,Zosterops lateralis,https://inaturalist-open-data.s3.amazonaws.com/photos/471663826/large.jpeg,https://inaturalist-open-data.s3.amazonaws.com/photos/471663826/original.jpeg,data/raw/tauhou/471663826.jpg,232356,9e1df5a517dd4ba66dfbd3fb8be4c0f7,1250,895,2026-09-11T17:19:28+1200,train
tauhou,bird,Tauhou (silvereye),Zosterops lateralis,277681705,498551136,cc-by,"(c) sam-rajnikant, some rights reserved (CC BY)",2025-04-28,202505,Zosterops lateralis,https://inaturalist-open-data.s3.amazonaws.com/photos/498551136/large.jpg,https://inaturalist-open-data.s3.amazonaws.com/photos/498551136/original.jpg,data/raw/tauhou/498551136.jpg,249866,657b2e90d8ba8b586ebdd5c4d7de7d9a,1397,931,2026-09-11T17:19:28+1200,train
tauhou,bird,Tauhou (silvereye),Zosterops lateralis,330658313,599414821,cc-by,"(c) Mike Bowie, some rights reserved (CC BY)",2025-12-12,202505,Zosterops lateralis,https://inaturalist-open-data.s3.amazonaws.com/photos/599414821/large.jpg,https://inaturalist-open-data.s3.amazonaws.com/photos/599414821/original.jpg,data/raw/tauhou/599414821.jpg,145478,9e8ac0c3de54784f51be87f80e6770f9,2048,1536,2026-09-11T17:19:28+1200,train
tauhou,bird,Tauhou (silvereye),Zosterops lateralis,387835924,710235170,cc0,no rights reserved,2026-08-03,413547,Zosterops lateralis lateralis,https://inaturalist-open-data.s3.amazonaws.com/photos/710235170/large.jpg,https://inaturalist-open-data.s3.amazonaws.com/photos/710235170/original.jpg,data/raw/tauhou/710235170.jpg,506597,2fd7a8e4ca069b0b3de1a0fac3651802,949,1265,2026-09-11T17:19:28+1200,train
tauhou,bird,Tauhou (silvereye),Zosterops lateralis,329509232,597306934,cc0,no rights reserved,2025-11-22,202505,Zosterops lateralis,https://inaturalist-open-data.s3.amazonaws.com/photos/597306934/large.jpg,https://inaturalist-open-data.s3.amazonaws.com/photos/597306934/original.jpg,data/raw/tauhou/597306934.jpg,961356,5094b5e04201328604dc9ce170f73e4e,2048,1536,2026-09-11T17:19:28+1200,train
tauhou,bird,Tauhou (silvereye),Zosterops lateralis,382185126,699387897,cc-by,"(c) Mike Bowie, some rights reserved (CC BY)",2026-07-12,202505,Zosterops lateralis,https://inaturalist-open-data.s3.amazonaws.com/photos/699387897/large.jpg,https://inaturalist-open-data.s3.amazonaws.com/photos/699387897/original.jpg,data/raw/tauhou/699387897.jpg,199573,bfdec0ebd6f50f922159c4f1d16c7260,1536,2048,2026-09-11T17:19:28+1200,train
tauhou,bird,Tauhou (silvereye),Zosterops lateralis,107017766,179907217,cc-by,"(c) Svend Hansen, some rights reserved (CC BY)",2022-02-19,413547,Zosterops lateralis lateralis,https://inaturalist-open-data.s3.amazonaws.com/photos/179907217/large.jpeg,https://inaturalist-open-data.s3.amazonaws.com/photos/179907217/original.jpeg,data/raw/tauhou/179907217.jpg,562578,5b9d01a6bc1a62fa588420092b995a66,1152,2048,2026-09-11T17:19:28+1200,train
tauhou,bird,Tauhou (silvereye),Zosterops lateralis,202919458,358446335,cc-by,"(c) Svend Hansen, some rights reserved (CC BY)",2024-03-18,413547,Zosterops lateralis lateralis,https://inaturalist-open-data.s3.amazonaws.com/photos/358446335/large.jpeg,https://inaturalist-open-data.s3.amazonaws.com/photos/358446335/original.jpeg,data/raw/tauhou/358446335.jpg,552909,eb8e02d23494a1fa0a8efcbadc23b57a,1152,2048,2026-09-11T17:19:28+1200,train
tauhou,bird,Tauhou (silvereye),Zosterops lateralis,1119720,1407484,cc-by,"(c) Jon Sullivan, some rights reserved (CC BY)",2014-12-07,413547,Zosterops lateralis lateralis,https://inaturalist-open-data.s3.amazonaws.com/photos/1407484/large.jpg,https://inaturalist-open-data.s3.amazonaws.com/photos/1407484/original.jpg,data/raw/tauhou/1407484.jpg,92268,af142aaa5cd73566741eec3a8de11d98,2048,1356,2026-09-11T17:19:28+1200,train
tauhou,bird,Tauhou (silvereye),Zosterops lateralis,144630216,248263514,cc-by,"(c) Mike Bowie, some rights reserved (CC BY)",2022-12-14,202505,Zosterops lateralis,https://inaturalist-open-data.s3.amazonaws.com/photos/248263514/large.jpeg,https://inaturalist-open-data.s3.amazonaws.com/photos/248263514/original.jpeg,data/raw/tauhou/248263514.jpg,227480,081c43ae83e5c74c77062697d2179826,2048,1536,2026-09-11T17:19:28+1200,train
tauhou,bird,Tauhou (silvereye),Zosterops lateralis,210499515,372312344,cc-by,"(c) jsimons, some rights reserved (CC BY)",2024-04-28,202505,Zosterops lateralis,https://inaturalist-open-data.s3.amazonaws.com/photos/372312344/large.jpg,https://inaturalist-open-data.s3.amazonaws.com/photos/372312344/original.jpg,data/raw/tauhou/372312344.jpg,240396,f4a8fd52473a2bb7fe1ed24937f88fec,1246,1732,2026-09-11T17:19:28+1200,train
tauhou,bird,Tauhou (silvereye),Zosterops lateralis,355039136,647621358,cc-by,"(c) rempson, some rights reserved (CC BY)",2026-04-24,202505,Zosterops lateralis,https://inaturalist-open-data.s3.amazonaws.com/photos/647621358/large.jpg,https://inaturalist-open-data.s3.amazonaws.com/photos/647621358/original.jpg,data/raw/tauhou/647621358.jpg,363789,5ddb8109885155f44c9f5b5c6a0a6834,2048,1536,2026-09-11T17:19:28+1200,train
tauhou,bird,Tauhou (silvereye),Zosterops lateralis,361104787,658991336,cc-by,"(c) Thomas Wilson, some rights reserved (CC BY)",2026-05-13,202505,Zosterops lateralis,https://inaturalist-open-data.s3.amazonaws.com/photos/658991336/large.jpg,https://inaturalist-open-data.s3.amazonaws.com/photos/658991336/original.jpg,data/raw/tauhou/658991336.jpg,424624,32dfaba2c1428808fdb9682720164ec5,2048,1365,2026-09-11T17:19:28+1200,train
tauhou,bird,Tauhou (silvereye),Zosterops lateralis,305958456,551707272,cc-by,"(c) William Harland, some rights reserved (CC BY)",2025-08-03,413547,Zosterops lateralis lateralis,https://inaturalist-open-data.s3.amazonaws.com/photos/551707272/large.jpg,https://inaturalist-open-data.s3.amazonaws.com/photos/551707272/original.jpg,data/raw/tauhou/551707272.jpg,47565,bbc7746b8b4b4c8226a6d7607dd317db,2048,1139,2026-09-11T17:19:28+1200,train
tauhou,bird,Tauhou (silvereye),Zosterops lateralis,289773535,521219889,cc-by,"(c) William Harland, some rights reserved (CC BY)",2025-06-08,413547,Zosterops lateralis lateralis,https://inaturalist-open-data.s3.amazonaws.com/photos/521219889/large.jpg,https://inaturalist-open-data.s3.amazonaws.com/photos/521219889/original.jpg,data/raw/tauhou/521219889.jpg,185358,dd8800ff5f3ce82fc212118ee93d3798,2048,1268,2026-09-11T17:19:28+1200,train
tauhou,bird,Tauhou (silvereye),Zosterops lateralis,386538966,707737688,cc-by,"(c) Thomas Wilson, some rights reserved (CC BY)",2026-07-27,202505,Zosterops lateralis,https://inaturalist-open-data.s3.amazonaws.com/photos/707737688/large.jpg,https://inaturalist-open-data.s3.amazonaws.com/photos/707737688/original.jpg,data/raw/tauhou/707737688.jpg,383777,c1a5a392ea68e5909bc59ef20ab8929a,2048,1365,2026-09-11T17:19:28+1200,train
tauhou,bird,Tauhou (silvereye),Zosterops lateralis,3179144,3677196,cc-by,"(c) Jacqui Geux, some rights reserved (CC BY)",2016-05-15,413547,Zosterops lateralis lateralis,https://inaturalist-open-data.s3.amazonaws.com/photos/3677196/large.JPG,https://inaturalist-open-data.s3.amazonaws.com/photos/3677196/original.JPG,data/raw/tauhou/3677196.jpg,164769,f595cf078439d83d27c6d7d2eb17463c,1600,1200,2026-09-11T17:19:28+1200,train
tauhou,bird,Tauhou (silvereye),Zosterops lateralis,256563118,460036110,cc-by,"(c) William Harland, some rights reserved (CC BY)",2024-12-16,413547,Zosterops lateralis lateralis,https://inaturalist-open-data.s3.amazonaws.com/photos/460036110/large.jpeg,https://inaturalist-open-data.s3.amazonaws.com/photos/460036110/original.jpeg,data/raw/tauhou/460036110.jpg,29938,af9f277bd58d3035dd598a18f8b68260,2048,1135,2026-09-11T17:19:28+1200,train
tauhou,bird,Tauhou (silvereye),Zosterops lateralis,256960239,460844750,cc-by,"(c) William Harland, some rights reserved (CC BY)",2024-12-31,413547,Zosterops lateralis lateralis,https://inaturalist-open-data.s3.amazonaws.com/photos/460844750/large.jpeg,https://inaturalist-open-data.s3.amazonaws.com/photos/460844750/original.jpeg,data/raw/tauhou/460844750.jpg,107174,acc78c1917319eef4f21d98b3c6a121c,2048,1329,2026-09-11T17:19:28+1200,train
tauhou,bird,Tauhou (silvereye),Zosterops lateralis,16303665,24489453,cc-by,"(c) wild_wind, some rights reserved (CC BY)",2018-07-05,413547,Zosterops lateralis lateralis,https://inaturalist-open-data.s3.amazonaws.com/photos/24489453/large.jpg,https://inaturalist-open-data.s3.amazonaws.com/photos/24489453/original.jpg,data/raw/tauhou/24489453.jpg,318680,d65ae209f8af494be5d2cb9da8b40188,1674,1675,2026-09-11T17:19:28+1200,train
tauhou,bird,Tauhou (silvereye),Zosterops lateralis,2530969,2832155,cc-by,"(c) Joe Potter Butler, some rights reserved (CC BY)",2015-12-24,413547,Zosterops lateralis lateralis,https://inaturalist-open-data.s3.amazonaws.com/photos/2832155/large.JPG,https://inaturalist-open-data.s3.amazonaws.com/photos/2832155/original.JPG,data/raw/tauhou/2832155.jpg,201366,15e963f8eff3f5573675614423a26164,2048,1365,2026-09-11T17:19:28+1200,train
tauhou,bird,Tauhou (silvereye),Zosterops lateralis,5021474,6144601,cc-by,"(c) Jacqui Geux, some rights reserved (CC BY)",2017-01-29,413547,Zosterops lateralis lateralis,https://inaturalist-open-data.s3.amazonaws.com/photos/6144601/large.jpeg,https://inaturalist-open-data.s3.amazonaws.com/photos/6144601/original.jpeg,data/raw/tauhou/6144601.jpg,275320,83675748074f1289249f9e3fdf8ee9c1,1600,1200,2026-09-11T17:19:28+1200,train
tauhou,bird,Tauhou (silvereye),Zosterops lateralis,149018066,256720176,cc0,no rights reserved,2023-02-18,202505,Zosterops lateralis,https://inaturalist-open-data.s3.amazonaws.com/photos/256720176/large.jpg,https://inaturalist-open-data.s3.amazonaws.com/photos/256720176/original.jpg,data/raw/tauhou/256720176.jpg,452806,df853a4b25a5796d0fa8e80a89c6c149,1536,2048,2026-09-11T17:19:28+1200,train
tauhou,bird,Tauhou (silvereye),Zosterops lateralis,335350363,609189876,cc-by,"(c) spacegecko, some rights reserved (CC BY)",2025-12-22,202505,Zosterops lateralis,https://inaturalist-open-data.s3.amazonaws.com/photos/609189876/large.jpg,https://inaturalist-open-data.s3.amazonaws.com/photos/609189876/original.jpg,data/raw/tauhou/609189876.jpg,572765,7dfab6d1f07da243bdd47c795792e716,2048,1539,2026-09-11T17:19:28+1200,train
tauhou,bird,Tauhou (silvereye),Zosterops lateralis,333388440,605271230,cc-by,"(c) Squid Wizard, some rights reserved (CC BY)",2026-01-04,202505,Zosterops lateralis,https://inaturalist-open-data.s3.amazonaws.com/photos/605271230/large.jpg,https://inaturalist-open-data.s3.amazonaws.com/photos/605271230/original.jpg,data/raw/tauhou/605271230.jpg,799500,3b3968768e85edb21775288bb676cd84,1536,2048,2026-09-11T17:19:28+1200,train
tauhou,bird,Tauhou (silvereye),Zosterops lateralis,336908363,612336103,cc-by,"(c) Michael Berardozzi, some rights reserved (CC BY)",2026-02-01,202505,Zosterops lateralis,https://inaturalist-open-data.s3.amazonaws.com/photos/612336103/large.jpg,https://inaturalist-open-data.s3.amazonaws.com/photos/612336103/original.jpg,data/raw/tauhou/612336103.jpg,761177,afd3cebc4d78f5e12168c7356d30caaa,1152,2048,2026-09-11T17:19:28+1200,train
tauhou,bird,Tauhou (silvereye),Zosterops lateralis,16681356,25159390,cc-by,"(c) Jacqui Geux, some rights reserved (CC BY)",2018-09-19,413547,Zosterops lateralis lateralis,https://inaturalist-open-data.s3.amazonaws.com/photos/25159390/large.jpeg,https://inaturalist-open-data.s3.amazonaws.com/photos/25159390/original.jpeg,data/raw/tauhou/25159390.jpg,178309,7011461560b30843c732fbe775ff2bc5,1600,1200,2026-09-11T17:19:28+1200,train
tauhou,bird,Tauhou (silvereye),Zosterops lateralis,75145059,122900398,cc-by,"(c) Mike Bowie, some rights reserved (CC BY)",2021-04-17,413547,Zosterops lateralis lateralis,https://inaturalist-open-data.s3.amazonaws.com/photos/122900398/large.jpeg,https://inaturalist-open-data.s3.amazonaws.com/photos/122900398/original.jpeg,data/raw/tauhou/122900398.jpg,150070,4503116e6caac76c2dee8640c9ba6af6,2048,1356,2026-09-11T17:19:28+1200,train
tauhou,bird,Tauhou (silvereye),Zosterops lateralis,78203024,127953599,cc-by,"(c) Jacqui Geux, some rights reserved (CC BY)",2021-05-03,413547,Zosterops lateralis lateralis,https://inaturalist-open-data.s3.amazonaws.com/photos/127953599/large.jpeg,https://inaturalist-open-data.s3.amazonaws.com/photos/127953599/original.jpeg,data/raw/tauhou/127953599.jpg,128102,8732add4f33f7c7a735056220596069f,1600,1200,2026-09-11T17:19:28+1200,train
tauhou,bird,Tauhou (silvereye),Zosterops lateralis,39382586,62471205,cc-by,"(c) Jacqui Geux, some rights reserved (CC BY)",2020-02-28,413547,Zosterops lateralis lateralis,https://inaturalist-open-data.s3.amazonaws.com/photos/62471205/large.jpeg,https://inaturalist-open-data.s3.amazonaws.com/photos/62471205/original.jpeg,data/raw/tauhou/62471205.jpg,219022,39a1d890e47f3000475fe43bba53dc8f,1600,1067,2026-09-11T17:19:28+1200,train
tauhou,bird,Tauhou (silvereye),Zosterops lateralis,36207220,57206176,cc-by,"(c) Jacqui Geux, some rights reserved (CC BY)",2019-11-30,413547,Zosterops lateralis lateralis,https://inaturalist-open-data.s3.amazonaws.com/photos/57206176/large.jpeg,https://inaturalist-open-data.s3.amazonaws.com/photos/57206176/original.jpeg,data/raw/tauhou/57206176.jpg,181240,07ce47410bc459600e9bc97115a397b0,1600,1200,2026-09-11T17:19:28+1200,train
tauhou,bird,Tauhou (silvereye),Zosterops lateralis,49085968,77913577,cc-by,"(c) malts, some rights reserved (CC BY)",2020-06-07,413547,Zosterops lateralis lateralis,https://inaturalist-open-data.s3.amazonaws.com/photos/77913577/large.jpg,https://inaturalist-open-data.s3.amazonaws.com/photos/77913577/original.jpg,data/raw/tauhou/77913577.jpg,420758,e19d5a17a9b58b0e7881356b161c15f8,1536,2048,2026-09-11T17:19:28+1200,train
tauhou,bird,Tauhou (silvereye),Zosterops lateralis,21038041,32499885,cc-by,"(c) Jacqui Geux, some rights reserved (CC BY)",2019-03-07,413547,Zosterops lateralis lateralis,https://inaturalist-open-data.s3.amazonaws.com/photos/32499885/large.jpeg,https://inaturalist-open-data.s3.amazonaws.com/photos/32499885/original.jpeg,data/raw/tauhou/32499885.jpg,168683,38358562a247530114acffd9329dcc34,1600,1200,2026-09-11T17:19:28+1200,train
tauhou,bird,Tauhou (silvereye),Zosterops lateralis,25142140,38915816,cc0,no rights reserved,2019-05-14,413547,Zosterops lateralis lateralis,https://inaturalist-open-data.s3.amazonaws.com/photos/38915816/large.jpg,https://inaturalist-open-data.s3.amazonaws.com/photos/38915816/original.jpg,data/raw/tauhou/38915816.jpg,227594,4b1b59834faf2362d62ed593b3082a5d,920,965,2026-09-11T17:19:28+1200,train
tauhou,bird,Tauhou (silvereye),Zosterops lateralis,9856601,13501172,cc-by,"(c) Jacqui Geux, some rights reserved (CC BY)",2018-02-13,413547,Zosterops lateralis lateralis,https://inaturalist-open-data.s3.amazonaws.com/photos/13501172/large.jpeg,https://inaturalist-open-data.s3.amazonaws.com/photos/13501172/original.jpeg,data/raw/tauhou/13501172.jpg,116513,fe2c83565433d7b27b638dbf19bdf7e6,1600,1199,2026-09-11T17:19:28+1200,train
tauhou,bird,Tauhou (silvereye),Zosterops lateralis,15162498,22670972,cc-by,"(c) Jacqui Geux, some rights reserved (CC BY)",2018-08-04,413547,Zosterops lateralis lateralis,https://inaturalist-open-data.s3.amazonaws.com/photos/22670972/large.jpeg,https://inaturalist-open-data.s3.amazonaws.com/photos/22670972/original.jpeg,data/raw/tauhou/22670972.jpg,142879,80401ef5320102c1fe0df5fc34130ea8,1600,1200,2026-09-11T17:19:28+1200,train
tauhou,bird,Tauhou (silvereye),Zosterops lateralis,20002611,30874744,cc0,no rights reserved,2019-01-18,413547,Zosterops lateralis lateralis,https://inaturalist-open-data.s3.amazonaws.com/photos/30874744/large.jpeg,https://inaturalist-open-data.s3.amazonaws.com/photos/30874744/original.jpeg,data/raw/tauhou/30874744.jpg,594176,a3193c3efddb65ca6459d18f09e340dc,1536,2048,2026-09-11T17:19:28+1200,train
tauhou,bird,Tauhou (silvereye),Zosterops lateralis,9216296,12467307,cc-by,"(c) Jacqui Geux, some rights reserved (CC BY)",2017-12-20,413547,Zosterops lateralis lateralis,https://inaturalist-open-data.s3.amazonaws.com/photos/12467307/large.jpg,https://inaturalist-open-data.s3.amazonaws.com/photos/12467307/original.jpg,data/raw/tauhou/12467307.jpg,136816,707ce5ee68c9af4b392a5a7494aa61b5,1600,900,2026-09-11T17:19:28+1200,train
tauhou,bird,Tauhou (silvereye),Zosterops lateralis,28484337,44407075,cc-by,"(c) Jacqui Geux, some rights reserved (CC BY)",2019-07-09,413547,Zosterops lateralis lateralis,https://inaturalist-open-data.s3.amazonaws.com/photos/44407075/large.jpeg,https://inaturalist-open-data.s3.amazonaws.com/photos/44407075/original.jpeg,data/raw/tauhou/44407075.jpg,254277,422a921d27f09354cc4c760701980a94,1600,1200,2026-09-11T17:19:28+1200,train
tauhou,bird,Tauhou (silvereye),Zosterops lateralis,296689721,534253845,cc0,no rights reserved,2025-07-10,413547,Zosterops lateralis lateralis,https://inaturalist-open-data.s3.amazonaws.com/photos/534253845/large.jpg,https://inaturalist-open-data.s3.amazonaws.com/photos/534253845/original.jpg,data/raw/tauhou/534253845.jpg,788851,acaa2ee9bdb38f87d69d611cef657d38,1623,2048,2026-09-11T17:19:28+1200,train
tauhou,bird,Tauhou (silvereye),Zosterops lateralis,56582929,90179998,cc-by,"(c) Maureen Howard, some rights reserved (CC BY)",2020-08-13,413547,Zosterops lateralis lateralis,https://inaturalist-open-data.s3.amazonaws.com/photos/90179998/large.jpeg,https://inaturalist-open-data.s3.amazonaws.com/photos/90179998/original.jpeg,data/raw/tauhou/90179998.jpg,253006,c7284f8c651d09294bbc2157550bad26,2048,1536,2026-09-11T17:19:28+1200,train
tauhou,bird,Tauhou (silvereye),Zosterops lateralis,155098822,268056193,cc-by,"(c) Michael Berardozzi, some rights reserved (CC BY)",2023-04-16,202505,Zosterops lateralis,https://inaturalist-open-data.s3.amazonaws.com/photos/268056193/large.jpg,https://inaturalist-open-data.s3.amazonaws.com/photos/268056193/original.jpg,data/raw/tauhou/268056193.jpg,164070,4a71bf9dedfd48042897cc0ba01aea00,964,678,2026-09-11T17:19:28+1200,train
tauhou,bird,Tauhou (silvereye),Zosterops lateralis,58682159,93705210,cc-by,"(c) Jacqui Geux, some rights reserved (CC BY)",2020-09-06,413547,Zosterops lateralis lateralis,https://inaturalist-open-data.s3.amazonaws.com/photos/93705210/large.jpeg,https://inaturalist-open-data.s3.amazonaws.com/photos/93705210/original.jpeg,data/raw/tauhou/93705210.jpg,121803,59d6e6e2a5ac50839d1c14fbb7ef8fee,1600,1200,2026-09-11T17:19:28+1200,train
tauhou,bird,Tauhou (silvereye),Zosterops lateralis,27120521,42162615,cc-by,"(c) Brett Sandford, some rights reserved (CC BY)",2019-05-18,413547,Zosterops lateralis lateralis,https://inaturalist-open-data.s3.amazonaws.com/photos/42162615/large.jpeg,https://inaturalist-open-data.s3.amazonaws.com/photos/42162615/original.jpeg,data/raw/tauhou/42162615.jpg,309652,1803c8e6c36ca0fa19e54ef78e4cfb5d,2048,1365,2026-09-11T17:19:28+1200,train
tauhou,bird,Tauhou (silvereye),Zosterops lateralis,112613190,190219909,cc-by,"(c) Joss Simpson, some rights reserved (CC BY)",2022-04-24,413547,Zosterops lateralis lateralis,https://inaturalist-open-data.s3.amazonaws.com/photos/190219909/large.jpeg,https://inaturalist-open-data.s3.amazonaws.com/photos/190219909/original.jpeg,data/raw/tauhou/190219909.jpg,372858,16eb4e39db1e30ca1d5f5a18651350ca,1452,2048,2026-09-11T17:19:28+1200,train
tauhou,bird,Tauhou (silvereye),Zosterops lateralis,293504857,528272555,cc-by,"(c) Jon Sullivan, some rights reserved (CC BY)",2025-06-28,413547,Zosterops lateralis lateralis,https://inaturalist-open-data.s3.amazonaws.com/photos/528272555/large.jpg,https://inaturalist-open-data.s3.amazonaws.com/photos/528272555/original.jpg,data/raw/tauhou/528272555.jpg,189355,1cc249ad3169bcaa62b76609a194e473,664,442,2026-09-11T17:19:28+1200,train
tauhou,bird,Tauhou (silvereye),Zosterops lateralis,201812414,356310699,cc-by,"(c) Mark Richman, some rights reserved (CC BY)",2023-12-13,413547,Zosterops lateralis lateralis,https://inaturalist-open-data.s3.amazonaws.com/photos/356310699/large.jpg,https://inaturalist-open-data.s3.amazonaws.com/photos/356310699/original.jpg,data/raw/tauhou/356310699.jpg,290530,c727949951862c4e7ff2e0a001e0e7e2,1536,2048,2026-09-11T17:19:28+1200,train
tauhou,bird,Tauhou (silvereye),Zosterops lateralis,59115979,94433556,cc-by,"(c) Mike Bowie, some rights reserved (CC BY)",2020-09-08,413547,Zosterops lateralis lateralis,https://inaturalist-open-data.s3.amazonaws.com/photos/94433556/large.jpeg,https://inaturalist-open-data.s3.amazonaws.com/photos/94433556/original.jpeg,data/raw/tauhou/94433556.jpg,251301,cc569da8c3c8af990e84f5cc5b96640c,2048,1536,2026-09-11T17:19:28+1200,train
tauhou,bird,Tauhou (silvereye),Zosterops lateralis,1811744,2197196,cc-by,"(c) José Belem Hernández Díaz, some rights reserved (CC BY)",2013-10-24,413547,Zosterops lateralis lateralis,https://inaturalist-open-data.s3.amazonaws.com/photos/2197196/large.jpg,https://inaturalist-open-data.s3.amazonaws.com/photos/2197196/original.jpg,data/raw/tauhou/2197196.jpg,99333,21a73d5954a8e6a1e159a492d1509f7a,1365,586,2026-09-11T17:19:28+1200,train
tauhou,bird,Tauhou (silvereye),Zosterops lateralis,350763363,640039040,cc0,no rights reserved,2026-04-06,202505,Zosterops lateralis,https://inaturalist-open-data.s3.amazonaws.com/photos/640039040/large.jpg,https://inaturalist-open-data.s3.amazonaws.com/photos/640039040/original.jpg,data/raw/tauhou/640039040.jpg,623505,f1de1fa0334737371897a93fab406724,1536,2048,2026-09-11T17:19:28+1200,train
tauhou,bird,Tauhou (silvereye),Zosterops lateralis,347278112,633173123,cc0,no rights reserved,2026-03-28,202505,Zosterops lateralis,https://inaturalist-open-data.s3.amazonaws.com/photos/633173123/large.jpg,https://inaturalist-open-data.s3.amazonaws.com/photos/633173123/original.jpg,data/raw/tauhou/633173123.jpg,746596,98429fdc5960e3db91c1384bb8da4eb3,955,955,2026-09-11T17:19:28+1200,train
tauhou,bird,Tauhou (silvereye),Zosterops lateralis,306932549,553561948,cc-by,"(c) William Harland, some rights reserved (CC BY)",2025-08-15,413547,Zosterops lateralis lateralis,https://inaturalist-open-data.s3.amazonaws.com/photos/553561948/large.jpg,https://inaturalist-open-data.s3.amazonaws.com/photos/553561948/original.jpg,data/raw/tauhou/553561948.jpg,156926,d7f0572c31a86de9e9290e709a59d447,2048,1303,2026-09-11T17:19:28+1200,train
tauhou,bird,Tauhou (silvereye),Zosterops lateralis,252582531,452182640,cc-by,"(c) sam-rajnikant, some rights reserved (CC BY)",2024-11-17,202505,Zosterops lateralis,https://inaturalist-open-data.s3.amazonaws.com/photos/452182640/large.jpeg,https://inaturalist-open-data.s3.amazonaws.com/photos/452182640/original.jpeg,data/raw/tauhou/452182640.jpg,441652,3a53cdc02d7e731fedfb9173fa144ed2,2048,1366,2026-09-11T17:19:28+1200,train
tauhou,bird,Tauhou (silvereye),Zosterops lateralis,319127512,576840187,cc-by,"(c) Craig Hensley, some rights reserved (CC BY)",2025-10-02,202505,Zosterops lateralis,https://inaturalist-open-data.s3.amazonaws.com/photos/576840187/large.jpg,https://inaturalist-open-data.s3.amazonaws.com/photos/576840187/original.jpg,data/raw/tauhou/576840187.jpg,125366,2c09541876352725e5052ea1c3024193,1300,1513,2026-09-11T17:19:28+1200,train
tauhou,bird,Tauhou (silvereye),Zosterops lateralis,245866546,438808407,cc-by,"(c) wild_wind, some rights reserved (CC BY)",2024-09-22,202505,Zosterops lateralis,https://inaturalist-open-data.s3.amazonaws.com/photos/438808407/large.jpeg,https://inaturalist-open-data.s3.amazonaws.com/photos/438808407/original.jpeg,data/raw/tauhou/438808407.jpg,379438,6e0e8a01174e2f7fb2774bc986c35181,1196,1196,2026-09-11T17:19:28+1200,train
tauhou,bird,Tauhou (silvereye),Zosterops lateralis,36155361,57117648,cc-by,"(c) Jacqui Geux, some rights reserved (CC BY)",2019-11-28,413547,Zosterops lateralis lateralis,https://inaturalist-open-data.s3.amazonaws.com/photos/57117648/large.jpeg,https://inaturalist-open-data.s3.amazonaws.com/photos/57117648/original.jpeg,data/raw/tauhou/57117648.jpg,112857,1e3763235eaf6d00dfa78ffb131361f7,1599,1200,2026-09-11T17:19:28+1200,train
tauhou,bird,Tauhou (silvereye),Zosterops lateralis,13007454,18922974,cc-by,"(c) Jacqui Geux, some rights reserved (CC BY)",2018-05-30,413547,Zosterops lateralis lateralis,https://inaturalist-open-data.s3.amazonaws.com/photos/18922974/large.jpeg,https://inaturalist-open-data.s3.amazonaws.com/photos/18922974/original.jpeg,data/raw/tauhou/18922974.jpg,117083,63a481ed580a1299810b027e5faa761e,1599,1200,2026-09-11T17:19:28+1200,train
tauhou,bird,Tauhou (silvereye),Zosterops lateralis,16080801,24084402,cc-by,"(c) Jon Sullivan, some rights reserved (CC BY)",2018-08-28,413547,Zosterops lateralis lateralis,https://inaturalist-open-data.s3.amazonaws.com/photos/24084402/large.jpg,https://inaturalist-open-data.s3.amazonaws.com/photos/24084402/original.jpg,data/raw/tauhou/24084402.jpg,556277,79b3c1c02c4b9075f08a25ef3b6b9769,2048,1536,2026-09-11T17:19:28+1200,train
tauhou,bird,Tauhou (silvereye),Zosterops lateralis,970541,1188404,cc-by,"(c) Jon Sullivan, some rights reserved (CC BY)",2013-09-01,413547,Zosterops lateralis lateralis,https://inaturalist-open-data.s3.amazonaws.com/photos/1188404/large.jpg,https://inaturalist-open-data.s3.amazonaws.com/photos/1188404/original.jpg,data/raw/tauhou/1188404.jpg,193759,b1063314122f058561cc34afe09d665e,1217,1826,2026-09-11T17:19:28+1200,train
tauhou,bird,Tauhou (silvereye),Zosterops lateralis,31458853,49237714,cc-by,"(c) strewick, some rights reserved (CC BY)",2006-10-09,413547,Zosterops lateralis lateralis,https://inaturalist-open-data.s3.amazonaws.com/photos/49237714/large.jpg,https://inaturalist-open-data.s3.amazonaws.com/photos/49237714/original.jpg,data/raw/tauhou/49237714.jpg,1186154,ab810854eaa78695488b65387db6987d,1240,1280,2026-09-11T17:19:28+1200,train
tauhou,bird,Tauhou (silvereye),Zosterops lateralis,74216916,121275265,cc-by,"(c) Jacqui Geux, some rights reserved (CC BY)",2021-04-17,413547,Zosterops lateralis lateralis,https://inaturalist-open-data.s3.amazonaws.com/photos/121275265/large.jpeg,https://inaturalist-open-data.s3.amazonaws.com/photos/121275265/original.jpeg,data/raw/tauhou/121275265.jpg,123818,bf6a2eca5e76d8825c3041ff4788dcba,1600,1200,2026-09-11T17:19:28+1200,train
tauhou,bird,Tauhou (silvereye),Zosterops lateralis,31159598,48741644,cc-by,"(c) wild_wind, some rights reserved (CC BY)",2019-04-08,413547,Zosterops lateralis lateralis,https://inaturalist-open-data.s3.amazonaws.com/photos/48741644/large.jpeg,https://inaturalist-open-data.s3.amazonaws.com/photos/48741644/original.jpeg,data/raw/tauhou/48741644.jpg,196730,166cbf72de0766543ed71ed35a3ef19e,2048,1920,2026-09-11T17:19:28+1200,train
tauhou,bird,Tauhou (silvereye),Zosterops lateralis,1013558,1198235,cc-by,"(c) Jon Sullivan, some rights reserved (CC BY)",2014-04-27,413547,Zosterops lateralis lateralis,https://inaturalist-open-data.s3.amazonaws.com/photos/1198235/large.jpg,https://inaturalist-open-data.s3.amazonaws.com/photos/1198235/original.jpg,data/raw/tauhou/1198235.jpg,386802,2d863c693d85894ef1efb4872b04df10,1998,1332,2026-09-11T17:19:28+1200,train
tauhou,bird,Tauhou (silvereye),Zosterops lateralis,27967646,43564197,cc-by,"(c) Jacqui Geux, some rights reserved (CC BY)",2019-06-30,413547,Zosterops lateralis lateralis,https://inaturalist-open-data.s3.amazonaws.com/photos/43564197/large.jpeg,https://inaturalist-open-data.s3.amazonaws.com/photos/43564197/original.jpeg,data/raw/tauhou/43564197.jpg,93716,95ce895744b9adfb41d698e09f57840d,1600,1200,2026-09-11T17:19:28+1200,train
tauhou,bird,Tauhou (silvereye),Zosterops lateralis,25723360,39874589,cc-by,"(c) Jacqui Geux, some rights reserved (CC BY)",2019-05-25,413547,Zosterops lateralis lateralis,https://inaturalist-open-data.s3.amazonaws.com/photos/39874589/large.jpeg,https://inaturalist-open-data.s3.amazonaws.com/photos/39874589/original.jpeg,data/raw/tauhou/39874589.jpg,219779,2d86e8f9b409a1e7b36558cad33bb3ed,1600,1200,2026-09-11T17:19:28+1200,train
tauhou,bird,Tauhou (silvereye),Zosterops lateralis,380633884,696383909,cc0,no rights reserved,2026-07-12,413547,Zosterops lateralis lateralis,https://inaturalist-open-data.s3.amazonaws.com/photos/696383909/large.jpg,https://inaturalist-open-data.s3.amazonaws.com/photos/696383909/original.jpg,data/raw/tauhou/696383909.jpg,664159,113e7e607a9b0c1bf7dd5d48c268741b,2048,2048,2026-09-11T17:19:28+1200,train
tauhou,bird,Tauhou (silvereye),Zosterops lateralis,133296921,227030592,cc0,no rights reserved,2022-09-01,413547,Zosterops lateralis lateralis,https://inaturalist-open-data.s3.amazonaws.com/photos/227030592/large.jpg,https://inaturalist-open-data.s3.amazonaws.com/photos/227030592/original.jpg,data/raw/tauhou/227030592.jpg,896923,b44c5be9a3441810cdaddc650fd0969d,2048,1365,2026-09-11T17:19:28+1200,train
tauhou,bird,Tauhou (silvereye),Zosterops lateralis,218341496,386357703,cc0,no rights reserved,2011-08-26,413547,Zosterops lateralis lateralis,https://inaturalist-open-data.s3.amazonaws.com/photos/386357703/large.jpeg,https://inaturalist-open-data.s3.amazonaws.com/photos/386357703/original.jpeg,data/raw/tauhou/386357703.jpg,483071,55b804f17860f17f4aa192f3dede1c2e,2048,1382,2026-09-11T17:19:28+1200,train
korimako,bird,Korimako,Anthornis melanura,320603829,579688849,cc-by,"(c) William Harland, some rights reserved (CC BY)",2025-09-20,413425,Anthornis melanura melanura,https://inaturalist-open-data.s3.amazonaws.com/photos/579688849/large.jpg,https://inaturalist-open-data.s3.amazonaws.com/photos/579688849/original.jpg,data/raw/korimako/579688849.jpg,117872,250a47714fda55575b22ed5ebb7bc3a8,2048,2010,2026-09-11T17:20:30+1200,train
korimako,bird,Korimako,Anthornis melanura,227666071,403908575,cc-by,"(c) Jon Sullivan, some rights reserved (CC BY)",2024-07-07,413425,Anthornis melanura melanura,https://inaturalist-open-data.s3.amazonaws.com/photos/403908575/large.jpg,https://inaturalist-open-data.s3.amazonaws.com/photos/403908575/original.jpg,data/raw/korimako/403908575.jpg,255079,fc02bb5a0315db892ca54731016c2646,2048,1367,2026-09-11T17:20:30+1200,train
korimako,bird,Korimako,Anthornis melanura,341790212,622283596,cc-by,"(c) William Harland, some rights reserved (CC BY)",2026-02-11,413425,Anthornis melanura melanura,https://inaturalist-open-data.s3.amazonaws.com/photos/622283596/large.jpg,https://inaturalist-open-data.s3.amazonaws.com/photos/622283596/original.jpg,data/raw/korimako/622283596.jpg,99679,483f3e5695c795f558ac379f407c1c9a,2048,1393,2026-09-11T17:20:30+1200,train
korimako,bird,Korimako,Anthornis melanura,303254377,546566386,cc-by,"(c) Colin Meurk, some rights reserved (CC BY)",2025-08-03,12612,Anthornis melanura,https://inaturalist-open-data.s3.amazonaws.com/photos/546566386/large.jpg,https://inaturalist-open-data.s3.amazonaws.com/photos/546566386/original.jpg,data/raw/korimako/546566386.jpg,774418,9d0635805b69318a9f3f24c0c90b863d,1536,2048,2026-09-11T17:20:30+1200,train
korimako,bird,Korimako,Anthornis melanura,289773525,521219816,cc-by,"(c) William Harland, some rights reserved (CC BY)",2025-06-08,413425,Anthornis melanura melanura,https://inaturalist-open-data.s3.amazonaws.com/photos/521219816/large.jpg,https://inaturalist-open-data.s3.amazonaws.com/photos/521219816/original.jpg,data/raw/korimako/521219816.jpg,71773,8d4de1af1421303c2a105c78b3d5c4e3,2048,1155,2026-09-11T17:20:30+1200,train
korimako,bird,Korimako,Anthornis melanura,2635007,2953969,cc-by,"(c) Jon Sullivan, some rights reserved (CC BY)",2016-01-28,413425,Anthornis melanura melanura,https://inaturalist-open-data.s3.amazonaws.com/photos/2953969/large.jpg,https://inaturalist-open-data.s3.amazonaws.com/photos/2953969/original.jpg,data/raw/korimako/2953969.jpg,107581,a618a065756dfc05f9190562c16e20bf,2048,1364,2026-09-11T17:20:30+1200,train
korimako,bird,Korimako,Anthornis melanura,251252508,449528570,cc-by,"(c) Saryu Mae 前 朝琉, some rights reserved (CC BY)",2024-10-01,413425,Anthornis melanura melanura,https://inaturalist-open-data.s3.amazonaws.com/photos/449528570/large.jpeg,https://inaturalist-open-data.s3.amazonaws.com/photos/449528570/original.jpeg,data/raw/korimako/449528570.jpg,84201,df912cc68afb35abe9983f398fcdcff3,2048,1365,2026-09-11T17:20:30+1200,train
korimako,bird,Korimako,Anthornis melanura,306931911,553560494,cc-by,"(c) William Harland, some rights reserved (CC BY)",2025-08-15,413425,Anthornis melanura melanura,https://inaturalist-open-data.s3.amazonaws.com/photos/553560494/large.jpg,https://inaturalist-open-data.s3.amazonaws.com/photos/553560494/original.jpg,data/raw/korimako/553560494.jpg,125629,d3f4e0d983eb7700803c54d043c597b7,2048,1332,2026-09-11T17:20:30+1200,train
korimako,bird,Korimako,Anthornis melanura,249974536,446964467,cc-by,"(c) Pierre Tellier, some rights reserved (CC BY)",2018-12-23,413425,Anthornis melanura melanura,https://inaturalist-open-data.s3.amazonaws.com/photos/446964467/large.jpg,https://inaturalist-open-data.s3.amazonaws.com/photos/446964467/original.jpg,data/raw/korimako/446964467.jpg,195400,7d5f5d1f17e008b96cfb41abcdc8cdbd,2048,1363,2026-09-11T17:20:30+1200,train
korimako,bird,Korimako,Anthornis melanura,22403485,34700357,cc-by,"(c) Alice Shanks, some rights reserved (CC BY)",2019-04-13,413425,Anthornis melanura melanura,https://inaturalist-open-data.s3.amazonaws.com/photos/34700357/large.jpeg,https://inaturalist-open-data.s3.amazonaws.com/photos/34700357/original.jpeg,data/raw/korimako/34700357.jpg,217749,5bac45e3ad589527d3e56e9ee044fa00,1536,2048,2026-09-11T17:20:30+1200,train
korimako,bird,Korimako,Anthornis melanura,140447116,240413690,cc-by,"(c) Svend Hansen, some rights reserved (CC BY)",2022-10-30,413425,Anthornis melanura melanura,https://inaturalist-open-data.s3.amazonaws.com/photos/240413690/large.jpeg,https://inaturalist-open-data.s3.amazonaws.com/photos/240413690/original.jpeg,data/raw/korimako/240413690.jpg,424567,99fd4b9d32ffbf8c285113cc3a87faec,1152,2048,2026-09-11T17:20:30+1200,train
korimako,bird,Korimako,Anthornis melanura,192176227,337307655,cc-by,"(c) Svend Hansen, some rights reserved (CC BY)",2023-11-26,413425,Anthornis melanura melanura,https://inaturalist-open-data.s3.amazonaws.com/photos/337307655/large.jpeg,https://inaturalist-open-data.s3.amazonaws.com/photos/337307655/original.jpeg,data/raw/korimako/337307655.jpg,404683,c03c2117b011e3aafbf0439f21c38e08,1152,2048,2026-09-11T17:20:30+1200,train
korimako,bird,Korimako,Anthornis melanura,158376042,273715638,cc-by,"(c) Mike Bowie, some rights reserved (CC BY)",2023-04-30,413425,Anthornis melanura melanura,https://inaturalist-open-data.s3.amazonaws.com/photos/273715638/large.jpeg,https://inaturalist-open-data.s3.amazonaws.com/photos/273715638/original.jpeg,data/raw/korimako/273715638.jpg,123276,9e1068d1fdf9239b1bd828b130220dc9,2048,1356,2026-09-11T17:20:30+1200,train
korimako,bird,Korimako,Anthornis melanura,260033647,467017748,cc-by,"(c) e_ve, some rights reserved (CC BY)",2025-01-30,413425,Anthornis melanura melanura,https://inaturalist-open-data.s3.amazonaws.com/photos/467017748/large.jpg,https://inaturalist-open-data.s3.amazonaws.com/photos/467017748/original.jpg,data/raw/korimako/467017748.jpg,464120,c08d7b2ee7f965e3584eb85547894eda,2048,1536,2026-09-11T17:20:30+1200,train
korimako,bird,Korimako,Anthornis melanura,258710174,464239050,cc-by,"(c) William Harland, some rights reserved (CC BY)",2025-01-10,413425,Anthornis melanura melanura,https://inaturalist-open-data.s3.amazonaws.com/photos/464239050/large.jpeg,https://inaturalist-open-data.s3.amazonaws.com/photos/464239050/original.jpeg,data/raw/korimako/464239050.jpg,98097,bb1a0ecdc7de8a61af7cad46da233f96,2048,1555,2026-09-11T17:20:30+1200,train
korimako,bird,Korimako,Anthornis melanura,73469016,119950487,cc-by,"(c) taylor h, some rights reserved (CC BY)",2021-04-10,413425,Anthornis melanura melanura,https://inaturalist-open-data.s3.amazonaws.com/photos/119950487/large.jpg,https://inaturalist-open-data.s3.amazonaws.com/photos/119950487/original.jpg,data/raw/korimako/119950487.jpg,330605,8306fd8d9878277f185a711908580992,1536,2048,2026-09-11T17:20:30+1200,train
korimako,bird,Korimako,Anthornis melanura,252113557,451244633,cc-by,"(c) William Harland, some rights reserved (CC BY)",2024-11-17,413425,Anthornis melanura melanura,https://inaturalist-open-data.s3.amazonaws.com/photos/451244633/large.jpeg,https://inaturalist-open-data.s3.amazonaws.com/photos/451244633/original.jpeg,data/raw/korimako/451244633.jpg,81106,5e634447c2be267129463daa3f2b48dc,2048,1399,2026-09-11T17:20:30+1200,train
korimako,bird,Korimako,Anthornis melanura,105461324,176953823,cc-by,"(c) rempson, some rights reserved (CC BY)",2021-12-22,413425,Anthornis melanura melanura,https://inaturalist-open-data.s3.amazonaws.com/photos/176953823/large.jpeg,https://inaturalist-open-data.s3.amazonaws.com/photos/176953823/original.jpeg,data/raw/korimako/176953823.jpg,410725,7b7eeff22fd243a986aff76b8b06dc2c,2048,1536,2026-09-11T17:20:30+1200,train
korimako,bird,Korimako,Anthornis melanura,1012087,1197741,cc-by,"(c) Jon Sullivan, some rights reserved (CC BY)",2014-08-11,12612,Anthornis melanura,https://inaturalist-open-data.s3.amazonaws.com/photos/1197741/large.jpg,https://inaturalist-open-data.s3.amazonaws.com/photos/1197741/original.jpg,data/raw/korimako/1197741.jpg,222979,88587cac5b5858fceac6cb6c5d1a82e4,2048,1364,2026-09-11T17:20:30+1200,train
korimako,bird,Korimako,Anthornis melanura,1017183,1199142,cc-by,"(c) Jon Sullivan, some rights reserved (CC BY)",2014-10-02,12612,Anthornis melanura,https://inaturalist-open-data.s3.amazonaws.com/photos/1199142/large.jpg,https://inaturalist-open-data.s3.amazonaws.com/photos/1199142/original.jpg,data/raw/korimako/1199142.jpg,207161,aa0f1308a6706fc5bdfd8ffdaf6ec9d1,2048,1365,2026-09-11T17:20:30+1200,train
korimako,bird,Korimako,Anthornis melanura,965963,1187934,cc-by,"(c) Jon Sullivan, some rights reserved (CC BY)",2013-06-21,12612,Anthornis melanura,https://inaturalist-open-data.s3.amazonaws.com/photos/1187934/large.jpg,https://inaturalist-open-data.s3.amazonaws.com/photos/1187934/original.jpg,data/raw/korimako/1187934.jpg,203033,ca4777d5ba7c2497e04309ead7d6a45f,2048,1356,2026-09-11T17:20:30+1200,train
korimako,bird,Korimako,Anthornis melanura,25789806,39983949,cc-by,"(c) Jenny Saito, some rights reserved (CC BY)",2019-05-26,12612,Anthornis melanura,https://inaturalist-open-data.s3.amazonaws.com/photos/39983949/large.jpeg,https://inaturalist-open-data.s3.amazonaws.com/photos/39983949/original.jpeg,data/raw/korimako/39983949.jpg,711479,caa993130deee4399216064dd10b2ac6,1536,2048,2026-09-11T17:20:30+1200,train
korimako,bird,Korimako,Anthornis melanura,1517881,1880210,cc-by,"(c) Jon Sullivan, some rights reserved (CC BY)",2015-05-21,12612,Anthornis melanura,https://inaturalist-open-data.s3.amazonaws.com/photos/1880210/large.jpg,https://inaturalist-open-data.s3.amazonaws.com/photos/1880210/original.jpg,data/raw/korimako/1880210.jpg,254814,db81998b965468b4d61ee02bfbf2d155,2048,1365,2026-09-11T17:20:30+1200,train
korimako,bird,Korimako,Anthornis melanura,9402829,12777414,cc-by,"(c) Cara-Lisa Schloots, some rights reserved (CC BY)",2017-12-29,413425,Anthornis melanura melanura,https://inaturalist-open-data.s3.amazonaws.com/photos/12777414/large.jpeg,https://inaturalist-open-data.s3.amazonaws.com/photos/12777414/original.jpeg,data/raw/korimako/12777414.jpg,306318,86aa79c4fd5282a4cd7493dc708ca67d,2048,1365,2026-09-11T17:20:30+1200,train
korimako,bird,Korimako,Anthornis melanura,239574426,426713840,cc-by,"(c) nick_goldwater, some rights reserved (CC BY)",2024-09-02,413425,Anthornis melanura melanura,https://inaturalist-open-data.s3.amazonaws.com/photos/426713840/large.jpeg,https://inaturalist-open-data.s3.amazonaws.com/photos/426713840/original.jpeg,data/raw/korimako/426713840.jpg,57180,bab60de5cf541954748e1383d109bf7d,484,575,2026-09-11T17:20:30+1200,train
korimako,bird,Korimako,Anthornis melanura,197952495,348783460,cc-by,"(c) William Harland, some rights reserved (CC BY)",2024-01-24,413425,Anthornis melanura melanura,https://inaturalist-open-data.s3.amazonaws.com/photos/348783460/large.jpeg,https://inaturalist-open-data.s3.amazonaws.com/photos/348783460/original.jpeg,data/raw/korimako/348783460.jpg,187589,cf8f0dafc43d9a1ff0eda4922783cf23,2048,1494,2026-09-11T17:20:30+1200,train
korimako,bird,Korimako,Anthornis melanura,155279379,268391694,cc-by,"(c) Jay Pruett, some rights reserved (CC BY)",2018-10-27,413425,Anthornis melanura melanura,https://inaturalist-open-data.s3.amazonaws.com/photos/268391694/large.jpg,https://inaturalist-open-data.s3.amazonaws.com/photos/268391694/original.jpg,data/raw/korimako/268391694.jpg,209854,69c5814fa61ca5c689bbba710e9902ae,2047,1365,2026-09-11T17:20:30+1200,train
korimako,bird,Korimako,Anthornis melanura,16413737,24693255,cc-by,"(c) nick_goldwater, some rights reserved (CC BY)",2018-01-09,413425,Anthornis melanura melanura,https://inaturalist-open-data.s3.amazonaws.com/photos/24693255/large.jpg,https://inaturalist-open-data.s3.amazonaws.com/photos/24693255/original.jpg,data/raw/korimako/24693255.jpg,262706,1940d1b6576ef444156f0662b95ae8df,2048,1356,2026-09-11T17:20:30+1200,train
korimako,bird,Korimako,Anthornis melanura,38282815,60819953,cc-by,"(c) Clay Gibbons, some rights reserved (CC BY)",2019-10-05,413425,Anthornis melanura melanura,https://inaturalist-open-data.s3.amazonaws.com/photos/60819953/large.jpeg,https://inaturalist-open-data.s3.amazonaws.com/photos/60819953/original.jpeg,data/raw/korimako/60819953.jpg,368334,9aefbd594068f3ca2330b9ca41b34ad4,2048,1536,2026-09-11T17:20:30+1200,train
korimako,bird,Korimako,Anthornis melanura,360148192,657012225,cc-by,"(c) Jon Sullivan, some rights reserved (CC BY)",2026-04-27,413425,Anthornis melanura melanura,https://inaturalist-open-data.s3.amazonaws.com/photos/657012225/large.jpg,https://inaturalist-open-data.s3.amazonaws.com/photos/657012225/original.jpg,data/raw/korimako/657012225.jpg,232681,9c41d978a3818d7d6586f23da0cf56f5,2048,1367,2026-09-11T17:20:30+1200,train
korimako,bird,Korimako,Anthornis melanura,269451315,484468274,cc-by,"(c) sam-rajnikant, some rights reserved (CC BY)",2025-03-15,12612,Anthornis melanura,https://inaturalist-open-data.s3.amazonaws.com/photos/484468274/large.jpeg,https://inaturalist-open-data.s3.amazonaws.com/photos/484468274/original.jpeg,data/raw/korimako/484468274.jpg,328543,08f05293b4f6c41341a5647326c74e40,2048,1365,2026-09-11T17:20:30+1200,train
korimako,bird,Korimako,Anthornis melanura,274488987,493459514,cc-by,"(c) Nathan Odgers, some rights reserved (CC BY)",2025-04-24,12612,Anthornis melanura,https://inaturalist-open-data.s3.amazonaws.com/photos/493459514/large.jpg,https://inaturalist-open-data.s3.amazonaws.com/photos/493459514/original.jpg,data/raw/korimako/493459514.jpg,306484,1211e2e95d7a61d5ffb8afc1d980de49,2048,1536,2026-09-11T17:20:30+1200,train
korimako,bird,Korimako,Anthornis melanura,245705923,438503193,cc-by,"(c) Elias Freyhof, some rights reserved (CC BY)",2024-10-04,413425,Anthornis melanura melanura,https://inaturalist-open-data.s3.amazonaws.com/photos/438503193/large.jpeg,https://inaturalist-open-data.s3.amazonaws.com/photos/438503193/original.jpeg,data/raw/korimako/438503193.jpg,165441,b5fbaa824964def4732a641e42ddbd9a,2048,1368,2026-09-11T17:20:30+1200,train
korimako,bird,Korimako,Anthornis melanura,7100513,9126949,cc-by,"(c) William Brockelsby, some rights reserved (CC BY)",2017-07-15,413425,Anthornis melanura melanura,https://inaturalist-open-data.s3.amazonaws.com/photos/9126949/large.jpeg,https://inaturalist-open-data.s3.amazonaws.com/photos/9126949/original.jpeg,data/raw/korimako/9126949.jpg,182792,cd3df769395c5953e0e63c94ede866ef,2048,1536,2026-09-11T17:20:30+1200,train
korimako,bird,Korimako,Anthornis melanura,65734926,105851245,cc-by,"(c) Emily Roberts, some rights reserved (CC BY)",2020-11-28,413425,Anthornis melanura melanura,https://inaturalist-open-data.s3.amazonaws.com/photos/105851245/large.jpeg,https://inaturalist-open-data.s3.amazonaws.com/photos/105851245/original.jpeg,data/raw/korimako/105851245.jpg,218050,915a05c0c327b39a2ff63a763de9166c,2048,1536,2026-09-11T17:20:30+1200,train
korimako,bird,Korimako,Anthornis melanura,259135868,465105825,cc-by,"(c) Richard Littauer, some rights reserved (CC BY)",2025-01-21,413425,Anthornis melanura melanura,https://inaturalist-open-data.s3.amazonaws.com/photos/465105825/large.jpg,https://inaturalist-open-data.s3.amazonaws.com/photos/465105825/original.jpg,data/raw/korimako/465105825.jpg,741403,2e2be6975d568491bdae1af9f509b53b,2000,1331,2026-09-11T17:20:30+1200,train
korimako,bird,Korimako,Anthornis melanura,286751373,515543501,cc-by,"(c) Richard Littauer, some rights reserved (CC BY)",2025-06-02,413425,Anthornis melanura melanura,https://inaturalist-open-data.s3.amazonaws.com/photos/515543501/large.jpg,https://inaturalist-open-data.s3.amazonaws.com/photos/515543501/original.jpg,data/raw/korimako/515543501.jpg,706303,c184e512e9da9e1002b1848b7bb54f64,2000,1333,2026-09-11T17:20:30+1200,train
korimako,bird,Korimako,Anthornis melanura,7227651,9331838,cc-by,"(c) Jon Sullivan, some rights reserved (CC BY)",2017-07-27,413425,Anthornis melanura melanura,https://inaturalist-open-data.s3.amazonaws.com/photos/9331838/large.jpg,https://inaturalist-open-data.s3.amazonaws.com/photos/9331838/original.jpg,data/raw/korimako/9331838.jpg,421130,ab6cf27c9e656fd12bc0d83736f69f1e,1537,1019,2026-09-11T17:20:30+1200,train
korimako,bird,Korimako,Anthornis melanura,1807429,2190528,cc-by,"(c) Tim Park, some rights reserved (CC BY)",2015-06-21,413425,Anthornis melanura melanura,https://inaturalist-open-data.s3.amazonaws.com/photos/2190528/large.jpg,https://inaturalist-open-data.s3.amazonaws.com/photos/2190528/original.jpg,data/raw/korimako/2190528.jpg,936640,5980795f956344c848ef8615d2e28457,720,960,2026-09-11T17:20:30+1200,train
korimako,bird,Korimako,Anthornis melanura,1591748,1960894,cc-by,"(c) Jon Sullivan, some rights reserved (CC BY)",2015-06-05,12612,Anthornis melanura,https://inaturalist-open-data.s3.amazonaws.com/photos/1960894/large.jpg,https://inaturalist-open-data.s3.amazonaws.com/photos/1960894/original.jpg,data/raw/korimako/1960894.jpg,541304,935503c75dcbd761eaa02c69bb5350bb,2048,1536,2026-09-11T17:20:30+1200,train
korimako,bird,Korimako,Anthornis melanura,330086772,598479489,cc0,no rights reserved,2025-12-09,413425,Anthornis melanura melanura,https://inaturalist-open-data.s3.amazonaws.com/photos/598479489/large.jpg,https://inaturalist-open-data.s3.amazonaws.com/photos/598479489/original.jpg,data/raw/korimako/598479489.jpg,637534,af53a2079953e1900ca3ba60758a8f9d,1153,2048,2026-09-11T17:20:30+1200,train
korimako,bird,Korimako,Anthornis melanura,357839558,652665755,cc-by,"(c) Jon Sullivan, some rights reserved (CC BY)",2026-04-25,413425,Anthornis melanura melanura,https://inaturalist-open-data.s3.amazonaws.com/photos/652665755/large.jpg,https://inaturalist-open-data.s3.amazonaws.com/photos/652665755/original.jpg,data/raw/korimako/652665755.jpg,268817,ae7f5928c393708aeaa6e5b4ad133a07,2048,1366,2026-09-11T17:20:30+1200,train
korimako,bird,Korimako,Anthornis melanura,347142943,632899473,cc-by,"(c) Thomas Wilson, some rights reserved (CC BY)",2026-03-30,12612,Anthornis melanura,https://inaturalist-open-data.s3.amazonaws.com/photos/632899473/large.jpg,https://inaturalist-open-data.s3.amazonaws.com/photos/632899473/original.jpg,data/raw/korimako/632899473.jpg,552393,0c284bea91a955703995c1414ba21e21,2048,1365,2026-09-11T17:20:30+1200,train
korimako,bird,Korimako,Anthornis melanura,180737274,314884306,cc-by,"(c) Andrew Parker, some rights reserved (CC BY)",2014-01-08,413425,Anthornis melanura melanura,https://inaturalist-open-data.s3.amazonaws.com/photos/314884306/large.jpg,https://inaturalist-open-data.s3.amazonaws.com/photos/314884306/original.jpg,data/raw/korimako/314884306.jpg,124592,3146d0e9668c9a0ce2d374f92cc26cf9,1749,1920,2026-09-11T17:20:30+1200,train
korimako,bird,Korimako,Anthornis melanura,263438412,473260445,cc-by,"(c) ian_mcallan, some rights reserved (CC BY)",2025-02-18,12612,Anthornis melanura,https://inaturalist-open-data.s3.amazonaws.com/photos/473260445/large.jpeg,https://inaturalist-open-data.s3.amazonaws.com/photos/473260445/original.jpeg,data/raw/korimako/473260445.jpg,231267,b3ca1fc498fe39a944245a52d43d969f,2048,1536,2026-09-11T17:20:30+1200,train
korimako,bird,Korimako,Anthornis melanura,372762307,681184221,cc-by,"(c) Emma Naylor, some rights reserved (CC BY)",2026-06-18,12612,Anthornis melanura,https://inaturalist-open-data.s3.amazonaws.com/photos/681184221/large.jpg,https://inaturalist-open-data.s3.amazonaws.com/photos/681184221/original.jpg,data/raw/korimako/681184221.jpg,735975,01e772f8cac54007035894197401d87f,1378,1378,2026-09-11T17:20:30+1200,train
korimako,bird,Korimako,Anthornis melanura,213096297,376588996,cc-by,"(c) Jon Sullivan, some rights reserved (CC BY)",2024-04-28,12612,Anthornis melanura,https://inaturalist-open-data.s3.amazonaws.com/photos/376588996/large.jpg,https://inaturalist-open-data.s3.amazonaws.com/photos/376588996/original.jpg,data/raw/korimako/376588996.jpg,170962,3b9e8603b6b102d129a840c5b8aae140,2048,1368,2026-09-11T17:20:30+1200,train
korimako,bird,Korimako,Anthornis melanura,143231269,245616925,cc-by,"(c) Richard Littauer, some rights reserved (CC BY)",2022-11-25,12612,Anthornis melanura,https://inaturalist-open-data.s3.amazonaws.com/photos/245616925/large.jpg,https://inaturalist-open-data.s3.amazonaws.com/photos/245616925/original.jpg,data/raw/korimako/245616925.jpg,617912,ec7e3d19e3cd24e78066114e9f183265,2048,1365,2026-09-11T17:20:30+1200,train
korimako,bird,Korimako,Anthornis melanura,277560928,498384600,cc-by,"(c) Jon Sullivan, some rights reserved (CC BY)",2025-04-26,413425,Anthornis melanura melanura,https://inaturalist-open-data.s3.amazonaws.com/photos/498384600/large.jpg,https://inaturalist-open-data.s3.amazonaws.com/photos/498384600/original.jpg,data/raw/korimako/498384600.jpg,206664,ff825abcf26719ea559cd5b0e46ed867,2048,1367,2026-09-11T17:20:30+1200,train
korimako,bird,Korimako,Anthornis melanura,357850757,652717766,cc-by,"(c) Jon Sullivan, some rights reserved (CC BY)",2026-04-25,12612,Anthornis melanura,https://inaturalist-open-data.s3.amazonaws.com/photos/652717766/large.jpg,https://inaturalist-open-data.s3.amazonaws.com/photos/652717766/original.jpg,data/raw/korimako/652717766.jpg,292760,9bad5011f0c988473fec0151820b3506,2048,1365,2026-09-11T17:20:30+1200,train
korimako,bird,Korimako,Anthornis melanura,276925347,497265850,cc-by,"(c) William Harland, some rights reserved (CC BY)",2025-04-27,413425,Anthornis melanura melanura,https://inaturalist-open-data.s3.amazonaws.com/photos/497265850/large.jpeg,https://inaturalist-open-data.s3.amazonaws.com/photos/497265850/original.jpeg,data/raw/korimako/497265850.jpg,123063,a93a805bb7fa32056d8cdc3371b0efb5,2023,2048,2026-09-11T17:20:30+1200,train
korimako,bird,Korimako,Anthornis melanura,306954919,553604923,cc-by,"(c) Frank Ashwood, some rights reserved (CC BY)",2025-08-17,413425,Anthornis melanura melanura,https://inaturalist-open-data.s3.amazonaws.com/photos/553604923/large.jpg,https://inaturalist-open-data.s3.amazonaws.com/photos/553604923/original.jpg,data/raw/korimako/553604923.jpg,663166,9167bdb9c1ce33533d4950742f827a90,744,1323,2026-09-11T17:20:30+1200,train
korimako,bird,Korimako,Anthornis melanura,360148176,657012103,cc-by,"(c) Jon Sullivan, some rights reserved (CC BY)",2026-04-27,413425,Anthornis melanura melanura,https://inaturalist-open-data.s3.amazonaws.com/photos/657012103/large.jpg,https://inaturalist-open-data.s3.amazonaws.com/photos/657012103/original.jpg,data/raw/korimako/657012103.jpg,239748,e9cd5c3288116675e0090c2a73900027,2048,1367,2026-09-11T17:20:30+1200,train
korimako,bird,Korimako,Anthornis melanura,359769831,656216374,cc-by,"(c) Jon Sullivan, some rights reserved (CC BY)",2026-04-26,413425,Anthornis melanura melanura,https://inaturalist-open-data.s3.amazonaws.com/photos/656216374/large.jpg,https://inaturalist-open-data.s3.amazonaws.com/photos/656216374/original.jpg,data/raw/korimako/656216374.jpg,498538,341b8b4e86c072b59f5f5148736b3e8f,2048,1365,2026-09-11T17:20:30+1200,train
korimako,bird,Korimako,Anthornis melanura,269558724,484490366,cc-by,"(c) sam-rajnikant, some rights reserved (CC BY)",2025-03-16,12612,Anthornis melanura,https://inaturalist-open-data.s3.amazonaws.com/photos/484490366/large.jpeg,https://inaturalist-open-data.s3.amazonaws.com/photos/484490366/original.jpeg,data/raw/korimako/484490366.jpg,448376,1d86df49bce087bb8d72dbfc5ed93c6f,2048,1365,2026-09-11T17:20:30+1200,train
korimako,bird,Korimako,Anthornis melanura,269434364,484448790,cc-by,"(c) Jon Sullivan, some rights reserved (CC BY)",2025-03-08,12612,Anthornis melanura,https://inaturalist-open-data.s3.amazonaws.com/photos/484448790/large.jpg,https://inaturalist-open-data.s3.amazonaws.com/photos/484448790/original.jpg,data/raw/korimako/484448790.jpg,612818,049f7536e4b848094859fd0b71e2efee,2048,1536,2026-09-11T17:20:30+1200,train
korimako,bird,Korimako,Anthornis melanura,263257612,472908733,cc-by,"(c) ian_mcallan, some rights reserved (CC BY)",2025-02-17,12612,Anthornis melanura,https://inaturalist-open-data.s3.amazonaws.com/photos/472908733/large.jpeg,https://inaturalist-open-data.s3.amazonaws.com/photos/472908733/original.jpeg,data/raw/korimako/472908733.jpg,204091,f4d9ebd8007b77e8270721a0260e42cb,2048,1536,2026-09-11T17:20:30+1200,train
korimako,bird,Korimako,Anthornis melanura,1175820,1483643,cc-by,"(c) Joe Potter Butler, some rights reserved (CC BY)",2015-01-13,413425,Anthornis melanura melanura,https://inaturalist-open-data.s3.amazonaws.com/photos/1483643/large.JPG,https://inaturalist-open-data.s3.amazonaws.com/photos/1483643/original.JPG,data/raw/korimako/1483643.jpg,363301,b1b79d5e00653d9d32ad5fa52c67b8c3,2048,1365,2026-09-11T17:20:30+1200,train
korimako,bird,Korimako,Anthornis melanura,172580216,299614491,cc-by,"(c) Aalbert Rebergen, some rights reserved (CC BY)",2023-07-11,413425,Anthornis melanura melanura,https://inaturalist-open-data.s3.amazonaws.com/photos/299614491/large.jpeg,https://inaturalist-open-data.s3.amazonaws.com/photos/299614491/original.jpeg,data/raw/korimako/299614491.jpg,226503,2ddb3a3c64b59f720362566df78e1476,1235,825,2026-09-11T17:20:30+1200,train
korimako,bird,Korimako,Anthornis melanura,5412411,6652827,cc-by,"(c) melianie_max_and_asker, some rights reserved (CC BY)",2017-03-20,413425,Anthornis melanura melanura,https://inaturalist-open-data.s3.amazonaws.com/photos/6652827/large.jpeg,https://inaturalist-open-data.s3.amazonaws.com/photos/6652827/original.jpeg,data/raw/korimako/6652827.jpg,324904,ed26432a3279f848cdd457ca373c2ed7,1367,2048,2026-09-11T17:20:30+1200,train
korimako,bird,Korimako,Anthornis melanura,201835989,356382384,cc-by,"(c) Svend Hansen, some rights reserved (CC BY)",2024-03-10,413425,Anthornis melanura melanura,https://inaturalist-open-data.s3.amazonaws.com/photos/356382384/large.jpeg,https://inaturalist-open-data.s3.amazonaws.com/photos/356382384/original.jpeg,data/raw/korimako/356382384.jpg,386664,eaab8cbc48f5b761c32ddc102b0ede38,1152,2048,2026-09-11T17:20:30+1200,train
korimako,bird,Korimako,Anthornis melanura,248410238,443849080,cc-by,"(c) Svend Hansen, some rights reserved (CC BY)",2024-10-21,413425,Anthornis melanura melanura,https://inaturalist-open-data.s3.amazonaws.com/photos/443849080/large.jpg,https://inaturalist-open-data.s3.amazonaws.com/photos/443849080/original.jpg,data/raw/korimako/443849080.jpg,318663,bf7d44a60b9e1be27d0e4d739b6d77a7,1152,2048,2026-09-11T17:20:30+1200,train
korimako,bird,Korimako,Anthornis melanura,263716290,473809130,cc-by,"(c) Svend Hansen, some rights reserved (CC BY)",2025-03-03,413425,Anthornis melanura melanura,https://inaturalist-open-data.s3.amazonaws.com/photos/473809130/large.jpeg,https://inaturalist-open-data.s3.amazonaws.com/photos/473809130/original.jpeg,data/raw/korimako/473809130.jpg,617932,34904b4a4f35b75b93b23565c9c92b46,1152,2048,2026-09-11T17:20:30+1200,train
korimako,bird,Korimako,Anthornis melanura,96630604,160558884,cc0,no rights reserved,2021-09-01,413425,Anthornis melanura melanura,https://inaturalist-open-data.s3.amazonaws.com/photos/160558884/large.jpg,https://inaturalist-open-data.s3.amazonaws.com/photos/160558884/original.jpg,data/raw/korimako/160558884.jpg,200282,262197831770b4e1744d1def282e0896,2048,1365,2026-09-11T17:20:30+1200,train
korimako,bird,Korimako,Anthornis melanura,3871123,4539461,cc-by,"(c) Jon Sullivan, some rights reserved (CC BY)",2016-07-03,12612,Anthornis melanura,https://inaturalist-open-data.s3.amazonaws.com/photos/4539461/large.jpg,https://inaturalist-open-data.s3.amazonaws.com/photos/4539461/original.jpg,data/raw/korimako/4539461.jpg,342189,dac04ff2796d501c51c56d05b4377a99,2048,1365,2026-09-11T17:20:30+1200,train
korimako,bird,Korimako,Anthornis melanura,3871127,4539465,cc-by,"(c) Jon Sullivan, some rights reserved (CC BY)",2016-07-02,12612,Anthornis melanura,https://inaturalist-open-data.s3.amazonaws.com/photos/4539465/large.jpg,https://inaturalist-open-data.s3.amazonaws.com/photos/4539465/original.jpg,data/raw/korimako/4539465.jpg,236303,174cc7a6cdc182302a6a6b55d4309b5e,1364,2048,2026-09-11T17:20:30+1200,train
korimako,bird,Korimako,Anthornis melanura,4507323,5451709,cc-by,"(c) Jon Sullivan, some rights reserved (CC BY)",2016-11-03,12612,Anthornis melanura,https://inaturalist-open-data.s3.amazonaws.com/photos/5451709/large.jpg,https://inaturalist-open-data.s3.amazonaws.com/photos/5451709/original.jpg,data/raw/korimako/5451709.jpg,372516,8885f614dd188198236f1f498f10be70,2048,1536,2026-09-11T17:20:30+1200,train
korimako,bird,Korimako,Anthornis melanura,388954084,712433046,cc-by,"(c) Aalbert Rebergen, some rights reserved (CC BY)",2026-08-06,12612,Anthornis melanura,https://inaturalist-open-data.s3.amazonaws.com/photos/712433046/large.jpg,https://inaturalist-open-data.s3.amazonaws.com/photos/712433046/original.jpg,data/raw/korimako/712433046.jpg,182246,e69b3abca641c3911d311163973d149f,2048,1368,2026-09-11T17:20:30+1200,train
korimako,bird,Korimako,Anthornis melanura,1016061,1198862,cc-by,"(c) Tim Park, some rights reserved (CC BY)",2014-09-12,413425,Anthornis melanura melanura,https://inaturalist-open-data.s3.amazonaws.com/photos/1198862/large.jpg,https://inaturalist-open-data.s3.amazonaws.com/photos/1198862/original.jpg,data/raw/korimako/1198862.jpg,333100,b48f5b8fce6ead2dfa5108a591681349,2048,1536,2026-09-11T17:20:30+1200,train
korimako,bird,Korimako,Anthornis melanura,41804991,66332344,cc-by,"(c) Jon Sullivan, some rights reserved (CC BY)",2020-04-04,413425,Anthornis melanura melanura,https://inaturalist-open-data.s3.amazonaws.com/photos/66332344/large.jpg,https://inaturalist-open-data.s3.amazonaws.com/photos/66332344/original.jpg,data/raw/korimako/66332344.jpg,176264,1687fcf47b53c90d716944d5b12a0349,2048,1369,2026-09-11T17:20:30+1200,train
korimako,bird,Korimako,Anthornis melanura,19993832,30858251,cc-by,"(c) Sebastian Doak, some rights reserved (CC BY)",2019-01-31,413425,Anthornis melanura melanura,https://inaturalist-open-data.s3.amazonaws.com/photos/30858251/large.jpg,https://inaturalist-open-data.s3.amazonaws.com/photos/30858251/original.jpg,data/raw/korimako/30858251.jpg,452388,749cfbf37b1ed81e37dbd18828bfa334,1080,835,2026-09-11T17:20:30+1200,train
korimako,bird,Korimako,Anthornis melanura,16012858,23982645,cc0,no rights reserved,2018-08-26,413425,Anthornis melanura melanura,https://inaturalist-open-data.s3.amazonaws.com/photos/23982645/large.jpg,https://inaturalist-open-data.s3.amazonaws.com/photos/23982645/original.jpg,data/raw/korimako/23982645.jpg,512329,a89498147b5c5c9b2c8bb7689c03c4cc,2048,1536,2026-09-11T17:20:30+1200,train
korimako,bird,Korimako,Anthornis melanura,107070543,180005852,cc0,no rights reserved,2022-02-17,413425,Anthornis melanura melanura,https://inaturalist-open-data.s3.amazonaws.com/photos/180005852/large.jpg,https://inaturalist-open-data.s3.amazonaws.com/photos/180005852/original.jpg,data/raw/korimako/180005852.jpg,462347,54b34af6f82f0eb9b022630b1009e784,2048,1365,2026-09-11T17:20:30+1200,train
korimako,bird,Korimako,Anthornis melanura,27912909,43475952,cc-by,"(c) John Barkla, some rights reserved (CC BY)",2019-06-30,413425,Anthornis melanura melanura,https://inaturalist-open-data.s3.amazonaws.com/photos/43475952/large.jpg,https://inaturalist-open-data.s3.amazonaws.com/photos/43475952/original.jpg,data/raw/korimako/43475952.jpg,157636,9fc8f0f053fc0fed55792c0d3be6a927,2048,1366,2026-09-11T17:20:30+1200,train
korimako,bird,Korimako,Anthornis melanura,34753722,54734450,cc0,no rights reserved,2019-10-23,413425,Anthornis melanura melanura,https://inaturalist-open-data.s3.amazonaws.com/photos/54734450/large.jpeg,https://inaturalist-open-data.s3.amazonaws.com/photos/54734450/original.jpeg,data/raw/korimako/54734450.jpg,627039,516dfd11532528d133ac61fec9546f02,1536,2048,2026-09-11T17:20:30+1200,train
korimako,bird,Korimako,Anthornis melanura,30912411,48326970,cc-by,"(c) Jacqui Geux, some rights reserved (CC BY)",2019-08-15,413425,Anthornis melanura melanura,https://inaturalist-open-data.s3.amazonaws.com/photos/48326970/large.jpeg,https://inaturalist-open-data.s3.amazonaws.com/photos/48326970/original.jpeg,data/raw/korimako/48326970.jpg,139230,04efc71e7b220af3e56414d0ce6b97f8,1600,1200,2026-09-11T17:20:30+1200,train
korimako,bird,Korimako,Anthornis melanura,16363195,24600508,cc0,no rights reserved,2018-08-30,413425,Anthornis melanura melanura,https://inaturalist-open-data.s3.amazonaws.com/photos/24600508/large.jpg,https://inaturalist-open-data.s3.amazonaws.com/photos/24600508/original.jpg,data/raw/korimako/24600508.jpg,378161,8e15f2d16b494a76386576cca0d6c09e,2048,1536,2026-09-11T17:20:30+1200,train
korimako,bird,Korimako,Anthornis melanura,2410483,2690694,cc-by,"(c) Joe Potter Butler, some rights reserved (CC BY)",2015-11-22,413425,Anthornis melanura melanura,https://inaturalist-open-data.s3.amazonaws.com/photos/2690694/large.JPG,https://inaturalist-open-data.s3.amazonaws.com/photos/2690694/original.JPG,data/raw/korimako/2690694.jpg,465355,7098c335ba467b711d0ed439009f285b,2048,1365,2026-09-11T17:20:30+1200,train
korimako,bird,Korimako,Anthornis melanura,253570207,454048354,cc-by,"(c) Michael Berardozzi, some rights reserved (CC BY)",2024-11-30,413425,Anthornis melanura melanura,https://inaturalist-open-data.s3.amazonaws.com/photos/454048354/large.jpeg,https://inaturalist-open-data.s3.amazonaws.com/photos/454048354/original.jpeg,data/raw/korimako/454048354.jpg,174574,3c63b3c4e4cff52db6d593588c3a1829,1282,1085,2026-09-11T17:20:30+1200,train
korimako,bird,Korimako,Anthornis melanura,193931935,340757279,cc-by,"(c) bythepark, some rights reserved (CC BY)",2023-12-14,413425,Anthornis melanura melanura,https://inaturalist-open-data.s3.amazonaws.com/photos/340757279/large.jpeg,https://inaturalist-open-data.s3.amazonaws.com/photos/340757279/original.jpeg,data/raw/korimako/340757279.jpg,575525,515a31be2c41e38a2e464331cb6dc6db,1332,2048,2026-09-11T17:20:30+1200,train
korimako,bird,Korimako,Anthornis melanura,209917098,371386252,cc-by,"(c) Huey, some rights reserved (CC BY)",2024-04-12,413425,Anthornis melanura melanura,https://inaturalist-open-data.s3.amazonaws.com/photos/371386252/large.jpeg,https://inaturalist-open-data.s3.amazonaws.com/photos/371386252/original.jpeg,data/raw/korimako/371386252.jpg,348264,f6dbaa288d2a14456264bc6538193263,918,918,2026-09-11T17:20:30+1200,train
korimako,bird,Korimako,Anthornis melanura,239108158,425796663,cc-by,"(c) William Harland, some rights reserved (CC BY)",2018-01-22,413425,Anthornis melanura melanura,https://inaturalist-open-data.s3.amazonaws.com/photos/425796663/large.jpeg,https://inaturalist-open-data.s3.amazonaws.com/photos/425796663/original.jpeg,data/raw/korimako/425796663.jpg,156073,d42244f4bbbcccd62618029bd42588ca,2048,1272,2026-09-11T17:20:30+1200,train
korimako,bird,Korimako,Anthornis melanura,155507759,268814587,cc0,no rights reserved,2023-04-16,413425,Anthornis melanura melanura,https://inaturalist-open-data.s3.amazonaws.com/photos/268814587/large.jpeg,https://inaturalist-open-data.s3.amazonaws.com/photos/268814587/original.jpeg,data/raw/korimako/268814587.jpg,628458,c1bf4ee5e566c6005a2c837c7be8d360,2048,1536,2026-09-11T17:20:30+1200,train
korimako,bird,Korimako,Anthornis melanura,186383496,325710684,cc0,no rights reserved,2023-06-24,413425,Anthornis melanura melanura,https://inaturalist-open-data.s3.amazonaws.com/photos/325710684/large.jpeg,https://inaturalist-open-data.s3.amazonaws.com/photos/325710684/original.jpeg,data/raw/korimako/325710684.jpg,123430,554b2d291d8fb6142e84069920b0db27,2048,1536,2026-09-11T17:20:30+1200,train
korimako,bird,Korimako,Anthornis melanura,107096899,180055184,cc-by,"(c) Paul Bell-Butler, some rights reserved (CC BY)",2022-02-20,413425,Anthornis melanura melanura,https://inaturalist-open-data.s3.amazonaws.com/photos/180055184/large.jpeg,https://inaturalist-open-data.s3.amazonaws.com/photos/180055184/original.jpeg,data/raw/korimako/180055184.jpg,535832,77f7208477b1db40f9a860ee858b4bcc,2048,1536,2026-09-11T17:20:30+1200,train
korimako,bird,Korimako,Anthornis melanura,108007883,181764598,cc0,no rights reserved,2022-03-06,413425,Anthornis melanura melanura,https://inaturalist-open-data.s3.amazonaws.com/photos/181764598/large.jpeg,https://inaturalist-open-data.s3.amazonaws.com/photos/181764598/original.jpeg,data/raw/korimako/181764598.jpg,883853,cad46989b660bfc08b38e90226e408c7,1536,2048,2026-09-11T17:20:30+1200,train
korimako,bird,Korimako,Anthornis melanura,115669963,195223917,cc-by,"(c) Jon Sullivan, some rights reserved (CC BY)",2022-04-30,413425,Anthornis melanura melanura,https://inaturalist-open-data.s3.amazonaws.com/photos/195223917/large.jpg,https://inaturalist-open-data.s3.amazonaws.com/photos/195223917/original.jpg,data/raw/korimako/195223917.jpg,229791,27139c991238334be1c925a18dbb8cd0,2048,1367,2026-09-11T17:20:30+1200,train
korimako,bird,Korimako,Anthornis melanura,115536116,194993309,cc-by,"(c) Jon Sullivan, some rights reserved (CC BY)",2022-05-02,413425,Anthornis melanura melanura,https://inaturalist-open-data.s3.amazonaws.com/photos/194993309/large.jpg,https://inaturalist-open-data.s3.amazonaws.com/photos/194993309/original.jpg,data/raw/korimako/194993309.jpg,445254,6f857131fc7840d361ab3405cbae5c8b,1014,760,2026-09-11T17:20:30+1200,train
korimako,bird,Korimako,Anthornis melanura,166684120,288666221,cc0,no rights reserved,2023-06-11,413425,Anthornis melanura melanura,https://inaturalist-open-data.s3.amazonaws.com/photos/288666221/large.jpg,https://inaturalist-open-data.s3.amazonaws.com/photos/288666221/original.jpg,data/raw/korimako/288666221.jpg,216711,9f706a24c0c728ea61b62d772483b68b,1536,2048,2026-09-11T17:20:30+1200,train
korimako,bird,Korimako,Anthornis melanura,249974537,446964472,cc-by,"(c) Pierre Tellier, some rights reserved (CC BY)",2018-12-20,413425,Anthornis melanura melanura,https://inaturalist-open-data.s3.amazonaws.com/photos/446964472/large.jpeg,https://inaturalist-open-data.s3.amazonaws.com/photos/446964472/original.jpeg,data/raw/korimako/446964472.jpg,185850,aa615c9b60d2455c54dbffe11f4d0603,2048,1364,2026-09-11T17:20:30+1200,train
korimako,bird,Korimako,Anthornis melanura,357839563,652665857,cc-by,"(c) Jon Sullivan, some rights reserved (CC BY)",2026-04-25,413425,Anthornis melanura melanura,https://inaturalist-open-data.s3.amazonaws.com/photos/652665857/large.jpg,https://inaturalist-open-data.s3.amazonaws.com/photos/652665857/original.jpg,data/raw/korimako/652665857.jpg,167345,f6600016b3f7d8fe1e0e6120a225bf8c,2048,1367,2026-09-11T17:20:30+1200,train
korimako,bird,Korimako,Anthornis melanura,356763076,650628229,cc-by,"(c) PampaSorro, some rights reserved (CC BY)",2026-04-30,12612,Anthornis melanura,https://inaturalist-open-data.s3.amazonaws.com/photos/650628229/large.jpg,https://inaturalist-open-data.s3.amazonaws.com/photos/650628229/original.jpg,data/raw/korimako/650628229.jpg,196712,9290a00d1d4bc16d4f93c7c726db90fe,2048,1536,2026-09-11T17:20:30+1200,train
korimako,bird,Korimako,Anthornis melanura,319234813,577043315,cc-by,"(c) Jannis Ackermann, some rights reserved (CC BY)",2022-12-04,12612,Anthornis melanura,https://inaturalist-open-data.s3.amazonaws.com/photos/577043315/large.jpg,https://inaturalist-open-data.s3.amazonaws.com/photos/577043315/original.jpg,data/raw/korimako/577043315.jpg,471295,a85e37b7cec8b3b4450c5819b190c68b,2048,1365,2026-09-11T17:20:30+1200,train
korimako,bird,Korimako,Anthornis melanura,324387090,587114375,cc-by,"(c) Jon Sullivan, some rights reserved (CC BY)",2025-10-24,12612,Anthornis melanura,https://inaturalist-open-data.s3.amazonaws.com/photos/587114375/large.jpg,https://inaturalist-open-data.s3.amazonaws.com/photos/587114375/original.jpg,data/raw/korimako/587114375.jpg,232005,d98dfb04a293db4799e2f63bd6efdb61,2048,1367,2026-09-11T17:20:30+1200,train
korimako,bird,Korimako,Anthornis melanura,234486240,416867566,cc-by,"(c) William Harland, some rights reserved (CC BY)",2024-08-04,413425,Anthornis melanura melanura,https://inaturalist-open-data.s3.amazonaws.com/photos/416867566/large.jpeg,https://inaturalist-open-data.s3.amazonaws.com/photos/416867566/original.jpeg,data/raw/korimako/416867566.jpg,101280,552b01bcc48497e442697e4e4ff7a796,2048,1367,2026-09-11T17:20:30+1200,train
korimako,bird,Korimako,Anthornis melanura,237532055,422746501,cc-by,"(c) Angus Campbell, some rights reserved (CC BY)",2024-08-23,413425,Anthornis melanura melanura,https://inaturalist-open-data.s3.amazonaws.com/photos/422746501/large.jpeg,https://inaturalist-open-data.s3.amazonaws.com/photos/422746501/original.jpeg,data/raw/korimako/422746501.jpg,738935,2289391c67f7ce8ea97bc5ed2b076403,1536,2048,2026-09-11T17:20:30+1200,train
korimako,bird,Korimako,Anthornis melanura,2953943,3388631,cc-by,"(c) John Barkla, some rights reserved (CC BY)",2016-04-17,12612,Anthornis melanura,https://inaturalist-open-data.s3.amazonaws.com/photos/3388631/large.jpg,https://inaturalist-open-data.s3.amazonaws.com/photos/3388631/original.jpg,data/raw/korimako/3388631.jpg,162319,c0dfd8993ab88cd1e9fee7c22fbe7afb,2048,1365,2026-09-11T17:20:30+1200,train
korimako,bird,Korimako,Anthornis melanura,1503920,1863007,cc-by,"(c) Lisa Bennett, some rights reserved (CC BY)",2008-12-15,12612,Anthornis melanura,https://inaturalist-open-data.s3.amazonaws.com/photos/1863007/large.jpg,https://inaturalist-open-data.s3.amazonaws.com/photos/1863007/original.jpg,data/raw/korimako/1863007.jpg,54995,b7f75e89cc9a3763e09b6e2ac27b8764,604,453,2026-09-11T17:20:30+1200,train
korimako,bird,Korimako,Anthornis melanura,2640377,2961936,cc-by,"(c) Jon Sullivan, some rights reserved (CC BY)",2016-01-28,12612,Anthornis melanura,https://inaturalist-open-data.s3.amazonaws.com/photos/2961936/large.jpg,https://inaturalist-open-data.s3.amazonaws.com/photos/2961936/original.jpg,data/raw/korimako/2961936.jpg,123715,6ab0a2c89ef7b3c9125c3960d2b68f2a,2048,1365,2026-09-11T17:20:30+1200,train
korimako,bird,Korimako,Anthornis melanura,3872414,4541306,cc-by,"(c) Jon Sullivan, some rights reserved (CC BY)",2016-06-26,12612,Anthornis melanura,https://inaturalist-open-data.s3.amazonaws.com/photos/4541306/large.jpg,https://inaturalist-open-data.s3.amazonaws.com/photos/4541306/original.jpg,data/raw/korimako/4541306.jpg,100129,79d2994d123ac98f83464b929d769697,1261,840,2026-09-11T17:20:30+1200,train
korimako,bird,Korimako,Anthornis melanura,1602439,1970264,cc-by,"(c) Jon Sullivan, some rights reserved (CC BY)",2015-05-31,12612,Anthornis melanura,https://inaturalist-open-data.s3.amazonaws.com/photos/1970264/large.jpg,https://inaturalist-open-data.s3.amazonaws.com/photos/1970264/original.jpg,data/raw/korimako/1970264.jpg,243907,843bcc0f29b06bd779656c9aea9c0183,1365,2048,2026-09-11T17:20:30+1200,train
korimako,bird,Korimako,Anthornis melanura,1602441,1970268,cc-by,"(c) Jon Sullivan, some rights reserved (CC BY)",2015-05-31,12612,Anthornis melanura,https://inaturalist-open-data.s3.amazonaws.com/photos/1970268/large.jpg,https://inaturalist-open-data.s3.amazonaws.com/photos/1970268/original.jpg,data/raw/korimako/1970268.jpg,244790,5210dcf822807e1d4c5dbea9a1dc390b,1365,2048,2026-09-11T17:20:30+1200,train
korimako,bird,Korimako,Anthornis melanura,21103289,32614993,cc-by,"(c) Jacqui Geux, some rights reserved (CC BY)",2019-03-09,413425,Anthornis melanura melanura,https://inaturalist-open-data.s3.amazonaws.com/photos/32614993/large.jpeg,https://inaturalist-open-data.s3.amazonaws.com/photos/32614993/original.jpeg,data/raw/korimako/32614993.jpg,106343,71cc803e0d9add89923251bbfdc7fa5a,1600,1200,2026-09-11T17:20:30+1200,train
korimako,bird,Korimako,Anthornis melanura,80991419,132822836,cc-by,"(c) Lisa Bennett, some rights reserved (CC BY)",2021-05-31,413425,Anthornis melanura melanura,https://inaturalist-open-data.s3.amazonaws.com/photos/132822836/large.jpg,https://inaturalist-open-data.s3.amazonaws.com/photos/132822836/original.jpg,data/raw/korimako/132822836.jpg,398503,4f024c070cc64df1b7dd02ca22a12120,1536,2048,2026-09-11T17:20:30+1200,train
korimako,bird,Korimako,Anthornis melanura,324464265,587274381,cc-by,"(c) Mike Bowie, some rights reserved (CC BY)",2025-11-02,413425,Anthornis melanura melanura,https://inaturalist-open-data.s3.amazonaws.com/photos/587274381/large.jpg,https://inaturalist-open-data.s3.amazonaws.com/photos/587274381/original.jpg,data/raw/korimako/587274381.jpg,829077,194aa5bae98dbeee43aa1f3379930ea7,1513,2048,2026-09-11T17:20:30+1200,train
korimako,bird,Korimako,Anthornis melanura,236628188,420998049,cc-by,"(c) Oscar Dove, some rights reserved (CC BY)",2020-07-05,413425,Anthornis melanura melanura,https://inaturalist-open-data.s3.amazonaws.com/photos/420998049/large.jpeg,https://inaturalist-open-data.s3.amazonaws.com/photos/420998049/original.jpeg,data/raw/korimako/420998049.jpg,422064,ff8b0ab79d894312b7df3e32dd61d746,2048,1365,2026-09-11T17:20:30+1200,train
korimako,bird,Korimako,Anthornis melanura,41261,68363,cc-by,"(c) Pierre Tellier, some rights reserved (CC BY)",2011-11-13,413425,Anthornis melanura melanura,https://inaturalist-open-data.s3.amazonaws.com/photos/68363/large.JPG,https://inaturalist-open-data.s3.amazonaws.com/photos/68363/original.JPG,data/raw/korimako/68363.jpg,181759,37fd670fd2f8503363ba1cab8150eabf,1280,853,2026-09-11T17:20:30+1200,train
korimako,bird,Korimako,Anthornis melanura,335140934,608775564,cc-by,"(c) William Harland, some rights reserved (CC BY)",2026-01-12,413425,Anthornis melanura melanura,https://inaturalist-open-data.s3.amazonaws.com/photos/608775564/large.jpg,https://inaturalist-open-data.s3.amazonaws.com/photos/608775564/original.jpg,data/raw/korimako/608775564.jpg,72370,dd20a16b63b3242379a789cec7e16539,2048,1179,2026-09-11T17:20:30+1200,train
korimako,bird,Korimako,Anthornis melanura,336414957,611327318,cc-by,"(c) Charlotte Sutton, some rights reserved (CC BY)",2025-11-27,413425,Anthornis melanura melanura,https://inaturalist-open-data.s3.amazonaws.com/photos/611327318/large.jpg,https://inaturalist-open-data.s3.amazonaws.com/photos/611327318/original.jpg,data/raw/korimako/611327318.jpg,900700,99e9c4aebaa6963c948350f91b249ed4,2048,1538,2026-09-11T17:20:30+1200,train
korimako,bird,Korimako,Anthornis melanura,315083755,569153885,cc0,no rights reserved,2025-09-19,12612,Anthornis melanura,https://inaturalist-open-data.s3.amazonaws.com/photos/569153885/large.jpg,https://inaturalist-open-data.s3.amazonaws.com/photos/569153885/original.jpg,data/raw/korimako/569153885.jpg,286583,4d85b0572d7fe03f998657b14e608337,2048,1366,2026-09-11T17:20:30+1200,train
korimako,bird,Korimako,Anthornis melanura,314532854,568100671,cc-by,"(c) Alison Copeland, some rights reserved (CC BY)",2025-09-10,12612,Anthornis melanura,https://inaturalist-open-data.s3.amazonaws.com/photos/568100671/large.jpg,https://inaturalist-open-data.s3.amazonaws.com/photos/568100671/original.jpg,data/raw/korimako/568100671.jpg,138489,1764dd70e738afa55d7b8df43f2fa7b2,1195,763,2026-09-11T17:20:30+1200,train
korimako,bird,Korimako,Anthornis melanura,314791751,568596135,cc-by,"(c) Alison Copeland, some rights reserved (CC BY)",2025-09-07,12612,Anthornis melanura,https://inaturalist-open-data.s3.amazonaws.com/photos/568596135/large.jpg,https://inaturalist-open-data.s3.amazonaws.com/photos/568596135/original.jpg,data/raw/korimako/568596135.jpg,367637,f3696e3c516afffccdd801d9ae6b24df,2048,1475,2026-09-11T17:20:30+1200,train
house_sparrow,bird,House sparrow,Passer domesticus,272798437,490791577,cc-by,"(c) Halema J, some rights reserved (CC BY)",2025-04-25,13858,Passer domesticus,https://inaturalist-open-data.s3.amazonaws.com/photos/490791577/large.jpeg,https://inaturalist-open-data.s3.amazonaws.com/photos/490791577/original.jpeg,data/raw/house_sparrow/490791577.jpg,520646,884f9675373fa79ab1df2fd8beb681fa,2048,1365,2026-09-11T17:21:33+1200,train
house_sparrow,bird,House sparrow,Passer domesticus,274622383,493661313,cc-by,"(c) kiwialli, some rights reserved (CC BY)",2025-04-27,13858,Passer domesticus,https://inaturalist-open-data.s3.amazonaws.com/photos/493661313/large.jpeg,https://inaturalist-open-data.s3.amazonaws.com/photos/493661313/original.jpeg,data/raw/house_sparrow/493661313.jpg,559416,a64aafded407549828db61c52386a20d,1865,1398,2026-09-11T17:21:33+1200,train
house_sparrow,bird,House sparrow,Passer domesticus,320982416,580434730,cc-by,"(c) William Harland, some rights reserved (CC BY)",2025-09-20,13858,Passer domesticus,https://inaturalist-open-data.s3.amazonaws.com/photos/580434730/large.jpg,https://inaturalist-open-data.s3.amazonaws.com/photos/580434730/original.jpg,data/raw/house_sparrow/580434730.jpg,57396,31b3236bd716e1c9400e610e87c0c988,2048,1251,2026-09-11T17:21:33+1200,train
house_sparrow,bird,House sparrow,Passer domesticus,320600166,579681487,cc-by,"(c) William Harland, some rights reserved (CC BY)",2025-09-20,13858,Passer domesticus,https://inaturalist-open-data.s3.amazonaws.com/photos/579681487/large.jpg,https://inaturalist-open-data.s3.amazonaws.com/photos/579681487/original.jpg,data/raw/house_sparrow/579681487.jpg,52068,05dccc319318ca38b28999a7dfdfe666,2048,1227,2026-09-11T17:21:33+1200,train
house_sparrow,bird,House sparrow,Passer domesticus,328308288,594890399,cc-by,"(c) M Rutherford, some rights reserved (CC BY)",2025-11-26,13858,Passer domesticus,https://inaturalist-open-data.s3.amazonaws.com/photos/594890399/large.jpg,https://inaturalist-open-data.s3.amazonaws.com/photos/594890399/original.jpg,data/raw/house_sparrow/594890399.jpg,561019,2775d5143780b97964647fac730a653e,2048,1362,2026-09-11T17:21:33+1200,train
house_sparrow,bird,House sparrow,Passer domesticus,378982906,693192175,cc0,no rights reserved,2026-07-07,13858,Passer domesticus,https://inaturalist-open-data.s3.amazonaws.com/photos/693192175/large.jpg,https://inaturalist-open-data.s3.amazonaws.com/photos/693192175/original.jpg,data/raw/house_sparrow/693192175.jpg,686519,42bed242110e0076ba09f7a5cb8fe06f,2048,2048,2026-09-11T17:21:33+1200,train
house_sparrow,bird,House sparrow,Passer domesticus,329517337,597325236,cc0,no rights reserved,2025-12-05,13858,Passer domesticus,https://inaturalist-open-data.s3.amazonaws.com/photos/597325236/large.jpg,https://inaturalist-open-data.s3.amazonaws.com/photos/597325236/original.jpg,data/raw/house_sparrow/597325236.jpg,604681,8484f586b0c32abc84abb6ee562f969b,1153,2048,2026-09-11T17:21:33+1200,train
house_sparrow,bird,House sparrow,Passer domesticus,323770533,585899566,cc-by,"(c) Martin Kalfatovic, some rights reserved (CC BY)",2025-10-28,13858,Passer domesticus,https://inaturalist-open-data.s3.amazonaws.com/photos/585899566/large.jpg,https://inaturalist-open-data.s3.amazonaws.com/photos/585899566/original.jpg,data/raw/house_sparrow/585899566.jpg,447894,69b92bad4aa7cbd3dc632f8e04c32ef1,1542,2048,2026-09-11T17:21:33+1200,train
house_sparrow,bird,House sparrow,Passer domesticus,323109739,584619652,cc-by,"(c) Martin Kalfatovic, some rights reserved (CC BY)",2025-10-26,13858,Passer domesticus,https://inaturalist-open-data.s3.amazonaws.com/photos/584619652/large.jpg,https://inaturalist-open-data.s3.amazonaws.com/photos/584619652/original.jpg,data/raw/house_sparrow/584619652.jpg,498546,a991aac42b3284c118f11276a749572f,1542,2048,2026-09-11T17:21:33+1200,train
house_sparrow,bird,House sparrow,Passer domesticus,375729787,686918249,cc0,no rights reserved,2026-06-27,13858,Passer domesticus,https://inaturalist-open-data.s3.amazonaws.com/photos/686918249/large.jpg,https://inaturalist-open-data.s3.amazonaws.com/photos/686918249/original.jpg,data/raw/house_sparrow/686918249.jpg,395702,e78489e25c62fe689b74cfbb7a9c8b8c,2048,2048,2026-09-11T17:21:33+1200,train
house_sparrow,bird,House sparrow,Passer domesticus,77692957,127056472,cc-by,"(c) Jon Sullivan, some rights reserved (CC BY)",2021-04-30,544795,Passer domesticus domesticus,https://inaturalist-open-data.s3.amazonaws.com/photos/127056472/large.jpg,https://inaturalist-open-data.s3.amazonaws.com/photos/127056472/original.jpg,data/raw/house_sparrow/127056472.jpg,213876,1b83c8273f2a2b134d667e82553b8ac2,930,616,2026-09-11T17:21:33+1200,train
house_sparrow,bird,House sparrow,Passer domesticus,77226920,126286807,cc-by,"(c) Jon Sullivan, some rights reserved (CC BY)",2021-05-02,544795,Passer domesticus domesticus,https://inaturalist-open-data.s3.amazonaws.com/photos/126286807/large.jpg,https://inaturalist-open-data.s3.amazonaws.com/photos/126286807/original.jpg,data/raw/house_sparrow/126286807.jpg,191782,b2c68ed9c4ecb8a31d4f7704c6266d16,2048,1367,2026-09-11T17:21:33+1200,train
house_sparrow,bird,House sparrow,Passer domesticus,34236806,53857562,cc-by,"(c) Jacqui Geux, some rights reserved (CC BY)",2019-10-11,544795,Passer domesticus domesticus,https://inaturalist-open-data.s3.amazonaws.com/photos/53857562/large.jpeg,https://inaturalist-open-data.s3.amazonaws.com/photos/53857562/original.jpeg,data/raw/house_sparrow/53857562.jpg,148956,09699a543b4d74d066029192c8597783,2048,1536,2026-09-11T17:21:33+1200,train
house_sparrow,bird,House sparrow,Passer domesticus,52443455,83369184,cc-by,"(c) Jacqui Geux, some rights reserved (CC BY)",2020-07-09,544795,Passer domesticus domesticus,https://inaturalist-open-data.s3.amazonaws.com/photos/83369184/large.jpeg,https://inaturalist-open-data.s3.amazonaws.com/photos/83369184/original.jpeg,data/raw/house_sparrow/83369184.jpg,141771,b840c99862ae1a398536d88873e7420b,1600,1200,2026-09-11T17:21:33+1200,train
house_sparrow,bird,House sparrow,Passer domesticus,131674889,224115451,cc-by,"(c) Jenny Saito, some rights reserved (CC BY)",2022-08-21,544795,Passer domesticus domesticus,https://inaturalist-open-data.s3.amazonaws.com/photos/224115451/large.jpeg,https://inaturalist-open-data.s3.amazonaws.com/photos/224115451/original.jpeg,data/raw/house_sparrow/224115451.jpg,874671,bc75ec15ef8abdda3616401cde9659f1,2048,2048,2026-09-11T17:21:33+1200,train
house_sparrow,bird,House sparrow,Passer domesticus,212373744,375295534,cc-by,"(c) Jon Sullivan, some rights reserved (CC BY)",2024-04-27,544795,Passer domesticus domesticus,https://inaturalist-open-data.s3.amazonaws.com/photos/375295534/large.jpg,https://inaturalist-open-data.s3.amazonaws.com/photos/375295534/original.jpg,data/raw/house_sparrow/375295534.jpg,202741,83f874656379b2d09fdff55dc860fe06,2048,1367,2026-09-11T17:21:33+1200,train
house_sparrow,bird,House sparrow,Passer domesticus,222734388,394582053,cc-by,"(c) Frank Ashwood, some rights reserved (CC BY)",2024-06-15,544795,Passer domesticus domesticus,https://inaturalist-open-data.s3.amazonaws.com/photos/394582053/large.jpg,https://inaturalist-open-data.s3.amazonaws.com/photos/394582053/original.jpg,data/raw/house_sparrow/394582053.jpg,336215,d8131d954d12c9b3781aa4724c58304d,2012,2048,2026-09-11T17:21:33+1200,train
house_sparrow,bird,House sparrow,Passer domesticus,240216198,427934492,cc-by,"(c) Julia Palmer, some rights reserved (CC BY)",2024-09-07,544795,Passer domesticus domesticus,https://inaturalist-open-data.s3.amazonaws.com/photos/427934492/large.jpeg,https://inaturalist-open-data.s3.amazonaws.com/photos/427934492/original.jpeg,data/raw/house_sparrow/427934492.jpg,288177,c3a99aa100f79b6f92a1b05eea8a0a1d,2048,1365,2026-09-11T17:21:33+1200,train
house_sparrow,bird,House sparrow,Passer domesticus,149075475,256823010,cc-by,"(c) patrickc, some rights reserved (CC BY)",2022-12-31,544795,Passer domesticus domesticus,https://inaturalist-open-data.s3.amazonaws.com/photos/256823010/large.jpg,https://inaturalist-open-data.s3.amazonaws.com/photos/256823010/original.jpg,data/raw/house_sparrow/256823010.jpg,540541,95cae54d1107871d50183296423682ed,2048,1463,2026-09-11T17:21:33+1200,train
house_sparrow,bird,House sparrow,Passer domesticus,138466267,236674208,cc-by,"(c) Jenny Saito, some rights reserved (CC BY)",2022-10-12,544795,Passer domesticus domesticus,https://inaturalist-open-data.s3.amazonaws.com/photos/236674208/large.jpeg,https://inaturalist-open-data.s3.amazonaws.com/photos/236674208/original.jpeg,data/raw/house_sparrow/236674208.jpg,466209,6264418660fd7cac2b0493023e736ad7,2048,2048,2026-09-11T17:21:33+1200,train
house_sparrow,bird,House sparrow,Passer domesticus,120478647,203777815,cc-by,"(c) William Harland, some rights reserved (CC BY)",2022-06-06,544795,Passer domesticus domesticus,https://inaturalist-open-data.s3.amazonaws.com/photos/203777815/large.jpeg,https://inaturalist-open-data.s3.amazonaws.com/photos/203777815/original.jpeg,data/raw/house_sparrow/203777815.jpg,97168,717fe68279c00f4237d0114cb52eeefc,2048,1531,2026-09-11T17:21:33+1200,train
house_sparrow,bird,House sparrow,Passer domesticus,118884633,200915462,cc-by,"(c) William Harland, some rights reserved (CC BY)",2019-09-22,544795,Passer domesticus domesticus,https://inaturalist-open-data.s3.amazonaws.com/photos/200915462/large.jpeg,https://inaturalist-open-data.s3.amazonaws.com/photos/200915462/original.jpeg,data/raw/house_sparrow/200915462.jpg,153154,3f9a1b4034c0b689e8d77f6224d4d340,2048,1447,2026-09-11T17:21:33+1200,train
house_sparrow,bird,House sparrow,Passer domesticus,192604265,338151583,cc-by,"(c) William Harland, some rights reserved (CC BY)",2023-11-30,544795,Passer domesticus domesticus,https://inaturalist-open-data.s3.amazonaws.com/photos/338151583/large.jpeg,https://inaturalist-open-data.s3.amazonaws.com/photos/338151583/original.jpeg,data/raw/house_sparrow/338151583.jpg,81273,0a67b5c7ca1ac5606dc08b5a0a442e0a,2048,1260,2026-09-11T17:21:33+1200,train
house_sparrow,bird,House sparrow,Passer domesticus,179643482,343947996,cc-by,"(c) Joss Carr, some rights reserved (CC BY)",2022-12-08,544795,Passer domesticus domesticus,https://inaturalist-open-data.s3.amazonaws.com/photos/343947996/large.png,https://inaturalist-open-data.s3.amazonaws.com/photos/343947996/original.png,data/raw/house_sparrow/343947996.jpg,1294480,53b4eb33fd8009c7508436572c8ce87d,1876,1264,2026-09-11T17:21:33+1200,train
house_sparrow,bird,House sparrow,Passer domesticus,39133005,62079697,cc-by,"(c) Jacqui Geux, some rights reserved (CC BY)",2020-02-22,544795,Passer domesticus domesticus,https://inaturalist-open-data.s3.amazonaws.com/photos/62079697/large.jpeg,https://inaturalist-open-data.s3.amazonaws.com/photos/62079697/original.jpeg,data/raw/house_sparrow/62079697.jpg,172307,4efddfc809f823c5121cd9424115c78f,1600,1200,2026-09-11T17:21:33+1200,train
house_sparrow,bird,House sparrow,Passer domesticus,249460961,445937899,cc-by,"(c) Pierre Tellier, some rights reserved (CC BY)",2024-08-04,544795,Passer domesticus domesticus,https://inaturalist-open-data.s3.amazonaws.com/photos/445937899/large.jpg,https://inaturalist-open-data.s3.amazonaws.com/photos/445937899/original.jpg,data/raw/house_sparrow/445937899.jpg,167364,04017f873dd9aab48ff58097c2e701fe,2048,1363,2026-09-11T17:21:33+1200,train
house_sparrow,bird,House sparrow,Passer domesticus,249115866,445255434,cc-by,"(c) William Harland, some rights reserved (CC BY)",2024-10-20,544795,Passer domesticus domesticus,https://inaturalist-open-data.s3.amazonaws.com/photos/445255434/large.jpeg,https://inaturalist-open-data.s3.amazonaws.com/photos/445255434/original.jpeg,data/raw/house_sparrow/445255434.jpg,51844,c22541dfe3c338cf9a8427bffd4be8a0,2048,1132,2026-09-11T17:21:33+1200,train
house_sparrow,bird,House sparrow,Passer domesticus,342673450,624073272,cc-by,"(c) Nathan Odgers, some rights reserved (CC BY)",2026-03-13,13858,Passer domesticus,https://inaturalist-open-data.s3.amazonaws.com/photos/624073272/large.jpg,https://inaturalist-open-data.s3.amazonaws.com/photos/624073272/original.jpg,data/raw/house_sparrow/624073272.jpg,1207226,0b9f6443d59ee34915551ecf90fc09cf,1536,2048,2026-09-11T17:21:33+1200,train
house_sparrow,bird,House sparrow,Passer domesticus,97872731,162844079,cc-by,"(c) Mike Bowie, some rights reserved (CC BY)",2021-10-08,13858,Passer domesticus,https://inaturalist-open-data.s3.amazonaws.com/photos/162844079/large.jpeg,https://inaturalist-open-data.s3.amazonaws.com/photos/162844079/original.jpeg,data/raw/house_sparrow/162844079.jpg,400199,ce8513fc81d5c1418af23f9ff5b221fe,2048,1536,2026-09-11T17:21:33+1200,train
house_sparrow,bird,House sparrow,Passer domesticus,203185030,358951668,cc0,no rights reserved,2024-03-20,544795,Passer domesticus domesticus,https://inaturalist-open-data.s3.amazonaws.com/photos/358951668/large.jpg,https://inaturalist-open-data.s3.amazonaws.com/photos/358951668/original.jpg,data/raw/house_sparrow/358951668.jpg,133483,63edb06cbd8bb3fd404621e60bba0378,2048,1536,2026-09-11T17:21:33+1200,train
house_sparrow,bird,House sparrow,Passer domesticus,258541996,463894570,cc-by,"(c) William Harland, some rights reserved (CC BY)",2025-01-09,544795,Passer domesticus domesticus,https://inaturalist-open-data.s3.amazonaws.com/photos/463894570/large.jpeg,https://inaturalist-open-data.s3.amazonaws.com/photos/463894570/original.jpeg,data/raw/house_sparrow/463894570.jpg,117938,7acc798ffe3eab8c84884d2ad4cfec5a,2048,1209,2026-09-11T17:21:33+1200,train
house_sparrow,bird,House sparrow,Passer domesticus,260356812,467545247,cc-by,"(c) William Harland, some rights reserved (CC BY)",2025-01-27,544795,Passer domesticus domesticus,https://inaturalist-open-data.s3.amazonaws.com/photos/467545247/large.jpeg,https://inaturalist-open-data.s3.amazonaws.com/photos/467545247/original.jpeg,data/raw/house_sparrow/467545247.jpg,149879,edb6f53131fa227b49a5c08c2ebd629b,2048,1513,2026-09-11T17:21:33+1200,train
house_sparrow,bird,House sparrow,Passer domesticus,393730967,721711805,cc-by,"(c) sam-rajnikant, some rights reserved (CC BY)",2026-08-14,13858,Passer domesticus,https://inaturalist-open-data.s3.amazonaws.com/photos/721711805/large.jpg,https://inaturalist-open-data.s3.amazonaws.com/photos/721711805/original.jpg,data/raw/house_sparrow/721711805.jpg,274993,83a382abd183bd63f5c8c83772cd7d6f,1531,1021,2026-09-11T17:21:33+1200,train
house_sparrow,bird,House sparrow,Passer domesticus,10542741,14680603,cc-by,"(c) Jacqui Geux, some rights reserved (CC BY)",2018-03-31,13858,Passer domesticus,https://inaturalist-open-data.s3.amazonaws.com/photos/14680603/large.jpeg,https://inaturalist-open-data.s3.amazonaws.com/photos/14680603/original.jpeg,data/raw/house_sparrow/14680603.jpg,175167,c77986601680c2e175e35eedf3192e43,1600,1200,2026-09-11T17:21:33+1200,train
house_sparrow,bird,House sparrow,Passer domesticus,1673836,2037093,cc-by,"(c) Joe Potter Butler, some rights reserved (CC BY)",2015-06-23,13858,Passer domesticus,https://inaturalist-open-data.s3.amazonaws.com/photos/2037093/large.jpg,https://inaturalist-open-data.s3.amazonaws.com/photos/2037093/original.jpg,data/raw/house_sparrow/2037093.jpg,642482,61a2e3c2932f6d9ab4057b52d43db732,1536,2048,2026-09-11T17:21:33+1200,train
house_sparrow,bird,House sparrow,Passer domesticus,5212896,6437695,cc-by,"(c) Jacqui Geux, some rights reserved (CC BY)",2017-03-02,13858,Passer domesticus,https://inaturalist-open-data.s3.amazonaws.com/photos/6437695/large.jpeg,https://inaturalist-open-data.s3.amazonaws.com/photos/6437695/original.jpeg,data/raw/house_sparrow/6437695.jpg,119239,f3c2f4707ddc6034fb017d6e21a93161,1600,1200,2026-09-11T17:21:33+1200,train
house_sparrow,bird,House sparrow,Passer domesticus,8966039,12093948,cc0,no rights reserved,2017-11-29,13858,Passer domesticus,https://inaturalist-open-data.s3.amazonaws.com/photos/12093948/large.jpg,https://inaturalist-open-data.s3.amazonaws.com/photos/12093948/original.jpg,data/raw/house_sparrow/12093948.jpg,246298,ca4c345c35c9328afa6f54385d525a26,2048,1536,2026-09-11T17:21:33+1200,train
house_sparrow,bird,House sparrow,Passer domesticus,16411811,24689106,cc-by,"(c) Jon Sullivan, some rights reserved (CC BY)",2018-09-06,13858,Passer domesticus,https://inaturalist-open-data.s3.amazonaws.com/photos/24689106/large.jpg,https://inaturalist-open-data.s3.amazonaws.com/photos/24689106/original.jpg,data/raw/house_sparrow/24689106.jpg,695344,1dcfbef6aff725d4e197dd9dc952ab1a,1536,2048,2026-09-11T17:21:33+1200,train
house_sparrow,bird,House sparrow,Passer domesticus,15678276,23397915,cc-by,"(c) John Barkla, some rights reserved (CC BY)",2018-08-19,13858,Passer domesticus,https://inaturalist-open-data.s3.amazonaws.com/photos/23397915/large.jpg,https://inaturalist-open-data.s3.amazonaws.com/photos/23397915/original.jpg,data/raw/house_sparrow/23397915.jpg,110055,6bd229b1abae67516d40609300afbe6a,2048,1365,2026-09-11T17:21:33+1200,train
house_sparrow,bird,House sparrow,Passer domesticus,397683367,729425724,cc-by,"(c) Javier, some rights reserved (CC BY)",2026-08-26,13858,Passer domesticus,https://inaturalist-open-data.s3.amazonaws.com/photos/729425724/large.jpg,https://inaturalist-open-data.s3.amazonaws.com/photos/729425724/original.jpg,data/raw/house_sparrow/729425724.jpg,245082,741231ba6ef8f4cd7bf29980f3929953,2048,1536,2026-09-11T17:21:33+1200,train
house_sparrow,bird,House sparrow,Passer domesticus,147856328,254499601,cc-by,"(c) Svend Hansen, some rights reserved (CC BY)",2023-02-02,13858,Passer domesticus,https://inaturalist-open-data.s3.amazonaws.com/photos/254499601/large.jpeg,https://inaturalist-open-data.s3.amazonaws.com/photos/254499601/original.jpeg,data/raw/house_sparrow/254499601.jpg,421813,4c1696c1650aac18da50a164bab7f139,1152,2048,2026-09-11T17:21:33+1200,train
house_sparrow,bird,House sparrow,Passer domesticus,285805216,513738398,cc-by,"(c) Frank Ashwood, some rights reserved (CC BY)",2025-06-01,13858,Passer domesticus,https://inaturalist-open-data.s3.amazonaws.com/photos/513738398/large.jpg,https://inaturalist-open-data.s3.amazonaws.com/photos/513738398/original.jpg,data/raw/house_sparrow/513738398.jpg,989971,c7979df781653495b89552c16b568ae5,1152,2048,2026-09-11T17:21:33+1200,train
house_sparrow,bird,House sparrow,Passer domesticus,334123073,606694551,cc-by,"(c) David Thompson, some rights reserved (CC BY)",2026-01-09,13858,Passer domesticus,https://inaturalist-open-data.s3.amazonaws.com/photos/606694551/large.jpg,https://inaturalist-open-data.s3.amazonaws.com/photos/606694551/original.jpg,data/raw/house_sparrow/606694551.jpg,1151676,c02124841d478c10a5163148a0d430e0,1536,2048,2026-09-11T17:21:33+1200,train
house_sparrow,bird,House sparrow,Passer domesticus,334649078,607763403,cc-by,"(c) Mike Bowie, some rights reserved (CC BY)",2026-01-08,13858,Passer domesticus,https://inaturalist-open-data.s3.amazonaws.com/photos/607763403/large.jpg,https://inaturalist-open-data.s3.amazonaws.com/photos/607763403/original.jpg,data/raw/house_sparrow/607763403.jpg,269261,154f4e201de890ff84952f09db4b6164,2048,1365,2026-09-11T17:21:33+1200,train
house_sparrow,bird,House sparrow,Passer domesticus,303034273,546158694,cc-by,"(c) ian_mcallan, some rights reserved (CC BY)",2025-06-02,13858,Passer domesticus,https://inaturalist-open-data.s3.amazonaws.com/photos/546158694/large.jpg,https://inaturalist-open-data.s3.amazonaws.com/photos/546158694/original.jpg,data/raw/house_sparrow/546158694.jpg,227450,bc8964ea3f3e7974e9753d843bed573e,2048,1536,2026-09-11T17:21:33+1200,train
house_sparrow,bird,House sparrow,Passer domesticus,310693407,560772577,cc-by,"(c) William Harland, some rights reserved (CC BY)",2025-08-29,13858,Passer domesticus,https://inaturalist-open-data.s3.amazonaws.com/photos/560772577/large.jpg,https://inaturalist-open-data.s3.amazonaws.com/photos/560772577/original.jpg,data/raw/house_sparrow/560772577.jpg,72411,91d0a8fd662c406c846f8df4e2f8465f,2048,1146,2026-09-11T17:21:33+1200,train
house_sparrow,bird,House sparrow,Passer domesticus,360148179,657012121,cc-by,"(c) Jon Sullivan, some rights reserved (CC BY)",2026-04-27,13858,Passer domesticus,https://inaturalist-open-data.s3.amazonaws.com/photos/657012121/large.jpg,https://inaturalist-open-data.s3.amazonaws.com/photos/657012121/original.jpg,data/raw/house_sparrow/657012121.jpg,240095,9324edb96be5fdebcfd917222671f780,2048,1367,2026-09-11T17:21:33+1200,train
house_sparrow,bird,House sparrow,Passer domesticus,236165806,420117501,cc-by,"(c) russelljsmith, some rights reserved (CC BY)",2024-08-17,13858,Passer domesticus,https://inaturalist-open-data.s3.amazonaws.com/photos/420117501/large.jpeg,https://inaturalist-open-data.s3.amazonaws.com/photos/420117501/original.jpeg,data/raw/house_sparrow/420117501.jpg,449755,75fbccd16ea74b240815b0a97a8b8559,1536,2048,2026-09-11T17:21:33+1200,train
house_sparrow,bird,House sparrow,Passer domesticus,325780375,589896994,cc0,no rights reserved,2025-11-09,13858,Passer domesticus,https://inaturalist-open-data.s3.amazonaws.com/photos/589896994/large.jpg,https://inaturalist-open-data.s3.amazonaws.com/photos/589896994/original.jpg,data/raw/house_sparrow/589896994.jpg,388866,a9879fb93018c279aa653e22a33ef06e,2048,1365,2026-09-11T17:21:33+1200,train
house_sparrow,bird,House sparrow,Passer domesticus,56724128,90416132,cc-by,"(c) Aalbert Rebergen, some rights reserved (CC BY)",2020-08-13,13858,Passer domesticus,https://inaturalist-open-data.s3.amazonaws.com/photos/90416132/large.jpg,https://inaturalist-open-data.s3.amazonaws.com/photos/90416132/original.jpg,data/raw/house_sparrow/90416132.jpg,312334,6f8e23726b4188c97f0a6d980952445e,2048,1326,2026-09-11T17:21:33+1200,train
house_sparrow,bird,House sparrow,Passer domesticus,292284335,525972327,cc0,no rights reserved,2025-06-24,544795,Passer domesticus domesticus,https://inaturalist-open-data.s3.amazonaws.com/photos/525972327/large.jpg,https://inaturalist-open-data.s3.amazonaws.com/photos/525972327/original.jpg,data/raw/house_sparrow/525972327.jpg,605166,5ed6649691cd9dff29a66b61e15472b4,1536,2048,2026-09-11T17:21:33+1200,train
house_sparrow,bird,House sparrow,Passer domesticus,160278109,276936982,cc-by,"(c) Jon Sullivan, some rights reserved (CC BY)",2023-04-30,13858,Passer domesticus,https://inaturalist-open-data.s3.amazonaws.com/photos/276936982/large.jpg,https://inaturalist-open-data.s3.amazonaws.com/photos/276936982/original.jpg,data/raw/house_sparrow/276936982.jpg,393989,e71c6c0c137aa09881eafc6330c57f92,2048,1536,2026-09-11T17:21:33+1200,train
house_sparrow,bird,House sparrow,Passer domesticus,348738136,636064287,cc0,no rights reserved,2026-03-05,13858,Passer domesticus,https://inaturalist-open-data.s3.amazonaws.com/photos/636064287/large.jpg,https://inaturalist-open-data.s3.amazonaws.com/photos/636064287/original.jpg,data/raw/house_sparrow/636064287.jpg,313492,f9f3c2631f6c5a46df31b6913fb6fa51,2048,1365,2026-09-11T17:21:33+1200,train
house_sparrow,bird,House sparrow,Passer domesticus,301448650,543208730,cc-by,"(c) William Harland, some rights reserved (CC BY)",2025-07-22,13858,Passer domesticus,https://inaturalist-open-data.s3.amazonaws.com/photos/543208730/large.jpg,https://inaturalist-open-data.s3.amazonaws.com/photos/543208730/original.jpg,data/raw/house_sparrow/543208730.jpg,141713,fb0b882acc21c0a8af4e8990853ffc35,2048,1323,2026-09-11T17:21:33+1200,train
house_sparrow,bird,House sparrow,Passer domesticus,53121867,84469309,cc-by,"(c) Jacqui Geux, some rights reserved (CC BY)",2020-07-15,544795,Passer domesticus domesticus,https://inaturalist-open-data.s3.amazonaws.com/photos/84469309/large.jpeg,https://inaturalist-open-data.s3.amazonaws.com/photos/84469309/original.jpeg,data/raw/house_sparrow/84469309.jpg,256352,6fff317f02450f65fa957f7c6509ebfb,2048,1536,2026-09-11T17:21:33+1200,train
house_sparrow,bird,House sparrow,Passer domesticus,213349399,377031943,cc-by,"(c) Jon Sullivan, some rights reserved (CC BY)",2024-04-29,544795,Passer domesticus domesticus,https://inaturalist-open-data.s3.amazonaws.com/photos/377031943/large.jpg,https://inaturalist-open-data.s3.amazonaws.com/photos/377031943/original.jpg,data/raw/house_sparrow/377031943.jpg,252649,e94c1d883807879e9d3dbab2c7c507b1,2048,1536,2026-09-11T17:21:33+1200,train
house_sparrow,bird,House sparrow,Passer domesticus,342626185,623975135,cc0,no rights reserved,2026-03-12,13858,Passer domesticus,https://inaturalist-open-data.s3.amazonaws.com/photos/623975135/large.jpg,https://inaturalist-open-data.s3.amazonaws.com/photos/623975135/original.jpg,data/raw/house_sparrow/623975135.jpg,77414,5cf9eeaf573198cb22d2c401f3c98f98,444,394,2026-09-11T17:21:33+1200,train
house_sparrow,bird,House sparrow,Passer domesticus,338205239,614955413,cc-by,"(c) Patrick Connolly, some rights reserved (CC BY)",2026-01-30,13858,Passer domesticus,https://inaturalist-open-data.s3.amazonaws.com/photos/614955413/large.jpg,https://inaturalist-open-data.s3.amazonaws.com/photos/614955413/original.jpg,data/raw/house_sparrow/614955413.jpg,460990,6747dc3561d5b684dc429cf69ba649bf,2048,1365,2026-09-11T17:21:33+1200,train
house_sparrow,bird,House sparrow,Passer domesticus,331342651,601066445,cc0,no rights reserved,2025-10-17,13858,Passer domesticus,https://inaturalist-open-data.s3.amazonaws.com/photos/601066445/large.jpg,https://inaturalist-open-data.s3.amazonaws.com/photos/601066445/original.jpg,data/raw/house_sparrow/601066445.jpg,486779,11e49222915f6252f11fc662919cb5e0,2048,1365,2026-09-11T17:21:33+1200,train
house_sparrow,bird,House sparrow,Passer domesticus,333558264,605597802,cc-by,"(c) spacegecko, some rights reserved (CC BY)",2025-12-10,13858,Passer domesticus,https://inaturalist-open-data.s3.amazonaws.com/photos/605597802/large.jpg,https://inaturalist-open-data.s3.amazonaws.com/photos/605597802/original.jpg,data/raw/house_sparrow/605597802.jpg,371519,7cb7c234a62705ee03acf795be9826bb,2048,1539,2026-09-11T17:21:33+1200,train
house_sparrow,bird,House sparrow,Passer domesticus,333946874,606341849,cc-by,"(c) naturalist132890, some rights reserved (CC BY)",2026-01-04,13858,Passer domesticus,https://inaturalist-open-data.s3.amazonaws.com/photos/606341849/large.jpg,https://inaturalist-open-data.s3.amazonaws.com/photos/606341849/original.jpg,data/raw/house_sparrow/606341849.jpg,552034,4eeda701b736ce37602688bda89aeec4,2048,1365,2026-09-11T17:21:33+1200,train
house_sparrow,bird,House sparrow,Passer domesticus,333222611,604917732,cc0,no rights reserved,2026-01-03,13858,Passer domesticus,https://inaturalist-open-data.s3.amazonaws.com/photos/604917732/large.jpg,https://inaturalist-open-data.s3.amazonaws.com/photos/604917732/original.jpg,data/raw/house_sparrow/604917732.jpg,653832,745055a62b2031b0ca368c2d6c93d799,2048,1536,2026-09-11T17:21:33+1200,train
house_sparrow,bird,House sparrow,Passer domesticus,255044711,456972634,cc-by,"(c) William Harland, some rights reserved (CC BY)",2024-12-07,544795,Passer domesticus domesticus,https://inaturalist-open-data.s3.amazonaws.com/photos/456972634/large.jpeg,https://inaturalist-open-data.s3.amazonaws.com/photos/456972634/original.jpeg,data/raw/house_sparrow/456972634.jpg,65291,2166e37e5ae6ac72be9522c69bb000b3,2048,1314,2026-09-11T17:21:33+1200,train
house_sparrow,bird,House sparrow,Passer domesticus,256354099,459610122,cc-by,"(c) William Harland, some rights reserved (CC BY)",2024-12-16,544795,Passer domesticus domesticus,https://inaturalist-open-data.s3.amazonaws.com/photos/459610122/large.jpeg,https://inaturalist-open-data.s3.amazonaws.com/photos/459610122/original.jpeg,data/raw/house_sparrow/459610122.jpg,62301,826bd89a2b4d815a3ccc5888d6624589,2048,1171,2026-09-11T17:21:33+1200,train
house_sparrow,bird,House sparrow,Passer domesticus,136778260,233492187,cc-by,"(c) Svend Hansen, some rights reserved (CC BY)",2022-09-28,544795,Passer domesticus domesticus,https://inaturalist-open-data.s3.amazonaws.com/photos/233492187/large.jpeg,https://inaturalist-open-data.s3.amazonaws.com/photos/233492187/original.jpeg,data/raw/house_sparrow/233492187.jpg,397026,422c3593aee27541f97c9298ecc260bb,1152,2048,2026-09-11T17:21:33+1200,train
house_sparrow,bird,House sparrow,Passer domesticus,190966000,334892179,cc-by,"(c) Svend Hansen, some rights reserved (CC BY)",2023-11-14,544795,Passer domesticus domesticus,https://inaturalist-open-data.s3.amazonaws.com/photos/334892179/large.jpeg,https://inaturalist-open-data.s3.amazonaws.com/photos/334892179/original.jpeg,data/raw/house_sparrow/334892179.jpg,612347,ef97f9ae50fdc0a2768e6eec46efdc49,1152,2048,2026-09-11T17:21:33+1200,train
house_sparrow,bird,House sparrow,Passer domesticus,3871126,4539464,cc-by,"(c) Jon Sullivan, some rights reserved (CC BY)",2016-07-02,13858,Passer domesticus,https://inaturalist-open-data.s3.amazonaws.com/photos/4539464/large.jpg,https://inaturalist-open-data.s3.amazonaws.com/photos/4539464/original.jpg,data/raw/house_sparrow/4539464.jpg,163516,fa890bc75ec63b5863f5208155e7725f,955,637,2026-09-11T17:21:33+1200,train
house_sparrow,bird,House sparrow,Passer domesticus,10698437,14941223,cc-by,"(c) Andrea Grover, some rights reserved (CC BY)",2018-04-07,13858,Passer domesticus,https://inaturalist-open-data.s3.amazonaws.com/photos/14941223/large.jpg,https://inaturalist-open-data.s3.amazonaws.com/photos/14941223/original.jpg,data/raw/house_sparrow/14941223.jpg,287796,5d41125d90f9ce6655d14568b7480755,2048,1536,2026-09-11T17:21:33+1200,train
house_sparrow,bird,House sparrow,Passer domesticus,9087124,12272692,cc0,no rights reserved,2017-12-08,13858,Passer domesticus,https://inaturalist-open-data.s3.amazonaws.com/photos/12272692/large.jpg,https://inaturalist-open-data.s3.amazonaws.com/photos/12272692/original.jpg,data/raw/house_sparrow/12272692.jpg,338573,566bc2bcdd3290f8ceb9b1f1dc46b25d,2048,1536,2026-09-11T17:21:33+1200,train
house_sparrow,bird,House sparrow,Passer domesticus,9422296,12819364,cc0,no rights reserved,2018-01-10,13858,Passer domesticus,https://inaturalist-open-data.s3.amazonaws.com/photos/12819364/large.jpg,https://inaturalist-open-data.s3.amazonaws.com/photos/12819364/original.jpg,data/raw/house_sparrow/12819364.jpg,266041,f2caea89a0ce2c3878f661aee62d2407,2048,1536,2026-09-11T17:21:33+1200,train
house_sparrow,bird,House sparrow,Passer domesticus,9146254,12364842,cc0,no rights reserved,2017-12-14,13858,Passer domesticus,https://inaturalist-open-data.s3.amazonaws.com/photos/12364842/large.jpg,https://inaturalist-open-data.s3.amazonaws.com/photos/12364842/original.jpg,data/raw/house_sparrow/12364842.jpg,257930,a27c4fdd53fe29370676465790951861,1440,1920,2026-09-11T17:21:33+1200,train
house_sparrow,bird,House sparrow,Passer domesticus,9924275,13615965,cc-by,"(c) Jacqui Geux, some rights reserved (CC BY)",2018-02-19,13858,Passer domesticus,https://inaturalist-open-data.s3.amazonaws.com/photos/13615965/large.jpeg,https://inaturalist-open-data.s3.amazonaws.com/photos/13615965/original.jpeg,data/raw/house_sparrow/13615965.jpg,199258,fa8677c0500f615a4342b44550c9686d,1643,1232,2026-09-11T17:21:33+1200,train
house_sparrow,bird,House sparrow,Passer domesticus,9640363,13165549,cc-by,"(c) Jacqui Geux, some rights reserved (CC BY)",2018-01-27,544795,Passer domesticus domesticus,https://inaturalist-open-data.s3.amazonaws.com/photos/13165549/large.jpeg,https://inaturalist-open-data.s3.amazonaws.com/photos/13165549/original.jpeg,data/raw/house_sparrow/13165549.jpg,177001,a872c8540ef7474237fa84a71c184955,1600,1200,2026-09-11T17:21:33+1200,train
house_sparrow,bird,House sparrow,Passer domesticus,14507890,21597637,cc-by,"(c) Javier, some rights reserved (CC BY)",2018-07-19,544795,Passer domesticus domesticus,https://inaturalist-open-data.s3.amazonaws.com/photos/21597637/large.jpeg,https://inaturalist-open-data.s3.amazonaws.com/photos/21597637/original.jpeg,data/raw/house_sparrow/21597637.jpg,484234,06bd3318a8f3f3bb912d0ee4daf34a8a,2048,1536,2026-09-11T17:21:33+1200,train
house_sparrow,bird,House sparrow,Passer domesticus,84650354,139151044,cc-by,"(c) Nathan Odgers, some rights reserved (CC BY)",2021-06-27,544795,Passer domesticus domesticus,https://inaturalist-open-data.s3.amazonaws.com/photos/139151044/large.jpg,https://inaturalist-open-data.s3.amazonaws.com/photos/139151044/original.jpg,data/raw/house_sparrow/139151044.jpg,508882,84aea094f24f6b6a20b3745459ff0860,2048,2048,2026-09-11T17:21:33+1200,train
house_sparrow,bird,House sparrow,Passer domesticus,35732275,56379066,cc-by,"(c) Jon Sullivan, some rights reserved (CC BY)",2019-11-16,544795,Passer domesticus domesticus,https://inaturalist-open-data.s3.amazonaws.com/photos/56379066/large.jpg,https://inaturalist-open-data.s3.amazonaws.com/photos/56379066/original.jpg,data/raw/house_sparrow/56379066.jpg,317776,8ccff9aee7ff1e0bd97a8abed1317df6,2048,1365,2026-09-11T17:21:33+1200,train
house_sparrow,bird,House sparrow,Passer domesticus,31972759,50098939,cc-by,"(c) Jacqui Geux, some rights reserved (CC BY)",2019-08-31,544795,Passer domesticus domesticus,https://inaturalist-open-data.s3.amazonaws.com/photos/50098939/large.jpeg,https://inaturalist-open-data.s3.amazonaws.com/photos/50098939/original.jpeg,data/raw/house_sparrow/50098939.jpg,124336,3fbe1749cd1ce1c784bbf372b5287d65,1600,1200,2026-09-11T17:21:33+1200,train
house_sparrow,bird,House sparrow,Passer domesticus,68902892,111683342,cc-by,"(c) Jacqui Geux, some rights reserved (CC BY)",2021-01-31,544795,Passer domesticus domesticus,https://inaturalist-open-data.s3.amazonaws.com/photos/111683342/large.jpeg,https://inaturalist-open-data.s3.amazonaws.com/photos/111683342/original.jpeg,data/raw/house_sparrow/111683342.jpg,179729,63a0ab60d4b9052c54c1a0fb773370f4,1600,1200,2026-09-11T17:21:33+1200,train
house_sparrow,bird,House sparrow,Passer domesticus,226565794,401832283,cc-by,"(c) Joseph Hubbard, some rights reserved (CC BY)",2024-07-02,544795,Passer domesticus domesticus,https://inaturalist-open-data.s3.amazonaws.com/photos/401832283/large.jpg,https://inaturalist-open-data.s3.amazonaws.com/photos/401832283/original.jpg,data/raw/house_sparrow/401832283.jpg,216645,6a6ee852a90ad448b179b4116d2255ed,945,2048,2026-09-11T17:21:33+1200,train
house_sparrow,bird,House sparrow,Passer domesticus,62263905,99737812,cc-by,"(c) Jacqui Geux, some rights reserved (CC BY)",2020-10-08,544795,Passer domesticus domesticus,https://inaturalist-open-data.s3.amazonaws.com/photos/99737812/large.jpeg,https://inaturalist-open-data.s3.amazonaws.com/photos/99737812/original.jpeg,data/raw/house_sparrow/99737812.jpg,102089,54deddcacdd7801916a4352280e0b373,1600,1067,2026-09-11T17:21:33+1200,train
house_sparrow,bird,House sparrow,Passer domesticus,187856911,328623620,cc-by,"(c) Tom, some rights reserved (CC BY)",2023-08-24,544795,Passer domesticus domesticus,https://inaturalist-open-data.s3.amazonaws.com/photos/328623620/large.jpg,https://inaturalist-open-data.s3.amazonaws.com/photos/328623620/original.jpg,data/raw/house_sparrow/328623620.jpg,295446,50e41c1938672baccb135f9b18b43e7b,2000,1495,2026-09-11T17:21:33+1200,train
house_sparrow,bird,House sparrow,Passer domesticus,103388258,173022275,cc-by,"(c) Nathan Odgers, some rights reserved (CC BY)",2021-12-21,544795,Passer domesticus domesticus,https://inaturalist-open-data.s3.amazonaws.com/photos/173022275/large.jpeg,https://inaturalist-open-data.s3.amazonaws.com/photos/173022275/original.jpeg,data/raw/house_sparrow/173022275.jpg,442724,b9e4608020356bdbe9a05e7675c25d3d,2048,1536,2026-09-11T17:21:33+1200,train
house_sparrow,bird,House sparrow,Passer domesticus,309890578,559256001,cc0,no rights reserved,2025-08-29,544795,Passer domesticus domesticus,https://inaturalist-open-data.s3.amazonaws.com/photos/559256001/large.jpg,https://inaturalist-open-data.s3.amazonaws.com/photos/559256001/original.jpg,data/raw/house_sparrow/559256001.jpg,258589,9c5ef239fb499dac906be7bbe3b0c069,2048,1366,2026-09-11T17:21:33+1200,train
house_sparrow,bird,House sparrow,Passer domesticus,191438337,335839095,cc-by,"(c) John Barkla, some rights reserved (CC BY)",2023-11-19,544795,Passer domesticus domesticus,https://inaturalist-open-data.s3.amazonaws.com/photos/335839095/large.jpeg,https://inaturalist-open-data.s3.amazonaws.com/photos/335839095/original.jpeg,data/raw/house_sparrow/335839095.jpg,700506,2f91ab0e7409f6d7140e37fb5b547959,2048,1542,2026-09-11T17:21:33+1200,train
house_sparrow,bird,House sparrow,Passer domesticus,242449970,432227330,cc-by,"(c) William Harland, some rights reserved (CC BY)",2024-09-18,544795,Passer domesticus domesticus,https://inaturalist-open-data.s3.amazonaws.com/photos/432227330/large.jpeg,https://inaturalist-open-data.s3.amazonaws.com/photos/432227330/original.jpeg,data/raw/house_sparrow/432227330.jpg,74601,47dcd54e6de59efcd9429800122e7d50,2048,1320,2026-09-11T17:21:33+1200,train
house_sparrow,bird,House sparrow,Passer domesticus,143000974,245231604,cc-by,"(c) Richard Littauer, some rights reserved (CC BY)",2022-11-23,13858,Passer domesticus,https://inaturalist-open-data.s3.amazonaws.com/photos/245231604/large.jpg,https://inaturalist-open-data.s3.amazonaws.com/photos/245231604/original.jpg,data/raw/house_sparrow/245231604.jpg,644048,af6da6c4243f7bcfd730bae2a2e606f3,2048,1365,2026-09-11T17:21:33+1200,train
house_sparrow,bird,House sparrow,Passer domesticus,326444470,591229462,cc-by,"(c) Michael Berardozzi, some rights reserved (CC BY)",2025-11-14,13858,Passer domesticus,https://inaturalist-open-data.s3.amazonaws.com/photos/591229462/large.jpg,https://inaturalist-open-data.s3.amazonaws.com/photos/591229462/original.jpg,data/raw/house_sparrow/591229462.jpg,141020,20c3c1c5cb4af74dba53a8f369db667e,2048,1536,2026-09-11T17:21:33+1200,train
house_sparrow,bird,House sparrow,Passer domesticus,326220829,590786703,cc0,no rights reserved,2025-11-12,13858,Passer domesticus,https://inaturalist-open-data.s3.amazonaws.com/photos/590786703/large.jpg,https://inaturalist-open-data.s3.amazonaws.com/photos/590786703/original.jpg,data/raw/house_sparrow/590786703.jpg,561935,17a06c91e77fdbb86bdcac2e2b8c34a0,2048,1536,2026-09-11T17:21:33+1200,train
house_sparrow,bird,House sparrow,Passer domesticus,261504654,469829810,cc-by,"(c) Richard Littauer, some rights reserved (CC BY)",2025-02-13,13858,Passer domesticus,https://inaturalist-open-data.s3.amazonaws.com/photos/469829810/large.jpg,https://inaturalist-open-data.s3.amazonaws.com/photos/469829810/original.jpg,data/raw/house_sparrow/469829810.jpg,374143,59651ab290d3b04dcd5c840914215980,1536,2048,2026-09-11T17:21:33+1200,train
house_sparrow,bird,House sparrow,Passer domesticus,258622626,464059191,cc-by,"(c) Richard Littauer, some rights reserved (CC BY)",2024-11-27,13858,Passer domesticus,https://inaturalist-open-data.s3.amazonaws.com/photos/464059191/large.jpg,https://inaturalist-open-data.s3.amazonaws.com/photos/464059191/original.jpg,data/raw/house_sparrow/464059191.jpg,791656,e89b760bf5d27c0ea9aa4240deced6c5,2000,1333,2026-09-11T17:21:33+1200,train
house_sparrow,bird,House sparrow,Passer domesticus,378619859,692484624,cc-by,"(c) Pluto Hooper, some rights reserved (CC BY)",2026-06-29,13858,Passer domesticus,https://inaturalist-open-data.s3.amazonaws.com/photos/692484624/large.jpg,https://inaturalist-open-data.s3.amazonaws.com/photos/692484624/original.jpg,data/raw/house_sparrow/692484624.jpg,242558,daddc9e59b2cc5462b97a1079a4357d0,2048,1365,2026-09-11T17:21:33+1200,train
house_sparrow,bird,House sparrow,Passer domesticus,1026427,1286939,cc-by,"(c) Jon Sullivan, some rights reserved (CC BY)",2014-10-20,13858,Passer domesticus,https://inaturalist-open-data.s3.amazonaws.com/photos/1286939/large.jpg,https://inaturalist-open-data.s3.amazonaws.com/photos/1286939/original.jpg,data/raw/house_sparrow/1286939.jpg,180338,b96b5d03de9faa771da14a8333d025ca,2048,1536,2026-09-11T17:21:33+1200,train
house_sparrow,bird,House sparrow,Passer domesticus,961938,1212751,cc-by,"(c) Jon Sullivan, some rights reserved (CC BY)",2013-05-02,13858,Passer domesticus,https://inaturalist-open-data.s3.amazonaws.com/photos/1212751/large.,https://inaturalist-open-data.s3.amazonaws.com/photos/1212751/original.,data/raw/house_sparrow/1212751.jpg,891484,d1814e28d9b451886213e4c40a246429,720,960,2026-09-11T17:21:33+1200,train
house_sparrow,bird,House sparrow,Passer domesticus,947101,1183570,cc-by,"(c) Jon Sullivan, some rights reserved (CC BY)",2012-11-15,13858,Passer domesticus,https://inaturalist-open-data.s3.amazonaws.com/photos/1183570/large.jpg,https://inaturalist-open-data.s3.amazonaws.com/photos/1183570/original.jpg,data/raw/house_sparrow/1183570.jpg,380054,cf3bc58f75a2ba3ba1ad843ab5f09092,1536,2048,2026-09-11T17:21:33+1200,train
house_sparrow,bird,House sparrow,Passer domesticus,953374,1185763,cc-by,"(c) Jon Sullivan, some rights reserved (CC BY)",2013-02-27,13858,Passer domesticus,https://inaturalist-open-data.s3.amazonaws.com/photos/1185763/large.jpg,https://inaturalist-open-data.s3.amazonaws.com/photos/1185763/original.jpg,data/raw/house_sparrow/1185763.jpg,179128,495f943cd80ce1e82e51be12bc3ab438,1971,1314,2026-09-11T17:21:33+1200,train
house_sparrow,bird,House sparrow,Passer domesticus,1156052,1457001,cc-by,"(c) Joe Potter Butler, some rights reserved (CC BY)",2015-01-02,13858,Passer domesticus,https://inaturalist-open-data.s3.amazonaws.com/photos/1457001/large.jpg,https://inaturalist-open-data.s3.amazonaws.com/photos/1457001/original.jpg,data/raw/house_sparrow/1457001.jpg,292168,1bf7152e34966eac7b655d19a79f5e2b,1536,2048,2026-09-11T17:21:33+1200,train
house_sparrow,bird,House sparrow,Passer domesticus,18494738,28285204,cc-by,"(c) Ed Wilson, some rights reserved (CC BY)",2018-11-18,13858,Passer domesticus,https://inaturalist-open-data.s3.amazonaws.com/photos/28285204/large.jpeg,https://inaturalist-open-data.s3.amazonaws.com/photos/28285204/original.jpeg,data/raw/house_sparrow/28285204.jpg,287371,8c21231eec91afa26111afc8b3282f0c,1292,972,2026-09-11T17:21:33+1200,train
house_sparrow,bird,House sparrow,Passer domesticus,15857100,23705971,cc0,no rights reserved,2018-08-23,13858,Passer domesticus,https://inaturalist-open-data.s3.amazonaws.com/photos/23705971/large.jpg,https://inaturalist-open-data.s3.amazonaws.com/photos/23705971/original.jpg,data/raw/house_sparrow/23705971.jpg,435985,13bfdb4ecb99a2f2c31d37bd52e67834,2048,1536,2026-09-11T17:21:33+1200,train
house_sparrow,bird,House sparrow,Passer domesticus,26100969,40500138,cc-by,"(c) Jenny Saito, some rights reserved (CC BY)",2019-05-31,13858,Passer domesticus,https://inaturalist-open-data.s3.amazonaws.com/photos/40500138/large.jpeg,https://inaturalist-open-data.s3.amazonaws.com/photos/40500138/original.jpeg,data/raw/house_sparrow/40500138.jpg,591663,920c37115dd0a7e41ba567d92a6cbedd,1536,2048,2026-09-11T17:21:33+1200,train
house_sparrow,bird,House sparrow,Passer domesticus,23100377,35813513,cc-by,"(c) Jenny Saito, some rights reserved (CC BY)",2019-04-26,544795,Passer domesticus domesticus,https://inaturalist-open-data.s3.amazonaws.com/photos/35813513/large.jpeg,https://inaturalist-open-data.s3.amazonaws.com/photos/35813513/original.jpeg,data/raw/house_sparrow/35813513.jpg,386399,a48270c35526904bcd7580d3a2733651,1536,2048,2026-09-11T17:21:33+1200,train
house_sparrow,bird,House sparrow,Passer domesticus,19435940,29900103,cc-by,"(c) Jacqui Geux, some rights reserved (CC BY)",2019-01-05,544795,Passer domesticus domesticus,https://inaturalist-open-data.s3.amazonaws.com/photos/29900103/large.jpeg,https://inaturalist-open-data.s3.amazonaws.com/photos/29900103/original.jpeg,data/raw/house_sparrow/29900103.jpg,126051,4e3852d213e007c18e7ca4ee6943c809,1600,1200,2026-09-11T17:21:33+1200,train
house_sparrow,bird,House sparrow,Passer domesticus,199152893,351160894,cc-by,"(c) William Harland, some rights reserved (CC BY)",2024-02-09,544795,Passer domesticus domesticus,https://inaturalist-open-data.s3.amazonaws.com/photos/351160894/large.jpeg,https://inaturalist-open-data.s3.amazonaws.com/photos/351160894/original.jpeg,data/raw/house_sparrow/351160894.jpg,125099,f87d621d936682e15dff6089c67b81aa,2048,1204,2026-09-11T17:21:33+1200,train
house_sparrow,bird,House sparrow,Passer domesticus,200472279,353702668,cc-by,"(c) William Harland, some rights reserved (CC BY)",2024-02-21,544795,Passer domesticus domesticus,https://inaturalist-open-data.s3.amazonaws.com/photos/353702668/large.jpeg,https://inaturalist-open-data.s3.amazonaws.com/photos/353702668/original.jpeg,data/raw/house_sparrow/353702668.jpg,104575,b8c5049c024ad49a7a72f5c16a95d91b,2048,1177,2026-09-11T17:21:33+1200,train
house_sparrow,bird,House sparrow,Passer domesticus,35358522,55747699,cc-by,"(c) russelljsmith, some rights reserved (CC BY)",2019-11-06,544795,Passer domesticus domesticus,https://inaturalist-open-data.s3.amazonaws.com/photos/55747699/large.jpg,https://inaturalist-open-data.s3.amazonaws.com/photos/55747699/original.jpg,data/raw/house_sparrow/55747699.jpg,447520,c8cff9ff6c5974f7b04f1c692129d68f,1536,2048,2026-09-11T17:21:33+1200,train
house_sparrow,bird,House sparrow,Passer domesticus,73557546,120098346,cc-by,"(c) Jenny Saito, some rights reserved (CC BY)",2021-04-11,544795,Passer domesticus domesticus,https://inaturalist-open-data.s3.amazonaws.com/photos/120098346/large.jpeg,https://inaturalist-open-data.s3.amazonaws.com/photos/120098346/original.jpeg,data/raw/house_sparrow/120098346.jpg,536458,577ffa68a5271246a8f811c2641ef97d,1536,2048,2026-09-11T17:21:33+1200,train
house_sparrow,bird,House sparrow,Passer domesticus,227854826,404264429,cc-by,"(c) Richard Littauer, some rights reserved (CC BY)",2024-07-01,544795,Passer domesticus domesticus,https://inaturalist-open-data.s3.amazonaws.com/photos/404264429/large.jpg,https://inaturalist-open-data.s3.amazonaws.com/photos/404264429/original.jpg,data/raw/house_sparrow/404264429.jpg,569607,9bc849cf7c019ad4fa0bb1d626f9cf50,2000,1333,2026-09-11T17:21:33+1200,train
blackbird,bird,Common blackbird,Turdus merula,36548707,57789006,cc-by,"(c) Jacqui Geux, some rights reserved (CC BY)",2019-12-10,341569,Turdus merula merula,https://inaturalist-open-data.s3.amazonaws.com/photos/57789006/large.jpeg,https://inaturalist-open-data.s3.amazonaws.com/photos/57789006/original.jpeg,data/raw/blackbird/57789006.jpg,75301,28cda28e427e80c56cf0b4b9ed65c01a,1543,1157,2026-09-11T17:22:38+1200,train
blackbird,bird,Common blackbird,Turdus merula,34857256,54913051,cc-by,"(c) Jon Sullivan, some rights reserved (CC BY)",2019-10-25,341569,Turdus merula merula,https://inaturalist-open-data.s3.amazonaws.com/photos/54913051/large.jpg,https://inaturalist-open-data.s3.amazonaws.com/photos/54913051/original.jpg,data/raw/blackbird/54913051.jpg,436049,53bab0233dc1e70fcb94b3af57fb08de,2048,1536,2026-09-11T17:22:38+1200,train
blackbird,bird,Common blackbird,Turdus merula,33742618,53028539,cc-by,"(c) Jacqui Geux, some rights reserved (CC BY)",2019-10-02,341569,Turdus merula merula,https://inaturalist-open-data.s3.amazonaws.com/photos/53028539/large.jpeg,https://inaturalist-open-data.s3.amazonaws.com/photos/53028539/original.jpeg,data/raw/blackbird/53028539.jpg,216528,aeb524cc0aab65a764ad803b892ba513,1600,1200,2026-09-11T17:22:38+1200,train
blackbird,bird,Common blackbird,Turdus merula,40627994,64397406,cc-by,"(c) Nathan Odgers, some rights reserved (CC BY)",2020-03-24,341569,Turdus merula merula,https://inaturalist-open-data.s3.amazonaws.com/photos/64397406/large.jpg,https://inaturalist-open-data.s3.amazonaws.com/photos/64397406/original.jpg,data/raw/blackbird/64397406.jpg,293217,235d0935dff6a9db5c870df10e155ec8,1536,2048,2026-09-11T17:22:38+1200,train
blackbird,bird,Common blackbird,Turdus merula,51627775,82038880,cc-by,"(c) wild_wind, some rights reserved (CC BY)",2020-06-23,341569,Turdus merula merula,https://inaturalist-open-data.s3.amazonaws.com/photos/82038880/large.jpeg,https://inaturalist-open-data.s3.amazonaws.com/photos/82038880/original.jpeg,data/raw/blackbird/82038880.jpg,328869,fd5cea746dad7ec2af26f7d494229a0f,2048,1901,2026-09-11T17:22:38+1200,train
blackbird,bird,Common blackbird,Turdus merula,44564271,70654538,cc-by,"(c) wild_wind, some rights reserved (CC BY)",2020-05-02,341569,Turdus merula merula,https://inaturalist-open-data.s3.amazonaws.com/photos/70654538/large.jpeg,https://inaturalist-open-data.s3.amazonaws.com/photos/70654538/original.jpeg,data/raw/blackbird/70654538.jpg,347374,ef457653cf734ea11027e227a7f5e3de,2048,1960,2026-09-11T17:22:38+1200,train
blackbird,bird,Common blackbird,Turdus merula,37280419,59071616,cc-by,"(c) wild_wind, some rights reserved (CC BY)",2020-01-04,341569,Turdus merula merula,https://inaturalist-open-data.s3.amazonaws.com/photos/59071616/large.jpeg,https://inaturalist-open-data.s3.amazonaws.com/photos/59071616/original.jpeg,data/raw/blackbird/59071616.jpg,254784,74a6ac25856e752da1b76602a61dddb5,2048,1848,2026-09-11T17:22:38+1200,train
blackbird,bird,Common blackbird,Turdus merula,35662006,56258385,cc-by,"(c) wild_wind, some rights reserved (CC BY)",2019-11-14,341569,Turdus merula merula,https://inaturalist-open-data.s3.amazonaws.com/photos/56258385/large.jpeg,https://inaturalist-open-data.s3.amazonaws.com/photos/56258385/original.jpeg,data/raw/blackbird/56258385.jpg,448451,31254752a46160ebd5d0204278ed828b,1970,2048,2026-09-11T17:22:38+1200,train
blackbird,bird,Common blackbird,Turdus merula,197044878,346950004,cc-by,"(c) eyrezer, some rights reserved (CC BY)",2024-01-18,341569,Turdus merula merula,https://inaturalist-open-data.s3.amazonaws.com/photos/346950004/large.jpeg,https://inaturalist-open-data.s3.amazonaws.com/photos/346950004/original.jpeg,data/raw/blackbird/346950004.jpg,468927,9936837449231c46d6e83f5687d44a25,1536,2048,2026-09-11T17:22:38+1200,train
blackbird,bird,Common blackbird,Turdus merula,37390375,59266587,cc-by,"(c) wild_wind, some rights reserved (CC BY)",2020-01-08,341569,Turdus merula merula,https://inaturalist-open-data.s3.amazonaws.com/photos/59266587/large.jpeg,https://inaturalist-open-data.s3.amazonaws.com/photos/59266587/original.jpeg,data/raw/blackbird/59266587.jpg,446424,6fb3ff8bf2cd2775d1c0bd3febbef5f7,2048,1987,2026-09-11T17:22:38+1200,train
blackbird,bird,Common blackbird,Turdus merula,54030147,85953143,cc-by,"(c) wild_wind, some rights reserved (CC BY)",2020-07-22,341569,Turdus merula merula,https://inaturalist-open-data.s3.amazonaws.com/photos/85953143/large.jpg,https://inaturalist-open-data.s3.amazonaws.com/photos/85953143/original.jpg,data/raw/blackbird/85953143.jpg,252991,6f6f7edc508f9a68fd60e7d3f630e72c,2048,2048,2026-09-11T17:22:38+1200,train
blackbird,bird,Common blackbird,Turdus merula,256426361,459754519,cc0,no rights reserved,2020-01-19,341569,Turdus merula merula,https://inaturalist-open-data.s3.amazonaws.com/photos/459754519/large.jpg,https://inaturalist-open-data.s3.amazonaws.com/photos/459754519/original.jpg,data/raw/blackbird/459754519.jpg,639038,7888ac0d360ec39f5ce97e1e2c00a20e,1577,1562,2026-09-11T17:22:38+1200,train
blackbird,bird,Common blackbird,Turdus merula,218295840,386275141,cc-by,"(c) William Harland, some rights reserved (CC BY)",2024-05-11,341569,Turdus merula merula,https://inaturalist-open-data.s3.amazonaws.com/photos/386275141/large.jpeg,https://inaturalist-open-data.s3.amazonaws.com/photos/386275141/original.jpeg,data/raw/blackbird/386275141.jpg,69126,a16e6ea17aab7808619858bf354f5263,2048,1360,2026-09-11T17:22:38+1200,train
blackbird,bird,Common blackbird,Turdus merula,50871850,80801676,cc-by,"(c) Tim Park, some rights reserved (CC BY)",2020-06-21,341569,Turdus merula merula,https://inaturalist-open-data.s3.amazonaws.com/photos/80801676/large.jpg,https://inaturalist-open-data.s3.amazonaws.com/photos/80801676/original.jpg,data/raw/blackbird/80801676.jpg,277043,b551e46b4fbe2e9dc0ec0ef31dceea46,2048,1536,2026-09-11T17:22:38+1200,train
blackbird,bird,Common blackbird,Turdus merula,52785728,83931614,cc-by,"(c) Tim Park, some rights reserved (CC BY)",2020-06-27,341569,Turdus merula merula,https://inaturalist-open-data.s3.amazonaws.com/photos/83931614/large.jpg,https://inaturalist-open-data.s3.amazonaws.com/photos/83931614/original.jpg,data/raw/blackbird/83931614.jpg,235823,625e94b53f702c79d18a78802a3a3151,1440,1080,2026-09-11T17:22:38+1200,train
blackbird,bird,Common blackbird,Turdus merula,353292321,644661720,cc-by,"(c) Frank Ashwood, some rights reserved (CC BY)",2026-04-25,341569,Turdus merula merula,https://inaturalist-open-data.s3.amazonaws.com/photos/644661720/large.jpg,https://inaturalist-open-data.s3.amazonaws.com/photos/644661720/original.jpg,data/raw/blackbird/644661720.jpg,480663,15125d29671d3a3bce061bd7fbf6f999,906,1610,2026-09-11T17:22:38+1200,train
blackbird,bird,Common blackbird,Turdus merula,7628586,9975048,cc-by,"(c) Jacqui Geux, some rights reserved (CC BY)",2017-08-23,12716,Turdus merula,https://inaturalist-open-data.s3.amazonaws.com/photos/9975048/large.jpeg,https://inaturalist-open-data.s3.amazonaws.com/photos/9975048/original.jpeg,data/raw/blackbird/9975048.jpg,188263,d4076b3450ad295722898184311b9c7b,1600,1200,2026-09-11T17:22:38+1200,train
blackbird,bird,Common blackbird,Turdus merula,271614991,488594551,cc0,no rights reserved,2025-04-09,12716,Turdus merula,https://inaturalist-open-data.s3.amazonaws.com/photos/488594551/large.jpeg,https://inaturalist-open-data.s3.amazonaws.com/photos/488594551/original.jpeg,data/raw/blackbird/488594551.jpg,728093,4dbc9f9d9987cf27ae7a46b7d188cd30,2048,2048,2026-09-11T17:22:38+1200,train
blackbird,bird,Common blackbird,Turdus merula,279632125,502163893,cc-by,"(c) Nathan Odgers, some rights reserved (CC BY)",2025-05-09,12716,Turdus merula,https://inaturalist-open-data.s3.amazonaws.com/photos/502163893/large.jpg,https://inaturalist-open-data.s3.amazonaws.com/photos/502163893/original.jpg,data/raw/blackbird/502163893.jpg,908977,2d6060799aaada6f259229775bc5a815,2048,1536,2026-09-11T17:22:38+1200,train
blackbird,bird,Common blackbird,Turdus merula,47484364,75315147,cc-by,"(c) Mike Bowie, some rights reserved (CC BY)",2020-05-22,341569,Turdus merula merula,https://inaturalist-open-data.s3.amazonaws.com/photos/75315147/large.jpeg,https://inaturalist-open-data.s3.amazonaws.com/photos/75315147/original.jpeg,data/raw/blackbird/75315147.jpg,254089,d43a8a6c887132db53664a1e40df4595,2048,1357,2026-09-11T17:22:38+1200,train
blackbird,bird,Common blackbird,Turdus merula,76843825,125680379,cc-by,"(c) Jenny Saito, some rights reserved (CC BY)",2021-05-03,341569,Turdus merula merula,https://inaturalist-open-data.s3.amazonaws.com/photos/125680379/large.jpeg,https://inaturalist-open-data.s3.amazonaws.com/photos/125680379/original.jpeg,data/raw/blackbird/125680379.jpg,445576,28136f61111df661d7dcb049f6e0f0c8,1536,2048,2026-09-11T17:22:38+1200,train
blackbird,bird,Common blackbird,Turdus merula,78009051,127616260,cc-by,"(c) Jon Sullivan, some rights reserved (CC BY)",2021-05-02,341569,Turdus merula merula,https://inaturalist-open-data.s3.amazonaws.com/photos/127616260/large.jpg,https://inaturalist-open-data.s3.amazonaws.com/photos/127616260/original.jpg,data/raw/blackbird/127616260.jpg,156133,ebf14edb676c211fc404b9b97bd05583,2048,1367,2026-09-11T17:22:38+1200,train
blackbird,bird,Common blackbird,Turdus merula,78030186,127655991,cc-by,"(c) Jon Sullivan, some rights reserved (CC BY)",2021-05-01,341569,Turdus merula merula,https://inaturalist-open-data.s3.amazonaws.com/photos/127655991/large.jpg,https://inaturalist-open-data.s3.amazonaws.com/photos/127655991/original.jpg,data/raw/blackbird/127655991.jpg,227212,92e8b981e80a32324020c85d90687840,2048,1365,2026-09-11T17:22:38+1200,train
blackbird,bird,Common blackbird,Turdus merula,49910342,79244584,cc-by,"(c) Jacqui Geux, some rights reserved (CC BY)",2020-06-14,341569,Turdus merula merula,https://inaturalist-open-data.s3.amazonaws.com/photos/79244584/large.jpeg,https://inaturalist-open-data.s3.amazonaws.com/photos/79244584/original.jpeg,data/raw/blackbird/79244584.jpg,162362,d755e12b251e739b7e9049950513f8c9,1600,1200,2026-09-11T17:22:38+1200,train
blackbird,bird,Common blackbird,Turdus merula,17400427,26437136,cc-by,"(c) Jenny Saito, some rights reserved (CC BY)",2018-10-11,341569,Turdus merula merula,https://inaturalist-open-data.s3.amazonaws.com/photos/26437136/large.jpg,https://inaturalist-open-data.s3.amazonaws.com/photos/26437136/original.jpg,data/raw/blackbird/26437136.jpg,343361,ea610ba04d7bee37c3bd934a768f3fc9,2048,1365,2026-09-11T17:22:38+1200,train
blackbird,bird,Common blackbird,Turdus merula,211436792,373819936,cc-by,"(c) Jenny Saito, some rights reserved (CC BY)",2024-04-29,341569,Turdus merula merula,https://inaturalist-open-data.s3.amazonaws.com/photos/373819936/large.jpeg,https://inaturalist-open-data.s3.amazonaws.com/photos/373819936/original.jpeg,data/raw/blackbird/373819936.jpg,631048,11ded5a661bc77af34a1d1e2b8c444fd,2048,1536,2026-09-11T17:22:38+1200,train
blackbird,bird,Common blackbird,Turdus merula,9285577,12585832,cc-by,"(c) Jon Sullivan, some rights reserved (CC BY)",2017-12-19,341569,Turdus merula merula,https://inaturalist-open-data.s3.amazonaws.com/photos/12585832/large.jpg,https://inaturalist-open-data.s3.amazonaws.com/photos/12585832/original.jpg,data/raw/blackbird/12585832.jpg,581632,fb54b7b277f0d6df91330a4b6605df58,2048,1536,2026-09-11T17:22:38+1200,train
blackbird,bird,Common blackbird,Turdus merula,245357202,437815479,cc-by,"(c) William Harland, some rights reserved (CC BY)",2013-10-04,341569,Turdus merula merula,https://inaturalist-open-data.s3.amazonaws.com/photos/437815479/large.jpeg,https://inaturalist-open-data.s3.amazonaws.com/photos/437815479/original.jpeg,data/raw/blackbird/437815479.jpg,168787,2f7f7fcdc36a68d2299b70c4ebf0cd42,2048,1326,2026-09-11T17:22:38+1200,train
blackbird,bird,Common blackbird,Turdus merula,296723098,534317138,cc-by,"(c) naturalist132890, some rights reserved (CC BY)",2025-07-07,341569,Turdus merula merula,https://inaturalist-open-data.s3.amazonaws.com/photos/534317138/large.jpg,https://inaturalist-open-data.s3.amazonaws.com/photos/534317138/original.jpg,data/raw/blackbird/534317138.jpg,833994,66ffe915c4a91a1acd7132d7e83f76b8,2048,1365,2026-09-11T17:22:38+1200,train
blackbird,bird,Common blackbird,Turdus merula,256353826,459609287,cc0,no rights reserved,2020-05-30,341569,Turdus merula merula,https://inaturalist-open-data.s3.amazonaws.com/photos/459609287/large.jpeg,https://inaturalist-open-data.s3.amazonaws.com/photos/459609287/original.jpeg,data/raw/blackbird/459609287.jpg,493924,327a5ffee2ff89324123b223908e7118,2048,1536,2026-09-11T17:22:38+1200,train
blackbird,bird,Common blackbird,Turdus merula,307170677,554009460,cc0,no rights reserved,2025-08-16,12716,Turdus merula,https://inaturalist-open-data.s3.amazonaws.com/photos/554009460/large.jpg,https://inaturalist-open-data.s3.amazonaws.com/photos/554009460/original.jpg,data/raw/blackbird/554009460.jpg,449243,6020fa503746c6bdec57b5e03d19f031,2048,1366,2026-09-11T17:22:38+1200,train
blackbird,bird,Common blackbird,Turdus merula,71350057,116155889,cc-by,"(c) Richard Davies, some rights reserved (CC BY)",2021-03-16,341569,Turdus merula merula,https://inaturalist-open-data.s3.amazonaws.com/photos/116155889/large.jpeg,https://inaturalist-open-data.s3.amazonaws.com/photos/116155889/original.jpeg,data/raw/blackbird/116155889.jpg,387411,c3e5b16d7c676472fd2339bbfafc648f,1158,1488,2026-09-11T17:22:38+1200,train
blackbird,bird,Common blackbird,Turdus merula,1111683,1397297,cc-by,"(c) Jon Sullivan, some rights reserved (CC BY)",2014-11-29,341569,Turdus merula merula,https://inaturalist-open-data.s3.amazonaws.com/photos/1397297/large.jpg,https://inaturalist-open-data.s3.amazonaws.com/photos/1397297/original.jpg,data/raw/blackbird/1397297.jpg,377858,adf5383ff798bb997c745a687a5e2e3f,2048,1357,2026-09-11T17:22:38+1200,train
blackbird,bird,Common blackbird,Turdus merula,391038614,716469922,cc-by,"(c) William Harland, some rights reserved (CC BY)",2026-08-10,12716,Turdus merula,https://inaturalist-open-data.s3.amazonaws.com/photos/716469922/large.jpg,https://inaturalist-open-data.s3.amazonaws.com/photos/716469922/original.jpg,data/raw/blackbird/716469922.jpg,89477,e8eef238ae14f4826a3f9f1cf0e14b1f,2048,1304,2026-09-11T17:22:38+1200,train
blackbird,bird,Common blackbird,Turdus merula,212836728,376123467,cc-by,"(c) Julia Palmer, some rights reserved (CC BY)",2024-04-26,341569,Turdus merula merula,https://inaturalist-open-data.s3.amazonaws.com/photos/376123467/large.jpeg,https://inaturalist-open-data.s3.amazonaws.com/photos/376123467/original.jpeg,data/raw/blackbird/376123467.jpg,394542,36391504d91c7e9feb616a68a78f268c,2048,1365,2026-09-11T17:22:38+1200,train
blackbird,bird,Common blackbird,Turdus merula,112233010,189564776,cc-by,"(c) Aalbert Rebergen, some rights reserved (CC BY)",2022-04-16,341569,Turdus merula merula,https://inaturalist-open-data.s3.amazonaws.com/photos/189564776/large.jpeg,https://inaturalist-open-data.s3.amazonaws.com/photos/189564776/original.jpeg,data/raw/blackbird/189564776.jpg,241842,1a2547e7cf12034baa7f3151fe8d2cde,2048,1391,2026-09-11T17:22:38+1200,train
blackbird,bird,Common blackbird,Turdus merula,112314968,189706321,cc0,no rights reserved,2022-04-22,341569,Turdus merula merula,https://inaturalist-open-data.s3.amazonaws.com/photos/189706321/large.jpg,https://inaturalist-open-data.s3.amazonaws.com/photos/189706321/original.jpg,data/raw/blackbird/189706321.jpg,518597,1b9abec3889f9591ccd169249689a29e,1292,1507,2026-09-11T17:22:38+1200,train
blackbird,bird,Common blackbird,Turdus merula,151430426,261277306,cc0,no rights reserved,2021-10-06,341569,Turdus merula merula,https://inaturalist-open-data.s3.amazonaws.com/photos/261277306/large.jpeg,https://inaturalist-open-data.s3.amazonaws.com/photos/261277306/original.jpeg,data/raw/blackbird/261277306.jpg,373484,e33e98ae436ca766163155c51d61b1a8,1536,2048,2026-09-11T17:22:38+1200,train
blackbird,bird,Common blackbird,Turdus merula,18838842,28858486,cc0,no rights reserved,2018-12-05,341569,Turdus merula merula,https://inaturalist-open-data.s3.amazonaws.com/photos/28858486/large.jpg,https://inaturalist-open-data.s3.amazonaws.com/photos/28858486/original.jpg,data/raw/blackbird/28858486.jpg,308607,3f3919336c3f9805b7072b4c74447eb2,1536,2048,2026-09-11T17:22:38+1200,train
blackbird,bird,Common blackbird,Turdus merula,102564204,171479475,cc-by,"(c) Krystal, some rights reserved (CC BY)",2021-12-06,341569,Turdus merula merula,https://inaturalist-open-data.s3.amazonaws.com/photos/171479475/large.jpeg,https://inaturalist-open-data.s3.amazonaws.com/photos/171479475/original.jpeg,data/raw/blackbird/171479475.jpg,687472,b8e541bfb8b19190e005a57c62f3441a,1379,1366,2026-09-11T17:22:38+1200,train
blackbird,bird,Common blackbird,Turdus merula,354114686,646032510,cc-by,"(c) Michael Keith, some rights reserved (CC BY)",2026-04-25,12716,Turdus merula,https://inaturalist-open-data.s3.amazonaws.com/photos/646032510/large.jpg,https://inaturalist-open-data.s3.amazonaws.com/photos/646032510/original.jpg,data/raw/blackbird/646032510.jpg,485834,6bddd8495a5f7d154cad1d8973e1df4a,1536,2048,2026-09-11T17:22:38+1200,train
blackbird,bird,Common blackbird,Turdus merula,303042362,546177993,cc-by,"(c) ian_mcallan, some rights reserved (CC BY)",2025-06-03,12716,Turdus merula,https://inaturalist-open-data.s3.amazonaws.com/photos/546177993/large.jpg,https://inaturalist-open-data.s3.amazonaws.com/photos/546177993/original.jpg,data/raw/blackbird/546177993.jpg,146404,a5915d8e25f9c0e1c0109e4092bc3792,2048,1536,2026-09-11T17:22:38+1200,train
blackbird,bird,Common blackbird,Turdus merula,24321750,37606625,cc-by,"(c) Jon Sullivan, some rights reserved (CC BY)",2019-04-27,12716,Turdus merula,https://inaturalist-open-data.s3.amazonaws.com/photos/37606625/large.jpg,https://inaturalist-open-data.s3.amazonaws.com/photos/37606625/original.jpg,data/raw/blackbird/37606625.jpg,133353,a5c3f670298e9ea4aa786d490b5e2fd0,2048,1357,2026-09-11T17:22:38+1200,train
blackbird,bird,Common blackbird,Turdus merula,262675988,471740880,cc-by,"(c) Richard Littauer, some rights reserved (CC BY)",2024-11-09,12716,Turdus merula,https://inaturalist-open-data.s3.amazonaws.com/photos/471740880/large.jpg,https://inaturalist-open-data.s3.amazonaws.com/photos/471740880/original.jpg,data/raw/blackbird/471740880.jpg,461025,0bed3c1c5169ebbc1462481324150807,2000,1331,2026-09-11T17:22:38+1200,train
blackbird,bird,Common blackbird,Turdus merula,212819014,376092297,cc-by,"(c) Dustin Edmundson, some rights reserved (CC BY)",2024-04-26,341569,Turdus merula merula,https://inaturalist-open-data.s3.amazonaws.com/photos/376092297/large.jpeg,https://inaturalist-open-data.s3.amazonaws.com/photos/376092297/original.jpeg,data/raw/blackbird/376092297.jpg,1027179,ed8d32b05018e87b405a271c71a0759d,1977,1977,2026-09-11T17:22:38+1200,train
blackbird,bird,Common blackbird,Turdus merula,210392719,372123950,cc-by,"(c) Halema J, some rights reserved (CC BY)",2024-04-27,12716,Turdus merula,https://inaturalist-open-data.s3.amazonaws.com/photos/372123950/large.jpeg,https://inaturalist-open-data.s3.amazonaws.com/photos/372123950/original.jpeg,data/raw/blackbird/372123950.jpg,493743,337454e7544be92b794a845e78a13de6,2048,1365,2026-09-11T17:22:38+1200,train
blackbird,bird,Common blackbird,Turdus merula,172762047,299948381,cc-by,"(c) Heidi Meudt, some rights reserved (CC BY)",2023-07-14,12716,Turdus merula,https://inaturalist-open-data.s3.amazonaws.com/photos/299948381/large.jpeg,https://inaturalist-open-data.s3.amazonaws.com/photos/299948381/original.jpeg,data/raw/blackbird/299948381.jpg,890314,b351229abe5a554cc43c5f9322cd551c,1536,2048,2026-09-11T17:22:38+1200,train
blackbird,bird,Common blackbird,Turdus merula,172267578,299030245,cc-by,"(c) Michael Berardozzi, some rights reserved (CC BY)",2023-07-11,12716,Turdus merula,https://inaturalist-open-data.s3.amazonaws.com/photos/299030245/large.jpg,https://inaturalist-open-data.s3.amazonaws.com/photos/299030245/original.jpg,data/raw/blackbird/299030245.jpg,390018,2195c589191ec70d6d9b3b2b61c84b1e,2048,1536,2026-09-11T17:22:38+1200,train
blackbird,bird,Common blackbird,Turdus merula,289472003,520658570,cc-by,"(c) naturalist132890, some rights reserved (CC BY)",2025-06-14,12716,Turdus merula,https://inaturalist-open-data.s3.amazonaws.com/photos/520658570/large.jpg,https://inaturalist-open-data.s3.amazonaws.com/photos/520658570/original.jpg,data/raw/blackbird/520658570.jpg,310412,6a83914ac7d6ac8cd6466393ccbcca16,2048,1365,2026-09-11T17:22:38+1200,train
blackbird,bird,Common blackbird,Turdus merula,278278795,499670129,cc-by,"(c) Richard Littauer, some rights reserved (CC BY)",2025-04-25,12716,Turdus merula,https://inaturalist-open-data.s3.amazonaws.com/photos/499670129/large.jpg,https://inaturalist-open-data.s3.amazonaws.com/photos/499670129/original.jpg,data/raw/blackbird/499670129.jpg,655229,b3e409fdc5611d0199be2e613f24a462,2000,1333,2026-09-11T17:22:38+1200,train
blackbird,bird,Common blackbird,Turdus merula,209456483,370659000,cc-by,"(c) rempson, some rights reserved (CC BY)",2024-04-26,12716,Turdus merula,https://inaturalist-open-data.s3.amazonaws.com/photos/370659000/large.jpeg,https://inaturalist-open-data.s3.amazonaws.com/photos/370659000/original.jpeg,data/raw/blackbird/370659000.jpg,580300,35d8ee08fcc7505918e660254346a689,2048,1536,2026-09-11T17:22:38+1200,train
blackbird,bird,Common blackbird,Turdus merula,341790231,622283629,cc-by,"(c) William Harland, some rights reserved (CC BY)",2026-02-11,12716,Turdus merula,https://inaturalist-open-data.s3.amazonaws.com/photos/622283629/large.jpg,https://inaturalist-open-data.s3.amazonaws.com/photos/622283629/original.jpg,data/raw/blackbird/622283629.jpg,60384,22c73130953cda66ebd24fa003cdb773,2048,1372,2026-09-11T17:22:38+1200,train
blackbird,bird,Common blackbird,Turdus merula,337407725,613358555,cc-by,"(c) Thomas Wilson, some rights reserved (CC BY)",2026-02-05,12716,Turdus merula,https://inaturalist-open-data.s3.amazonaws.com/photos/613358555/large.jpg,https://inaturalist-open-data.s3.amazonaws.com/photos/613358555/original.jpg,data/raw/blackbird/613358555.jpg,405025,0edd29b37a0adf4516b37157761428e0,1365,2048,2026-09-11T17:22:38+1200,train
blackbird,bird,Common blackbird,Turdus merula,340535719,619724679,cc0,no rights reserved,2026-02-28,12716,Turdus merula,https://inaturalist-open-data.s3.amazonaws.com/photos/619724679/large.jpg,https://inaturalist-open-data.s3.amazonaws.com/photos/619724679/original.jpg,data/raw/blackbird/619724679.jpg,543482,906a05c468894bf27e8841254d88c1b2,2048,2048,2026-09-11T17:22:38+1200,train
blackbird,bird,Common blackbird,Turdus merula,5752014,7139299,cc0,no rights reserved,2015-11-15,12716,Turdus merula,https://inaturalist-open-data.s3.amazonaws.com/photos/7139299/large.jpg,https://inaturalist-open-data.s3.amazonaws.com/photos/7139299/original.jpg,data/raw/blackbird/7139299.jpg,845468,4834e250880aa7243b6d45c318728a14,1368,1026,2026-09-11T17:22:38+1200,train
blackbird,bird,Common blackbird,Turdus merula,392511495,719336740,cc0,no rights reserved,2026-08-19,12716,Turdus merula,https://inaturalist-open-data.s3.amazonaws.com/photos/719336740/large.jpg,https://inaturalist-open-data.s3.amazonaws.com/photos/719336740/original.jpg,data/raw/blackbird/719336740.jpg,380518,184e1216195eb9fd7daf07d8c7b972c5,2048,1580,2026-09-11T17:22:38+1200,train
blackbird,bird,Common blackbird,Turdus merula,16924261,25573808,cc-by,"(c) Nathan Odgers, some rights reserved (CC BY)",2018-09-26,12716,Turdus merula,https://inaturalist-open-data.s3.amazonaws.com/photos/25573808/large.jpg,https://inaturalist-open-data.s3.amazonaws.com/photos/25573808/original.jpg,data/raw/blackbird/25573808.jpg,201478,d19eb35feae967c480790fef2b85ec51,2048,1536,2026-09-11T17:22:38+1200,train
blackbird,bird,Common blackbird,Turdus merula,17151520,25984671,cc-by,"(c) Mike Bowie, some rights reserved (CC BY)",2018-10-03,12716,Turdus merula,https://inaturalist-open-data.s3.amazonaws.com/photos/25984671/large.jpg,https://inaturalist-open-data.s3.amazonaws.com/photos/25984671/original.jpg,data/raw/blackbird/25984671.jpg,151858,c905ceb6db2a4888168d4eb5add47889,2048,1580,2026-09-11T17:22:38+1200,train
blackbird,bird,Common blackbird,Turdus merula,344993993,628656119,cc0,no rights reserved,2026-03-25,12716,Turdus merula,https://inaturalist-open-data.s3.amazonaws.com/photos/628656119/large.jpg,https://inaturalist-open-data.s3.amazonaws.com/photos/628656119/original.jpg,data/raw/blackbird/628656119.jpg,490453,4f4520907927ec3c4e1760411ff38860,1826,2048,2026-09-11T17:22:38+1200,train
blackbird,bird,Common blackbird,Turdus merula,1093840,1374120,cc-by,"(c) Jon Sullivan, some rights reserved (CC BY)",2014-11-23,12716,Turdus merula,https://inaturalist-open-data.s3.amazonaws.com/photos/1374120/large.jpg,https://inaturalist-open-data.s3.amazonaws.com/photos/1374120/original.jpg,data/raw/blackbird/1374120.jpg,347500,040fc6ce6dde760a05e827d49545d6ee,2048,1536,2026-09-11T17:22:38+1200,train
blackbird,bird,Common blackbird,Turdus merula,3202704,3707178,cc-by,"(c) Jacqui Geux, some rights reserved (CC BY)",2016-05-18,12716,Turdus merula,https://inaturalist-open-data.s3.amazonaws.com/photos/3707178/large.JPG,https://inaturalist-open-data.s3.amazonaws.com/photos/3707178/original.JPG,data/raw/blackbird/3707178.jpg,164311,084271e46ade4707377dd2a3af530a90,1600,1200,2026-09-11T17:22:38+1200,train
blackbird,bird,Common blackbird,Turdus merula,3719782,4323159,cc-by,"(c) Jacqui Geux, some rights reserved (CC BY)",2016-07-22,12716,Turdus merula,https://inaturalist-open-data.s3.amazonaws.com/photos/4323159/large.jpeg,https://inaturalist-open-data.s3.amazonaws.com/photos/4323159/original.jpeg,data/raw/blackbird/4323159.jpg,119386,0e29c7af478c3f6c0dfa596a27a29c23,1600,1200,2026-09-11T17:22:38+1200,train
blackbird,bird,Common blackbird,Turdus merula,4156913,4950969,cc-by,"(c) leafveiled, some rights reserved (CC BY)",2016-09-20,12716,Turdus merula,https://inaturalist-open-data.s3.amazonaws.com/photos/4950969/large.jpg,https://inaturalist-open-data.s3.amazonaws.com/photos/4950969/original.jpg,data/raw/blackbird/4950969.jpg,65181,9df1ae5c7b61b32b59ff5500a9144269,738,593,2026-09-11T17:22:38+1200,train
blackbird,bird,Common blackbird,Turdus merula,1292714,1621532,cc-by,"(c) Mike Dickison, some rights reserved (CC BY)",2014-09-27,12716,Turdus merula,https://inaturalist-open-data.s3.amazonaws.com/photos/1621532/large.jpg,https://inaturalist-open-data.s3.amazonaws.com/photos/1621532/original.jpg,data/raw/blackbird/1621532.jpg,21921,883dd906cfb38f0100342fe65e81133c,544,364,2026-09-11T17:22:38+1200,train
blackbird,bird,Common blackbird,Turdus merula,331015322,600392024,cc0,no rights reserved,2025-12-16,12716,Turdus merula,https://inaturalist-open-data.s3.amazonaws.com/photos/600392024/large.jpg,https://inaturalist-open-data.s3.amazonaws.com/photos/600392024/original.jpg,data/raw/blackbird/600392024.jpg,617286,81d74566e31d2c23ba9884ac2e24eda2,1152,2048,2026-09-11T17:22:38+1200,train
blackbird,bird,Common blackbird,Turdus merula,2007703,2443831,cc-by,"(c) Jon Sullivan, some rights reserved (CC BY)",2015-09-20,12716,Turdus merula,https://inaturalist-open-data.s3.amazonaws.com/photos/2443831/large.jpg,https://inaturalist-open-data.s3.amazonaws.com/photos/2443831/original.jpg,data/raw/blackbird/2443831.jpg,339397,9425a0fa3b5a949563440c88d5b4ad3b,2048,1367,2026-09-11T17:22:38+1200,train
blackbird,bird,Common blackbird,Turdus merula,396044064,726234505,cc-by,"(c) sam-rajnikant, some rights reserved (CC BY)",2026-03-28,12716,Turdus merula,https://inaturalist-open-data.s3.amazonaws.com/photos/726234505/large.jpg,https://inaturalist-open-data.s3.amazonaws.com/photos/726234505/original.jpg,data/raw/blackbird/726234505.jpg,251308,19c64307e032f71a18f3bf1870ab2bb0,2048,1366,2026-09-11T17:22:38+1200,train
blackbird,bird,Common blackbird,Turdus merula,17430772,26491994,cc-by,"(c) Jenny Saito, some rights reserved (CC BY)",2018-10-12,12716,Turdus merula,https://inaturalist-open-data.s3.amazonaws.com/photos/26491994/large.jpeg,https://inaturalist-open-data.s3.amazonaws.com/photos/26491994/original.jpeg,data/raw/blackbird/26491994.jpg,390234,c5780c0fdd66001ae88b18cafd1fa74c,2048,1152,2026-09-11T17:22:38+1200,train
blackbird,bird,Common blackbird,Turdus merula,263441005,473266382,cc-by,"(c) ian_mcallan, some rights reserved (CC BY)",2025-02-21,12716,Turdus merula,https://inaturalist-open-data.s3.amazonaws.com/photos/473266382/large.jpeg,https://inaturalist-open-data.s3.amazonaws.com/photos/473266382/original.jpeg,data/raw/blackbird/473266382.jpg,278237,8b174e6fd56228f939249d88843d0153,2048,1536,2026-09-11T17:22:38+1200,train
blackbird,bird,Common blackbird,Turdus merula,265508129,476921977,cc-by,"(c) David Orlovich, some rights reserved (CC BY)",2025-03-16,12716,Turdus merula,https://inaturalist-open-data.s3.amazonaws.com/photos/476921977/large.jpg,https://inaturalist-open-data.s3.amazonaws.com/photos/476921977/original.jpg,data/raw/blackbird/476921977.jpg,432439,06cafaf3b4f0312590198158217b89eb,1536,2048,2026-09-11T17:22:38+1200,train
blackbird,bird,Common blackbird,Turdus merula,323042203,584485657,cc-by,"(c) Richard Littauer, some rights reserved (CC BY)",2025-10-25,12716,Turdus merula,https://inaturalist-open-data.s3.amazonaws.com/photos/584485657/large.jpg,https://inaturalist-open-data.s3.amazonaws.com/photos/584485657/original.jpg,data/raw/blackbird/584485657.jpg,387190,d03622d484f9363eff2d0ccc031dcc2c,1536,2048,2026-09-11T17:22:38+1200,train
blackbird,bird,Common blackbird,Turdus merula,326753431,591849237,cc0,no rights reserved,2025-11-06,12716,Turdus merula,https://inaturalist-open-data.s3.amazonaws.com/photos/591849237/large.jpg,https://inaturalist-open-data.s3.amazonaws.com/photos/591849237/original.jpg,data/raw/blackbird/591849237.jpg,450022,0d086f2d5b9299f06a8a1cb8a84d9619,1536,2048,2026-09-11T17:22:38+1200,train
blackbird,bird,Common blackbird,Turdus merula,326391884,591123682,cc-by,"(c) Mirko Bliinn, some rights reserved (CC BY)",2025-11-14,12716,Turdus merula,https://inaturalist-open-data.s3.amazonaws.com/photos/591123682/large.jpg,https://inaturalist-open-data.s3.amazonaws.com/photos/591123682/original.jpg,data/raw/blackbird/591123682.jpg,377238,7a0fa542afec7b820e267900409e757f,1536,2048,2026-09-11T17:22:38+1200,train
blackbird,bird,Common blackbird,Turdus merula,322928110,584265940,cc-by,"(c) Richard Littauer, some rights reserved (CC BY)",2025-10-25,12716,Turdus merula,https://inaturalist-open-data.s3.amazonaws.com/photos/584265940/large.jpg,https://inaturalist-open-data.s3.amazonaws.com/photos/584265940/original.jpg,data/raw/blackbird/584265940.jpg,869838,3050ffc5ae728f63c531d9b7e39cdd48,2000,1331,2026-09-11T17:22:38+1200,train
blackbird,bird,Common blackbird,Turdus merula,301455801,543221329,cc-by,"(c) William Harland, some rights reserved (CC BY)",2025-07-23,12716,Turdus merula,https://inaturalist-open-data.s3.amazonaws.com/photos/543221329/large.jpg,https://inaturalist-open-data.s3.amazonaws.com/photos/543221329/original.jpg,data/raw/blackbird/543221329.jpg,167329,b7349d3b0dfa3c101d484dc38e1c1c5f,2048,1317,2026-09-11T17:22:38+1200,train
blackbird,bird,Common blackbird,Turdus merula,301650369,543580976,cc-by,"(c) William Harland, some rights reserved (CC BY)",2025-07-27,12716,Turdus merula,https://inaturalist-open-data.s3.amazonaws.com/photos/543580976/large.jpg,https://inaturalist-open-data.s3.amazonaws.com/photos/543580976/original.jpg,data/raw/blackbird/543580976.jpg,81158,686462e1800ef85f00685f9fa976065c,2048,1163,2026-09-11T17:22:38+1200,train
blackbird,bird,Common blackbird,Turdus merula,329402067,597093055,cc0,no rights reserved,2025-12-04,12716,Turdus merula,https://inaturalist-open-data.s3.amazonaws.com/photos/597093055/large.jpg,https://inaturalist-open-data.s3.amazonaws.com/photos/597093055/original.jpg,data/raw/blackbird/597093055.jpg,704986,30069daf158a2a57b0ab9aa7b48aaaaf,1542,2048,2026-09-11T17:22:38+1200,train
blackbird,bird,Common blackbird,Turdus merula,292273897,525949809,cc-by,"(c) William Harland, some rights reserved (CC BY)",2025-06-15,12716,Turdus merula,https://inaturalist-open-data.s3.amazonaws.com/photos/525949809/large.jpg,https://inaturalist-open-data.s3.amazonaws.com/photos/525949809/original.jpg,data/raw/blackbird/525949809.jpg,139232,be0ee449ca32c41f254bc0a95ae2adaf,2048,1144,2026-09-11T17:22:38+1200,train
blackbird,bird,Common blackbird,Turdus merula,348329426,635251686,cc0,no rights reserved,2026-02-28,12716,Turdus merula,https://inaturalist-open-data.s3.amazonaws.com/photos/635251686/large.jpg,https://inaturalist-open-data.s3.amazonaws.com/photos/635251686/original.jpg,data/raw/blackbird/635251686.jpg,412628,269008fcefdb5d0daf31a2c63d07b032,2048,1365,2026-09-11T17:22:38+1200,train
blackbird,bird,Common blackbird,Turdus merula,354690893,647000184,cc-by,"(c) Richard Littauer, some rights reserved (CC BY)",2026-04-26,12716,Turdus merula,https://inaturalist-open-data.s3.amazonaws.com/photos/647000184/large.jpg,https://inaturalist-open-data.s3.amazonaws.com/photos/647000184/original.jpg,data/raw/blackbird/647000184.jpg,1049249,90193acd6351b41aa9e4a4fc444bea4e,1500,2000,2026-09-11T17:22:38+1200,train
blackbird,bird,Common blackbird,Turdus merula,304120356,548213188,cc-by,"(c) William Harland, some rights reserved (CC BY)",2025-07-31,12716,Turdus merula,https://inaturalist-open-data.s3.amazonaws.com/photos/548213188/large.jpg,https://inaturalist-open-data.s3.amazonaws.com/photos/548213188/original.jpg,data/raw/blackbird/548213188.jpg,158891,8f271511ca236ef444878fc5926afaf1,2048,1201,2026-09-11T17:22:38+1200,train
blackbird,bird,Common blackbird,Turdus merula,348335810,635265697,cc0,no rights reserved,2026-03-02,12716,Turdus merula,https://inaturalist-open-data.s3.amazonaws.com/photos/635265697/large.jpg,https://inaturalist-open-data.s3.amazonaws.com/photos/635265697/original.jpg,data/raw/blackbird/635265697.jpg,432026,a4873491536c9f6ff07486e8512ad3de,2048,1365,2026-09-11T17:22:38+1200,train
blackbird,bird,Common blackbird,Turdus merula,255042508,456968091,cc-by,"(c) William Harland, some rights reserved (CC BY)",2024-12-07,341569,Turdus merula merula,https://inaturalist-open-data.s3.amazonaws.com/photos/456968091/large.jpeg,https://inaturalist-open-data.s3.amazonaws.com/photos/456968091/original.jpeg,data/raw/blackbird/456968091.jpg,159301,ac9f4b0c957e0020b08950c5855f5111,2048,1205,2026-09-11T17:22:38+1200,train
blackbird,bird,Common blackbird,Turdus merula,136546160,233060610,cc-by,"(c) John Barkla, some rights reserved (CC BY)",2022-09-26,341569,Turdus merula merula,https://inaturalist-open-data.s3.amazonaws.com/photos/233060610/large.jpeg,https://inaturalist-open-data.s3.amazonaws.com/photos/233060610/original.jpeg,data/raw/blackbird/233060610.jpg,767595,e1cf13b73081347961b6972697d23fac,1542,2048,2026-09-11T17:22:38+1200,train
blackbird,bird,Common blackbird,Turdus merula,157484483,272288700,cc-by,"(c) Halema J, some rights reserved (CC BY)",2023-04-29,12716,Turdus merula,https://inaturalist-open-data.s3.amazonaws.com/photos/272288700/large.jpeg,https://inaturalist-open-data.s3.amazonaws.com/photos/272288700/original.jpeg,data/raw/blackbird/272288700.jpg,587641,2a74b7ebb959b05804be69d6f59303e5,2048,1365,2026-09-11T17:22:38+1200,train
blackbird,bird,Common blackbird,Turdus merula,160254129,276909929,cc-by,"(c) Jon Sullivan, some rights reserved (CC BY)",2023-04-30,12716,Turdus merula,https://inaturalist-open-data.s3.amazonaws.com/photos/276909929/large.jpg,https://inaturalist-open-data.s3.amazonaws.com/photos/276909929/original.jpg,data/raw/blackbird/276909929.jpg,680991,948d23ca2ef4a87804342d06255919f0,2048,1536,2026-09-11T17:22:38+1200,train
blackbird,bird,Common blackbird,Turdus merula,158537658,273983167,cc-by,"(c) catchwords, some rights reserved (CC BY)",2023-04-29,12716,Turdus merula,https://inaturalist-open-data.s3.amazonaws.com/photos/273983167/large.jpg,https://inaturalist-open-data.s3.amazonaws.com/photos/273983167/original.jpg,data/raw/blackbird/273983167.jpg,212979,897c65942f5ccb15b1071f772c4c8975,1536,2048,2026-09-11T17:22:38+1200,train
blackbird,bird,Common blackbird,Turdus merula,154922061,267736425,cc-by,"(c) Jay Pruett, some rights reserved (CC BY)",2018-10-23,12716,Turdus merula,https://inaturalist-open-data.s3.amazonaws.com/photos/267736425/large.jpg,https://inaturalist-open-data.s3.amazonaws.com/photos/267736425/original.jpg,data/raw/blackbird/267736425.jpg,238648,37775bc03288b78f08279f842fefd70f,2047,1365,2026-09-11T17:22:38+1200,train
blackbird,bird,Common blackbird,Turdus merula,1055637,1323922,cc-by,"(c) Jon Sullivan, some rights reserved (CC BY)",2014-11-05,12716,Turdus merula,https://inaturalist-open-data.s3.amazonaws.com/photos/1323922/large.jpg,https://inaturalist-open-data.s3.amazonaws.com/photos/1323922/original.jpg,data/raw/blackbird/1323922.jpg,451152,37723fdba1f70b71e73951268b0331e3,2048,1536,2026-09-11T17:22:38+1200,train
blackbird,bird,Common blackbird,Turdus merula,5160039,6359721,cc-by,"(c) Jacqui Geux, some rights reserved (CC BY)",2017-02-23,12716,Turdus merula,https://inaturalist-open-data.s3.amazonaws.com/photos/6359721/large.jpeg,https://inaturalist-open-data.s3.amazonaws.com/photos/6359721/original.jpeg,data/raw/blackbird/6359721.jpg,117298,72c58467c9dc2ff80ba18f56890a2840,1600,1200,2026-09-11T17:22:38+1200,train
blackbird,bird,Common blackbird,Turdus merula,1012509,1197889,cc-by,"(c) Jon Sullivan, some rights reserved (CC BY)",2014-06-28,12716,Turdus merula,https://inaturalist-open-data.s3.amazonaws.com/photos/1197889/large.jpg,https://inaturalist-open-data.s3.amazonaws.com/photos/1197889/original.jpg,data/raw/blackbird/1197889.jpg,181221,efdd1c47b5f1f42b6be3d3a7f6d1872c,1226,817,2026-09-11T17:22:38+1200,train
blackbird,bird,Common blackbird,Turdus merula,1483876,1839134,cc-by,"(c) Joe Potter Butler, some rights reserved (CC BY)",2015-05-09,12716,Turdus merula,https://inaturalist-open-data.s3.amazonaws.com/photos/1839134/large.JPG,https://inaturalist-open-data.s3.amazonaws.com/photos/1839134/original.JPG,data/raw/blackbird/1839134.jpg,450209,0b67ea50d5f4ebfde25498b43750fe0b,2048,1365,2026-09-11T17:22:38+1200,train
blackbird,bird,Common blackbird,Turdus merula,4427843,5326893,cc-by,"(c) Tim Park, some rights reserved (CC BY)",2016-10-24,12716,Turdus merula,https://inaturalist-open-data.s3.amazonaws.com/photos/5326893/large.jpg,https://inaturalist-open-data.s3.amazonaws.com/photos/5326893/original.jpg,data/raw/blackbird/5326893.jpg,1007879,010fe26d6020c7a07db9416c53240b96,720,960,2026-09-11T17:22:38+1200,train
blackbird,bird,Common blackbird,Turdus merula,16893067,25520472,cc-by,"(c) Katja Schulz, some rights reserved (CC BY)",2018-08-23,12716,Turdus merula,https://inaturalist-open-data.s3.amazonaws.com/photos/25520472/large.jpg,https://inaturalist-open-data.s3.amazonaws.com/photos/25520472/original.jpg,data/raw/blackbird/25520472.jpg,422652,afb765296cbddedd217320dae7f94c97,2048,1536,2026-09-11T17:22:38+1200,train
blackbird,bird,Common blackbird,Turdus merula,38444103,61099308,cc-by,"(c) Jacqui Geux, some rights reserved (CC BY)",2020-02-09,341569,Turdus merula merula,https://inaturalist-open-data.s3.amazonaws.com/photos/61099308/large.jpeg,https://inaturalist-open-data.s3.amazonaws.com/photos/61099308/original.jpeg,data/raw/blackbird/61099308.jpg,128751,7ece8474313d1eaaa11caa9125b2e83e,1600,1200,2026-09-11T17:22:38+1200,train
blackbird,bird,Common blackbird,Turdus merula,78009086,127616801,cc-by,"(c) Jon Sullivan, some rights reserved (CC BY)",2021-05-02,341569,Turdus merula merula,https://inaturalist-open-data.s3.amazonaws.com/photos/127616801/large.jpg,https://inaturalist-open-data.s3.amazonaws.com/photos/127616801/original.jpg,data/raw/blackbird/127616801.jpg,201661,0ea7ff2ffba8aea638b9e5b3aeb6d08c,2048,1367,2026-09-11T17:22:38+1200,train
blackbird,bird,Common blackbird,Turdus merula,8022529,10620190,cc-by,"(c) Jon Sullivan, some rights reserved (CC BY)",2017-03-04,341569,Turdus merula merula,https://inaturalist-open-data.s3.amazonaws.com/photos/10620190/large.jpg,https://inaturalist-open-data.s3.amazonaws.com/photos/10620190/original.jpg,data/raw/blackbird/10620190.jpg,326443,3181473fc7e19a56557e3a6d734874b1,2048,1536,2026-09-11T17:22:38+1200,train
blackbird,bird,Common blackbird,Turdus merula,104735225,175561877,cc-by,"(c) Jacqui Geux, some rights reserved (CC BY)",2022-01-08,341569,Turdus merula merula,https://inaturalist-open-data.s3.amazonaws.com/photos/175561877/large.jpeg,https://inaturalist-open-data.s3.amazonaws.com/photos/175561877/original.jpeg,data/raw/blackbird/175561877.jpg,141823,35ae2bbb0f64081c4f7529ce36160bd2,1600,1200,2026-09-11T17:22:38+1200,train
blackbird,bird,Common blackbird,Turdus merula,9640471,13165741,cc-by,"(c) Jacqui Geux, some rights reserved (CC BY)",2018-01-23,341569,Turdus merula merula,https://inaturalist-open-data.s3.amazonaws.com/photos/13165741/large.jpeg,https://inaturalist-open-data.s3.amazonaws.com/photos/13165741/original.jpeg,data/raw/blackbird/13165741.jpg,220704,41e0536d364b6542cb66e5a0bd82cf6d,1600,1200,2026-09-11T17:22:38+1200,train
blackbird,bird,Common blackbird,Turdus merula,142433072,244186957,cc-by,"(c) Jenny Saito, some rights reserved (CC BY)",2022-11-20,341569,Turdus merula merula,https://inaturalist-open-data.s3.amazonaws.com/photos/244186957/large.jpeg,https://inaturalist-open-data.s3.amazonaws.com/photos/244186957/original.jpeg,data/raw/blackbird/244186957.jpg,714978,894b3e4a635c66ed4a93b362260d7d86,2048,2048,2026-09-11T17:22:38+1200,train
blackbird,bird,Common blackbird,Turdus merula,41587868,65984470,cc-by,"(c) Mike Dickison, some rights reserved (CC BY)",2020-04-07,341569,Turdus merula merula,https://inaturalist-open-data.s3.amazonaws.com/photos/65984470/large.jpg,https://inaturalist-open-data.s3.amazonaws.com/photos/65984470/original.jpg,data/raw/blackbird/65984470.jpg,450611,649e2adaebe65aa3ab1aa41394ef1fe5,2048,1692,2026-09-11T17:22:38+1200,train
blackbird,bird,Common blackbird,Turdus merula,38702065,61550272,cc-by,"(c) Jacqui Geux, some rights reserved (CC BY)",2020-02-16,341569,Turdus merula merula,https://inaturalist-open-data.s3.amazonaws.com/photos/61550272/large.jpeg,https://inaturalist-open-data.s3.amazonaws.com/photos/61550272/original.jpeg,data/raw/blackbird/61550272.jpg,198027,1713087268b25ccf76e05dd3fd1f3b02,2048,1536,2026-09-11T17:22:38+1200,train
blackbird,bird,Common blackbird,Turdus merula,97126242,161465269,cc-by,"(c) Jacqui Geux, some rights reserved (CC BY)",2021-10-04,341569,Turdus merula merula,https://inaturalist-open-data.s3.amazonaws.com/photos/161465269/large.jpeg,https://inaturalist-open-data.s3.amazonaws.com/photos/161465269/original.jpeg,data/raw/blackbird/161465269.jpg,208885,bd5c01d33769c311085d246b1564ceba,2048,1536,2026-09-11T17:22:38+1200,train
blackbird,bird,Common blackbird,Turdus merula,36182965,57164106,cc-by,"(c) wild_wind, some rights reserved (CC BY)",2019-11-29,341569,Turdus merula merula,https://inaturalist-open-data.s3.amazonaws.com/photos/57164106/large.jpeg,https://inaturalist-open-data.s3.amazonaws.com/photos/57164106/original.jpeg,data/raw/blackbird/57164106.jpg,413785,0645cf61910e39e432b36d02029f2779,2046,2048,2026-09-11T17:22:38+1200,train
blackbird,bird,Common blackbird,Turdus merula,35157157,55406429,cc-by,"(c) wild_wind, some rights reserved (CC BY)",2019-11-01,341569,Turdus merula merula,https://inaturalist-open-data.s3.amazonaws.com/photos/55406429/large.jpeg,https://inaturalist-open-data.s3.amazonaws.com/photos/55406429/original.jpeg,data/raw/blackbird/55406429.jpg,178485,b53e470525111a4ad8b61bcc66132cda,2048,2024,2026-09-11T17:22:38+1200,train
song_thrush,bird,Song thrush,Turdus philomelos,33636939,52850826,cc-by,"(c) Jacqui Geux, some rights reserved (CC BY)",2019-09-30,702675,Turdus philomelos clarkei,https://inaturalist-open-data.s3.amazonaws.com/photos/52850826/large.jpeg,https://inaturalist-open-data.s3.amazonaws.com/photos/52850826/original.jpeg,data/raw/song_thrush/52850826.jpg,110281,0b8f876e89b98fd09c341d1e8554e9d6,1600,1200,2026-09-11T17:23:36+1200,train
song_thrush,bird,Song thrush,Turdus philomelos,318144754,574961733,cc-by,"(c) Charlotte Sutton, some rights reserved (CC BY)",2025-09-27,702675,Turdus philomelos clarkei,https://inaturalist-open-data.s3.amazonaws.com/photos/574961733/large.jpg,https://inaturalist-open-data.s3.amazonaws.com/photos/574961733/original.jpg,data/raw/song_thrush/574961733.jpg,580618,28146d1e8b35f5dde717948698b09aa6,2048,1368,2026-09-11T17:23:36+1200,train
song_thrush,bird,Song thrush,Turdus philomelos,391046431,716489520,cc-by,"(c) William Harland, some rights reserved (CC BY)",2026-08-11,12748,Turdus philomelos,https://inaturalist-open-data.s3.amazonaws.com/photos/716489520/large.jpg,https://inaturalist-open-data.s3.amazonaws.com/photos/716489520/original.jpg,data/raw/song_thrush/716489520.jpg,77257,b4f17d8190f9ed17fa926a095608c8be,2048,1423,2026-09-11T17:23:36+1200,train
song_thrush,bird,Song thrush,Turdus philomelos,56603353,90215988,cc-by,"(c) Lisa Bennett, some rights reserved (CC BY)",2020-08-16,702675,Turdus philomelos clarkei,https://inaturalist-open-data.s3.amazonaws.com/photos/90215988/large.jpg,https://inaturalist-open-data.s3.amazonaws.com/photos/90215988/original.jpg,data/raw/song_thrush/90215988.jpg,283023,8ffb31e150494695ac7be01c91ee7758,2048,1536,2026-09-11T17:23:36+1200,train
song_thrush,bird,Song thrush,Turdus philomelos,92497974,153163541,cc-by,"(c) Svend Hansen, some rights reserved (CC BY)",2021-08-26,702675,Turdus philomelos clarkei,https://inaturalist-open-data.s3.amazonaws.com/photos/153163541/large.jpeg,https://inaturalist-open-data.s3.amazonaws.com/photos/153163541/original.jpeg,data/raw/song_thrush/153163541.jpg,576998,49c0ac1a1f9cc8888691341c55f32c8c,2048,1152,2026-09-11T17:23:36+1200,train
song_thrush,bird,Song thrush,Turdus philomelos,46156058,73203088,cc-by,"(c) Maureen Howard, some rights reserved (CC BY)",2020-05-16,702675,Turdus philomelos clarkei,https://inaturalist-open-data.s3.amazonaws.com/photos/73203088/large.jpeg,https://inaturalist-open-data.s3.amazonaws.com/photos/73203088/original.jpeg,data/raw/song_thrush/73203088.jpg,328917,2ed5349c24456fad78d410c3ecc5e7fd,2048,1536,2026-09-11T17:23:36+1200,train
song_thrush,bird,Song thrush,Turdus philomelos,188354722,329645701,cc-by,"(c) William Harland, some rights reserved (CC BY)",2023-10-21,702675,Turdus philomelos clarkei,https://inaturalist-open-data.s3.amazonaws.com/photos/329645701/large.jpeg,https://inaturalist-open-data.s3.amazonaws.com/photos/329645701/original.jpeg,data/raw/song_thrush/329645701.jpg,266431,48bfebf4f60861e0e86d5879e28238b7,2048,1418,2026-09-11T17:23:36+1200,train
song_thrush,bird,Song thrush,Turdus philomelos,67361902,108817021,cc0,no rights reserved,2020-12-31,702675,Turdus philomelos clarkei,https://inaturalist-open-data.s3.amazonaws.com/photos/108817021/large.jpeg,https://inaturalist-open-data.s3.amazonaws.com/photos/108817021/original.jpeg,data/raw/song_thrush/108817021.jpg,602260,51564f7c5efa1aa5ca040a8373c8be88,1391,2048,2026-09-11T17:23:36+1200,train
song_thrush,bird,Song thrush,Turdus philomelos,185477343,343945584,cc-by,"(c) Joss Carr, some rights reserved (CC BY)",2022-12-07,702675,Turdus philomelos clarkei,https://inaturalist-open-data.s3.amazonaws.com/photos/343945584/large.png,https://inaturalist-open-data.s3.amazonaws.com/photos/343945584/original.png,data/raw/song_thrush/343945584.jpg,684922,1127373220a541d904ae71bbcbe9c8e3,1726,1216,2026-09-11T17:23:36+1200,train
song_thrush,bird,Song thrush,Turdus philomelos,154774333,267464044,cc-by,"(c) Jay Pruett, some rights reserved (CC BY)",2018-10-21,702675,Turdus philomelos clarkei,https://inaturalist-open-data.s3.amazonaws.com/photos/267464044/large.jpg,https://inaturalist-open-data.s3.amazonaws.com/photos/267464044/original.jpg,data/raw/song_thrush/267464044.jpg,644620,8fd214e430f388fbdbe7e36a5e54077c,1550,1033,2026-09-11T17:23:36+1200,train
song_thrush,bird,Song thrush,Turdus philomelos,15554815,23275937,cc-by,"(c) Jacqui Geux, some rights reserved (CC BY)",2018-08-17,702675,Turdus philomelos clarkei,https://inaturalist-open-data.s3.amazonaws.com/photos/23275937/large.jpeg,https://inaturalist-open-data.s3.amazonaws.com/photos/23275937/original.jpeg,data/raw/song_thrush/23275937.jpg,202328,47338eea00e25d727c17c5930b4895e7,1600,1200,2026-09-11T17:23:36+1200,train
song_thrush,bird,Song thrush,Turdus philomelos,36053596,56940715,cc-by,"(c) Jacqui Geux, some rights reserved (CC BY)",2019-11-25,702675,Turdus philomelos clarkei,https://inaturalist-open-data.s3.amazonaws.com/photos/56940715/large.jpeg,https://inaturalist-open-data.s3.amazonaws.com/photos/56940715/original.jpeg,data/raw/song_thrush/56940715.jpg,151884,59ad3d36bb6326ea1688431027b9a3ab,1556,1168,2026-09-11T17:23:36+1200,train
song_thrush,bird,Song thrush,Turdus philomelos,32746116,51382274,cc-by,"(c) Jacqui Geux, some rights reserved (CC BY)",2019-09-15,702675,Turdus philomelos clarkei,https://inaturalist-open-data.s3.amazonaws.com/photos/51382274/large.jpeg,https://inaturalist-open-data.s3.amazonaws.com/photos/51382274/original.jpeg,data/raw/song_thrush/51382274.jpg,77919,0f05fde03c3db81d511be211e4779f89,1600,1200,2026-09-11T17:23:36+1200,train
song_thrush,bird,Song thrush,Turdus philomelos,18050171,27598471,cc-by,"(c) Jacqui Geux, some rights reserved (CC BY)",2018-11-03,702675,Turdus philomelos clarkei,https://inaturalist-open-data.s3.amazonaws.com/photos/27598471/large.jpeg,https://inaturalist-open-data.s3.amazonaws.com/photos/27598471/original.jpeg,data/raw/song_thrush/27598471.jpg,161898,36c06e54f6cf7bf34317bdc54e7cb342,1600,1200,2026-09-11T17:23:36+1200,train
song_thrush,bird,Song thrush,Turdus philomelos,254656520,456182375,cc-by,"(c) Rick Field, some rights reserved (CC BY)",2024-12-10,12748,Turdus philomelos,https://inaturalist-open-data.s3.amazonaws.com/photos/456182375/large.jpg,https://inaturalist-open-data.s3.amazonaws.com/photos/456182375/original.jpg,data/raw/song_thrush/456182375.jpg,463017,8df0424ea8086a34cf4da309fc2dc563,1536,2048,2026-09-11T17:23:36+1200,train
song_thrush,bird,Song thrush,Turdus philomelos,192162929,337280919,cc-by,"(c) Jenny Saito, some rights reserved (CC BY)",2023-11-25,702675,Turdus philomelos clarkei,https://inaturalist-open-data.s3.amazonaws.com/photos/337280919/large.jpeg,https://inaturalist-open-data.s3.amazonaws.com/photos/337280919/original.jpeg,data/raw/song_thrush/337280919.jpg,586318,1e69594a697ae5e813246af289b35efe,1440,1080,2026-09-11T17:23:36+1200,train
song_thrush,bird,Song thrush,Turdus philomelos,39662026,62945385,cc-by,"(c) Nathan Earley, some rights reserved (CC BY)",2020-01-18,702675,Turdus philomelos clarkei,https://inaturalist-open-data.s3.amazonaws.com/photos/62945385/large.jpeg,https://inaturalist-open-data.s3.amazonaws.com/photos/62945385/original.jpeg,data/raw/song_thrush/62945385.jpg,295087,de438acc955039e42d2b7b95a011d8b3,2048,1536,2026-09-11T17:23:36+1200,train
song_thrush,bird,Song thrush,Turdus philomelos,64018906,102848091,cc-by,"(c) John Barkla, some rights reserved (CC BY)",2020-11-01,702675,Turdus philomelos clarkei,https://inaturalist-open-data.s3.amazonaws.com/photos/102848091/large.jpeg,https://inaturalist-open-data.s3.amazonaws.com/photos/102848091/original.jpeg,data/raw/song_thrush/102848091.jpg,462061,66cae75b5a4e659ee8b6bfb30c516d30,2048,1536,2026-09-11T17:23:36+1200,train
song_thrush,bird,Song thrush,Turdus philomelos,144647986,248306916,cc-by,"(c) Tim Park, some rights reserved (CC BY)",2022-12-16,12748,Turdus philomelos,https://inaturalist-open-data.s3.amazonaws.com/photos/248306916/large.jpg,https://inaturalist-open-data.s3.amazonaws.com/photos/248306916/original.jpg,data/raw/song_thrush/248306916.jpg,502186,77387f59093288655568fcf1f96faf08,1536,2048,2026-09-11T17:23:36+1200,train
song_thrush,bird,Song thrush,Turdus philomelos,320116910,578738485,cc-by,"(c) William Harland, some rights reserved (CC BY)",2025-10-09,12748,Turdus philomelos,https://inaturalist-open-data.s3.amazonaws.com/photos/578738485/large.jpg,https://inaturalist-open-data.s3.amazonaws.com/photos/578738485/original.jpg,data/raw/song_thrush/578738485.jpg,154791,eeee6f3528c1a0fc99a1211dbbdd1d65,2048,1196,2026-09-11T17:23:36+1200,train
song_thrush,bird,Song thrush,Turdus philomelos,320116948,578738722,cc-by,"(c) William Harland, some rights reserved (CC BY)",2025-10-09,12748,Turdus philomelos,https://inaturalist-open-data.s3.amazonaws.com/photos/578738722/large.jpg,https://inaturalist-open-data.s3.amazonaws.com/photos/578738722/original.jpg,data/raw/song_thrush/578738722.jpg,45615,3903669e953ac9db0cf7e110026e5bb6,2048,1368,2026-09-11T17:23:36+1200,train
song_thrush,bird,Song thrush,Turdus philomelos,318143264,574958040,cc-by,"(c) William Harland, some rights reserved (CC BY)",2025-09-08,12748,Turdus philomelos,https://inaturalist-open-data.s3.amazonaws.com/photos/574958040/large.jpg,https://inaturalist-open-data.s3.amazonaws.com/photos/574958040/original.jpg,data/raw/song_thrush/574958040.jpg,184440,d49335874d71009ddc73ff4ae9ec8b79,2048,1334,2026-09-11T17:23:36+1200,train
song_thrush,bird,Song thrush,Turdus philomelos,235056339,417974588,cc-by,"(c) Michael Berardozzi, some rights reserved (CC BY)",2024-08-11,12748,Turdus philomelos,https://inaturalist-open-data.s3.amazonaws.com/photos/417974588/large.jpeg,https://inaturalist-open-data.s3.amazonaws.com/photos/417974588/original.jpeg,data/raw/song_thrush/417974588.jpg,246324,199b110c87733b491afdaf05c7e34412,941,1071,2026-09-11T17:23:36+1200,train
song_thrush,bird,Song thrush,Turdus philomelos,281085946,504899076,cc-by,"(c) Heidi Meudt, some rights reserved (CC BY)",2025-05-15,12748,Turdus philomelos,https://inaturalist-open-data.s3.amazonaws.com/photos/504899076/large.jpg,https://inaturalist-open-data.s3.amazonaws.com/photos/504899076/original.jpg,data/raw/song_thrush/504899076.jpg,686724,26dc940e0d57cc1b6acfcd311fcd7148,1536,2048,2026-09-11T17:23:36+1200,train
song_thrush,bird,Song thrush,Turdus philomelos,338205053,614881234,cc-by,"(c) Patrick Connolly, some rights reserved (CC BY)",2026-01-25,12748,Turdus philomelos,https://inaturalist-open-data.s3.amazonaws.com/photos/614881234/large.jpg,https://inaturalist-open-data.s3.amazonaws.com/photos/614881234/original.jpg,data/raw/song_thrush/614881234.jpg,399448,2f6fe150c4137fabdcf02fb522b14495,2048,1365,2026-09-11T17:23:36+1200,train
song_thrush,bird,Song thrush,Turdus philomelos,335769252,610038392,cc-by,"(c) spacegecko, some rights reserved (CC BY)",2025-12-11,12748,Turdus philomelos,https://inaturalist-open-data.s3.amazonaws.com/photos/610038392/large.jpg,https://inaturalist-open-data.s3.amazonaws.com/photos/610038392/original.jpg,data/raw/song_thrush/610038392.jpg,356373,3553b5b07f91a68710fb81d946bb198d,2048,1365,2026-09-11T17:23:36+1200,train
song_thrush,bird,Song thrush,Turdus philomelos,246717205,440499915,cc-by,"(c) William Harland, some rights reserved (CC BY)",2014-11-23,702675,Turdus philomelos clarkei,https://inaturalist-open-data.s3.amazonaws.com/photos/440499915/large.jpeg,https://inaturalist-open-data.s3.amazonaws.com/photos/440499915/original.jpeg,data/raw/song_thrush/440499915.jpg,118858,feb1ddf6f6af3107085ee403aac7602e,2048,1056,2026-09-11T17:23:36+1200,train
song_thrush,bird,Song thrush,Turdus philomelos,29034049,45293751,cc-by,"(c) Kristi, some rights reserved (CC BY)",2018-10-14,702675,Turdus philomelos clarkei,https://inaturalist-open-data.s3.amazonaws.com/photos/45293751/large.jpg,https://inaturalist-open-data.s3.amazonaws.com/photos/45293751/original.jpg,data/raw/song_thrush/45293751.jpg,672169,4e1588c0ab95df2b3201ca33226f93b9,2048,1366,2026-09-11T17:23:36+1200,train
song_thrush,bird,Song thrush,Turdus philomelos,164292352,284245081,cc0,no rights reserved,2023-05-18,702675,Turdus philomelos clarkei,https://inaturalist-open-data.s3.amazonaws.com/photos/284245081/large.jpeg,https://inaturalist-open-data.s3.amazonaws.com/photos/284245081/original.jpeg,data/raw/song_thrush/284245081.jpg,662274,210d6f4e3498168090cb34b25d16c673,2048,1536,2026-09-11T17:23:36+1200,train
song_thrush,bird,Song thrush,Turdus philomelos,240216215,427935119,cc-by,"(c) Julia Palmer, some rights reserved (CC BY)",2024-09-07,702675,Turdus philomelos clarkei,https://inaturalist-open-data.s3.amazonaws.com/photos/427935119/large.jpeg,https://inaturalist-open-data.s3.amazonaws.com/photos/427935119/original.jpeg,data/raw/song_thrush/427935119.jpg,321574,92a5a96a4979fc4efa708b03b75f8511,2048,1365,2026-09-11T17:23:36+1200,train
song_thrush,bird,Song thrush,Turdus philomelos,257569856,462084196,cc-by,"(c) William Harland, some rights reserved (CC BY)",2025-01-06,702675,Turdus philomelos clarkei,https://inaturalist-open-data.s3.amazonaws.com/photos/462084196/large.jpeg,https://inaturalist-open-data.s3.amazonaws.com/photos/462084196/original.jpeg,data/raw/song_thrush/462084196.jpg,120106,6b44522bb64d8d19b17285ef752aad1a,2048,1147,2026-09-11T17:23:36+1200,train
song_thrush,bird,Song thrush,Turdus philomelos,120461822,203747066,cc-by,"(c) Jenny Saito, some rights reserved (CC BY)",2022-06-05,702675,Turdus philomelos clarkei,https://inaturalist-open-data.s3.amazonaws.com/photos/203747066/large.jpeg,https://inaturalist-open-data.s3.amazonaws.com/photos/203747066/original.jpeg,data/raw/song_thrush/203747066.jpg,636602,2813d542ca4bea00b7b0cbbc200ad768,2048,2048,2026-09-11T17:23:36+1200,train
song_thrush,bird,Song thrush,Turdus philomelos,205340324,363070968,cc-by,"(c) Frank Ashwood, some rights reserved (CC BY)",2024-04-04,702675,Turdus philomelos clarkei,https://inaturalist-open-data.s3.amazonaws.com/photos/363070968/large.jpg,https://inaturalist-open-data.s3.amazonaws.com/photos/363070968/original.jpg,data/raw/song_thrush/363070968.jpg,281185,eb7f6982493ac7cad5dec3365015aa5f,1536,2048,2026-09-11T17:23:36+1200,train
song_thrush,bird,Song thrush,Turdus philomelos,104628694,175357662,cc-by,"(c) Saryu Mae 前 朝琉, some rights reserved (CC BY)",2022-01-08,702675,Turdus philomelos clarkei,https://inaturalist-open-data.s3.amazonaws.com/photos/175357662/large.jpeg,https://inaturalist-open-data.s3.amazonaws.com/photos/175357662/original.jpeg,data/raw/song_thrush/175357662.jpg,225166,e7209f9fc73071c2dbc61efafaa12541,2048,1536,2026-09-11T17:23:36+1200,train
song_thrush,bird,Song thrush,Turdus philomelos,148981373,256650083,cc-by,"(c) patrickc, some rights reserved (CC BY)",2022-12-26,702675,Turdus philomelos clarkei,https://inaturalist-open-data.s3.amazonaws.com/photos/256650083/large.jpg,https://inaturalist-open-data.s3.amazonaws.com/photos/256650083/original.jpg,data/raw/song_thrush/256650083.jpg,576364,74efb292dbbfe684f962d4a4372a51f6,2048,1463,2026-09-11T17:23:36+1200,train
song_thrush,bird,Song thrush,Turdus philomelos,67562712,109186909,cc-by,"(c) Joe Dillon, some rights reserved (CC BY)",2021-01-04,702675,Turdus philomelos clarkei,https://inaturalist-open-data.s3.amazonaws.com/photos/109186909/large.jpeg,https://inaturalist-open-data.s3.amazonaws.com/photos/109186909/original.jpeg,data/raw/song_thrush/109186909.jpg,447127,095d1a3c8ac8fa33a4a628816d13edfc,2048,1365,2026-09-11T17:23:36+1200,train
song_thrush,bird,Song thrush,Turdus philomelos,251625046,450265974,cc-by,"(c) Richard Davies, some rights reserved (CC BY)",2024-11-13,702675,Turdus philomelos clarkei,https://inaturalist-open-data.s3.amazonaws.com/photos/450265974/large.jpeg,https://inaturalist-open-data.s3.amazonaws.com/photos/450265974/original.jpeg,data/raw/song_thrush/450265974.jpg,496614,f35117ebef643a845e660c522ab4473b,1536,2048,2026-09-11T17:23:36+1200,train
song_thrush,bird,Song thrush,Turdus philomelos,32331634,50699348,cc-by,"(c) wild_wind, some rights reserved (CC BY)",2019-07-12,702675,Turdus philomelos clarkei,https://inaturalist-open-data.s3.amazonaws.com/photos/50699348/large.jpeg,https://inaturalist-open-data.s3.amazonaws.com/photos/50699348/original.jpeg,data/raw/song_thrush/50699348.jpg,227394,d43c88e473811527b7b8169d5c114d8b,2048,2045,2026-09-11T17:23:36+1200,train
song_thrush,bird,Song thrush,Turdus philomelos,37077304,58718089,cc-by,"(c) John Barkla, some rights reserved (CC BY)",2019-12-28,702675,Turdus philomelos clarkei,https://inaturalist-open-data.s3.amazonaws.com/photos/58718089/large.jpg,https://inaturalist-open-data.s3.amazonaws.com/photos/58718089/original.jpg,data/raw/song_thrush/58718089.jpg,284602,98a055bf44b71f4e6da0bf7b96d89cf4,2048,1365,2026-09-11T17:23:36+1200,train
song_thrush,bird,Song thrush,Turdus philomelos,334926629,608331555,cc-by,"(c) spacegecko, some rights reserved (CC BY)",2025-12-18,12748,Turdus philomelos,https://inaturalist-open-data.s3.amazonaws.com/photos/608331555/large.jpg,https://inaturalist-open-data.s3.amazonaws.com/photos/608331555/original.jpg,data/raw/song_thrush/608331555.jpg,422651,223f298132beecb9b1881546001c9357,2048,1365,2026-09-11T17:23:36+1200,train
song_thrush,bird,Song thrush,Turdus philomelos,236666339,421076720,cc-by,"(c) Frank Ashwood, some rights reserved (CC BY)",2024-08-19,702675,Turdus philomelos clarkei,https://inaturalist-open-data.s3.amazonaws.com/photos/421076720/large.jpeg,https://inaturalist-open-data.s3.amazonaws.com/photos/421076720/original.jpeg,data/raw/song_thrush/421076720.jpg,457661,24940525692bfde3e7811ce950441fa6,2048,1536,2026-09-11T17:23:36+1200,train
song_thrush,bird,Song thrush,Turdus philomelos,254879334,456638149,cc-by,"(c) Jon Sullivan, some rights reserved (CC BY)",2024-12-09,702675,Turdus philomelos clarkei,https://inaturalist-open-data.s3.amazonaws.com/photos/456638149/large.jpg,https://inaturalist-open-data.s3.amazonaws.com/photos/456638149/original.jpg,data/raw/song_thrush/456638149.jpg,479422,32e52ff2cfbee5aab32155b8a2dd8632,2048,1536,2026-09-11T17:23:36+1200,train
song_thrush,bird,Song thrush,Turdus philomelos,254741861,456360364,cc0,no rights reserved,2024-12-10,702675,Turdus philomelos clarkei,https://inaturalist-open-data.s3.amazonaws.com/photos/456360364/large.jpg,https://inaturalist-open-data.s3.amazonaws.com/photos/456360364/original.jpg,data/raw/song_thrush/456360364.jpg,515677,26f587dff1b276992e6eac9b00977682,2048,1366,2026-09-11T17:23:36+1200,train
song_thrush,bird,Song thrush,Turdus philomelos,338164974,614911108,cc0,no rights reserved,2026-02-11,12748,Turdus philomelos,https://inaturalist-open-data.s3.amazonaws.com/photos/614911108/large.jpg,https://inaturalist-open-data.s3.amazonaws.com/photos/614911108/original.jpg,data/raw/song_thrush/614911108.jpg,591269,b593c52dc25c4d3add1c7150480b6c8e,2047,2048,2026-09-11T17:23:36+1200,train
song_thrush,bird,Song thrush,Turdus philomelos,341026318,620717809,cc-by,"(c) William Harland, some rights reserved (CC BY)",2026-02-08,12748,Turdus philomelos,https://inaturalist-open-data.s3.amazonaws.com/photos/620717809/large.jpg,https://inaturalist-open-data.s3.amazonaws.com/photos/620717809/original.jpg,data/raw/song_thrush/620717809.jpg,125713,c8d3a2409a706015ddc355d186d0afc9,2048,1313,2026-09-11T17:23:36+1200,train
song_thrush,bird,Song thrush,Turdus philomelos,288940892,519662451,cc-by,"(c) William Harland, some rights reserved (CC BY)",2025-05-29,12748,Turdus philomelos,https://inaturalist-open-data.s3.amazonaws.com/photos/519662451/large.jpg,https://inaturalist-open-data.s3.amazonaws.com/photos/519662451/original.jpg,data/raw/song_thrush/519662451.jpg,167636,08531a8152c64342583b5fc8d9de2e56,2048,1253,2026-09-11T17:23:36+1200,train
song_thrush,bird,Song thrush,Turdus philomelos,148370368,255490103,cc0,no rights reserved,2023-02-08,12748,Turdus philomelos,https://inaturalist-open-data.s3.amazonaws.com/photos/255490103/large.jpeg,https://inaturalist-open-data.s3.amazonaws.com/photos/255490103/original.jpeg,data/raw/song_thrush/255490103.jpg,797507,7110122bdb4bd899661dcf9a02e1b9ca,1536,2048,2026-09-11T17:23:36+1200,train
song_thrush,bird,Song thrush,Turdus philomelos,354008361,645856793,cc0,no rights reserved,2026-04-25,12748,Turdus philomelos,https://inaturalist-open-data.s3.amazonaws.com/photos/645856793/large.jpg,https://inaturalist-open-data.s3.amazonaws.com/photos/645856793/original.jpg,data/raw/song_thrush/645856793.jpg,409769,2dfc456a2c9f83ce936a0f324f0eea49,1536,2048,2026-09-11T17:23:36+1200,train
song_thrush,bird,Song thrush,Turdus philomelos,297840801,536430505,cc-by,"(c) William Harland, some rights reserved (CC BY)",2025-07-14,12748,Turdus philomelos,https://inaturalist-open-data.s3.amazonaws.com/photos/536430505/large.jpg,https://inaturalist-open-data.s3.amazonaws.com/photos/536430505/original.jpg,data/raw/song_thrush/536430505.jpg,73190,186650f8d37c37e36ae4819a6e606699,2048,1475,2026-09-11T17:23:36+1200,train
song_thrush,bird,Song thrush,Turdus philomelos,17370556,26381992,cc-by,"(c) Jenny Saito, some rights reserved (CC BY)",2018-10-10,12748,Turdus philomelos,https://inaturalist-open-data.s3.amazonaws.com/photos/26381992/large.jpeg,https://inaturalist-open-data.s3.amazonaws.com/photos/26381992/original.jpeg,data/raw/song_thrush/26381992.jpg,310621,6ed8c49cc51bf456c8b17e046a6bb6ea,1152,2048,2026-09-11T17:23:36+1200,train
song_thrush,bird,Song thrush,Turdus philomelos,64656198,103978095,cc-by,"(c) Jacqui Geux, some rights reserved (CC BY)",2020-11-11,702675,Turdus philomelos clarkei,https://inaturalist-open-data.s3.amazonaws.com/photos/103978095/large.jpeg,https://inaturalist-open-data.s3.amazonaws.com/photos/103978095/original.jpeg,data/raw/song_thrush/103978095.jpg,115227,5516147822a27bb77ca7f110f8455d92,1600,1200,2026-09-11T17:23:36+1200,train
song_thrush,bird,Song thrush,Turdus philomelos,237980228,423610145,cc-by,"(c) William Harland, some rights reserved (CC BY)",2024-08-20,702675,Turdus philomelos clarkei,https://inaturalist-open-data.s3.amazonaws.com/photos/423610145/large.jpeg,https://inaturalist-open-data.s3.amazonaws.com/photos/423610145/original.jpeg,data/raw/song_thrush/423610145.jpg,229631,cea64e884709725b07af4521a833cb08,2048,1183,2026-09-11T17:23:36+1200,train
song_thrush,bird,Song thrush,Turdus philomelos,285864948,513857330,cc-by,"(c) Charlotte Sutton, some rights reserved (CC BY)",2025-05-16,702675,Turdus philomelos clarkei,https://inaturalist-open-data.s3.amazonaws.com/photos/513857330/large.jpg,https://inaturalist-open-data.s3.amazonaws.com/photos/513857330/original.jpg,data/raw/song_thrush/513857330.jpg,940871,d7d54c8c5494a3d1534595d167be5e38,2048,1536,2026-09-11T17:23:36+1200,train
song_thrush,bird,Song thrush,Turdus philomelos,330756760,599854377,cc-by,"(c) Lien Decuypere, some rights reserved (CC BY)",2025-11-07,12748,Turdus philomelos,https://inaturalist-open-data.s3.amazonaws.com/photos/599854377/large.jpg,https://inaturalist-open-data.s3.amazonaws.com/photos/599854377/original.jpg,data/raw/song_thrush/599854377.jpg,629723,a39f00a1c5a35d13b884dc86596f67ce,2048,1365,2026-09-11T17:23:36+1200,train
song_thrush,bird,Song thrush,Turdus philomelos,259109775,465048812,cc-by,"(c) Austen Armstrong, some rights reserved (CC BY)",2025-01-08,702675,Turdus philomelos clarkei,https://inaturalist-open-data.s3.amazonaws.com/photos/465048812/large.jpg,https://inaturalist-open-data.s3.amazonaws.com/photos/465048812/original.jpg,data/raw/song_thrush/465048812.jpg,830315,ccda2a008fc0d2e24f0fa368179fbc0d,2048,1639,2026-09-11T17:23:36+1200,train
song_thrush,bird,Song thrush,Turdus philomelos,378630897,692507788,cc-by,"(c) Pluto Hooper, some rights reserved (CC BY)",2026-07-01,12748,Turdus philomelos,https://inaturalist-open-data.s3.amazonaws.com/photos/692507788/large.jpg,https://inaturalist-open-data.s3.amazonaws.com/photos/692507788/original.jpg,data/raw/song_thrush/692507788.jpg,289623,2084d012e07b904774a9bb8b62551860,2048,1365,2026-09-11T17:23:36+1200,train
song_thrush,bird,Song thrush,Turdus philomelos,325618783,589585164,cc-by,"(c) Martin Kalfatovic, some rights reserved (CC BY)",2025-11-02,12748,Turdus philomelos,https://inaturalist-open-data.s3.amazonaws.com/photos/589585164/large.jpg,https://inaturalist-open-data.s3.amazonaws.com/photos/589585164/original.jpg,data/raw/song_thrush/589585164.jpg,500268,51a3f64fb1bf3a1307bed1326a4e3583,1542,2048,2026-09-11T17:23:36+1200,train
song_thrush,bird,Song thrush,Turdus philomelos,318154231,574979978,cc-by,"(c) William Harland, some rights reserved (CC BY)",2025-09-22,12748,Turdus philomelos,https://inaturalist-open-data.s3.amazonaws.com/photos/574979978/large.jpg,https://inaturalist-open-data.s3.amazonaws.com/photos/574979978/original.jpg,data/raw/song_thrush/574979978.jpg,99516,388ab73eafd19bb8f0dbd118389242a4,2048,1416,2026-09-11T17:23:36+1200,train
song_thrush,bird,Song thrush,Turdus philomelos,242646088,432590771,cc-by,"(c) Mike Bowie, some rights reserved (CC BY)",2024-09-18,12748,Turdus philomelos,https://inaturalist-open-data.s3.amazonaws.com/photos/432590771/large.jpeg,https://inaturalist-open-data.s3.amazonaws.com/photos/432590771/original.jpeg,data/raw/song_thrush/432590771.jpg,223190,fd51f4b4026edee9e7347143d9bc71f9,2048,1536,2026-09-11T17:23:36+1200,train
song_thrush,bird,Song thrush,Turdus philomelos,241795958,430986774,cc-by,"(c) David Paterson, some rights reserved (CC BY)",2024-09-14,12748,Turdus philomelos,https://inaturalist-open-data.s3.amazonaws.com/photos/430986774/large.jpeg,https://inaturalist-open-data.s3.amazonaws.com/photos/430986774/original.jpeg,data/raw/song_thrush/430986774.jpg,397324,99d7d2c627a40411bcdb667b7c65ee3b,2048,1153,2026-09-11T17:23:36+1200,train
song_thrush,bird,Song thrush,Turdus philomelos,32938931,51699281,cc-by,"(c) Jacqui Geux, some rights reserved (CC BY)",2019-09-17,702675,Turdus philomelos clarkei,https://inaturalist-open-data.s3.amazonaws.com/photos/51699281/large.jpeg,https://inaturalist-open-data.s3.amazonaws.com/photos/51699281/original.jpeg,data/raw/song_thrush/51699281.jpg,211057,5e35750efc7c5c84b9daeb177ebf1b2a,1600,1200,2026-09-11T17:23:36+1200,train
song_thrush,bird,Song thrush,Turdus philomelos,135449786,231019105,cc-by,"(c) Joss Simpson, some rights reserved (CC BY)",2022-09-18,702675,Turdus philomelos clarkei,https://inaturalist-open-data.s3.amazonaws.com/photos/231019105/large.jpeg,https://inaturalist-open-data.s3.amazonaws.com/photos/231019105/original.jpeg,data/raw/song_thrush/231019105.jpg,392204,f195787f46c6b04cf52919b77a0b9343,1536,2048,2026-09-11T17:23:36+1200,train
song_thrush,bird,Song thrush,Turdus philomelos,103620859,173470848,cc-by,"(c) Nathan Odgers, some rights reserved (CC BY)",2021-12-25,702675,Turdus philomelos clarkei,https://inaturalist-open-data.s3.amazonaws.com/photos/173470848/large.jpg,https://inaturalist-open-data.s3.amazonaws.com/photos/173470848/original.jpg,data/raw/song_thrush/173470848.jpg,328717,38012015ad9f884ac1d9ec98ffaa51e0,2048,1536,2026-09-11T17:23:36+1200,train
song_thrush,bird,Song thrush,Turdus philomelos,104574789,175255797,cc-by,"(c) Emily Turteltaub Nelson, some rights reserved (CC BY)",2018-03-10,702675,Turdus philomelos clarkei,https://inaturalist-open-data.s3.amazonaws.com/photos/175255797/large.jpeg,https://inaturalist-open-data.s3.amazonaws.com/photos/175255797/original.jpeg,data/raw/song_thrush/175255797.jpg,577917,183409cb06c6d3a63ed52a16270b02d5,2048,1365,2026-09-11T17:23:36+1200,train
song_thrush,bird,Song thrush,Turdus philomelos,201887693,356460933,cc-by,"(c) russelljsmith, some rights reserved (CC BY)",2024-03-10,702675,Turdus philomelos clarkei,https://inaturalist-open-data.s3.amazonaws.com/photos/356460933/large.jpg,https://inaturalist-open-data.s3.amazonaws.com/photos/356460933/original.jpg,data/raw/song_thrush/356460933.jpg,295082,9860d208909fef6a3bd4fee2f7704bea,2048,1536,2026-09-11T17:23:36+1200,train
song_thrush,bird,Song thrush,Turdus philomelos,356317652,649781541,cc0,no rights reserved,2026-04-25,12748,Turdus philomelos,https://inaturalist-open-data.s3.amazonaws.com/photos/649781541/large.jpg,https://inaturalist-open-data.s3.amazonaws.com/photos/649781541/original.jpg,data/raw/song_thrush/649781541.jpg,446157,878d2f17fbc80c145ac0976a023712ae,2048,1365,2026-09-11T17:23:36+1200,train
song_thrush,bird,Song thrush,Turdus philomelos,311345235,562028054,cc-by,"(c) russelljsmith, some rights reserved (CC BY)",2025-09-04,12748,Turdus philomelos,https://inaturalist-open-data.s3.amazonaws.com/photos/562028054/large.jpg,https://inaturalist-open-data.s3.amazonaws.com/photos/562028054/original.jpg,data/raw/song_thrush/562028054.jpg,501965,bd632874a992ce6192f4329846c9f65b,1536,2048,2026-09-11T17:23:36+1200,train
song_thrush,bird,Song thrush,Turdus philomelos,329805135,597905878,cc-by,"(c) Nathan Odgers, some rights reserved (CC BY)",2025-12-07,12748,Turdus philomelos,https://inaturalist-open-data.s3.amazonaws.com/photos/597905878/large.jpg,https://inaturalist-open-data.s3.amazonaws.com/photos/597905878/original.jpg,data/raw/song_thrush/597905878.jpg,838002,c4305434c86a2658d89e3f5aa530e95a,1536,2048,2026-09-11T17:23:36+1200,train
song_thrush,bird,Song thrush,Turdus philomelos,357357507,651764629,cc-by,"(c) Nic Charlton, some rights reserved (CC BY)",2026-04-25,12748,Turdus philomelos,https://inaturalist-open-data.s3.amazonaws.com/photos/651764629/large.jpg,https://inaturalist-open-data.s3.amazonaws.com/photos/651764629/original.jpg,data/raw/song_thrush/651764629.jpg,331825,8f32bb58190dfc861ffbeb0be2358ff7,1859,1790,2026-09-11T17:23:36+1200,train
song_thrush,bird,Song thrush,Turdus philomelos,1035809,1298753,cc-by,"(c) Jon Sullivan, some rights reserved (CC BY)",2014-10-23,12748,Turdus philomelos,https://inaturalist-open-data.s3.amazonaws.com/photos/1298753/large.jpg,https://inaturalist-open-data.s3.amazonaws.com/photos/1298753/original.jpg,data/raw/song_thrush/1298753.jpg,511600,0c2b959323fd80acf0d9507f7f428345,2048,1536,2026-09-11T17:23:36+1200,train
song_thrush,bird,Song thrush,Turdus philomelos,2506199,2814568,cc-by,"(c) John Flower, some rights reserved (CC BY)",2015-12-27,12748,Turdus philomelos,https://inaturalist-open-data.s3.amazonaws.com/photos/2814568/large.jpg,https://inaturalist-open-data.s3.amazonaws.com/photos/2814568/original.jpg,data/raw/song_thrush/2814568.jpg,126320,5d3f79945ae387590520e162cb595c20,456,342,2026-09-11T17:23:36+1200,train
song_thrush,bird,Song thrush,Turdus philomelos,2734160,3085358,cc-by,"(c) Joe Potter Butler, some rights reserved (CC BY)",2015-12-25,12748,Turdus philomelos,https://inaturalist-open-data.s3.amazonaws.com/photos/3085358/large.JPG,https://inaturalist-open-data.s3.amazonaws.com/photos/3085358/original.JPG,data/raw/song_thrush/3085358.jpg,614677,31784d3f2c6f42419639be48d318857f,2048,1365,2026-09-11T17:23:36+1200,train
song_thrush,bird,Song thrush,Turdus philomelos,8495544,11332494,cc-by,"(c) Jon Sullivan, some rights reserved (CC BY)",2017-10-19,12748,Turdus philomelos,https://inaturalist-open-data.s3.amazonaws.com/photos/11332494/large.jpg,https://inaturalist-open-data.s3.amazonaws.com/photos/11332494/original.jpg,data/raw/song_thrush/11332494.jpg,558399,c400f1e96919176bc5f9d67bd432c2cc,1536,2048,2026-09-11T17:23:36+1200,train
song_thrush,bird,Song thrush,Turdus philomelos,1013748,1198448,cc-by,"(c) Jon Sullivan, some rights reserved (CC BY)",2014-08-27,12748,Turdus philomelos,https://inaturalist-open-data.s3.amazonaws.com/photos/1198448/large.jpg,https://inaturalist-open-data.s3.amazonaws.com/photos/1198448/original.jpg,data/raw/song_thrush/1198448.jpg,348072,6da398ac13ed606d7738dcb07ab0e7dd,2048,1536,2026-09-11T17:23:36+1200,train
song_thrush,bird,Song thrush,Turdus philomelos,248028816,443094972,cc-by,"(c) William Harland, some rights reserved (CC BY)",2024-10-17,702675,Turdus philomelos clarkei,https://inaturalist-open-data.s3.amazonaws.com/photos/443094972/large.jpeg,https://inaturalist-open-data.s3.amazonaws.com/photos/443094972/original.jpeg,data/raw/song_thrush/443094972.jpg,173473,411d2fb5e93f42a8b2d193e6ff481655,2048,1851,2026-09-11T17:23:36+1200,train
song_thrush,bird,Song thrush,Turdus philomelos,251535818,450090835,cc-by,"(c) catchwords, some rights reserved (CC BY)",2024-11-07,12748,Turdus philomelos,https://inaturalist-open-data.s3.amazonaws.com/photos/450090835/large.jpg,https://inaturalist-open-data.s3.amazonaws.com/photos/450090835/original.jpg,data/raw/song_thrush/450090835.jpg,187031,cee0982e82c3c9a726c6594ac3f2ead1,1778,2048,2026-09-11T17:23:36+1200,train
song_thrush,bird,Song thrush,Turdus philomelos,327337459,593013066,cc0,no rights reserved,2025-11-20,12748,Turdus philomelos,https://inaturalist-open-data.s3.amazonaws.com/photos/593013066/large.jpg,https://inaturalist-open-data.s3.amazonaws.com/photos/593013066/original.jpg,data/raw/song_thrush/593013066.jpg,297332,3b71815b1b86ba8d9c8e8c1020bff4e4,1536,2048,2026-09-11T17:23:36+1200,train
song_thrush,bird,Song thrush,Turdus philomelos,313052167,565291502,cc-by,"(c) John Barkla, some rights reserved (CC BY)",2025-09-11,702675,Turdus philomelos clarkei,https://inaturalist-open-data.s3.amazonaws.com/photos/565291502/large.jpg,https://inaturalist-open-data.s3.amazonaws.com/photos/565291502/original.jpg,data/raw/song_thrush/565291502.jpg,242265,5e669af3e99dee6d87c22fdccaff4f40,2048,1101,2026-09-11T17:23:36+1200,train
song_thrush,bird,Song thrush,Turdus philomelos,175308162,304655125,cc-by,"(c) William Harland, some rights reserved (CC BY)",2023-07-25,702675,Turdus philomelos clarkei,https://inaturalist-open-data.s3.amazonaws.com/photos/304655125/large.jpeg,https://inaturalist-open-data.s3.amazonaws.com/photos/304655125/original.jpeg,data/raw/song_thrush/304655125.jpg,250523,1dcd1b1334c67fe7433f65c9d2e71ff2,2048,1329,2026-09-11T17:23:36+1200,train
song_thrush,bird,Song thrush,Turdus philomelos,98937359,164835381,cc-by,"(c) Cara-Lisa Schloots, some rights reserved (CC BY)",2021-10-14,702675,Turdus philomelos clarkei,https://inaturalist-open-data.s3.amazonaws.com/photos/164835381/large.jpg,https://inaturalist-open-data.s3.amazonaws.com/photos/164835381/original.jpg,data/raw/song_thrush/164835381.jpg,455226,de3d6bb0866001dc22dcf34a2c9174fd,1536,2048,2026-09-11T17:23:36+1200,train
song_thrush,bird,Song thrush,Turdus philomelos,1177054,1485411,cc-by,"(c) Alice Shanks, some rights reserved (CC BY)",2015-01-08,702675,Turdus philomelos clarkei,https://inaturalist-open-data.s3.amazonaws.com/photos/1485411/large.JPG,https://inaturalist-open-data.s3.amazonaws.com/photos/1485411/original.JPG,data/raw/song_thrush/1485411.jpg,328155,b55974acfa5a7cfab9c3e601ce755566,2048,1718,2026-09-11T17:23:36+1200,train
song_thrush,bird,Song thrush,Turdus philomelos,256341453,459582952,cc-by,"(c) Ian Rainbow, some rights reserved (CC BY)",2009-01-31,12748,Turdus philomelos,https://inaturalist-open-data.s3.amazonaws.com/photos/459582952/large.jpeg,https://inaturalist-open-data.s3.amazonaws.com/photos/459582952/original.jpeg,data/raw/song_thrush/459582952.jpg,260953,44ca125d6a98f0b3c20f0e9023bd78cb,1256,1189,2026-09-11T17:23:36+1200,train
song_thrush,bird,Song thrush,Turdus philomelos,145735591,250391582,cc-by,"(c) Richard Davies, some rights reserved (CC BY)",2023-01-03,702675,Turdus philomelos clarkei,https://inaturalist-open-data.s3.amazonaws.com/photos/250391582/large.jpeg,https://inaturalist-open-data.s3.amazonaws.com/photos/250391582/original.jpeg,data/raw/song_thrush/250391582.jpg,513991,0545c29032a7844939b0d8a59975e63a,1536,2048,2026-09-11T17:23:36+1200,train
song_thrush,bird,Song thrush,Turdus philomelos,301663954,543603930,cc-by,"(c) naturalist132890, some rights reserved (CC BY)",2025-07-24,12748,Turdus philomelos,https://inaturalist-open-data.s3.amazonaws.com/photos/543603930/large.jpg,https://inaturalist-open-data.s3.amazonaws.com/photos/543603930/original.jpg,data/raw/song_thrush/543603930.jpg,321852,121fcc58104f23cb0dd0b53161e77a4b,2048,1365,2026-09-11T17:23:36+1200,train
song_thrush,bird,Song thrush,Turdus philomelos,200833520,354406779,cc-by,"(c) Mark Richman, some rights reserved (CC BY)",2023-12-22,702675,Turdus philomelos clarkei,https://inaturalist-open-data.s3.amazonaws.com/photos/354406779/large.jpg,https://inaturalist-open-data.s3.amazonaws.com/photos/354406779/original.jpg,data/raw/song_thrush/354406779.jpg,532354,76964be41bc6bf6c2b2b85b7e3baec20,1536,2048,2026-09-11T17:23:36+1200,train
song_thrush,bird,Song thrush,Turdus philomelos,204126467,360756914,cc0,no rights reserved,2024-03-27,702675,Turdus philomelos clarkei,https://inaturalist-open-data.s3.amazonaws.com/photos/360756914/large.jpg,https://inaturalist-open-data.s3.amazonaws.com/photos/360756914/original.jpg,data/raw/song_thrush/360756914.jpg,434234,b25f069689b80bd1c6da52cc00756554,2048,1542,2026-09-11T17:23:36+1200,train
song_thrush,bird,Song thrush,Turdus philomelos,35191251,55465921,cc-by,"(c) Jon Sullivan, some rights reserved (CC BY)",2019-11-01,702675,Turdus philomelos clarkei,https://inaturalist-open-data.s3.amazonaws.com/photos/55465921/large.jpg,https://inaturalist-open-data.s3.amazonaws.com/photos/55465921/original.jpg,data/raw/song_thrush/55465921.jpg,578557,910a4d1b50eeb14bbf4c32df5ff075b5,2048,1365,2026-09-11T17:23:36+1200,train
song_thrush,bird,Song thrush,Turdus philomelos,330163901,598636861,cc-by,"(c) Patrick Lam, some rights reserved (CC BY)",2025-12-05,12748,Turdus philomelos,https://inaturalist-open-data.s3.amazonaws.com/photos/598636861/large.jpg,https://inaturalist-open-data.s3.amazonaws.com/photos/598636861/original.jpg,data/raw/song_thrush/598636861.jpg,184051,51497f7538c47035a1e96d8fb566ef16,2048,1365,2026-09-11T17:23:36+1200,train
song_thrush,bird,Song thrush,Turdus philomelos,6604000,8385286,cc-by,"(c) naturewatchwidow, some rights reserved (CC BY)",2017-06-12,702675,Turdus philomelos clarkei,https://inaturalist-open-data.s3.amazonaws.com/photos/8385286/large.jpeg,https://inaturalist-open-data.s3.amazonaws.com/photos/8385286/original.jpeg,data/raw/song_thrush/8385286.jpg,476501,5fa4ce661ab600ec6db3485cb7cfbe88,1152,2048,2026-09-11T17:23:36+1200,train
song_thrush,bird,Song thrush,Turdus philomelos,37714421,59845491,cc-by,"(c) Seig, some rights reserved (CC BY)",2010-11-11,702675,Turdus philomelos clarkei,https://inaturalist-open-data.s3.amazonaws.com/photos/59845491/large.jpg,https://inaturalist-open-data.s3.amazonaws.com/photos/59845491/original.jpg,data/raw/song_thrush/59845491.jpg,611353,cca8436ebc7c17f4b33b637d88d87efc,1800,1390,2026-09-11T17:23:36+1200,train
song_thrush,bird,Song thrush,Turdus philomelos,36748475,58139930,cc-by,"(c) Rose Zappa, some rights reserved (CC BY)",2019-12-17,702675,Turdus philomelos clarkei,https://inaturalist-open-data.s3.amazonaws.com/photos/58139930/large.jpeg,https://inaturalist-open-data.s3.amazonaws.com/photos/58139930/original.jpeg,data/raw/song_thrush/58139930.jpg,503087,4f4762b3ce87d6f9d69bc0866ac4a903,2048,1365,2026-09-11T17:23:36+1200,train
song_thrush,bird,Song thrush,Turdus philomelos,201638374,355972939,cc-by,"(c) Tom Field, some rights reserved (CC BY)",2022-11-12,702675,Turdus philomelos clarkei,https://inaturalist-open-data.s3.amazonaws.com/photos/355972939/large.jpg,https://inaturalist-open-data.s3.amazonaws.com/photos/355972939/original.jpg,data/raw/song_thrush/355972939.jpg,508785,1409150292c33d02de1b4aca4d5dc268,2048,1365,2026-09-11T17:23:36+1200,train
song_thrush,bird,Song thrush,Turdus philomelos,19878329,30653324,cc0,no rights reserved,2019-01-18,702675,Turdus philomelos clarkei,https://inaturalist-open-data.s3.amazonaws.com/photos/30653324/large.jpeg,https://inaturalist-open-data.s3.amazonaws.com/photos/30653324/original.jpeg,data/raw/song_thrush/30653324.jpg,430678,d8eb92c4ace87b1b2d3c23af6d351872,1536,2048,2026-09-11T17:23:36+1200,train
song_thrush,bird,Song thrush,Turdus philomelos,148815878,256340041,cc0,no rights reserved,2023-02-15,12748,Turdus philomelos,https://inaturalist-open-data.s3.amazonaws.com/photos/256340041/large.jpg,https://inaturalist-open-data.s3.amazonaws.com/photos/256340041/original.jpg,data/raw/song_thrush/256340041.jpg,458244,6facd49de3331d4e4a4dd1011e739aba,1125,1877,2026-09-11T17:23:36+1200,train
song_thrush,bird,Song thrush,Turdus philomelos,234781759,417443229,cc0,no rights reserved,2024-08-10,702675,Turdus philomelos clarkei,https://inaturalist-open-data.s3.amazonaws.com/photos/417443229/large.jpeg,https://inaturalist-open-data.s3.amazonaws.com/photos/417443229/original.jpeg,data/raw/song_thrush/417443229.jpg,567507,3f5b8fd01504d613883a089d73dbf610,1536,2048,2026-09-11T17:23:36+1200,train
song_thrush,bird,Song thrush,Turdus philomelos,322626834,583674363,cc-by,"(c) Elise Smith, some rights reserved (CC BY)",2025-10-24,12748,Turdus philomelos,https://inaturalist-open-data.s3.amazonaws.com/photos/583674363/large.jpg,https://inaturalist-open-data.s3.amazonaws.com/photos/583674363/original.jpg,data/raw/song_thrush/583674363.jpg,443160,539cd05354c853cf42275540e60b1b06,1986,1467,2026-09-11T17:23:36+1200,train
song_thrush,bird,Song thrush,Turdus philomelos,371490810,678745873,cc-by,"(c) Thomas Wilson, some rights reserved (CC BY)",2026-06-08,12748,Turdus philomelos,https://inaturalist-open-data.s3.amazonaws.com/photos/678745873/large.jpg,https://inaturalist-open-data.s3.amazonaws.com/photos/678745873/original.jpg,data/raw/song_thrush/678745873.jpg,578286,141f0e3b4c3054a08c57850ed49f1b24,2048,1365,2026-09-11T17:23:36+1200,train
song_thrush,bird,Song thrush,Turdus philomelos,326571262,591485192,cc-by,"(c) Manda QoP, some rights reserved (CC BY)",2025-11-14,12748,Turdus philomelos,https://inaturalist-open-data.s3.amazonaws.com/photos/591485192/large.jpg,https://inaturalist-open-data.s3.amazonaws.com/photos/591485192/original.jpg,data/raw/song_thrush/591485192.jpg,490551,1b65d5c21666654417514fdb3618df3e,1153,2048,2026-09-11T17:23:36+1200,train
song_thrush,bird,Song thrush,Turdus philomelos,258537731,463885840,cc-by,"(c) William Harland, some rights reserved (CC BY)",2025-01-09,702675,Turdus philomelos clarkei,https://inaturalist-open-data.s3.amazonaws.com/photos/463885840/large.jpeg,https://inaturalist-open-data.s3.amazonaws.com/photos/463885840/original.jpeg,data/raw/song_thrush/463885840.jpg,124997,8bc46beda145396056252cde3f0da347,2048,1496,2026-09-11T17:23:36+1200,train
song_thrush,bird,Song thrush,Turdus philomelos,65907739,106157375,cc-by,"(c) Svend Hansen, some rights reserved (CC BY)",2020-12-01,702675,Turdus philomelos clarkei,https://inaturalist-open-data.s3.amazonaws.com/photos/106157375/large.jpeg,https://inaturalist-open-data.s3.amazonaws.com/photos/106157375/original.jpeg,data/raw/song_thrush/106157375.jpg,500468,61f743874e1f7c4fe18763db732ed81a,1152,2048,2026-09-11T17:23:36+1200,train
song_thrush,bird,Song thrush,Turdus philomelos,264964611,475850016,cc0,no rights reserved,2025-03-11,12748,Turdus philomelos,https://inaturalist-open-data.s3.amazonaws.com/photos/475850016/large.jpeg,https://inaturalist-open-data.s3.amazonaws.com/photos/475850016/original.jpeg,data/raw/song_thrush/475850016.jpg,755815,b79b9697e0de29f18dde7f1c60eb42ae,1536,2048,2026-09-11T17:23:36+1200,train
song_thrush,bird,Song thrush,Turdus philomelos,330917230,600180629,cc0,no rights reserved,2025-12-16,12748,Turdus philomelos,https://inaturalist-open-data.s3.amazonaws.com/photos/600180629/large.jpg,https://inaturalist-open-data.s3.amazonaws.com/photos/600180629/original.jpg,data/raw/song_thrush/600180629.jpg,495354,609010be8a7c38e46c453750434d283b,2048,1365,2026-09-11T17:23:36+1200,train
starling,bird,Common starling,Sturnus vulgaris,25486780,39481900,cc-by,"(c) Jacqui Geux, some rights reserved (CC BY)",2019-05-17,577950,Sturnus vulgaris vulgaris,https://inaturalist-open-data.s3.amazonaws.com/photos/39481900/large.jpeg,https://inaturalist-open-data.s3.amazonaws.com/photos/39481900/original.jpeg,data/raw/starling/39481900.jpg,96083,9a9bfe49cb1acbc1364661f9da71fd45,1600,1200,2026-09-11T17:24:33+1200,train
starling,bird,Common starling,Sturnus vulgaris,327320892,592979955,cc-by,"(c) William Harland, some rights reserved (CC BY)",2025-11-14,14850,Sturnus vulgaris,https://inaturalist-open-data.s3.amazonaws.com/photos/592979955/large.jpg,https://inaturalist-open-data.s3.amazonaws.com/photos/592979955/original.jpg,data/raw/starling/592979955.jpg,28066,8aab79ee166714707b8e397c31ef6b68,2048,1169,2026-09-11T17:24:33+1200,train
starling,bird,Common starling,Sturnus vulgaris,61546468,98501175,cc-by,"(c) Jacqui Geux, some rights reserved (CC BY)",2020-09-30,577950,Sturnus vulgaris vulgaris,https://inaturalist-open-data.s3.amazonaws.com/photos/98501175/large.jpeg,https://inaturalist-open-data.s3.amazonaws.com/photos/98501175/original.jpeg,data/raw/starling/98501175.jpg,168984,9496481f5537cd385e071f8f427db5cd,1600,1200,2026-09-11T17:24:33+1200,train
starling,bird,Common starling,Sturnus vulgaris,261082171,468979432,cc0,no rights reserved,2025-02-09,14850,Sturnus vulgaris,https://inaturalist-open-data.s3.amazonaws.com/photos/468979432/large.jpeg,https://inaturalist-open-data.s3.amazonaws.com/photos/468979432/original.jpeg,data/raw/starling/468979432.jpg,502405,970a14e60e09a2efde5f3aa54401f3a9,2048,1153,2026-09-11T17:24:33+1200,train
starling,bird,Common starling,Sturnus vulgaris,323106024,584613286,cc-by,"(c) Richard Littauer, some rights reserved (CC BY)",2025-10-26,14850,Sturnus vulgaris,https://inaturalist-open-data.s3.amazonaws.com/photos/584613286/large.jpg,https://inaturalist-open-data.s3.amazonaws.com/photos/584613286/original.jpg,data/raw/starling/584613286.jpg,672749,c44532e5d5477cf936557210a6f0e491,2000,1331,2026-09-11T17:24:33+1200,train
starling,bird,Common starling,Sturnus vulgaris,323363269,585092442,cc0,no rights reserved,2025-10-25,14850,Sturnus vulgaris,https://inaturalist-open-data.s3.amazonaws.com/photos/585092442/large.jpg,https://inaturalist-open-data.s3.amazonaws.com/photos/585092442/original.jpg,data/raw/starling/585092442.jpg,889992,468d6be726046b8de8f1014fba581d5f,2048,1643,2026-09-11T17:24:33+1200,train
starling,bird,Common starling,Sturnus vulgaris,370808592,677448062,cc-by,"(c) William Harland, some rights reserved (CC BY)",2026-06-12,14850,Sturnus vulgaris,https://inaturalist-open-data.s3.amazonaws.com/photos/677448062/large.jpg,https://inaturalist-open-data.s3.amazonaws.com/photos/677448062/original.jpg,data/raw/starling/677448062.jpg,54544,f1d24832e7f31814d328c5778fd653ac,2048,1441,2026-09-11T17:24:33+1200,train
starling,bird,Common starling,Sturnus vulgaris,194414525,341733250,cc-by,"(c) John Barkla, some rights reserved (CC BY)",2023-12-20,577950,Sturnus vulgaris vulgaris,https://inaturalist-open-data.s3.amazonaws.com/photos/341733250/large.jpeg,https://inaturalist-open-data.s3.amazonaws.com/photos/341733250/original.jpeg,data/raw/starling/341733250.jpg,571193,43a2e6e9896474b8c58eeb680c13dd26,1600,1200,2026-09-11T17:24:33+1200,train
starling,bird,Common starling,Sturnus vulgaris,356367975,649885717,cc-by,"(c) William Harland, some rights reserved (CC BY)",2026-04-24,14850,Sturnus vulgaris,https://inaturalist-open-data.s3.amazonaws.com/photos/649885717/large.jpg,https://inaturalist-open-data.s3.amazonaws.com/photos/649885717/original.jpg,data/raw/starling/649885717.jpg,87284,e737f65b169516981691f7675dd4b313,2048,1319,2026-09-11T17:24:33+1200,train
starling,bird,Common starling,Sturnus vulgaris,355190591,647827781,cc-by,"(c) Michael Berardozzi, some rights reserved (CC BY)",2026-04-27,14850,Sturnus vulgaris,https://inaturalist-open-data.s3.amazonaws.com/photos/647827781/large.jpg,https://inaturalist-open-data.s3.amazonaws.com/photos/647827781/original.jpg,data/raw/starling/647827781.jpg,105568,c2bc87e12e5faf1c21e817de1abc6b26,1669,1366,2026-09-11T17:24:33+1200,train
starling,bird,Common starling,Sturnus vulgaris,340386685,619416645,cc-by,"(c) spacegecko, some rights reserved (CC BY)",2025-12-09,14850,Sturnus vulgaris,https://inaturalist-open-data.s3.amazonaws.com/photos/619416645/large.jpg,https://inaturalist-open-data.s3.amazonaws.com/photos/619416645/original.jpg,data/raw/starling/619416645.jpg,194627,30744842a49c2870c4207fd93b46c75a,2048,1365,2026-09-11T17:24:33+1200,train
starling,bird,Common starling,Sturnus vulgaris,339352600,617311977,cc-by,"(c) Thomas Wilson, some rights reserved (CC BY)",2026-02-19,14850,Sturnus vulgaris,https://inaturalist-open-data.s3.amazonaws.com/photos/617311977/large.jpg,https://inaturalist-open-data.s3.amazonaws.com/photos/617311977/original.jpg,data/raw/starling/617311977.jpg,482616,003749ebd73a173fffbc22b8b4c31090,2048,1365,2026-09-11T17:24:33+1200,train
starling,bird,Common starling,Sturnus vulgaris,258538522,463887319,cc-by,"(c) William Harland, some rights reserved (CC BY)",2025-01-09,577950,Sturnus vulgaris vulgaris,https://inaturalist-open-data.s3.amazonaws.com/photos/463887319/large.jpeg,https://inaturalist-open-data.s3.amazonaws.com/photos/463887319/original.jpeg,data/raw/starling/463887319.jpg,52833,d546c317e38d35d05ecf31ace006bcb7,2048,1371,2026-09-11T17:24:33+1200,train
starling,bird,Common starling,Sturnus vulgaris,354114753,646032848,cc-by,"(c) Michael Keith, some rights reserved (CC BY)",2026-04-25,14850,Sturnus vulgaris,https://inaturalist-open-data.s3.amazonaws.com/photos/646032848/large.jpg,https://inaturalist-open-data.s3.amazonaws.com/photos/646032848/original.jpg,data/raw/starling/646032848.jpg,71544,3ba3bbc064be9579b85818831ce837f1,1536,2048,2026-09-11T17:24:33+1200,train
starling,bird,Common starling,Sturnus vulgaris,24538661,37942933,cc-by,"(c) Jon Sullivan, some rights reserved (CC BY)",2019-04-28,14850,Sturnus vulgaris,https://inaturalist-open-data.s3.amazonaws.com/photos/37942933/large.jpg,https://inaturalist-open-data.s3.amazonaws.com/photos/37942933/original.jpg,data/raw/starling/37942933.jpg,221339,207204b8feec45e100841f7033db9245,1866,1246,2026-09-11T17:24:33+1200,train
starling,bird,Common starling,Sturnus vulgaris,45011525,71361618,cc-by,"(c) eyrezer, some rights reserved (CC BY)",2020-05-06,577950,Sturnus vulgaris vulgaris,https://inaturalist-open-data.s3.amazonaws.com/photos/71361618/large.jpeg,https://inaturalist-open-data.s3.amazonaws.com/photos/71361618/original.jpeg,data/raw/starling/71361618.jpg,80536,275e87d97e2f4aa7a1bbc4acd53b1882,1748,1374,2026-09-11T17:24:33+1200,train
starling,bird,Common starling,Sturnus vulgaris,87322959,143953094,cc-by,"(c) bythepark, some rights reserved (CC BY)",2021-07-17,577950,Sturnus vulgaris vulgaris,https://inaturalist-open-data.s3.amazonaws.com/photos/143953094/large.jpeg,https://inaturalist-open-data.s3.amazonaws.com/photos/143953094/original.jpeg,data/raw/starling/143953094.jpg,541986,95efeec595eb1e50a0d059dde8a984a6,2048,1365,2026-09-11T17:24:33+1200,train
starling,bird,Common starling,Sturnus vulgaris,61082419,97712295,cc-by,"(c) Nathan Odgers, some rights reserved (CC BY)",2020-09-24,577950,Sturnus vulgaris vulgaris,https://inaturalist-open-data.s3.amazonaws.com/photos/97712295/large.jpg,https://inaturalist-open-data.s3.amazonaws.com/photos/97712295/original.jpg,data/raw/starling/97712295.jpg,368847,0da177549d97487938afbf6964a3d578,2048,1536,2026-09-11T17:24:33+1200,train
starling,bird,Common starling,Sturnus vulgaris,64017878,102846196,cc-by,"(c) Joe Potter Butler, some rights reserved (CC BY)",2020-11-02,577950,Sturnus vulgaris vulgaris,https://inaturalist-open-data.s3.amazonaws.com/photos/102846196/large.jpeg,https://inaturalist-open-data.s3.amazonaws.com/photos/102846196/original.jpeg,data/raw/starling/102846196.jpg,261567,56ce06ca898ce4eb39dd858df01581c5,1536,2048,2026-09-11T17:24:33+1200,train
starling,bird,Common starling,Sturnus vulgaris,51444406,81733076,cc-by,"(c) wild_wind, some rights reserved (CC BY)",2020-06-30,577950,Sturnus vulgaris vulgaris,https://inaturalist-open-data.s3.amazonaws.com/photos/81733076/large.jpeg,https://inaturalist-open-data.s3.amazonaws.com/photos/81733076/original.jpeg,data/raw/starling/81733076.jpg,373717,bd33054a44a34033a7057fff0b60c956,1989,1989,2026-09-11T17:24:33+1200,train
starling,bird,Common starling,Sturnus vulgaris,38382262,60994098,cc-by,"(c) Brett Sandford, some rights reserved (CC BY)",2020-02-07,577950,Sturnus vulgaris vulgaris,https://inaturalist-open-data.s3.amazonaws.com/photos/60994098/large.jpeg,https://inaturalist-open-data.s3.amazonaws.com/photos/60994098/original.jpeg,data/raw/starling/60994098.jpg,344021,99548334d38e4643e687ffe795be01c4,2048,995,2026-09-11T17:24:33+1200,train
starling,bird,Common starling,Sturnus vulgaris,277258130,497855198,cc-by,"(c) William Harland, some rights reserved (CC BY)",2025-04-28,14850,Sturnus vulgaris,https://inaturalist-open-data.s3.amazonaws.com/photos/497855198/large.jpeg,https://inaturalist-open-data.s3.amazonaws.com/photos/497855198/original.jpeg,data/raw/starling/497855198.jpg,27448,e39563ef3163e343667822af5156abe1,2048,1178,2026-09-11T17:24:33+1200,train
starling,bird,Common starling,Sturnus vulgaris,277995131,499131190,cc-by,"(c) Jon Sullivan, some rights reserved (CC BY)",2025-04-27,14850,Sturnus vulgaris,https://inaturalist-open-data.s3.amazonaws.com/photos/499131190/large.jpg,https://inaturalist-open-data.s3.amazonaws.com/photos/499131190/original.jpg,data/raw/starling/499131190.jpg,53063,403b88ade5effb049ae8dbb25293833a,2048,1366,2026-09-11T17:24:33+1200,train
starling,bird,Common starling,Sturnus vulgaris,338241711,615066516,cc0,no rights reserved,2026-02-12,14850,Sturnus vulgaris,https://inaturalist-open-data.s3.amazonaws.com/photos/615066516/large.jpg,https://inaturalist-open-data.s3.amazonaws.com/photos/615066516/original.jpg,data/raw/starling/615066516.jpg,227424,a78b5fe3b534d638bcb09296210cda6f,872,872,2026-09-11T17:24:33+1200,train
starling,bird,Common starling,Sturnus vulgaris,5445242,6701655,cc-by,"(c) Jon Sullivan, some rights reserved (CC BY)",2017-03-24,14850,Sturnus vulgaris,https://inaturalist-open-data.s3.amazonaws.com/photos/6701655/large.jpg,https://inaturalist-open-data.s3.amazonaws.com/photos/6701655/original.jpg,data/raw/starling/6701655.jpg,268163,f2902c1657631062cec5c32ea9dab839,2048,1536,2026-09-11T17:24:33+1200,train
starling,bird,Common starling,Sturnus vulgaris,2102946,2518822,cc-by,"(c) Jon Sullivan, some rights reserved (CC BY)",2015-10-02,14850,Sturnus vulgaris,https://inaturalist-open-data.s3.amazonaws.com/photos/2518822/large.jpg,https://inaturalist-open-data.s3.amazonaws.com/photos/2518822/original.jpg,data/raw/starling/2518822.jpg,426225,d14c500c58aa50a0d9bc736e776fbb09,2048,1365,2026-09-11T17:24:33+1200,train
starling,bird,Common starling,Sturnus vulgaris,322806581,584026091,cc-by,"(c) kiwialli, some rights reserved (CC BY)",2025-10-24,577950,Sturnus vulgaris vulgaris,https://inaturalist-open-data.s3.amazonaws.com/photos/584026091/large.jpg,https://inaturalist-open-data.s3.amazonaws.com/photos/584026091/original.jpg,data/raw/starling/584026091.jpg,524795,ee0737681eadf1a46f53289cf36cca55,2048,1535,2026-09-11T17:24:33+1200,train
starling,bird,Common starling,Sturnus vulgaris,211484510,373890776,cc-by,"(c) William Harland, some rights reserved (CC BY)",2024-04-29,577950,Sturnus vulgaris vulgaris,https://inaturalist-open-data.s3.amazonaws.com/photos/373890776/large.jpeg,https://inaturalist-open-data.s3.amazonaws.com/photos/373890776/original.jpeg,data/raw/starling/373890776.jpg,32140,edb361949a2fa1cf1e0da52d444e1801,1996,1163,2026-09-11T17:24:33+1200,train
starling,bird,Common starling,Sturnus vulgaris,18369041,28075631,cc-by,"(c) Possums' End, some rights reserved (CC BY)",2018-11-12,577950,Sturnus vulgaris vulgaris,https://inaturalist-open-data.s3.amazonaws.com/photos/28075631/large.jpg,https://inaturalist-open-data.s3.amazonaws.com/photos/28075631/original.jpg,data/raw/starling/28075631.jpg,875686,07dbbb16010909516da9f324beb41a90,1365,2048,2026-09-11T17:24:33+1200,train
starling,bird,Common starling,Sturnus vulgaris,35765881,56437277,cc-by,"(c) Jenny Saito, some rights reserved (CC BY)",2019-11-17,577950,Sturnus vulgaris vulgaris,https://inaturalist-open-data.s3.amazonaws.com/photos/56437277/large.jpeg,https://inaturalist-open-data.s3.amazonaws.com/photos/56437277/original.jpeg,data/raw/starling/56437277.jpg,933119,fa84922c9827dc1d6239cfa648ca8ee7,2048,1536,2026-09-11T17:24:33+1200,train
starling,bird,Common starling,Sturnus vulgaris,75750887,123964757,cc-by,"(c) rempson, some rights reserved (CC BY)",2021-04-30,577950,Sturnus vulgaris vulgaris,https://inaturalist-open-data.s3.amazonaws.com/photos/123964757/large.jpeg,https://inaturalist-open-data.s3.amazonaws.com/photos/123964757/original.jpeg,data/raw/starling/123964757.jpg,371729,d59da4889f6f8e76ae0c160a1db46572,2048,1365,2026-09-11T17:24:33+1200,train
starling,bird,Common starling,Sturnus vulgaris,77800879,127143988,cc-by,"(c) Jon Sullivan, some rights reserved (CC BY)",2021-05-01,577950,Sturnus vulgaris vulgaris,https://inaturalist-open-data.s3.amazonaws.com/photos/127143988/large.jpg,https://inaturalist-open-data.s3.amazonaws.com/photos/127143988/original.jpg,data/raw/starling/127143988.jpg,100104,a8f585508a83e7348cc305b9cacfe3ae,2048,1365,2026-09-11T17:24:33+1200,train
starling,bird,Common starling,Sturnus vulgaris,148979803,256647301,cc-by,"(c) patrickc, some rights reserved (CC BY)",2022-12-25,577950,Sturnus vulgaris vulgaris,https://inaturalist-open-data.s3.amazonaws.com/photos/256647301/large.jpg,https://inaturalist-open-data.s3.amazonaws.com/photos/256647301/original.jpg,data/raw/starling/256647301.jpg,166904,2d47630bcdaf25dd5d2a1080ce9ba8eb,1463,2048,2026-09-11T17:24:33+1200,train
starling,bird,Common starling,Sturnus vulgaris,77088162,126055482,cc-by,"(c) wild_wind, some rights reserved (CC BY)",2021-05-03,577950,Sturnus vulgaris vulgaris,https://inaturalist-open-data.s3.amazonaws.com/photos/126055482/large.jpeg,https://inaturalist-open-data.s3.amazonaws.com/photos/126055482/original.jpeg,data/raw/starling/126055482.jpg,80882,ca0ab3c0072e039fa1f79ba4525aa49b,2048,2047,2026-09-11T17:24:33+1200,train
starling,bird,Common starling,Sturnus vulgaris,249292752,445604264,cc-by,"(c) William Harland, some rights reserved (CC BY)",2024-10-21,577950,Sturnus vulgaris vulgaris,https://inaturalist-open-data.s3.amazonaws.com/photos/445604264/large.jpeg,https://inaturalist-open-data.s3.amazonaws.com/photos/445604264/original.jpeg,data/raw/starling/445604264.jpg,22354,4eca3e65f3334a4517193cc5e5612e42,2048,1152,2026-09-11T17:24:33+1200,train
starling,bird,Common starling,Sturnus vulgaris,295826888,532591262,cc-by,"(c) naturalist132890, some rights reserved (CC BY)",2025-07-07,14850,Sturnus vulgaris,https://inaturalist-open-data.s3.amazonaws.com/photos/532591262/large.jpg,https://inaturalist-open-data.s3.amazonaws.com/photos/532591262/original.jpg,data/raw/starling/532591262.jpg,350016,4267896e9888d901b9a35dd81db6f81e,2048,1365,2026-09-11T17:24:33+1200,train
starling,bird,Common starling,Sturnus vulgaris,291389671,524273435,cc-by,"(c) Nathan Odgers, some rights reserved (CC BY)",2025-06-21,14850,Sturnus vulgaris,https://inaturalist-open-data.s3.amazonaws.com/photos/524273435/large.jpg,https://inaturalist-open-data.s3.amazonaws.com/photos/524273435/original.jpg,data/raw/starling/524273435.jpg,679326,e8cf4a064cf31043d25b01a9e0a5926a,2048,1536,2026-09-11T17:24:33+1200,train
starling,bird,Common starling,Sturnus vulgaris,237830249,423324612,cc-by,"(c) Jenny Saito, some rights reserved (CC BY)",2024-08-25,577950,Sturnus vulgaris vulgaris,https://inaturalist-open-data.s3.amazonaws.com/photos/423324612/large.jpeg,https://inaturalist-open-data.s3.amazonaws.com/photos/423324612/original.jpeg,data/raw/starling/423324612.jpg,637392,1721e1717d087d01cf833894448e78d0,2048,1536,2026-09-11T17:24:33+1200,train
starling,bird,Common starling,Sturnus vulgaris,153540321,265203183,cc0,no rights reserved,2023-03-31,14850,Sturnus vulgaris,https://inaturalist-open-data.s3.amazonaws.com/photos/265203183/large.jpeg,https://inaturalist-open-data.s3.amazonaws.com/photos/265203183/original.jpeg,data/raw/starling/265203183.jpg,342726,ffefffdc631c4bfb2db94fa879f495b4,2048,1536,2026-09-11T17:24:33+1200,train
starling,bird,Common starling,Sturnus vulgaris,148037403,254850369,cc-by,"(c) patrickc, some rights reserved (CC BY)",2022-12-23,14850,Sturnus vulgaris,https://inaturalist-open-data.s3.amazonaws.com/photos/254850369/large.jpg,https://inaturalist-open-data.s3.amazonaws.com/photos/254850369/original.jpg,data/raw/starling/254850369.jpg,313871,9a31623da7523716bffbd795d29d9e80,2048,1463,2026-09-11T17:24:33+1200,train
starling,bird,Common starling,Sturnus vulgaris,374251058,684037090,cc-by,"(c) Thomas Wilson, some rights reserved (CC BY)",2026-06-22,14850,Sturnus vulgaris,https://inaturalist-open-data.s3.amazonaws.com/photos/684037090/large.jpg,https://inaturalist-open-data.s3.amazonaws.com/photos/684037090/original.jpg,data/raw/starling/684037090.jpg,356875,7f4f2cf69c44b2b37b1fc140844eb8c6,2048,1365,2026-09-11T17:24:33+1200,train
starling,bird,Common starling,Sturnus vulgaris,327344285,593026961,cc-by,"(c) William Harland, some rights reserved (CC BY)",2025-11-16,14850,Sturnus vulgaris,https://inaturalist-open-data.s3.amazonaws.com/photos/593026961/large.jpg,https://inaturalist-open-data.s3.amazonaws.com/photos/593026961/original.jpg,data/raw/starling/593026961.jpg,27175,e5a03150ac3a273eedc672e748a38323,2048,1127,2026-09-11T17:24:33+1200,train
starling,bird,Common starling,Sturnus vulgaris,326923425,592186422,cc-by,"(c) William Harland, some rights reserved (CC BY)",2025-11-07,14850,Sturnus vulgaris,https://inaturalist-open-data.s3.amazonaws.com/photos/592186422/large.jpg,https://inaturalist-open-data.s3.amazonaws.com/photos/592186422/original.jpg,data/raw/starling/592186422.jpg,37799,42cb63efc7ccfd75b4d03e191bc23b9a,2048,1206,2026-09-11T17:24:33+1200,train
starling,bird,Common starling,Sturnus vulgaris,99590964,166051364,cc-by,"(c) Nathan Odgers, some rights reserved (CC BY)",2021-10-28,577950,Sturnus vulgaris vulgaris,https://inaturalist-open-data.s3.amazonaws.com/photos/166051364/large.jpg,https://inaturalist-open-data.s3.amazonaws.com/photos/166051364/original.jpg,data/raw/starling/166051364.jpg,311984,66d957d08b7d63352e3087876139a061,1536,2048,2026-09-11T17:24:33+1200,train
starling,bird,Common starling,Sturnus vulgaris,196643698,346137948,cc-by,"(c) Steve Kerr, some rights reserved (CC BY)",2024-01-07,577950,Sturnus vulgaris vulgaris,https://inaturalist-open-data.s3.amazonaws.com/photos/346137948/large.jpeg,https://inaturalist-open-data.s3.amazonaws.com/photos/346137948/original.jpeg,data/raw/starling/346137948.jpg,233723,f62ecf30af512c09174db33540010cd6,2048,1536,2026-09-11T17:24:33+1200,train
starling,bird,Common starling,Sturnus vulgaris,5144008,6334468,cc-by,"(c) Lisa Bennett, some rights reserved (CC BY)",2017-02-18,577950,Sturnus vulgaris vulgaris,https://inaturalist-open-data.s3.amazonaws.com/photos/6334468/large.jpeg,https://inaturalist-open-data.s3.amazonaws.com/photos/6334468/original.jpeg,data/raw/starling/6334468.jpg,382607,ef9b60c93a2a377691873b9a9d1dcc38,1816,1561,2026-09-11T17:24:33+1200,train
starling,bird,Common starling,Sturnus vulgaris,102727396,171785328,cc0,no rights reserved,2021-12-09,577950,Sturnus vulgaris vulgaris,https://inaturalist-open-data.s3.amazonaws.com/photos/171785328/large.jpeg,https://inaturalist-open-data.s3.amazonaws.com/photos/171785328/original.jpeg,data/raw/starling/171785328.jpg,383191,301574bb406b9f47e51658b3a2959cdf,2048,1536,2026-09-11T17:24:33+1200,train
starling,bird,Common starling,Sturnus vulgaris,278364724,499824405,cc-by,"(c) Jon Sullivan, some rights reserved (CC BY)",2025-04-27,14850,Sturnus vulgaris,https://inaturalist-open-data.s3.amazonaws.com/photos/499824405/large.jpg,https://inaturalist-open-data.s3.amazonaws.com/photos/499824405/original.jpg,data/raw/starling/499824405.jpg,88244,fc4c6f55ecb96af1ebca12eba6d0c7e5,2048,1367,2026-09-11T17:24:33+1200,train
starling,bird,Common starling,Sturnus vulgaris,278297353,499704129,cc-by,"(c) Jon Sullivan, some rights reserved (CC BY)",2025-04-27,14850,Sturnus vulgaris,https://inaturalist-open-data.s3.amazonaws.com/photos/499704129/large.jpg,https://inaturalist-open-data.s3.amazonaws.com/photos/499704129/original.jpg,data/raw/starling/499704129.jpg,147310,776a33924e0acb07798621e8cace12c7,2048,1367,2026-09-11T17:24:33+1200,train
starling,bird,Common starling,Sturnus vulgaris,24578961,38009129,cc-by,"(c) Jon Sullivan, some rights reserved (CC BY)",2019-04-28,14850,Sturnus vulgaris,https://inaturalist-open-data.s3.amazonaws.com/photos/38009129/large.jpg,https://inaturalist-open-data.s3.amazonaws.com/photos/38009129/original.jpg,data/raw/starling/38009129.jpg,81374,c84f1f9ee248ab89bf1a124c8333dfe3,1984,1325,2026-09-11T17:24:33+1200,train
starling,bird,Common starling,Sturnus vulgaris,141494198,242417677,cc-by,"(c) Jon Sullivan, some rights reserved (CC BY)",2022-10-29,14850,Sturnus vulgaris,https://inaturalist-open-data.s3.amazonaws.com/photos/242417677/large.jpg,https://inaturalist-open-data.s3.amazonaws.com/photos/242417677/original.jpg,data/raw/starling/242417677.jpg,174257,795f526177d36fc9fb5f1e2d2b807aaf,935,701,2026-09-11T17:24:33+1200,train
starling,bird,Common starling,Sturnus vulgaris,272941682,491029502,cc-by,"(c) kiwialli, some rights reserved (CC BY)",2025-04-25,14850,Sturnus vulgaris,https://inaturalist-open-data.s3.amazonaws.com/photos/491029502/large.jpeg,https://inaturalist-open-data.s3.amazonaws.com/photos/491029502/original.jpeg,data/raw/starling/491029502.jpg,341660,275b520e0fab7c99892e2bee4c0b9d22,2048,1536,2026-09-11T17:24:33+1200,train
starling,bird,Common starling,Sturnus vulgaris,273675291,492173322,cc-by,"(c) jsimons, some rights reserved (CC BY)",2025-04-26,14850,Sturnus vulgaris,https://inaturalist-open-data.s3.amazonaws.com/photos/492173322/large.jpg,https://inaturalist-open-data.s3.amazonaws.com/photos/492173322/original.jpg,data/raw/starling/492173322.jpg,121998,994c7be5afeaba0cd3f09f5a11c3dcf6,1509,2048,2026-09-11T17:24:33+1200,train
starling,bird,Common starling,Sturnus vulgaris,305958455,551707279,cc-by,"(c) William Harland, some rights reserved (CC BY)",2025-08-03,14850,Sturnus vulgaris,https://inaturalist-open-data.s3.amazonaws.com/photos/551707279/large.jpg,https://inaturalist-open-data.s3.amazonaws.com/photos/551707279/original.jpg,data/raw/starling/551707279.jpg,100147,4eb1fe8a0f23da80c981e2a7fadb6783,2048,1264,2026-09-11T17:24:33+1200,train
starling,bird,Common starling,Sturnus vulgaris,306378086,552507343,cc0,no rights reserved,2025-08-15,14850,Sturnus vulgaris,https://inaturalist-open-data.s3.amazonaws.com/photos/552507343/large.jpg,https://inaturalist-open-data.s3.amazonaws.com/photos/552507343/original.jpg,data/raw/starling/552507343.jpg,350220,effa99c152bf513639e2705ee4030954,1093,1458,2026-09-11T17:24:33+1200,train
starling,bird,Common starling,Sturnus vulgaris,355770603,648794144,cc-by,"(c) Nathan Odgers, some rights reserved (CC BY)",2026-04-28,14850,Sturnus vulgaris,https://inaturalist-open-data.s3.amazonaws.com/photos/648794144/large.jpg,https://inaturalist-open-data.s3.amazonaws.com/photos/648794144/original.jpg,data/raw/starling/648794144.jpg,229625,b62336bdc42d6cd428030b6b5557c8e5,2048,1536,2026-09-11T17:24:33+1200,train
starling,bird,Common starling,Sturnus vulgaris,335769251,610038301,cc-by,"(c) spacegecko, some rights reserved (CC BY)",2025-12-11,14850,Sturnus vulgaris,https://inaturalist-open-data.s3.amazonaws.com/photos/610038301/large.jpg,https://inaturalist-open-data.s3.amazonaws.com/photos/610038301/original.jpg,data/raw/starling/610038301.jpg,428289,56e50902c35945be797de9dab96a7376,2048,1365,2026-09-11T17:24:33+1200,train
starling,bird,Common starling,Sturnus vulgaris,321202816,580865659,cc0,no rights reserved,2025-10-16,14850,Sturnus vulgaris,https://inaturalist-open-data.s3.amazonaws.com/photos/580865659/large.jpg,https://inaturalist-open-data.s3.amazonaws.com/photos/580865659/original.jpg,data/raw/starling/580865659.jpg,431435,1d01b3f33794a77a58ba938b20d194f3,1153,2048,2026-09-11T17:24:33+1200,train
starling,bird,Common starling,Sturnus vulgaris,388655278,711844764,cc-by,"(c) zemlya, some rights reserved (CC BY)",2026-08-03,14850,Sturnus vulgaris,https://inaturalist-open-data.s3.amazonaws.com/photos/711844764/large.jpg,https://inaturalist-open-data.s3.amazonaws.com/photos/711844764/original.jpg,data/raw/starling/711844764.jpg,198083,b898afde24b42ff40aa5b4b94ba79ed9,1536,2048,2026-09-11T17:24:33+1200,train
starling,bird,Common starling,Sturnus vulgaris,1066556,1336953,cc-by,"(c) Jon Sullivan, some rights reserved (CC BY)",2014-11-10,14850,Sturnus vulgaris,https://inaturalist-open-data.s3.amazonaws.com/photos/1336953/large.jpg,https://inaturalist-open-data.s3.amazonaws.com/photos/1336953/original.jpg,data/raw/starling/1336953.jpg,478351,485b9ef6b36d6e1fd8249335ddf047cb,2048,1536,2026-09-11T17:24:33+1200,train
starling,bird,Common starling,Sturnus vulgaris,3732883,4337176,cc-by,"(c) Steve Kerr, some rights reserved (CC BY)",2014-01-10,14850,Sturnus vulgaris,https://inaturalist-open-data.s3.amazonaws.com/photos/4337176/large.jpg,https://inaturalist-open-data.s3.amazonaws.com/photos/4337176/original.jpg,data/raw/starling/4337176.jpg,116700,d23598bff9efff2e3d031d3f49f395f5,2048,1317,2026-09-11T17:24:33+1200,train
starling,bird,Common starling,Sturnus vulgaris,211460341,373854754,cc-by,"(c) William Harland, some rights reserved (CC BY)",2024-04-29,577950,Sturnus vulgaris vulgaris,https://inaturalist-open-data.s3.amazonaws.com/photos/373854754/large.jpeg,https://inaturalist-open-data.s3.amazonaws.com/photos/373854754/original.jpeg,data/raw/starling/373854754.jpg,70480,965817601de64e047f62c4f8ee939429,2048,1260,2026-09-11T17:24:33+1200,train
starling,bird,Common starling,Sturnus vulgaris,77692935,127056152,cc-by,"(c) Jon Sullivan, some rights reserved (CC BY)",2021-04-30,577950,Sturnus vulgaris vulgaris,https://inaturalist-open-data.s3.amazonaws.com/photos/127056152/large.jpg,https://inaturalist-open-data.s3.amazonaws.com/photos/127056152/original.jpg,data/raw/starling/127056152.jpg,83524,a36895ad9401199f8a52741456ba23f5,759,503,2026-09-11T17:24:33+1200,train
starling,bird,Common starling,Sturnus vulgaris,149939779,258451512,cc-by,"(c) William Harland, some rights reserved (CC BY)",2023-02-28,577950,Sturnus vulgaris vulgaris,https://inaturalist-open-data.s3.amazonaws.com/photos/258451512/large.jpeg,https://inaturalist-open-data.s3.amazonaws.com/photos/258451512/original.jpeg,data/raw/starling/258451512.jpg,240195,7464c8719e4f5e25982f4008ba62167d,2048,1638,2026-09-11T17:24:33+1200,train
starling,bird,Common starling,Sturnus vulgaris,177748279,309187561,cc0,no rights reserved,2023-08-09,577950,Sturnus vulgaris vulgaris,https://inaturalist-open-data.s3.amazonaws.com/photos/309187561/large.jpg,https://inaturalist-open-data.s3.amazonaws.com/photos/309187561/original.jpg,data/raw/starling/309187561.jpg,779135,afa93183765d246959c82e3ae131830f,1823,1215,2026-09-11T17:24:33+1200,train
starling,bird,Common starling,Sturnus vulgaris,37477971,59420112,cc-by,"(c) wild_wind, some rights reserved (CC BY)",2020-01-11,577950,Sturnus vulgaris vulgaris,https://inaturalist-open-data.s3.amazonaws.com/photos/59420112/large.jpeg,https://inaturalist-open-data.s3.amazonaws.com/photos/59420112/original.jpeg,data/raw/starling/59420112.jpg,363851,159158bdb3339b93081e18d836d74ecf,2048,1962,2026-09-11T17:24:33+1200,train
starling,bird,Common starling,Sturnus vulgaris,64784249,104210769,cc-by,"(c) Joe Dillon, some rights reserved (CC BY)",2020-11-13,577950,Sturnus vulgaris vulgaris,https://inaturalist-open-data.s3.amazonaws.com/photos/104210769/large.jpeg,https://inaturalist-open-data.s3.amazonaws.com/photos/104210769/original.jpeg,data/raw/starling/104210769.jpg,549562,6af0f123fefc4629f8ab2d0c95ce8eac,2048,1365,2026-09-11T17:24:33+1200,train
starling,bird,Common starling,Sturnus vulgaris,187877009,328663344,cc-by,"(c) William Harland, some rights reserved (CC BY)",2023-10-17,577950,Sturnus vulgaris vulgaris,https://inaturalist-open-data.s3.amazonaws.com/photos/328663344/large.jpeg,https://inaturalist-open-data.s3.amazonaws.com/photos/328663344/original.jpeg,data/raw/starling/328663344.jpg,163202,3f33c004c995b4f113b4f78f18255928,2048,1102,2026-09-11T17:24:33+1200,train
starling,bird,Common starling,Sturnus vulgaris,262904607,472202629,cc-by,"(c) ian_mcallan, some rights reserved (CC BY)",2025-02-13,14850,Sturnus vulgaris,https://inaturalist-open-data.s3.amazonaws.com/photos/472202629/large.jpeg,https://inaturalist-open-data.s3.amazonaws.com/photos/472202629/original.jpeg,data/raw/starling/472202629.jpg,201651,6f9d1fe66e18c7644bf749c23b50b23a,2048,1536,2026-09-11T17:24:33+1200,train
starling,bird,Common starling,Sturnus vulgaris,102887611,172085143,cc-by,"(c) Duncan Cunningham, some rights reserved (CC BY)",2021-12-11,577950,Sturnus vulgaris vulgaris,https://inaturalist-open-data.s3.amazonaws.com/photos/172085143/large.jpg,https://inaturalist-open-data.s3.amazonaws.com/photos/172085143/original.jpg,data/raw/starling/172085143.jpg,508272,1b7579af09e97e1676aca413b06b83bb,2048,1152,2026-09-11T17:24:33+1200,train
starling,bird,Common starling,Sturnus vulgaris,43777179,69431992,cc-by,"(c) Jenny Saito, some rights reserved (CC BY)",2020-04-27,577950,Sturnus vulgaris vulgaris,https://inaturalist-open-data.s3.amazonaws.com/photos/69431992/large.jpeg,https://inaturalist-open-data.s3.amazonaws.com/photos/69431992/original.jpeg,data/raw/starling/69431992.jpg,345553,519ffeb6ab5df614b1c1f082f804f9fe,1536,2048,2026-09-11T17:24:33+1200,train
starling,bird,Common starling,Sturnus vulgaris,190749123,334460859,cc-by,"(c) William Harland, some rights reserved (CC BY)",2023-11-11,577950,Sturnus vulgaris vulgaris,https://inaturalist-open-data.s3.amazonaws.com/photos/334460859/large.jpeg,https://inaturalist-open-data.s3.amazonaws.com/photos/334460859/original.jpeg,data/raw/starling/334460859.jpg,224762,6c48517999fbe64e7b77d2bf66948bf6,2048,1477,2026-09-11T17:24:33+1200,train
starling,bird,Common starling,Sturnus vulgaris,114569950,193462284,cc-by,"(c) jsimons, some rights reserved (CC BY)",2022-05-02,14850,Sturnus vulgaris,https://inaturalist-open-data.s3.amazonaws.com/photos/193462284/large.jpg,https://inaturalist-open-data.s3.amazonaws.com/photos/193462284/original.jpg,data/raw/starling/193462284.jpg,129131,95e81e4b1781194efc95e08d6df4e2ad,1491,2048,2026-09-11T17:24:33+1200,train
starling,bird,Common starling,Sturnus vulgaris,114404436,193190401,cc-by,"(c) Heidi Meudt, some rights reserved (CC BY)",2022-05-02,14850,Sturnus vulgaris,https://inaturalist-open-data.s3.amazonaws.com/photos/193190401/large.jpeg,https://inaturalist-open-data.s3.amazonaws.com/photos/193190401/original.jpeg,data/raw/starling/193190401.jpg,399153,ae896326bc20d2558924ff282b14ff0a,1536,2048,2026-09-11T17:24:33+1200,train
starling,bird,Common starling,Sturnus vulgaris,144652569,248315429,cc-by,"(c) Roland Godon, some rights reserved (CC BY)",2022-12-18,14850,Sturnus vulgaris,https://inaturalist-open-data.s3.amazonaws.com/photos/248315429/large.jpeg,https://inaturalist-open-data.s3.amazonaws.com/photos/248315429/original.jpeg,data/raw/starling/248315429.jpg,508301,b0e6b5695832eea4067feba4ea3aed0b,2048,1365,2026-09-11T17:24:33+1200,train
starling,bird,Common starling,Sturnus vulgaris,143477395,246067359,cc-by,"(c) Jenny Saito, some rights reserved (CC BY)",2022-12-02,14850,Sturnus vulgaris,https://inaturalist-open-data.s3.amazonaws.com/photos/246067359/large.jpeg,https://inaturalist-open-data.s3.amazonaws.com/photos/246067359/original.jpeg,data/raw/starling/246067359.jpg,700347,59b86c52256706a34a4d30fb75ce9113,2048,2048,2026-09-11T17:24:33+1200,train
starling,bird,Common starling,Sturnus vulgaris,245892115,438865758,cc-by,"(c) Jon Sullivan, some rights reserved (CC BY)",2024-10-06,14850,Sturnus vulgaris,https://inaturalist-open-data.s3.amazonaws.com/photos/438865758/large.jpg,https://inaturalist-open-data.s3.amazonaws.com/photos/438865758/original.jpg,data/raw/starling/438865758.jpg,386522,e62a1a13935e101a93085a88cf8b97b2,1367,2048,2026-09-11T17:24:33+1200,train
starling,bird,Common starling,Sturnus vulgaris,331704746,601802717,cc-by,"(c) cello caruso-turiello, some rights reserved (CC BY)",2025-12-22,14850,Sturnus vulgaris,https://inaturalist-open-data.s3.amazonaws.com/photos/601802717/large.jpg,https://inaturalist-open-data.s3.amazonaws.com/photos/601802717/original.jpg,data/raw/starling/601802717.jpg,211269,01a7780ac975cd6c8033f2376a085ccb,1454,969,2026-09-11T17:24:33+1200,train
starling,bird,Common starling,Sturnus vulgaris,331781305,601959261,cc-by,"(c) cello caruso-turiello, some rights reserved (CC BY)",2025-12-22,14850,Sturnus vulgaris,https://inaturalist-open-data.s3.amazonaws.com/photos/601959261/large.jpg,https://inaturalist-open-data.s3.amazonaws.com/photos/601959261/original.jpg,data/raw/starling/601959261.jpg,547823,f383d530d98cae88239057b9653f1545,1676,1117,2026-09-11T17:24:33+1200,train
starling,bird,Common starling,Sturnus vulgaris,332849526,604150715,cc0,no rights reserved,2025-12-31,14850,Sturnus vulgaris,https://inaturalist-open-data.s3.amazonaws.com/photos/604150715/large.jpg,https://inaturalist-open-data.s3.amazonaws.com/photos/604150715/original.jpg,data/raw/starling/604150715.jpg,536075,6ee74899360f13e392f1865789a63d2c,2048,1365,2026-09-11T17:24:33+1200,train
starling,bird,Common starling,Sturnus vulgaris,342501341,623727521,cc-by,"(c) Christopher Hynes, some rights reserved (CC BY)",2026-03-12,14850,Sturnus vulgaris,https://inaturalist-open-data.s3.amazonaws.com/photos/623727521/large.jpg,https://inaturalist-open-data.s3.amazonaws.com/photos/623727521/original.jpg,data/raw/starling/623727521.jpg,1324258,132a270346cf24a351943453f522d5fd,1536,2048,2026-09-11T17:24:33+1200,train
starling,bird,Common starling,Sturnus vulgaris,2927687,3353679,cc-by,"(c) Jon Sullivan, some rights reserved (CC BY)",2016-04-08,14850,Sturnus vulgaris,https://inaturalist-open-data.s3.amazonaws.com/photos/3353679/large.jpg,https://inaturalist-open-data.s3.amazonaws.com/photos/3353679/original.jpg,data/raw/starling/3353679.jpg,61448,87c0662e1acb75183ebd46f4943368b2,1578,1052,2026-09-11T17:24:33+1200,train
starling,bird,Common starling,Sturnus vulgaris,1998495,2431389,cc-by,"(c) Jon Sullivan, some rights reserved (CC BY)",2015-09-25,14850,Sturnus vulgaris,https://inaturalist-open-data.s3.amazonaws.com/photos/2431389/large.jpg,https://inaturalist-open-data.s3.amazonaws.com/photos/2431389/original.jpg,data/raw/starling/2431389.jpg,207048,fa310de00939a6230cf0caf85990b3d9,2048,1365,2026-09-11T17:24:33+1200,train
starling,bird,Common starling,Sturnus vulgaris,4631575,5603707,cc-by,"(c) Jacqui Geux, some rights reserved (CC BY)",2016-11-24,14850,Sturnus vulgaris,https://inaturalist-open-data.s3.amazonaws.com/photos/5603707/large.jpeg,https://inaturalist-open-data.s3.amazonaws.com/photos/5603707/original.jpeg,data/raw/starling/5603707.jpg,341216,7332f7a3551b61a1251bc8462ceb6013,1600,1200,2026-09-11T17:24:33+1200,train
starling,bird,Common starling,Sturnus vulgaris,10875731,15269510,cc-by,"(c) jsimons, some rights reserved (CC BY)",2018-04-13,14850,Sturnus vulgaris,https://inaturalist-open-data.s3.amazonaws.com/photos/15269510/large.jpg,https://inaturalist-open-data.s3.amazonaws.com/photos/15269510/original.jpg,data/raw/starling/15269510.jpg,283170,04cb599498104a08c22e4c0619e216ce,2048,1429,2026-09-11T17:24:33+1200,train
starling,bird,Common starling,Sturnus vulgaris,36789045,58210929,cc-by,"(c) Jon Sullivan, some rights reserved (CC BY)",2019-11-21,14850,Sturnus vulgaris,https://inaturalist-open-data.s3.amazonaws.com/photos/58210929/large.jpg,https://inaturalist-open-data.s3.amazonaws.com/photos/58210929/original.jpg,data/raw/starling/58210929.jpg,530816,ba29a755dae618df3afffdf9b721f2d4,1536,2048,2026-09-11T17:24:33+1200,train
starling,bird,Common starling,Sturnus vulgaris,1500783,1858828,cc-by,"(c) Jeremy Rolfe, some rights reserved (CC BY)",2015-03-22,577950,Sturnus vulgaris vulgaris,https://inaturalist-open-data.s3.amazonaws.com/photos/1858828/large.jpg,https://inaturalist-open-data.s3.amazonaws.com/photos/1858828/original.jpg,data/raw/starling/1858828.jpg,113311,03f9c86d70e07437473c19d2dd5e632e,1600,1067,2026-09-11T17:24:33+1200,train
starling,bird,Common starling,Sturnus vulgaris,15857101,23705974,cc0,no rights reserved,2018-08-24,577950,Sturnus vulgaris vulgaris,https://inaturalist-open-data.s3.amazonaws.com/photos/23705974/large.jpg,https://inaturalist-open-data.s3.amazonaws.com/photos/23705974/original.jpg,data/raw/starling/23705974.jpg,363261,c1f3794612aa3a25636b7ffc7b4142d8,2048,1536,2026-09-11T17:24:33+1200,train
starling,bird,Common starling,Sturnus vulgaris,236875124,421486183,cc-by,"(c) Julia Palmer, some rights reserved (CC BY)",2024-08-20,577950,Sturnus vulgaris vulgaris,https://inaturalist-open-data.s3.amazonaws.com/photos/421486183/large.jpeg,https://inaturalist-open-data.s3.amazonaws.com/photos/421486183/original.jpeg,data/raw/starling/421486183.jpg,675636,896170c883c7e5ea8a58d60a862c81e0,2048,1365,2026-09-11T17:24:33+1200,train
starling,bird,Common starling,Sturnus vulgaris,303044323,546184063,cc-by,"(c) ian_mcallan, some rights reserved (CC BY)",2025-06-03,14850,Sturnus vulgaris,https://inaturalist-open-data.s3.amazonaws.com/photos/546184063/large.jpg,https://inaturalist-open-data.s3.amazonaws.com/photos/546184063/original.jpg,data/raw/starling/546184063.jpg,164981,7a7a1a392958e413888e54624b7610fc,2048,1536,2026-09-11T17:24:33+1200,train
starling,bird,Common starling,Sturnus vulgaris,304136184,548243054,cc-by,"(c) William Harland, some rights reserved (CC BY)",2025-08-05,14850,Sturnus vulgaris,https://inaturalist-open-data.s3.amazonaws.com/photos/548243054/large.jpg,https://inaturalist-open-data.s3.amazonaws.com/photos/548243054/original.jpg,data/raw/starling/548243054.jpg,54599,cfe2cd93e98e3182050075df45ec5f10,2048,1279,2026-09-11T17:24:33+1200,train
starling,bird,Common starling,Sturnus vulgaris,357807089,652651224,cc-by,"(c) William Harland, some rights reserved (CC BY)",2026-04-26,14850,Sturnus vulgaris,https://inaturalist-open-data.s3.amazonaws.com/photos/652651224/large.jpg,https://inaturalist-open-data.s3.amazonaws.com/photos/652651224/original.jpg,data/raw/starling/652651224.jpg,33459,616bf9bde910b87b5c722158425294a3,2048,1110,2026-09-11T17:24:33+1200,train
starling,bird,Common starling,Sturnus vulgaris,359463199,655806599,cc-by,"(c) Jon Sullivan, some rights reserved (CC BY)",2026-04-25,14850,Sturnus vulgaris,https://inaturalist-open-data.s3.amazonaws.com/photos/655806599/large.jpg,https://inaturalist-open-data.s3.amazonaws.com/photos/655806599/original.jpg,data/raw/starling/655806599.jpg,137998,30202437542339b4526949a4e3afa4ac,1071,714,2026-09-11T17:24:33+1200,train
starling,bird,Common starling,Sturnus vulgaris,356335315,649815539,cc0,no rights reserved,2026-04-25,14850,Sturnus vulgaris,https://inaturalist-open-data.s3.amazonaws.com/photos/649815539/large.jpg,https://inaturalist-open-data.s3.amazonaws.com/photos/649815539/original.jpg,data/raw/starling/649815539.jpg,219478,3582ee7fef43e6378e9404d9acb1acb6,2048,1365,2026-09-11T17:24:33+1200,train
starling,bird,Common starling,Sturnus vulgaris,357304602,651337079,cc-by,"(c) Jon Sullivan, some rights reserved (CC BY)",2026-04-24,14850,Sturnus vulgaris,https://inaturalist-open-data.s3.amazonaws.com/photos/651337079/large.jpg,https://inaturalist-open-data.s3.amazonaws.com/photos/651337079/original.jpg,data/raw/starling/651337079.jpg,244784,7de6ce52c88678cbd6a82d02a23618f1,1476,1107,2026-09-11T17:24:33+1200,train
starling,bird,Common starling,Sturnus vulgaris,307453281,554568241,cc-by,"(c) Richard Littauer, some rights reserved (CC BY)",2025-03-29,14850,Sturnus vulgaris,https://inaturalist-open-data.s3.amazonaws.com/photos/554568241/large.jpg,https://inaturalist-open-data.s3.amazonaws.com/photos/554568241/original.jpg,data/raw/starling/554568241.jpg,343568,ec6046aa98a92798dc6e5c46c6d7fa5c,2000,1333,2026-09-11T17:24:33+1200,train
starling,bird,Common starling,Sturnus vulgaris,58397337,93232557,cc-by,"(c) eyrezer, some rights reserved (CC BY)",2020-09-02,577950,Sturnus vulgaris vulgaris,https://inaturalist-open-data.s3.amazonaws.com/photos/93232557/large.jpeg,https://inaturalist-open-data.s3.amazonaws.com/photos/93232557/original.jpeg,data/raw/starling/93232557.jpg,133754,d268aeffa2852f9bdad663167b331607,480,480,2026-09-11T17:24:33+1200,train
starling,bird,Common starling,Sturnus vulgaris,58491388,93389048,cc-by,"(c) Nathan Odgers, some rights reserved (CC BY)",2020-09-04,577950,Sturnus vulgaris vulgaris,https://inaturalist-open-data.s3.amazonaws.com/photos/93389048/large.jpg,https://inaturalist-open-data.s3.amazonaws.com/photos/93389048/original.jpg,data/raw/starling/93389048.jpg,130366,2660e3df0ca40e53b5133945d4979bdd,2048,1536,2026-09-11T17:24:33+1200,train
starling,bird,Common starling,Sturnus vulgaris,66326166,106899723,cc-by,"(c) Joe Dillon, some rights reserved (CC BY)",2017-06-27,577950,Sturnus vulgaris vulgaris,https://inaturalist-open-data.s3.amazonaws.com/photos/106899723/large.jpeg,https://inaturalist-open-data.s3.amazonaws.com/photos/106899723/original.jpeg,data/raw/starling/106899723.jpg,407179,d3edfe4c8d7265868fb01bc9d6545e82,2048,1536,2026-09-11T17:24:33+1200,train
starling,bird,Common starling,Sturnus vulgaris,341845973,622403898,cc-by,"(c) kiwialli, some rights reserved (CC BY)",2026-02-15,577950,Sturnus vulgaris vulgaris,https://inaturalist-open-data.s3.amazonaws.com/photos/622403898/large.jpg,https://inaturalist-open-data.s3.amazonaws.com/photos/622403898/original.jpg,data/raw/starling/622403898.jpg,646624,2c19f0fadcf8bd1c0992a717767ada7b,2048,1536,2026-09-11T17:24:33+1200,train
starling,bird,Common starling,Sturnus vulgaris,159370110,275348092,cc0,no rights reserved,2023-05-01,14850,Sturnus vulgaris,https://inaturalist-open-data.s3.amazonaws.com/photos/275348092/large.jpeg,https://inaturalist-open-data.s3.amazonaws.com/photos/275348092/original.jpeg,data/raw/starling/275348092.jpg,510647,d7b00ddecf5e550317969a8545162a1b,2048,1536,2026-09-11T17:24:33+1200,train
starling,bird,Common starling,Sturnus vulgaris,113346417,191476202,cc-by,"(c) Joe Dillon, some rights reserved (CC BY)",2022-04-29,577950,Sturnus vulgaris vulgaris,https://inaturalist-open-data.s3.amazonaws.com/photos/191476202/large.jpeg,https://inaturalist-open-data.s3.amazonaws.com/photos/191476202/original.jpeg,data/raw/starling/191476202.jpg,411810,afbdbe5b97788df6d7ddc8937fb94450,2048,1365,2026-09-11T17:24:33+1200,train
starling,bird,Common starling,Sturnus vulgaris,252676559,452356848,cc-by,"(c) russelljsmith, some rights reserved (CC BY)",2024-11-23,577950,Sturnus vulgaris vulgaris,https://inaturalist-open-data.s3.amazonaws.com/photos/452356848/large.jpeg,https://inaturalist-open-data.s3.amazonaws.com/photos/452356848/original.jpeg,data/raw/starling/452356848.jpg,524695,c22ddfc84f9acbb8cd23c515c381782c,1536,2048,2026-09-11T17:24:33+1200,train
starling,bird,Common starling,Sturnus vulgaris,262904609,472203707,cc-by,"(c) ian_mcallan, some rights reserved (CC BY)",2025-02-14,14850,Sturnus vulgaris,https://inaturalist-open-data.s3.amazonaws.com/photos/472203707/large.jpeg,https://inaturalist-open-data.s3.amazonaws.com/photos/472203707/original.jpeg,data/raw/starling/472203707.jpg,220019,f872601730af92b285079bfc53dbae70,2048,1536,2026-09-11T17:24:33+1200,train
starling,bird,Common starling,Sturnus vulgaris,210694172,372637220,cc-by,"(c) Jenny Saito, some rights reserved (CC BY)",2024-04-28,14850,Sturnus vulgaris,https://inaturalist-open-data.s3.amazonaws.com/photos/372637220/large.jpeg,https://inaturalist-open-data.s3.amazonaws.com/photos/372637220/original.jpeg,data/raw/starling/372637220.jpg,375768,3665335968ce23bd0771d299285172e8,1992,1130,2026-09-11T17:24:33+1200,train
starling,bird,Common starling,Sturnus vulgaris,2511738,2822946,cc-by,"(c) Jacqui Geux, some rights reserved (CC BY)",2015-12-28,14850,Sturnus vulgaris,https://inaturalist-open-data.s3.amazonaws.com/photos/2822946/large.JPG,https://inaturalist-open-data.s3.amazonaws.com/photos/2822946/original.JPG,data/raw/starling/2822946.jpg,307307,605dccff4ebc8923cd7d8640a67de190,2048,1539,2026-09-11T17:24:33+1200,train
starling,bird,Common starling,Sturnus vulgaris,75145058,122900336,cc-by,"(c) Mike Bowie, some rights reserved (CC BY)",2021-04-17,14850,Sturnus vulgaris,https://inaturalist-open-data.s3.amazonaws.com/photos/122900336/large.jpeg,https://inaturalist-open-data.s3.amazonaws.com/photos/122900336/original.jpeg,data/raw/starling/122900336.jpg,159483,ac227b414c480ca1971aac2d47912438,2048,1356,2026-09-11T17:24:33+1200,train
starling,bird,Common starling,Sturnus vulgaris,277319531,497959841,cc-by,"(c) Jon Sullivan, some rights reserved (CC BY)",2025-04-25,14850,Sturnus vulgaris,https://inaturalist-open-data.s3.amazonaws.com/photos/497959841/large.jpg,https://inaturalist-open-data.s3.amazonaws.com/photos/497959841/original.jpg,data/raw/starling/497959841.jpg,229430,ed81dc4d2b816f04c0925515934e3fe4,2048,1367,2026-09-11T17:24:33+1200,train
common_myna,bird,Common myna,Acridotheres tristis,93006591,154079039,cc0,no rights reserved,2021-08-28,629477,Acridotheres tristis tristis,https://inaturalist-open-data.s3.amazonaws.com/photos/154079039/large.jpeg,https://inaturalist-open-data.s3.amazonaws.com/photos/154079039/original.jpeg,data/raw/common_myna/154079039.jpg,381948,c423b34c4035c30912cf719fe454bd67,2048,1536,2026-09-11T17:25:30+1200,train
common_myna,bird,Common myna,Acridotheres tristis,42218828,67022674,cc-by,"(c) Jacqui Geux, some rights reserved (CC BY)",2020-04-15,629477,Acridotheres tristis tristis,https://inaturalist-open-data.s3.amazonaws.com/photos/67022674/large.jpeg,https://inaturalist-open-data.s3.amazonaws.com/photos/67022674/original.jpeg,data/raw/common_myna/67022674.jpg,149915,5f580b9f9ed27bd653e93018e7a3adec,1600,1200,2026-09-11T17:25:30+1200,train
common_myna,bird,Common myna,Acridotheres tristis,193921520,340735846,cc0,no rights reserved,2023-03-12,629477,Acridotheres tristis tristis,https://inaturalist-open-data.s3.amazonaws.com/photos/340735846/large.jpeg,https://inaturalist-open-data.s3.amazonaws.com/photos/340735846/original.jpeg,data/raw/common_myna/340735846.jpg,411860,f76d3b9b218cd830db15c1828548d0ba,1536,2048,2026-09-11T17:25:30+1200,train
common_myna,bird,Common myna,Acridotheres tristis,348329432,635251801,cc0,no rights reserved,2026-03-01,204454,Acridotheres tristis,https://inaturalist-open-data.s3.amazonaws.com/photos/635251801/large.jpg,https://inaturalist-open-data.s3.amazonaws.com/photos/635251801/original.jpg,data/raw/common_myna/635251801.jpg,183863,6f5a5bbf5180ceca059a4e3861bbf315,2048,1365,2026-09-11T17:25:30+1200,train
common_myna,bird,Common myna,Acridotheres tristis,336717448,611951151,cc0,no rights reserved,2026-01-30,204454,Acridotheres tristis,https://inaturalist-open-data.s3.amazonaws.com/photos/611951151/large.jpg,https://inaturalist-open-data.s3.amazonaws.com/photos/611951151/original.jpg,data/raw/common_myna/611951151.jpg,620948,f266e4d6407dc63ce68f49c54c2d4b0c,1152,2048,2026-09-11T17:25:30+1200,train
common_myna,bird,Common myna,Acridotheres tristis,309473753,558456963,cc0,no rights reserved,2021-04-04,204454,Acridotheres tristis,https://inaturalist-open-data.s3.amazonaws.com/photos/558456963/large.jpg,https://inaturalist-open-data.s3.amazonaws.com/photos/558456963/original.jpg,data/raw/common_myna/558456963.jpg,783346,df42ac57c26acc6b7e24da8f9ed8cea4,1034,1034,2026-09-11T17:25:30+1200,train
common_myna,bird,Common myna,Acridotheres tristis,142258431,243861344,cc-by,"(c) Richard Littauer, some rights reserved (CC BY)",2022-11-18,629477,Acridotheres tristis tristis,https://inaturalist-open-data.s3.amazonaws.com/photos/243861344/large.jpg,https://inaturalist-open-data.s3.amazonaws.com/photos/243861344/original.jpg,data/raw/common_myna/243861344.jpg,320758,4add039e013bbe9e85b66793e0da0979,1536,2048,2026-09-11T17:25:30+1200,train
common_myna,bird,Common myna,Acridotheres tristis,104779924,175648171,cc-by,"(c) Santiago Martín-Bravo, some rights reserved (CC BY)",2020-02-02,629477,Acridotheres tristis tristis,https://inaturalist-open-data.s3.amazonaws.com/photos/175648171/large.jpeg,https://inaturalist-open-data.s3.amazonaws.com/photos/175648171/original.jpeg,data/raw/common_myna/175648171.jpg,300400,81cc3f7bed41b21ac06fe05f5453d7cf,2048,1536,2026-09-11T17:25:30+1200,train
common_myna,bird,Common myna,Acridotheres tristis,263446812,473278168,cc-by,"(c) ian_mcallan, some rights reserved (CC BY)",2025-02-23,204454,Acridotheres tristis,https://inaturalist-open-data.s3.amazonaws.com/photos/473278168/large.jpeg,https://inaturalist-open-data.s3.amazonaws.com/photos/473278168/original.jpeg,data/raw/common_myna/473278168.jpg,418462,4426da2b0b073e3aa771576a147e67a9,2048,1536,2026-09-11T17:25:30+1200,train
common_myna,bird,Common myna,Acridotheres tristis,90753684,150018674,cc-by,"(c) Shaun, some rights reserved (CC BY)",2021-08-08,629477,Acridotheres tristis tristis,https://inaturalist-open-data.s3.amazonaws.com/photos/150018674/large.jpeg,https://inaturalist-open-data.s3.amazonaws.com/photos/150018674/original.jpeg,data/raw/common_myna/150018674.jpg,603156,dca644c192c92f0990b101e26766d348,1152,2048,2026-09-11T17:25:30+1200,train
common_myna,bird,Common myna,Acridotheres tristis,18679928,28596884,cc-by,"(c) Jacqui Geux, some rights reserved (CC BY)",2018-11-27,629477,Acridotheres tristis tristis,https://inaturalist-open-data.s3.amazonaws.com/photos/28596884/large.jpeg,https://inaturalist-open-data.s3.amazonaws.com/photos/28596884/original.jpeg,data/raw/common_myna/28596884.jpg,207962,681dd2fb5b0a611616e31b3cb234b728,1600,1200,2026-09-11T17:25:30+1200,train
common_myna,bird,Common myna,Acridotheres tristis,319482166,577518884,cc-by,"(c) Craig Hensley, some rights reserved (CC BY)",2025-09-26,204454,Acridotheres tristis,https://inaturalist-open-data.s3.amazonaws.com/photos/577518884/large.jpg,https://inaturalist-open-data.s3.amazonaws.com/photos/577518884/original.jpg,data/raw/common_myna/577518884.jpg,587680,66dfcad503c86dd88b5d37131e41ba20,2048,1536,2026-09-11T17:25:30+1200,train
common_myna,bird,Common myna,Acridotheres tristis,34182636,53765150,cc-by,"(c) Jacqui Geux, some rights reserved (CC BY)",2019-10-10,629477,Acridotheres tristis tristis,https://inaturalist-open-data.s3.amazonaws.com/photos/53765150/large.jpeg,https://inaturalist-open-data.s3.amazonaws.com/photos/53765150/original.jpeg,data/raw/common_myna/53765150.jpg,115850,d626541ba98bab02cf8163cfc9e037db,1600,1200,2026-09-11T17:25:30+1200,train
common_myna,bird,Common myna,Acridotheres tristis,19323900,29710127,cc-by,"(c) Jacqui Geux, some rights reserved (CC BY)",2018-12-31,629477,Acridotheres tristis tristis,https://inaturalist-open-data.s3.amazonaws.com/photos/29710127/large.jpeg,https://inaturalist-open-data.s3.amazonaws.com/photos/29710127/original.jpeg,data/raw/common_myna/29710127.jpg,160764,de73ae51a0e6608d7ae116f8d2d7fdef,1600,1200,2026-09-11T17:25:30+1200,train
common_myna,bird,Common myna,Acridotheres tristis,4842445,5879458,cc-by,"(c) John Flower, some rights reserved (CC BY)",2016-12-26,629477,Acridotheres tristis tristis,https://inaturalist-open-data.s3.amazonaws.com/photos/5879458/large.jpg,https://inaturalist-open-data.s3.amazonaws.com/photos/5879458/original.jpg,data/raw/common_myna/5879458.jpg,659411,080acd95c77c78157891b42d1f1fbd57,2048,1536,2026-09-11T17:25:30+1200,train
common_myna,bird,Common myna,Acridotheres tristis,10875663,15269348,cc-by,"(c) jsimons, some rights reserved (CC BY)",2018-04-13,629477,Acridotheres tristis tristis,https://inaturalist-open-data.s3.amazonaws.com/photos/15269348/large.jpg,https://inaturalist-open-data.s3.amazonaws.com/photos/15269348/original.jpg,data/raw/common_myna/15269348.jpg,356418,63cc305d5f62a808294cbc293266670d,2048,1569,2026-09-11T17:25:30+1200,train
common_myna,bird,Common myna,Acridotheres tristis,246493473,440058990,cc-by,"(c) David Paterson, some rights reserved (CC BY)",2024-09-25,629477,Acridotheres tristis tristis,https://inaturalist-open-data.s3.amazonaws.com/photos/440058990/large.jpeg,https://inaturalist-open-data.s3.amazonaws.com/photos/440058990/original.jpeg,data/raw/common_myna/440058990.jpg,620275,9e5e58ba17a6e91e8432773bf40afb26,1359,925,2026-09-11T17:25:30+1200,train
common_myna,bird,Common myna,Acridotheres tristis,318149046,574970804,cc-by,"(c) Terra Occ, some rights reserved (CC BY)",2025-10-02,629477,Acridotheres tristis tristis,https://inaturalist-open-data.s3.amazonaws.com/photos/574970804/large.jpg,https://inaturalist-open-data.s3.amazonaws.com/photos/574970804/original.jpg,data/raw/common_myna/574970804.jpg,686605,8a0ccb36cd1d6a610c734d85beaf739a,1536,2048,2026-09-11T17:25:30+1200,train
common_myna,bird,Common myna,Acridotheres tristis,325637132,589621771,cc-by,"(c) Bevan Weir, some rights reserved (CC BY)",2025-11-07,204454,Acridotheres tristis,https://inaturalist-open-data.s3.amazonaws.com/photos/589621771/large.jpg,https://inaturalist-open-data.s3.amazonaws.com/photos/589621771/original.jpg,data/raw/common_myna/589621771.jpg,338230,458db5c773149439e482bcbe315afc95,2048,1366,2026-09-11T17:25:30+1200,train
common_myna,bird,Common myna,Acridotheres tristis,327340242,593019190,cc-by,"(c) Mirko Bliinn, some rights reserved (CC BY)",2025-11-20,204454,Acridotheres tristis,https://inaturalist-open-data.s3.amazonaws.com/photos/593019190/large.jpg,https://inaturalist-open-data.s3.amazonaws.com/photos/593019190/original.jpg,data/raw/common_myna/593019190.jpg,235958,ccf5b4931f31e5002beac2924f10ac42,1536,2048,2026-09-11T17:25:30+1200,train
common_myna,bird,Common myna,Acridotheres tristis,329419672,597130725,cc0,no rights reserved,2025-12-04,204454,Acridotheres tristis,https://inaturalist-open-data.s3.amazonaws.com/photos/597130725/large.jpg,https://inaturalist-open-data.s3.amazonaws.com/photos/597130725/original.jpg,data/raw/common_myna/597130725.jpg,446434,7e5b43e60f745a345b4e955657dfa30e,2048,1152,2026-09-11T17:25:30+1200,train
common_myna,bird,Common myna,Acridotheres tristis,381624212,698304612,cc-by,"(c) Carl Ramirez, some rights reserved (CC BY)",2026-07-15,204454,Acridotheres tristis,https://inaturalist-open-data.s3.amazonaws.com/photos/698304612/large.jpg,https://inaturalist-open-data.s3.amazonaws.com/photos/698304612/original.jpg,data/raw/common_myna/698304612.jpg,398389,3592565100c5b4e8cefa6efdfa713644,2048,1536,2026-09-11T17:25:30+1200,train
common_myna,bird,Common myna,Acridotheres tristis,20992511,32421530,cc0,no rights reserved,2019-03-06,204454,Acridotheres tristis,https://inaturalist-open-data.s3.amazonaws.com/photos/32421530/large.jpeg,https://inaturalist-open-data.s3.amazonaws.com/photos/32421530/original.jpeg,data/raw/common_myna/32421530.jpg,91752,24dc4b73a11f01cde15cb6d6824973cc,2048,963,2026-09-11T17:25:30+1200,train
common_myna,bird,Common myna,Acridotheres tristis,20951747,32345116,cc-by,"(c) Jacqui Geux, some rights reserved (CC BY)",2019-03-04,629477,Acridotheres tristis tristis,https://inaturalist-open-data.s3.amazonaws.com/photos/32345116/large.jpeg,https://inaturalist-open-data.s3.amazonaws.com/photos/32345116/original.jpeg,data/raw/common_myna/32345116.jpg,195042,72f8fd4badd7f74589451bd43b5330a2,1600,1200,2026-09-11T17:25:30+1200,train
common_myna,bird,Common myna,Acridotheres tristis,16898649,25527990,cc-by,"(c) Jacqui Geux, some rights reserved (CC BY)",2018-09-25,629477,Acridotheres tristis tristis,https://inaturalist-open-data.s3.amazonaws.com/photos/25527990/large.jpeg,https://inaturalist-open-data.s3.amazonaws.com/photos/25527990/original.jpeg,data/raw/common_myna/25527990.jpg,170175,2edb1c30ad9e2d80eb0c6dfcf72d0717,1599,1200,2026-09-11T17:25:30+1200,train
common_myna,bird,Common myna,Acridotheres tristis,311653359,562619702,cc0,no rights reserved,2025-09-04,204454,Acridotheres tristis,https://inaturalist-open-data.s3.amazonaws.com/photos/562619702/large.jpg,https://inaturalist-open-data.s3.amazonaws.com/photos/562619702/original.jpg,data/raw/common_myna/562619702.jpg,695442,f7b82cd01dec0ce391c21983dbe61b6d,1439,1439,2026-09-11T17:25:30+1200,train
common_myna,bird,Common myna,Acridotheres tristis,320318513,579128891,cc0,no rights reserved,2025-10-12,204454,Acridotheres tristis,https://inaturalist-open-data.s3.amazonaws.com/photos/579128891/large.jpg,https://inaturalist-open-data.s3.amazonaws.com/photos/579128891/original.jpg,data/raw/common_myna/579128891.jpg,211705,d794d7109f02ac549a668f72785932d2,2048,1536,2026-09-11T17:25:30+1200,train
common_myna,bird,Common myna,Acridotheres tristis,366907742,669998707,cc0,no rights reserved,2021-06-13,204454,Acridotheres tristis,https://inaturalist-open-data.s3.amazonaws.com/photos/669998707/large.jpg,https://inaturalist-open-data.s3.amazonaws.com/photos/669998707/original.jpg,data/raw/common_myna/669998707.jpg,493045,7d3b61c350fbaa48397c9f6ed11e155a,921,2048,2026-09-11T17:25:30+1200,train
common_myna,bird,Common myna,Acridotheres tristis,327340260,593019208,cc-by,"(c) Mirko Bliinn, some rights reserved (CC BY)",2025-11-20,204454,Acridotheres tristis,https://inaturalist-open-data.s3.amazonaws.com/photos/593019208/large.jpg,https://inaturalist-open-data.s3.amazonaws.com/photos/593019208/original.jpg,data/raw/common_myna/593019208.jpg,224641,ce51dec87aacfcd5ca4f97c548dc81d0,1536,2048,2026-09-11T17:25:30+1200,train
common_myna,bird,Common myna,Acridotheres tristis,142840814,244959542,cc-by,"(c) Heidi Meudt, some rights reserved (CC BY)",2022-11-26,629477,Acridotheres tristis tristis,https://inaturalist-open-data.s3.amazonaws.com/photos/244959542/large.jpeg,https://inaturalist-open-data.s3.amazonaws.com/photos/244959542/original.jpeg,data/raw/common_myna/244959542.jpg,634058,868903eb08906781a3ce468118c47c23,1536,2048,2026-09-11T17:25:30+1200,train
common_myna,bird,Common myna,Acridotheres tristis,142119251,243607749,cc-by,"(c) Richard Littauer, some rights reserved (CC BY)",2022-11-16,629477,Acridotheres tristis tristis,https://inaturalist-open-data.s3.amazonaws.com/photos/243607749/large.jpg,https://inaturalist-open-data.s3.amazonaws.com/photos/243607749/original.jpg,data/raw/common_myna/243607749.jpg,394905,a91cca2069721a0658a0f9b8b6e5fa30,1536,2048,2026-09-11T17:25:30+1200,train
common_myna,bird,Common myna,Acridotheres tristis,55653175,88634261,cc-by,"(c) Jacqui Geux, some rights reserved (CC BY)",2020-08-07,629477,Acridotheres tristis tristis,https://inaturalist-open-data.s3.amazonaws.com/photos/88634261/large.jpeg,https://inaturalist-open-data.s3.amazonaws.com/photos/88634261/original.jpeg,data/raw/common_myna/88634261.jpg,149441,401ba68c40f5830ad9e5e459fe0cb1e4,1599,1200,2026-09-11T17:25:30+1200,train
common_myna,bird,Common myna,Acridotheres tristis,240833026,429120854,cc0,no rights reserved,2024-09-09,204454,Acridotheres tristis,https://inaturalist-open-data.s3.amazonaws.com/photos/429120854/large.jpeg,https://inaturalist-open-data.s3.amazonaws.com/photos/429120854/original.jpeg,data/raw/common_myna/429120854.jpg,533454,670bcdc7c42ce29d5b54a42500cd08a6,1536,2048,2026-09-11T17:25:30+1200,train
common_myna,bird,Common myna,Acridotheres tristis,236859525,421455121,cc-by,"(c) Frank Ashwood, some rights reserved (CC BY)",2024-08-20,204454,Acridotheres tristis,https://inaturalist-open-data.s3.amazonaws.com/photos/421455121/large.jpeg,https://inaturalist-open-data.s3.amazonaws.com/photos/421455121/original.jpeg,data/raw/common_myna/421455121.jpg,349358,9741f94edfe449a291daa0dce945fea3,1536,2048,2026-09-11T17:25:30+1200,train
common_myna,bird,Common myna,Acridotheres tristis,357399160,651864854,cc0,no rights reserved,2026-05-02,204454,Acridotheres tristis,https://inaturalist-open-data.s3.amazonaws.com/photos/651864854/large.jpg,https://inaturalist-open-data.s3.amazonaws.com/photos/651864854/original.jpg,data/raw/common_myna/651864854.jpg,343331,8ce6ad773db79042e8078634cebc167a,1536,2048,2026-09-11T17:25:30+1200,train
common_myna,bird,Common myna,Acridotheres tristis,19901880,30694432,cc-by,"(c) Jacqui Geux, some rights reserved (CC BY)",2019-01-26,629477,Acridotheres tristis tristis,https://inaturalist-open-data.s3.amazonaws.com/photos/30694432/large.jpeg,https://inaturalist-open-data.s3.amazonaws.com/photos/30694432/original.jpeg,data/raw/common_myna/30694432.jpg,117984,d65ea32059fd4fdc69d456e0846664c0,1600,1200,2026-09-11T17:25:30+1200,train
common_myna,bird,Common myna,Acridotheres tristis,67827789,109687396,cc0,no rights reserved,2021-01-10,629477,Acridotheres tristis tristis,https://inaturalist-open-data.s3.amazonaws.com/photos/109687396/large.jpeg,https://inaturalist-open-data.s3.amazonaws.com/photos/109687396/original.jpeg,data/raw/common_myna/109687396.jpg,590820,52f6d2d5df64f7f0ef09fb13388f40a4,1536,2048,2026-09-11T17:25:30+1200,train
common_myna,bird,Common myna,Acridotheres tristis,61377058,98210738,cc0,no rights reserved,2020-06-13,629477,Acridotheres tristis tristis,https://inaturalist-open-data.s3.amazonaws.com/photos/98210738/large.jpeg,https://inaturalist-open-data.s3.amazonaws.com/photos/98210738/original.jpeg,data/raw/common_myna/98210738.jpg,467699,2f3c8217d96f5642d7715bcbc9055c0a,2048,1536,2026-09-11T17:25:30+1200,train
common_myna,bird,Common myna,Acridotheres tristis,143000932,245231122,cc-by,"(c) Richard Littauer, some rights reserved (CC BY)",2022-11-23,204454,Acridotheres tristis,https://inaturalist-open-data.s3.amazonaws.com/photos/245231122/large.jpg,https://inaturalist-open-data.s3.amazonaws.com/photos/245231122/original.jpg,data/raw/common_myna/245231122.jpg,769006,88ce96c0ced1be8344e042efc53c527a,2048,1365,2026-09-11T17:25:30+1200,train
common_myna,bird,Common myna,Acridotheres tristis,2556995,2846706,cc-by,"(c) Floyd A. Reed, some rights reserved (CC BY)",2005-06-21,629477,Acridotheres tristis tristis,https://inaturalist-open-data.s3.amazonaws.com/photos/2846706/large.jpg,https://inaturalist-open-data.s3.amazonaws.com/photos/2846706/original.jpg,data/raw/common_myna/2846706.jpg,181278,afc8c6401ae72a8effde4eda7975b4b8,2048,1536,2026-09-11T17:25:30+1200,train
common_myna,bird,Common myna,Acridotheres tristis,106770159,179435389,cc-by,"(c) Krystal, some rights reserved (CC BY)",2022-02-15,629477,Acridotheres tristis tristis,https://inaturalist-open-data.s3.amazonaws.com/photos/179435389/large.jpeg,https://inaturalist-open-data.s3.amazonaws.com/photos/179435389/original.jpeg,data/raw/common_myna/179435389.jpg,431816,6e44067da76094a17b4b0d3049e78c14,1478,1531,2026-09-11T17:25:30+1200,train
common_myna,bird,Common myna,Acridotheres tristis,144649863,248311444,cc-by,"(c) Anna L, some rights reserved (CC BY)",2022-12-19,629477,Acridotheres tristis tristis,https://inaturalist-open-data.s3.amazonaws.com/photos/248311444/large.jpeg,https://inaturalist-open-data.s3.amazonaws.com/photos/248311444/original.jpeg,data/raw/common_myna/248311444.jpg,853900,54170ddf9a3bafde34d7ec3cbb8c2238,1542,2048,2026-09-11T17:25:30+1200,train
common_myna,bird,Common myna,Acridotheres tristis,323111926,584625409,cc0,no rights reserved,2025-10-26,204454,Acridotheres tristis,https://inaturalist-open-data.s3.amazonaws.com/photos/584625409/large.jpg,https://inaturalist-open-data.s3.amazonaws.com/photos/584625409/original.jpg,data/raw/common_myna/584625409.jpg,356065,a5f3851c973b2cc8c5ae1c3667b4a5b8,2048,1536,2026-09-11T17:25:30+1200,train
common_myna,bird,Common myna,Acridotheres tristis,329544790,597380911,cc0,no rights reserved,2025-12-05,204454,Acridotheres tristis,https://inaturalist-open-data.s3.amazonaws.com/photos/597380911/large.jpg,https://inaturalist-open-data.s3.amazonaws.com/photos/597380911/original.jpg,data/raw/common_myna/597380911.jpg,759718,68f58c37ae5068b0cc89767156ceaf2f,2048,1542,2026-09-11T17:25:30+1200,train
common_myna,bird,Common myna,Acridotheres tristis,378982833,693192025,cc0,no rights reserved,2026-07-07,204454,Acridotheres tristis,https://inaturalist-open-data.s3.amazonaws.com/photos/693192025/large.jpg,https://inaturalist-open-data.s3.amazonaws.com/photos/693192025/original.jpg,data/raw/common_myna/693192025.jpg,578404,25f58dd0bd468648c28bdc1a8d805b7e,2048,1684,2026-09-11T17:25:30+1200,train
common_myna,bird,Common myna,Acridotheres tristis,67111899,108346537,cc-by,"(c) Joe Dillon, some rights reserved (CC BY)",2020-12-27,629477,Acridotheres tristis tristis,https://inaturalist-open-data.s3.amazonaws.com/photos/108346537/large.jpeg,https://inaturalist-open-data.s3.amazonaws.com/photos/108346537/original.jpeg,data/raw/common_myna/108346537.jpg,229736,367fc69bd401224846b013be1b09da1c,2048,1365,2026-09-11T17:25:30+1200,train
common_myna,bird,Common myna,Acridotheres tristis,5486457,6758643,cc-by,"(c) Jacqui Geux, some rights reserved (CC BY)",2017-03-26,629477,Acridotheres tristis tristis,https://inaturalist-open-data.s3.amazonaws.com/photos/6758643/large.jpeg,https://inaturalist-open-data.s3.amazonaws.com/photos/6758643/original.jpeg,data/raw/common_myna/6758643.jpg,152656,515ca0eca6412fcc23098dd0cf140dd6,1600,1200,2026-09-11T17:25:30+1200,train
common_myna,bird,Common myna,Acridotheres tristis,131416543,223640739,cc-by,"(c) Svend Hansen, some rights reserved (CC BY)",2022-08-19,629477,Acridotheres tristis tristis,https://inaturalist-open-data.s3.amazonaws.com/photos/223640739/large.jpeg,https://inaturalist-open-data.s3.amazonaws.com/photos/223640739/original.jpeg,data/raw/common_myna/223640739.jpg,275839,7c5ce8f62ef35250a498894b3f5ec9b5,1152,2048,2026-09-11T17:25:30+1200,train
common_myna,bird,Common myna,Acridotheres tristis,391317763,717017978,cc0,no rights reserved,2026-08-15,204454,Acridotheres tristis,https://inaturalist-open-data.s3.amazonaws.com/photos/717017978/large.jpg,https://inaturalist-open-data.s3.amazonaws.com/photos/717017978/original.jpg,data/raw/common_myna/717017978.jpg,379798,4eb05eba429959d471177d0556f1189e,904,1206,2026-09-11T17:25:30+1200,train
common_myna,bird,Common myna,Acridotheres tristis,375788301,687069655,cc0,no rights reserved,2026-06-21,204454,Acridotheres tristis,https://inaturalist-open-data.s3.amazonaws.com/photos/687069655/large.jpg,https://inaturalist-open-data.s3.amazonaws.com/photos/687069655/original.jpg,data/raw/common_myna/687069655.jpg,787730,fe4785923704f6d49987c1e1f223deca,2046,2048,2026-09-11T17:25:30+1200,train
common_myna,bird,Common myna,Acridotheres tristis,262654449,471701415,cc-by,"(c) Richard Littauer, some rights reserved (CC BY)",2024-11-26,204454,Acridotheres tristis,https://inaturalist-open-data.s3.amazonaws.com/photos/471701415/large.jpg,https://inaturalist-open-data.s3.amazonaws.com/photos/471701415/original.jpg,data/raw/common_myna/471701415.jpg,593847,42a46c4547c8ffeed2dc923f217de5f8,2000,1333,2026-09-11T17:25:30+1200,train
common_myna,bird,Common myna,Acridotheres tristis,272910467,490984918,cc-by,"(c) Michael Gemmell, some rights reserved (CC BY)",2025-04-25,204454,Acridotheres tristis,https://inaturalist-open-data.s3.amazonaws.com/photos/490984918/large.jpg,https://inaturalist-open-data.s3.amazonaws.com/photos/490984918/original.jpg,data/raw/common_myna/490984918.jpg,336108,975b3f789b8831d71a665d75444aea98,1146,740,2026-09-11T17:25:30+1200,train
common_myna,bird,Common myna,Acridotheres tristis,336648620,611809730,cc0,no rights reserved,2026-01-30,204454,Acridotheres tristis,https://inaturalist-open-data.s3.amazonaws.com/photos/611809730/large.jpg,https://inaturalist-open-data.s3.amazonaws.com/photos/611809730/original.jpg,data/raw/common_myna/611809730.jpg,509431,71633752ebdd59acbb828e91256f0806,1152,2048,2026-09-11T17:25:30+1200,train
common_myna,bird,Common myna,Acridotheres tristis,324680404,587710384,cc0,no rights reserved,2025-01-20,204454,Acridotheres tristis,https://inaturalist-open-data.s3.amazonaws.com/photos/587710384/large.jpg,https://inaturalist-open-data.s3.amazonaws.com/photos/587710384/original.jpg,data/raw/common_myna/587710384.jpg,533304,2d6b66f1fe23bb199d43d1f3dd761855,1536,2048,2026-09-11T17:25:30+1200,train
common_myna,bird,Common myna,Acridotheres tristis,157369682,272103539,cc-by,"(c) jsimons, some rights reserved (CC BY)",2023-04-29,629477,Acridotheres tristis tristis,https://inaturalist-open-data.s3.amazonaws.com/photos/272103539/large.jpg,https://inaturalist-open-data.s3.amazonaws.com/photos/272103539/original.jpg,data/raw/common_myna/272103539.jpg,362567,4723f8cef55f141c7983295b5b01ce67,1860,1696,2026-09-11T17:25:30+1200,train
common_myna,bird,Common myna,Acridotheres tristis,251565746,450150341,cc-by,"(c) Sandra Keller, some rights reserved (CC BY)",2024-10-22,204454,Acridotheres tristis,https://inaturalist-open-data.s3.amazonaws.com/photos/450150341/large.jpeg,https://inaturalist-open-data.s3.amazonaws.com/photos/450150341/original.jpeg,data/raw/common_myna/450150341.jpg,269237,b21adbfd80a3962018107e1f7c904a59,2048,1674,2026-09-11T17:25:30+1200,train
common_myna,bird,Common myna,Acridotheres tristis,300789976,543592374,cc-by,"(c) naturalist132890, some rights reserved (CC BY)",2025-07-25,629477,Acridotheres tristis tristis,https://inaturalist-open-data.s3.amazonaws.com/photos/543592374/large.jpg,https://inaturalist-open-data.s3.amazonaws.com/photos/543592374/original.jpg,data/raw/common_myna/543592374.jpg,618414,082217dd1a2430755d97e82cffd449d3,2048,1365,2026-09-11T17:25:30+1200,train
common_myna,bird,Common myna,Acridotheres tristis,336637385,611785202,cc0,no rights reserved,2026-01-30,204454,Acridotheres tristis,https://inaturalist-open-data.s3.amazonaws.com/photos/611785202/large.jpg,https://inaturalist-open-data.s3.amazonaws.com/photos/611785202/original.jpg,data/raw/common_myna/611785202.jpg,1013049,b9d094793ae0c65ddfbecb04198f5926,1536,2048,2026-09-11T17:25:30+1200,train
common_myna,bird,Common myna,Acridotheres tristis,342037035,622788401,cc0,no rights reserved,2026-03-08,204454,Acridotheres tristis,https://inaturalist-open-data.s3.amazonaws.com/photos/622788401/large.jpg,https://inaturalist-open-data.s3.amazonaws.com/photos/622788401/original.jpg,data/raw/common_myna/622788401.jpg,259896,a751e3741e76781c6a8ab21e0439866d,981,981,2026-09-11T17:25:30+1200,train
common_myna,bird,Common myna,Acridotheres tristis,70777447,115121797,cc-by,"(c) Peter Hancock, some rights reserved (CC BY)",2021-03-03,629477,Acridotheres tristis tristis,https://inaturalist-open-data.s3.amazonaws.com/photos/115121797/large.jpeg,https://inaturalist-open-data.s3.amazonaws.com/photos/115121797/original.jpeg,data/raw/common_myna/115121797.jpg,470522,3d92f7981b38ae10c33f58f7318b1a03,2048,1536,2026-09-11T17:25:30+1200,train
common_myna,bird,Common myna,Acridotheres tristis,104021343,174238958,cc-by,"(c) Santiago Martín-Bravo, some rights reserved (CC BY)",2020-01-30,629477,Acridotheres tristis tristis,https://inaturalist-open-data.s3.amazonaws.com/photos/174238958/large.jpeg,https://inaturalist-open-data.s3.amazonaws.com/photos/174238958/original.jpeg,data/raw/common_myna/174238958.jpg,233137,c7879ed6370ceeec89020528fbd9ba28,2048,1536,2026-09-11T17:25:30+1200,train
common_myna,bird,Common myna,Acridotheres tristis,16991391,25690130,cc0,no rights reserved,2018-09-28,629477,Acridotheres tristis tristis,https://inaturalist-open-data.s3.amazonaws.com/photos/25690130/large.jpeg,https://inaturalist-open-data.s3.amazonaws.com/photos/25690130/original.jpeg,data/raw/common_myna/25690130.jpg,386825,71cb7d262d87bf7100fca369980383ea,1536,2048,2026-09-11T17:25:30+1200,train
common_myna,bird,Common myna,Acridotheres tristis,235445265,418727147,cc-by,"(c) Frank Ashwood, some rights reserved (CC BY)",2024-08-13,204454,Acridotheres tristis,https://inaturalist-open-data.s3.amazonaws.com/photos/418727147/large.jpeg,https://inaturalist-open-data.s3.amazonaws.com/photos/418727147/original.jpeg,data/raw/common_myna/418727147.jpg,540858,63b5d6f9a6e23222da42c6d419fff643,1536,2048,2026-09-11T17:25:30+1200,train
common_myna,bird,Common myna,Acridotheres tristis,236397014,420558137,cc-by,"(c) Frank Ashwood, some rights reserved (CC BY)",2024-08-18,204454,Acridotheres tristis,https://inaturalist-open-data.s3.amazonaws.com/photos/420558137/large.jpeg,https://inaturalist-open-data.s3.amazonaws.com/photos/420558137/original.jpeg,data/raw/common_myna/420558137.jpg,366238,4fab26fbef128e6dedcb6dc324ad14a2,1536,2048,2026-09-11T17:25:30+1200,train
common_myna,bird,Common myna,Acridotheres tristis,327791274,593892961,cc-by,"(c) Mirko Bliinn, some rights reserved (CC BY)",2025-11-23,204454,Acridotheres tristis,https://inaturalist-open-data.s3.amazonaws.com/photos/593892961/large.jpg,https://inaturalist-open-data.s3.amazonaws.com/photos/593892961/original.jpg,data/raw/common_myna/593892961.jpg,164687,c4ca0a6e640f08ce6f9aad3c03dcc2ae,1536,2048,2026-09-11T17:25:30+1200,train
common_myna,bird,Common myna,Acridotheres tristis,122228786,206924236,cc-by,"(c) Svend Hansen, some rights reserved (CC BY)",2022-06-18,629477,Acridotheres tristis tristis,https://inaturalist-open-data.s3.amazonaws.com/photos/206924236/large.jpeg,https://inaturalist-open-data.s3.amazonaws.com/photos/206924236/original.jpeg,data/raw/common_myna/206924236.jpg,565670,a9e1f1d97777f494714ea592a6bf45c2,2048,1152,2026-09-11T17:25:30+1200,train
common_myna,bird,Common myna,Acridotheres tristis,21375003,33063114,cc-by,"(c) Jacqui Geux, some rights reserved (CC BY)",2019-03-19,629477,Acridotheres tristis tristis,https://inaturalist-open-data.s3.amazonaws.com/photos/33063114/large.jpeg,https://inaturalist-open-data.s3.amazonaws.com/photos/33063114/original.jpeg,data/raw/common_myna/33063114.jpg,160991,4bddba2bfa496998470897a907e31b3b,1599,1200,2026-09-11T17:25:30+1200,train
common_myna,bird,Common myna,Acridotheres tristis,192578495,338099358,cc-by,"(c) prosperosity, some rights reserved (CC BY)",2023-11-30,629477,Acridotheres tristis tristis,https://inaturalist-open-data.s3.amazonaws.com/photos/338099358/large.jpeg,https://inaturalist-open-data.s3.amazonaws.com/photos/338099358/original.jpeg,data/raw/common_myna/338099358.jpg,798153,69d5c4d8a9a8f501a369f9c97e392b9e,2048,1536,2026-09-11T17:25:30+1200,train
common_myna,bird,Common myna,Acridotheres tristis,91227077,150865738,cc-by,"(c) Patrick Lam, some rights reserved (CC BY)",2020-02-13,629477,Acridotheres tristis tristis,https://inaturalist-open-data.s3.amazonaws.com/photos/150865738/large.jpeg,https://inaturalist-open-data.s3.amazonaws.com/photos/150865738/original.jpeg,data/raw/common_myna/150865738.jpg,285095,0bfe95da726ae60cc4101ed91cb9cfeb,2048,2048,2026-09-11T17:25:30+1200,train
common_myna,bird,Common myna,Acridotheres tristis,263440499,473264648,cc-by,"(c) ian_mcallan, some rights reserved (CC BY)",2025-02-20,204454,Acridotheres tristis,https://inaturalist-open-data.s3.amazonaws.com/photos/473264648/large.jpeg,https://inaturalist-open-data.s3.amazonaws.com/photos/473264648/original.jpeg,data/raw/common_myna/473264648.jpg,257368,a10c59fae2e07faaaca3bccd9d4a96ab,2048,1536,2026-09-11T17:25:30+1200,train
common_myna,bird,Common myna,Acridotheres tristis,258515170,463839844,cc-by,"(c) Heidi Meudt, some rights reserved (CC BY)",2025-01-15,204454,Acridotheres tristis,https://inaturalist-open-data.s3.amazonaws.com/photos/463839844/large.jpeg,https://inaturalist-open-data.s3.amazonaws.com/photos/463839844/original.jpeg,data/raw/common_myna/463839844.jpg,504348,ec6c7504548f6b7bea76d682e63ab7fa,1536,2048,2026-09-11T17:25:30+1200,train
common_myna,bird,Common myna,Acridotheres tristis,331739148,601872829,cc0,no rights reserved,2025-12-23,204454,Acridotheres tristis,https://inaturalist-open-data.s3.amazonaws.com/photos/601872829/large.jpg,https://inaturalist-open-data.s3.amazonaws.com/photos/601872829/original.jpg,data/raw/common_myna/601872829.jpg,339518,e8ae3da2e20cb339b176c7d0798b1a22,2048,1536,2026-09-11T17:25:30+1200,train
common_myna,bird,Common myna,Acridotheres tristis,338164949,614911063,cc0,no rights reserved,2026-02-11,204454,Acridotheres tristis,https://inaturalist-open-data.s3.amazonaws.com/photos/614911063/large.jpg,https://inaturalist-open-data.s3.amazonaws.com/photos/614911063/original.jpg,data/raw/common_myna/614911063.jpg,660855,7382c29f41cea98231518256a2aad02d,2047,2048,2026-09-11T17:25:30+1200,train
common_myna,bird,Common myna,Acridotheres tristis,118600262,200401767,cc-by,"(c) William Harland, some rights reserved (CC BY)",2018-12-12,629477,Acridotheres tristis tristis,https://inaturalist-open-data.s3.amazonaws.com/photos/200401767/large.jpeg,https://inaturalist-open-data.s3.amazonaws.com/photos/200401767/original.jpeg,data/raw/common_myna/200401767.jpg,90064,470cc42883e0f70aa4c410a6660d480b,2048,1636,2026-09-11T17:25:30+1200,train
common_myna,bird,Common myna,Acridotheres tristis,308372019,556342150,cc-by,"(c) Charlotte Sutton, some rights reserved (CC BY)",2025-08-23,629477,Acridotheres tristis tristis,https://inaturalist-open-data.s3.amazonaws.com/photos/556342150/large.jpg,https://inaturalist-open-data.s3.amazonaws.com/photos/556342150/original.jpg,data/raw/common_myna/556342150.jpg,1160218,c262751641dbc5a37dfec870ed4f586e,2048,1368,2026-09-11T17:25:30+1200,train
common_myna,bird,Common myna,Acridotheres tristis,63372304,101693465,cc-by,"(c) Jacqui Geux, some rights reserved (CC BY)",2020-10-23,629477,Acridotheres tristis tristis,https://inaturalist-open-data.s3.amazonaws.com/photos/101693465/large.jpeg,https://inaturalist-open-data.s3.amazonaws.com/photos/101693465/original.jpeg,data/raw/common_myna/101693465.jpg,202856,3f9d7e95b47aa2564198c86db54d135c,1600,1200,2026-09-11T17:25:30+1200,train
common_myna,bird,Common myna,Acridotheres tristis,136628763,233212951,cc-by,"(c) Oscar Dove, some rights reserved (CC BY)",2022-09-27,629477,Acridotheres tristis tristis,https://inaturalist-open-data.s3.amazonaws.com/photos/233212951/large.jpeg,https://inaturalist-open-data.s3.amazonaws.com/photos/233212951/original.jpeg,data/raw/common_myna/233212951.jpg,704913,71f9f7776fa2f64aa8fefd314c6177fd,1536,2048,2026-09-11T17:25:30+1200,train
common_myna,bird,Common myna,Acridotheres tristis,109804450,185133520,cc-by,"(c) Jacqui Geux, some rights reserved (CC BY)",2022-03-23,629477,Acridotheres tristis tristis,https://inaturalist-open-data.s3.amazonaws.com/photos/185133520/large.jpeg,https://inaturalist-open-data.s3.amazonaws.com/photos/185133520/original.jpeg,data/raw/common_myna/185133520.jpg,87702,66655091fa875705c5da1562af81fb6a,1600,1067,2026-09-11T17:25:30+1200,train
common_myna,bird,Common myna,Acridotheres tristis,347966688,634538266,cc-by,"(c) Angus Campbell, some rights reserved (CC BY)",2026-04-07,204454,Acridotheres tristis,https://inaturalist-open-data.s3.amazonaws.com/photos/634538266/large.jpg,https://inaturalist-open-data.s3.amazonaws.com/photos/634538266/original.jpg,data/raw/common_myna/634538266.jpg,773503,3f0e4aebc4626a2f0e42f098b2814181,2048,1536,2026-09-11T17:25:30+1200,train
common_myna,bird,Common myna,Acridotheres tristis,114584031,193484027,cc-by,"(c) Emily Roberts, some rights reserved (CC BY)",2022-05-02,629477,Acridotheres tristis tristis,https://inaturalist-open-data.s3.amazonaws.com/photos/193484027/large.jpeg,https://inaturalist-open-data.s3.amazonaws.com/photos/193484027/original.jpeg,data/raw/common_myna/193484027.jpg,508644,c94d33a546680b8c32e5aa452d6b8074,2048,1536,2026-09-11T17:25:30+1200,train
common_myna,bird,Common myna,Acridotheres tristis,65929413,106196343,cc0,no rights reserved,2020-12-01,629477,Acridotheres tristis tristis,https://inaturalist-open-data.s3.amazonaws.com/photos/106196343/large.jpg,https://inaturalist-open-data.s3.amazonaws.com/photos/106196343/original.jpg,data/raw/common_myna/106196343.jpg,458281,2d28f650de264825809f02f800c63317,2048,1536,2026-09-11T17:25:30+1200,train
common_myna,bird,Common myna,Acridotheres tristis,4061272,4811908,cc-by,"(c) leafveiled, some rights reserved (CC BY)",2016-09-08,629477,Acridotheres tristis tristis,https://inaturalist-open-data.s3.amazonaws.com/photos/4811908/large.jpg,https://inaturalist-open-data.s3.amazonaws.com/photos/4811908/original.jpg,data/raw/common_myna/4811908.jpg,45259,c2857c335613a6ec3fab8633b091e2ab,679,447,2026-09-11T17:25:30+1200,train
common_myna,bird,Common myna,Acridotheres tristis,35767259,56439611,cc-by,"(c) Jacqui Geux, some rights reserved (CC BY)",2019-11-17,629477,Acridotheres tristis tristis,https://inaturalist-open-data.s3.amazonaws.com/photos/56439611/large.jpeg,https://inaturalist-open-data.s3.amazonaws.com/photos/56439611/original.jpeg,data/raw/common_myna/56439611.jpg,134259,368f0e15b5ab3b8c5db8b34bc9e0707f,1600,1200,2026-09-11T17:25:30+1200,train
common_myna,bird,Common myna,Acridotheres tristis,38533877,61256798,cc-by,"(c) Licheng Shih, some rights reserved (CC BY)",2020-01-31,629477,Acridotheres tristis tristis,https://inaturalist-open-data.s3.amazonaws.com/photos/61256798/large.jpeg,https://inaturalist-open-data.s3.amazonaws.com/photos/61256798/original.jpeg,data/raw/common_myna/61256798.jpg,463226,f88dc438efa554962de3285d6cdd01c4,1365,2048,2026-09-11T17:25:30+1200,train
common_myna,bird,Common myna,Acridotheres tristis,99050278,165040945,cc0,no rights reserved,2021-10-23,629477,Acridotheres tristis tristis,https://inaturalist-open-data.s3.amazonaws.com/photos/165040945/large.jpg,https://inaturalist-open-data.s3.amazonaws.com/photos/165040945/original.jpg,data/raw/common_myna/165040945.jpg,39156,68224da2fc101a7f554a84d0ebfe53cb,484,408,2026-09-11T17:25:30+1200,train
common_myna,bird,Common myna,Acridotheres tristis,198449689,364022862,cc-by,"(c) Jenny Saito, some rights reserved (CC BY)",2024-02-04,629477,Acridotheres tristis tristis,https://inaturalist-open-data.s3.amazonaws.com/photos/364022862/large.jpeg,https://inaturalist-open-data.s3.amazonaws.com/photos/364022862/original.jpeg,data/raw/common_myna/364022862.jpg,575205,527bd8db90c703e425030dee18b699ee,2048,1536,2026-09-11T17:25:30+1200,train
common_myna,bird,Common myna,Acridotheres tristis,312068520,563393846,cc0,no rights reserved,2025-09-07,629477,Acridotheres tristis tristis,https://inaturalist-open-data.s3.amazonaws.com/photos/563393846/large.jpg,https://inaturalist-open-data.s3.amazonaws.com/photos/563393846/original.jpg,data/raw/common_myna/563393846.jpg,660197,b54769481957c5f19b10bb700a864757,1534,2048,2026-09-11T17:25:30+1200,train
common_myna,bird,Common myna,Acridotheres tristis,272798438,490791568,cc-by,"(c) Halema J, some rights reserved (CC BY)",2025-04-25,204454,Acridotheres tristis,https://inaturalist-open-data.s3.amazonaws.com/photos/490791568/large.jpeg,https://inaturalist-open-data.s3.amazonaws.com/photos/490791568/original.jpeg,data/raw/common_myna/490791568.jpg,196590,fd1b795804de7b3a354629e8144e31f3,2048,1365,2026-09-11T17:25:30+1200,train
common_myna,bird,Common myna,Acridotheres tristis,381884601,698812126,cc0,no rights reserved,2026-07-16,629477,Acridotheres tristis tristis,https://inaturalist-open-data.s3.amazonaws.com/photos/698812126/large.jpg,https://inaturalist-open-data.s3.amazonaws.com/photos/698812126/original.jpg,data/raw/common_myna/698812126.jpg,370786,bf41d146a5e79025336079e92cfa269b,2048,1365,2026-09-11T17:25:30+1200,train
common_myna,bird,Common myna,Acridotheres tristis,154922164,267736627,cc-by,"(c) Jay Pruett, some rights reserved (CC BY)",2018-10-23,629477,Acridotheres tristis tristis,https://inaturalist-open-data.s3.amazonaws.com/photos/267736627/large.jpg,https://inaturalist-open-data.s3.amazonaws.com/photos/267736627/original.jpg,data/raw/common_myna/267736627.jpg,893178,786966b1a048ca5219dfa23628fa4f80,1581,1051,2026-09-11T17:25:30+1200,train
common_myna,bird,Common myna,Acridotheres tristis,371477590,678721372,cc-by,"(c) Pluto Hooper, some rights reserved (CC BY)",2026-06-14,204454,Acridotheres tristis,https://inaturalist-open-data.s3.amazonaws.com/photos/678721372/large.jpg,https://inaturalist-open-data.s3.amazonaws.com/photos/678721372/original.jpg,data/raw/common_myna/678721372.jpg,316312,bf26005c219b78aeafecc101d7bbfaec,2048,1365,2026-09-11T17:25:30+1200,train
common_myna,bird,Common myna,Acridotheres tristis,176704992,307244570,cc-by,"(c) William Harland, some rights reserved (CC BY)",2020-08-12,629477,Acridotheres tristis tristis,https://inaturalist-open-data.s3.amazonaws.com/photos/307244570/large.jpeg,https://inaturalist-open-data.s3.amazonaws.com/photos/307244570/original.jpeg,data/raw/common_myna/307244570.jpg,269411,660f227280e859ecfbc65284e9f6aacd,2048,1706,2026-09-11T17:25:30+1200,train
common_myna,bird,Common myna,Acridotheres tristis,273430866,491778552,cc-by,"(c) jsimons, some rights reserved (CC BY)",2025-04-26,629477,Acridotheres tristis tristis,https://inaturalist-open-data.s3.amazonaws.com/photos/491778552/large.jpg,https://inaturalist-open-data.s3.amazonaws.com/photos/491778552/original.jpg,data/raw/common_myna/491778552.jpg,233471,08a2781119312525e96f2e75c3d5fdfa,1681,2048,2026-09-11T17:25:30+1200,train
common_myna,bird,Common myna,Acridotheres tristis,245024598,437164963,cc-by,"(c) Elias Freyhof, some rights reserved (CC BY)",2024-10-01,204454,Acridotheres tristis,https://inaturalist-open-data.s3.amazonaws.com/photos/437164963/large.jpeg,https://inaturalist-open-data.s3.amazonaws.com/photos/437164963/original.jpeg,data/raw/common_myna/437164963.jpg,372119,fcd6b04aa8d6b0d90607342bd5f4148f,842,861,2026-09-11T17:25:30+1200,train
common_myna,bird,Common myna,Acridotheres tristis,323910496,586167826,cc-by,"(c) Martin Kalfatovic, some rights reserved (CC BY)",2025-10-28,629477,Acridotheres tristis tristis,https://inaturalist-open-data.s3.amazonaws.com/photos/586167826/large.jpg,https://inaturalist-open-data.s3.amazonaws.com/photos/586167826/original.jpg,data/raw/common_myna/586167826.jpg,442695,97d41a86cf27c028392c83af56dbb31b,1542,2048,2026-09-11T17:25:30+1200,train
common_myna,bird,Common myna,Acridotheres tristis,327997294,594272737,cc-by,"(c) Mirko Bliinn, some rights reserved (CC BY)",2025-11-24,204454,Acridotheres tristis,https://inaturalist-open-data.s3.amazonaws.com/photos/594272737/large.jpg,https://inaturalist-open-data.s3.amazonaws.com/photos/594272737/original.jpg,data/raw/common_myna/594272737.jpg,384183,cee2031368b31c65f527f8e496ceec0a,1536,2048,2026-09-11T17:25:30+1200,train
common_myna,bird,Common myna,Acridotheres tristis,303042365,546178145,cc-by,"(c) ian_mcallan, some rights reserved (CC BY)",2025-06-03,204454,Acridotheres tristis,https://inaturalist-open-data.s3.amazonaws.com/photos/546178145/large.jpg,https://inaturalist-open-data.s3.amazonaws.com/photos/546178145/original.jpg,data/raw/common_myna/546178145.jpg,51821,ae60312a7c74b594e458c367919f6a83,2048,1536,2026-09-11T17:25:30+1200,train
common_myna,bird,Common myna,Acridotheres tristis,44454541,70484544,cc-by,"(c) Jacqui Geux, some rights reserved (CC BY)",2020-05-01,629477,Acridotheres tristis tristis,https://inaturalist-open-data.s3.amazonaws.com/photos/70484544/large.jpeg,https://inaturalist-open-data.s3.amazonaws.com/photos/70484544/original.jpeg,data/raw/common_myna/70484544.jpg,65479,3f5294f4f0097b0dea6683bf948774bb,1600,1200,2026-09-11T17:25:30+1200,train
common_myna,bird,Common myna,Acridotheres tristis,263445759,473276480,cc-by,"(c) ian_mcallan, some rights reserved (CC BY)",2025-02-23,204454,Acridotheres tristis,https://inaturalist-open-data.s3.amazonaws.com/photos/473276480/large.jpeg,https://inaturalist-open-data.s3.amazonaws.com/photos/473276480/original.jpeg,data/raw/common_myna/473276480.jpg,320830,566efb371ca7c975444005c0456f5105,2048,1536,2026-09-11T17:25:30+1200,train
common_myna,bird,Common myna,Acridotheres tristis,270679165,486818884,cc-by,"(c) Heidi Meudt, some rights reserved (CC BY)",2025-04-16,629477,Acridotheres tristis tristis,https://inaturalist-open-data.s3.amazonaws.com/photos/486818884/large.jpeg,https://inaturalist-open-data.s3.amazonaws.com/photos/486818884/original.jpeg,data/raw/common_myna/486818884.jpg,651621,4d5b1eb518b955342e481ce28ba9d898,1536,2048,2026-09-11T17:25:30+1200,train
common_myna,bird,Common myna,Acridotheres tristis,211441547,373815920,cc-by,"(c) Emily Roberts, some rights reserved (CC BY)",2024-04-29,629477,Acridotheres tristis tristis,https://inaturalist-open-data.s3.amazonaws.com/photos/373815920/large.jpg,https://inaturalist-open-data.s3.amazonaws.com/photos/373815920/original.jpg,data/raw/common_myna/373815920.jpg,350717,48c4b18f8816a30bad23ccb795703565,2048,1536,2026-09-11T17:25:30+1200,train
common_myna,bird,Common myna,Acridotheres tristis,38564916,61310065,cc-by,"(c) Jacqui Geux, some rights reserved (CC BY)",2020-02-10,629477,Acridotheres tristis tristis,https://inaturalist-open-data.s3.amazonaws.com/photos/61310065/large.jpeg,https://inaturalist-open-data.s3.amazonaws.com/photos/61310065/original.jpeg,data/raw/common_myna/61310065.jpg,342035,e5375194b7a2a053af69fb89488f9347,1600,1200,2026-09-11T17:25:30+1200,train
common_myna,bird,Common myna,Acridotheres tristis,48216464,76494519,cc-by,"(c) catchwords, some rights reserved (CC BY)",2014-02-02,629477,Acridotheres tristis tristis,https://inaturalist-open-data.s3.amazonaws.com/photos/76494519/large.jpeg,https://inaturalist-open-data.s3.amazonaws.com/photos/76494519/original.jpeg,data/raw/common_myna/76494519.jpg,667577,4a71eec2e374ae92c1e1b0ec44a406ff,1365,2048,2026-09-11T17:25:30+1200,train
common_myna,bird,Common myna,Acridotheres tristis,65910430,106162182,cc-by,"(c) Svend Hansen, some rights reserved (CC BY)",2020-12-01,629477,Acridotheres tristis tristis,https://inaturalist-open-data.s3.amazonaws.com/photos/106162182/large.jpeg,https://inaturalist-open-data.s3.amazonaws.com/photos/106162182/original.jpeg,data/raw/common_myna/106162182.jpg,439980,8c5429ee993af44d92dafe22c15a16fc,1152,2048,2026-09-11T17:25:30+1200,train
pohutukawa,plant,Pōhutukawa,Metrosideros excelsa,76458227,125072547,cc-by,"(c) Tim Park, some rights reserved (CC BY)",2021-05-02,122905,Metrosideros excelsa,https://inaturalist-open-data.s3.amazonaws.com/photos/125072547/large.jpg,https://inaturalist-open-data.s3.amazonaws.com/photos/125072547/original.jpg,data/raw/pohutukawa/125072547.jpg,597399,2f22cc65678ce20b340561b46b53d197,1536,2048,2026-09-11T17:26:43+1200,train
pohutukawa,plant,Pōhutukawa,Metrosideros excelsa,75994441,124343322,cc-by,"(c) Tim Park, some rights reserved (CC BY)",2021-05-01,122905,Metrosideros excelsa,https://inaturalist-open-data.s3.amazonaws.com/photos/124343322/large.jpg,https://inaturalist-open-data.s3.amazonaws.com/photos/124343322/original.jpg,data/raw/pohutukawa/124343322.jpg,306141,7d8f68263afe8b2f00d1d8c0f5a9df92,1536,2048,2026-09-11T17:26:43+1200,train
pohutukawa,plant,Pōhutukawa,Metrosideros excelsa,65875014,106102520,cc-by,"(c) Javier, some rights reserved (CC BY)",2020-11-30,122905,Metrosideros excelsa,https://inaturalist-open-data.s3.amazonaws.com/photos/106102520/large.jpeg,https://inaturalist-open-data.s3.amazonaws.com/photos/106102520/original.jpeg,data/raw/pohutukawa/106102520.jpg,191686,bd970da44c67b840b4db69ee4bdd6dba,2048,1536,2026-09-11T17:26:43+1200,train
pohutukawa,plant,Pōhutukawa,Metrosideros excelsa,19777383,30477689,cc-by,"(c) Jacy Chen, some rights reserved (CC BY)",2018-12-27,122905,Metrosideros excelsa,https://inaturalist-open-data.s3.amazonaws.com/photos/30477689/large.jpeg,https://inaturalist-open-data.s3.amazonaws.com/photos/30477689/original.jpeg,data/raw/pohutukawa/30477689.jpg,498782,44afbb8dbca689eae23c427db972bb10,2048,1536,2026-09-11T17:26:43+1200,train
pohutukawa,plant,Pōhutukawa,Metrosideros excelsa,27198356,42294359,cc-by,"(c) Jacqui Geux, some rights reserved (CC BY)",2019-06-17,122905,Metrosideros excelsa,https://inaturalist-open-data.s3.amazonaws.com/photos/42294359/large.jpeg,https://inaturalist-open-data.s3.amazonaws.com/photos/42294359/original.jpeg,data/raw/pohutukawa/42294359.jpg,148602,e9a10f1dc2db54e20c922e01205ab59a,1600,1200,2026-09-11T17:26:43+1200,train
pohutukawa,plant,Pōhutukawa,Metrosideros excelsa,202037981,356750675,cc-by,"(c) Pav Johnsson, some rights reserved (CC BY)",2024-02-19,122905,Metrosideros excelsa,https://inaturalist-open-data.s3.amazonaws.com/photos/356750675/large.jpeg,https://inaturalist-open-data.s3.amazonaws.com/photos/356750675/original.jpeg,data/raw/pohutukawa/356750675.jpg,444639,ae569ecd227859df6cee1df8afeac1d2,921,2048,2026-09-11T17:26:43+1200,train
pohutukawa,plant,Pōhutukawa,Metrosideros excelsa,198878555,350619235,cc-by,"(c) Richard Littauer, some rights reserved (CC BY)",2024-02-10,122905,Metrosideros excelsa,https://inaturalist-open-data.s3.amazonaws.com/photos/350619235/large.jpeg,https://inaturalist-open-data.s3.amazonaws.com/photos/350619235/original.jpeg,data/raw/pohutukawa/350619235.jpg,335280,c2c909f6c3c6aae0f216fa5550042e3a,1536,2048,2026-09-11T17:26:43+1200,train
pohutukawa,plant,Pōhutukawa,Metrosideros excelsa,203365397,359299267,cc-by,"(c) Mark Richman, some rights reserved (CC BY)",2023-12-02,122905,Metrosideros excelsa,https://inaturalist-open-data.s3.amazonaws.com/photos/359299267/large.jpg,https://inaturalist-open-data.s3.amazonaws.com/photos/359299267/original.jpg,data/raw/pohutukawa/359299267.jpg,443709,1d5d8c4af3b47215b9fe796d8cad5eb5,1536,2048,2026-09-11T17:26:43+1200,train
pohutukawa,plant,Pōhutukawa,Metrosideros excelsa,201838524,356362267,cc-by,"(c) Mark Richman, some rights reserved (CC BY)",2023-12-12,122905,Metrosideros excelsa,https://inaturalist-open-data.s3.amazonaws.com/photos/356362267/large.jpg,https://inaturalist-open-data.s3.amazonaws.com/photos/356362267/original.jpg,data/raw/pohutukawa/356362267.jpg,293652,d72120a8a12a6a2ab1a3be8b5f4dfc19,1536,2048,2026-09-11T17:26:43+1200,train
pohutukawa,plant,Pōhutukawa,Metrosideros excelsa,330201153,598715921,cc0,no rights reserved,2025-12-10,122905,Metrosideros excelsa,https://inaturalist-open-data.s3.amazonaws.com/photos/598715921/large.jpg,https://inaturalist-open-data.s3.amazonaws.com/photos/598715921/original.jpg,data/raw/pohutukawa/598715921.jpg,681680,b2d28be6260c6990cb5ab57824f6633f,1536,2048,2026-09-11T17:26:43+1200,train
pohutukawa,plant,Pōhutukawa,Metrosideros excelsa,43869694,69573607,cc0,no rights reserved,2011-12-11,122905,Metrosideros excelsa,https://inaturalist-open-data.s3.amazonaws.com/photos/69573607/large.jpeg,https://inaturalist-open-data.s3.amazonaws.com/photos/69573607/original.jpeg,data/raw/pohutukawa/69573607.jpg,753542,5140b73e37541913983bcc51bc13dbe9,2048,1368,2026-09-11T17:26:43+1200,train
pohutukawa,plant,Pōhutukawa,Metrosideros excelsa,43282784,68699654,cc-by,"(c) Yves Bas, some rights reserved (CC BY)",2010-12-05,122905,Metrosideros excelsa,https://inaturalist-open-data.s3.amazonaws.com/photos/68699654/large.jpeg,https://inaturalist-open-data.s3.amazonaws.com/photos/68699654/original.jpeg,data/raw/pohutukawa/68699654.jpg,506338,3f1dabc4a679b7ece82fb78ad0817863,2048,1536,2026-09-11T17:26:43+1200,train
pohutukawa,plant,Pōhutukawa,Metrosideros excelsa,114583633,193484944,cc-by,"(c) Samuel Brown, some rights reserved (CC BY)",2022-05-02,122905,Metrosideros excelsa,https://inaturalist-open-data.s3.amazonaws.com/photos/193484944/large.jpg,https://inaturalist-open-data.s3.amazonaws.com/photos/193484944/original.jpg,data/raw/pohutukawa/193484944.jpg,564097,4a88d7e9610b882b420fde29a2bc5b96,1536,2048,2026-09-11T17:26:43+1200,train
pohutukawa,plant,Pōhutukawa,Metrosideros excelsa,48844738,77515905,cc-by,"(c) Javier, some rights reserved (CC BY)",2020-06-06,122905,Metrosideros excelsa,https://inaturalist-open-data.s3.amazonaws.com/photos/77515905/large.jpeg,https://inaturalist-open-data.s3.amazonaws.com/photos/77515905/original.jpeg,data/raw/pohutukawa/77515905.jpg,557250,b1ffefe3401e8783e2df27f7ba8913dd,1600,1200,2026-09-11T17:26:43+1200,train
pohutukawa,plant,Pōhutukawa,Metrosideros excelsa,213312128,376977471,cc-by,"(c) catchwords, some rights reserved (CC BY)",2024-04-28,122905,Metrosideros excelsa,https://inaturalist-open-data.s3.amazonaws.com/photos/376977471/large.jpg,https://inaturalist-open-data.s3.amazonaws.com/photos/376977471/original.jpg,data/raw/pohutukawa/376977471.jpg,453092,fb200ffe45bda8da72a92ec93e8269a8,1536,2048,2026-09-11T17:26:43+1200,train
pohutukawa,plant,Pōhutukawa,Metrosideros excelsa,354168566,646122435,cc-by,"(c) Michael Keith, some rights reserved (CC BY)",2026-04-26,122905,Metrosideros excelsa,https://inaturalist-open-data.s3.amazonaws.com/photos/646122435/large.jpg,https://inaturalist-open-data.s3.amazonaws.com/photos/646122435/original.jpg,data/raw/pohutukawa/646122435.jpg,493345,0ee6990b001214ffd00c655ca478d2a8,1536,2048,2026-09-11T17:26:43+1200,train
pohutukawa,plant,Pōhutukawa,Metrosideros excelsa,359416997,655764338,cc0,no rights reserved,2026-04-25,122905,Metrosideros excelsa,https://inaturalist-open-data.s3.amazonaws.com/photos/655764338/large.jpg,https://inaturalist-open-data.s3.amazonaws.com/photos/655764338/original.jpg,data/raw/pohutukawa/655764338.jpg,575614,eed5f69b92ed2f0bdd13d06c52210f88,2048,2048,2026-09-11T17:26:43+1200,train
pohutukawa,plant,Pōhutukawa,Metrosideros excelsa,159340029,275293649,cc-by,"(c) catchwords, some rights reserved (CC BY)",2023-05-01,122905,Metrosideros excelsa,https://inaturalist-open-data.s3.amazonaws.com/photos/275293649/large.jpg,https://inaturalist-open-data.s3.amazonaws.com/photos/275293649/original.jpg,data/raw/pohutukawa/275293649.jpg,377175,56bf40b6855809386ac5e8faa35ff2d6,1536,2048,2026-09-11T17:26:43+1200,train
pohutukawa,plant,Pōhutukawa,Metrosideros excelsa,158445635,273831147,cc-by,"(c) Kelvin Perrie, some rights reserved (CC BY)",2023-04-29,122905,Metrosideros excelsa,https://inaturalist-open-data.s3.amazonaws.com/photos/273831147/large.jpeg,https://inaturalist-open-data.s3.amazonaws.com/photos/273831147/original.jpeg,data/raw/pohutukawa/273831147.jpg,272886,389b9db6c42a57216ce7be029984701f,2048,1536,2026-09-11T17:26:43+1200,train
pohutukawa,plant,Pōhutukawa,Metrosideros excelsa,240037336,427593486,cc-by,"(c) Christopher Hynes, some rights reserved (CC BY)",2024-09-06,122905,Metrosideros excelsa,https://inaturalist-open-data.s3.amazonaws.com/photos/427593486/large.jpeg,https://inaturalist-open-data.s3.amazonaws.com/photos/427593486/original.jpeg,data/raw/pohutukawa/427593486.jpg,358168,3ef7cb9c9cdf2f93400ade52e409c550,1536,2048,2026-09-11T17:26:43+1200,train
pohutukawa,plant,Pōhutukawa,Metrosideros excelsa,176168227,306242433,cc-by,"(c) Samuel Brown, some rights reserved (CC BY)",2023-07-29,122905,Metrosideros excelsa,https://inaturalist-open-data.s3.amazonaws.com/photos/306242433/large.jpg,https://inaturalist-open-data.s3.amazonaws.com/photos/306242433/original.jpg,data/raw/pohutukawa/306242433.jpg,581796,79cec726e6b9eec75cf8998f3ed5d260,1536,2048,2026-09-11T17:26:43+1200,train
pohutukawa,plant,Pōhutukawa,Metrosideros excelsa,178280918,310198244,cc-by,"(c) Keith S, some rights reserved (CC BY)",2023-08-14,122905,Metrosideros excelsa,https://inaturalist-open-data.s3.amazonaws.com/photos/310198244/large.jpeg,https://inaturalist-open-data.s3.amazonaws.com/photos/310198244/original.jpeg,data/raw/pohutukawa/310198244.jpg,700956,978e61754601397d718cf852ba4bada0,1536,2048,2026-09-11T17:26:43+1200,train
pohutukawa,plant,Pōhutukawa,Metrosideros excelsa,2504702,2812353,cc0,no rights reserved,2015-12-16,122905,Metrosideros excelsa,https://inaturalist-open-data.s3.amazonaws.com/photos/2812353/large.jpg,https://inaturalist-open-data.s3.amazonaws.com/photos/2812353/original.jpg,data/raw/pohutukawa/2812353.jpg,1108399,4e5ecdca506ff2c4f75a53a1a4c3eeb3,1536,2048,2026-09-11T17:26:43+1200,train
pohutukawa,plant,Pōhutukawa,Metrosideros excelsa,4670593,5657676,cc-by,"(c) Jacqui Geux, some rights reserved (CC BY)",2016-11-30,122905,Metrosideros excelsa,https://inaturalist-open-data.s3.amazonaws.com/photos/5657676/large.jpeg,https://inaturalist-open-data.s3.amazonaws.com/photos/5657676/original.jpeg,data/raw/pohutukawa/5657676.jpg,230039,6ff8c3938a390fe6faf176fe795e8d19,1600,1200,2026-09-11T17:26:43+1200,train
pohutukawa,plant,Pōhutukawa,Metrosideros excelsa,10699828,14943496,cc-by,"(c) Andy McKay, some rights reserved (CC BY)",2018-04-08,122905,Metrosideros excelsa,https://inaturalist-open-data.s3.amazonaws.com/photos/14943496/large.jpeg,https://inaturalist-open-data.s3.amazonaws.com/photos/14943496/original.jpeg,data/raw/pohutukawa/14943496.jpg,644423,270f32c0651ef232c6ae13b4d722a882,2048,1365,2026-09-11T17:26:43+1200,train
pohutukawa,plant,Pōhutukawa,Metrosideros excelsa,10694876,14936021,cc-by,"(c) Andrea Grover, some rights reserved (CC BY)",2018-04-08,122905,Metrosideros excelsa,https://inaturalist-open-data.s3.amazonaws.com/photos/14936021/large.jpg,https://inaturalist-open-data.s3.amazonaws.com/photos/14936021/original.jpg,data/raw/pohutukawa/14936021.jpg,482796,cf2022d71768d50756d71935e47de3b8,1536,2048,2026-09-11T17:26:43+1200,train
pohutukawa,plant,Pōhutukawa,Metrosideros excelsa,36962268,58514378,cc-by,"(c) Jacqui Geux, some rights reserved (CC BY)",2019-12-26,122905,Metrosideros excelsa,https://inaturalist-open-data.s3.amazonaws.com/photos/58514378/large.jpeg,https://inaturalist-open-data.s3.amazonaws.com/photos/58514378/original.jpeg,data/raw/pohutukawa/58514378.jpg,161826,242c2fcd9a83408b0b0918a58d364663,1600,1200,2026-09-11T17:26:43+1200,train
pohutukawa,plant,Pōhutukawa,Metrosideros excelsa,195736832,344430843,cc-by,"(c) Taryn Brahmsteadt, some rights reserved (CC BY)",2024-01-02,122905,Metrosideros excelsa,https://inaturalist-open-data.s3.amazonaws.com/photos/344430843/large.jpg,https://inaturalist-open-data.s3.amazonaws.com/photos/344430843/original.jpg,data/raw/pohutukawa/344430843.jpg,314289,d00fa7d7b9b4b0a4ab18eb707ba649c8,1536,2048,2026-09-11T17:26:43+1200,train
pohutukawa,plant,Pōhutukawa,Metrosideros excelsa,204517285,361511922,cc0,no rights reserved,2024-03-30,122905,Metrosideros excelsa,https://inaturalist-open-data.s3.amazonaws.com/photos/361511922/large.jpg,https://inaturalist-open-data.s3.amazonaws.com/photos/361511922/original.jpg,data/raw/pohutukawa/361511922.jpg,547846,715ab2704bb66cf5aca8e8bf7868d787,2048,1542,2026-09-11T17:26:43+1200,train
pohutukawa,plant,Pōhutukawa,Metrosideros excelsa,202759863,358140765,cc-by,"(c) Mark Richman, some rights reserved (CC BY)",2023-12-05,122905,Metrosideros excelsa,https://inaturalist-open-data.s3.amazonaws.com/photos/358140765/large.jpg,https://inaturalist-open-data.s3.amazonaws.com/photos/358140765/original.jpg,data/raw/pohutukawa/358140765.jpg,402629,0dec99f351af5a665acfa2883fef4564,1536,2048,2026-09-11T17:26:43+1200,train
pohutukawa,plant,Pōhutukawa,Metrosideros excelsa,360350275,657530455,cc0,no rights reserved,2026-03-04,122905,Metrosideros excelsa,https://inaturalist-open-data.s3.amazonaws.com/photos/657530455/large.jpg,https://inaturalist-open-data.s3.amazonaws.com/photos/657530455/original.jpg,data/raw/pohutukawa/657530455.jpg,428646,75b55de068b795f7f8188be18dca3164,1024,576,2026-09-11T17:26:43+1200,train
pohutukawa,plant,Pōhutukawa,Metrosideros excelsa,322877365,584156265,cc-by,"(c) Michael Keith, some rights reserved (CC BY)",2025-10-24,122905,Metrosideros excelsa,https://inaturalist-open-data.s3.amazonaws.com/photos/584156265/large.jpg,https://inaturalist-open-data.s3.amazonaws.com/photos/584156265/original.jpg,data/raw/pohutukawa/584156265.jpg,428833,a801a29e90a4e1935b33028fd2a484dd,1536,2048,2026-09-11T17:26:43+1200,train
pohutukawa,plant,Pōhutukawa,Metrosideros excelsa,17895489,27330236,cc-by,"(c) Leon Perrie, some rights reserved (CC BY)",2018-10-28,122905,Metrosideros excelsa,https://inaturalist-open-data.s3.amazonaws.com/photos/27330236/large.jpeg,https://inaturalist-open-data.s3.amazonaws.com/photos/27330236/original.jpeg,data/raw/pohutukawa/27330236.jpg,800568,904fc781893b96c8098a34eabfb4d8e3,2048,1536,2026-09-11T17:26:43+1200,train
pohutukawa,plant,Pōhutukawa,Metrosideros excelsa,9226558,12485994,cc-by,"(c) Tim Park, some rights reserved (CC BY)",2017-12-21,122905,Metrosideros excelsa,https://inaturalist-open-data.s3.amazonaws.com/photos/12485994/large.jpg,https://inaturalist-open-data.s3.amazonaws.com/photos/12485994/original.jpg,data/raw/pohutukawa/12485994.jpg,379144,bdd6a8ce92bcb015343e2e3d2683d5a0,2048,1536,2026-09-11T17:26:43+1200,train
pohutukawa,plant,Pōhutukawa,Metrosideros excelsa,337009769,612540919,cc-by,"(c) Keith S, some rights reserved (CC BY)",2026-02-02,122905,Metrosideros excelsa,https://inaturalist-open-data.s3.amazonaws.com/photos/612540919/large.jpg,https://inaturalist-open-data.s3.amazonaws.com/photos/612540919/original.jpg,data/raw/pohutukawa/612540919.jpg,692912,4bcd7ac82e3252c6e2a22450dd878b5a,1536,2048,2026-09-11T17:26:43+1200,train
pohutukawa,plant,Pōhutukawa,Metrosideros excelsa,199157026,351168788,cc-by,"(c) B Jaeger-Stanley, some rights reserved (CC BY)",2024-02-13,122905,Metrosideros excelsa,https://inaturalist-open-data.s3.amazonaws.com/photos/351168788/large.jpg,https://inaturalist-open-data.s3.amazonaws.com/photos/351168788/original.jpg,data/raw/pohutukawa/351168788.jpg,338556,8cb19fbf9e66df99f4691769e9c5ba32,1536,2048,2026-09-11T17:26:43+1200,train
pohutukawa,plant,Pōhutukawa,Metrosideros excelsa,7528529,9818399,cc-by,"(c) Jacqui Geux, some rights reserved (CC BY)",2017-08-16,122905,Metrosideros excelsa,https://inaturalist-open-data.s3.amazonaws.com/photos/9818399/large.jpeg,https://inaturalist-open-data.s3.amazonaws.com/photos/9818399/original.jpeg,data/raw/pohutukawa/9818399.jpg,340225,c0785b6415073d920914172a75bf4ee2,1600,1200,2026-09-11T17:26:43+1200,train
pohutukawa,plant,Pōhutukawa,Metrosideros excelsa,157423254,272186765,cc-by,"(c) Michael Keith, some rights reserved (CC BY)",2023-04-29,122905,Metrosideros excelsa,https://inaturalist-open-data.s3.amazonaws.com/photos/272186765/large.png,https://inaturalist-open-data.s3.amazonaws.com/photos/272186765/original.png,data/raw/pohutukawa/272186765.jpg,1951530,92fd513bf28ef1cace6ee1b5e469789c,960,1280,2026-09-11T17:26:43+1200,train
pohutukawa,plant,Pōhutukawa,Metrosideros excelsa,242235382,431838437,cc-by,"(c) Samuel Brown, some rights reserved (CC BY)",2024-09-14,122905,Metrosideros excelsa,https://inaturalist-open-data.s3.amazonaws.com/photos/431838437/large.jpeg,https://inaturalist-open-data.s3.amazonaws.com/photos/431838437/original.jpeg,data/raw/pohutukawa/431838437.jpg,469263,9c2ac3adec7611b7bc0d37a7c0808d0f,1536,2048,2026-09-11T17:26:43+1200,train
pohutukawa,plant,Pōhutukawa,Metrosideros excelsa,179811755,313108411,cc0,no rights reserved,2023-08-22,122905,Metrosideros excelsa,https://inaturalist-open-data.s3.amazonaws.com/photos/313108411/large.jpeg,https://inaturalist-open-data.s3.amazonaws.com/photos/313108411/original.jpeg,data/raw/pohutukawa/313108411.jpg,389643,3058ccd2633d97ceeaa0a19b14547929,2048,1536,2026-09-11T17:26:43+1200,train
pohutukawa,plant,Pōhutukawa,Metrosideros excelsa,254694514,456262870,cc0,no rights reserved,2024-12-10,122905,Metrosideros excelsa,https://inaturalist-open-data.s3.amazonaws.com/photos/456262870/large.jpeg,https://inaturalist-open-data.s3.amazonaws.com/photos/456262870/original.jpeg,data/raw/pohutukawa/456262870.jpg,653483,6a36e169e54fb74afaa8fa444008a55c,2048,1153,2026-09-11T17:26:43+1200,train
pohutukawa,plant,Pōhutukawa,Metrosideros excelsa,348752886,636096518,cc0,no rights reserved,2026-03-10,122905,Metrosideros excelsa,https://inaturalist-open-data.s3.amazonaws.com/photos/636096518/large.jpg,https://inaturalist-open-data.s3.amazonaws.com/photos/636096518/original.jpg,data/raw/pohutukawa/636096518.jpg,758454,73b18576c6a3eb03c047d1a7b37d5862,2048,1365,2026-09-11T17:26:43+1200,train
pohutukawa,plant,Pōhutukawa,Metrosideros excelsa,43049070,68340615,cc0,no rights reserved,2019-08-11,122905,Metrosideros excelsa,https://inaturalist-open-data.s3.amazonaws.com/photos/68340615/large.jpeg,https://inaturalist-open-data.s3.amazonaws.com/photos/68340615/original.jpeg,data/raw/pohutukawa/68340615.jpg,355012,efd774fb527e72f99e73e3a5a34bc867,1536,2048,2026-09-11T17:26:43+1200,train
pohutukawa,plant,Pōhutukawa,Metrosideros excelsa,10485633,14579869,cc-by,"(c) Tim Park, some rights reserved (CC BY)",2018-03-22,122905,Metrosideros excelsa,https://inaturalist-open-data.s3.amazonaws.com/photos/14579869/large.jpg,https://inaturalist-open-data.s3.amazonaws.com/photos/14579869/original.jpg,data/raw/pohutukawa/14579869.jpg,507581,7edf4fa0c4db72ae828aacb41bb47a0d,2048,1536,2026-09-11T17:26:43+1200,train
pohutukawa,plant,Pōhutukawa,Metrosideros excelsa,328276835,594825855,cc-by,"(c) Keith S, some rights reserved (CC BY)",2025-11-26,122905,Metrosideros excelsa,https://inaturalist-open-data.s3.amazonaws.com/photos/594825855/large.jpg,https://inaturalist-open-data.s3.amazonaws.com/photos/594825855/original.jpg,data/raw/pohutukawa/594825855.jpg,683213,818f376aea67c11e9f6e5b67f92464e6,2048,1536,2026-09-11T17:26:43+1200,train
pohutukawa,plant,Pōhutukawa,Metrosideros excelsa,329396875,597082134,cc0,no rights reserved,2025-12-04,122905,Metrosideros excelsa,https://inaturalist-open-data.s3.amazonaws.com/photos/597082134/large.jpg,https://inaturalist-open-data.s3.amazonaws.com/photos/597082134/original.jpg,data/raw/pohutukawa/597082134.jpg,612958,0035b885f4a293c1d8e8875821e1779b,1152,2048,2026-09-11T17:26:43+1200,train
pohutukawa,plant,Pōhutukawa,Metrosideros excelsa,306179447,552128631,cc-by,"(c) Tim Park, some rights reserved (CC BY)",2025-08-14,122905,Metrosideros excelsa,https://inaturalist-open-data.s3.amazonaws.com/photos/552128631/large.jpg,https://inaturalist-open-data.s3.amazonaws.com/photos/552128631/original.jpg,data/raw/pohutukawa/552128631.jpg,966004,f78347020a6eab9f256356216fe27f7b,2048,1152,2026-09-11T17:26:43+1200,train
pohutukawa,plant,Pōhutukawa,Metrosideros excelsa,356200039,649571889,cc-by,"(c) kiwialli, some rights reserved (CC BY)",2026-04-24,122905,Metrosideros excelsa,https://inaturalist-open-data.s3.amazonaws.com/photos/649571889/large.jpg,https://inaturalist-open-data.s3.amazonaws.com/photos/649571889/original.jpg,data/raw/pohutukawa/649571889.jpg,957140,b16d13c3219ea89f495085b91ef87cd9,2048,2048,2026-09-11T17:26:43+1200,train
pohutukawa,plant,Pōhutukawa,Metrosideros excelsa,354085575,645963276,cc-by,"(c) Michael Keith, some rights reserved (CC BY)",2026-04-24,122905,Metrosideros excelsa,https://inaturalist-open-data.s3.amazonaws.com/photos/645963276/large.jpg,https://inaturalist-open-data.s3.amazonaws.com/photos/645963276/original.jpg,data/raw/pohutukawa/645963276.jpg,430215,004bb11b6d9e55d1ff718a44f297d0c9,1536,2048,2026-09-11T17:26:43+1200,train
pohutukawa,plant,Pōhutukawa,Metrosideros excelsa,4670580,5657642,cc-by,"(c) Jacqui Geux, some rights reserved (CC BY)",2016-11-30,122905,Metrosideros excelsa,https://inaturalist-open-data.s3.amazonaws.com/photos/5657642/large.jpeg,https://inaturalist-open-data.s3.amazonaws.com/photos/5657642/original.jpeg,data/raw/pohutukawa/5657642.jpg,119391,bdd7956bf9d6b3a9d06f401371582887,1600,1200,2026-09-11T17:26:43+1200,train
pohutukawa,plant,Pōhutukawa,Metrosideros excelsa,4758491,5789809,cc0,no rights reserved,2016-12-10,122905,Metrosideros excelsa,https://inaturalist-open-data.s3.amazonaws.com/photos/5789809/large.jpg,https://inaturalist-open-data.s3.amazonaws.com/photos/5789809/original.jpg,data/raw/pohutukawa/5789809.jpg,603571,b5a07ba97ae121a1cda20ec4e831e6e6,2001,2048,2026-09-11T17:26:43+1200,train
pohutukawa,plant,Pōhutukawa,Metrosideros excelsa,76307720,124825735,cc-by,"(c) Samuel Brown, some rights reserved (CC BY)",2021-05-01,122905,Metrosideros excelsa,https://inaturalist-open-data.s3.amazonaws.com/photos/124825735/large.jpg,https://inaturalist-open-data.s3.amazonaws.com/photos/124825735/original.jpg,data/raw/pohutukawa/124825735.jpg,361276,db85f8a4a355d28e58de7d8fb9b6a20f,1536,2048,2026-09-11T17:26:43+1200,train
pohutukawa,plant,Pōhutukawa,Metrosideros excelsa,91810014,151918333,cc-by,"(c) Andrea Gantzer, some rights reserved (CC BY)",2019-09-21,122905,Metrosideros excelsa,https://inaturalist-open-data.s3.amazonaws.com/photos/151918333/large.jpeg,https://inaturalist-open-data.s3.amazonaws.com/photos/151918333/original.jpeg,data/raw/pohutukawa/151918333.jpg,364006,1a12aedf42ad0e54bcf53ebf8196cc3d,2048,1530,2026-09-11T17:26:43+1200,train
pohutukawa,plant,Pōhutukawa,Metrosideros excelsa,36401619,57537610,cc-by,"(c) Jacqui Geux, some rights reserved (CC BY)",2019-12-04,122905,Metrosideros excelsa,https://inaturalist-open-data.s3.amazonaws.com/photos/57537610/large.jpeg,https://inaturalist-open-data.s3.amazonaws.com/photos/57537610/original.jpeg,data/raw/pohutukawa/57537610.jpg,379440,db87d5cc453f08036864c5f024da4d51,1600,1200,2026-09-11T17:26:43+1200,train
pohutukawa,plant,Pōhutukawa,Metrosideros excelsa,37609225,59653311,cc-by,"(c) Jacqui Geux, some rights reserved (CC BY)",2020-01-15,122905,Metrosideros excelsa,https://inaturalist-open-data.s3.amazonaws.com/photos/59653311/large.jpeg,https://inaturalist-open-data.s3.amazonaws.com/photos/59653311/original.jpeg,data/raw/pohutukawa/59653311.jpg,216571,1be371387f273ab6d8bc9ab97a15b63f,1600,1200,2026-09-11T17:26:43+1200,train
pohutukawa,plant,Pōhutukawa,Metrosideros excelsa,38167689,60620339,cc-by,"(c) naturewatchwidow, some rights reserved (CC BY)",2020-02-01,122905,Metrosideros excelsa,https://inaturalist-open-data.s3.amazonaws.com/photos/60620339/large.jpeg,https://inaturalist-open-data.s3.amazonaws.com/photos/60620339/original.jpeg,data/raw/pohutukawa/60620339.jpg,524763,a0e23cc08583013e5c2be0d49de77f55,2048,1536,2026-09-11T17:26:43+1200,train
pohutukawa,plant,Pōhutukawa,Metrosideros excelsa,38621017,61406381,cc-by,"(c) Sue Carnahan, some rights reserved (CC BY)",2019-11-14,122905,Metrosideros excelsa,https://inaturalist-open-data.s3.amazonaws.com/photos/61406381/large.jpeg,https://inaturalist-open-data.s3.amazonaws.com/photos/61406381/original.jpeg,data/raw/pohutukawa/61406381.jpg,557924,262f37c00e462ce9d5aff43f876479c3,2048,1536,2026-09-11T17:26:43+1200,train
pohutukawa,plant,Pōhutukawa,Metrosideros excelsa,391282671,716949918,cc0,no rights reserved,2026-08-15,122905,Metrosideros excelsa,https://inaturalist-open-data.s3.amazonaws.com/photos/716949918/large.jpg,https://inaturalist-open-data.s3.amazonaws.com/photos/716949918/original.jpg,data/raw/pohutukawa/716949918.jpg,549647,6dcd880aa475f3819a75eabe672e6c40,1536,2048,2026-09-11T17:26:43+1200,train
pohutukawa,plant,Pōhutukawa,Metrosideros excelsa,203234869,359048988,cc-by,"(c) Mark Richman, some rights reserved (CC BY)",2023-12-03,122905,Metrosideros excelsa,https://inaturalist-open-data.s3.amazonaws.com/photos/359048988/large.jpg,https://inaturalist-open-data.s3.amazonaws.com/photos/359048988/original.jpg,data/raw/pohutukawa/359048988.jpg,579990,ee0428f4b507e496afae9afe1c567701,1536,2048,2026-09-11T17:26:43+1200,train
pohutukawa,plant,Pōhutukawa,Metrosideros excelsa,339670274,617950373,cc0,no rights reserved,2026-02-10,122905,Metrosideros excelsa,https://inaturalist-open-data.s3.amazonaws.com/photos/617950373/large.jpg,https://inaturalist-open-data.s3.amazonaws.com/photos/617950373/original.jpg,data/raw/pohutukawa/617950373.jpg,334505,dd490bd0e05738765b683ae63aca5056,2048,1365,2026-09-11T17:26:43+1200,train
pohutukawa,plant,Pōhutukawa,Metrosideros excelsa,340002507,618634031,cc-by,"(c) Emily Roberts, some rights reserved (CC BY)",2026-02-24,122905,Metrosideros excelsa,https://inaturalist-open-data.s3.amazonaws.com/photos/618634031/large.jpg,https://inaturalist-open-data.s3.amazonaws.com/photos/618634031/original.jpg,data/raw/pohutukawa/618634031.jpg,224691,429088e5a0e0f7d869bb9628192041c0,1536,2048,2026-09-11T17:26:43+1200,train
pohutukawa,plant,Pōhutukawa,Metrosideros excelsa,339504023,617620474,cc0,no rights reserved,2026-01-31,122905,Metrosideros excelsa,https://inaturalist-open-data.s3.amazonaws.com/photos/617620474/large.jpg,https://inaturalist-open-data.s3.amazonaws.com/photos/617620474/original.jpg,data/raw/pohutukawa/617620474.jpg,688524,df9bc1f14210b2a901d45f3ddb6f73cb,1152,2048,2026-09-11T17:26:43+1200,train
pohutukawa,plant,Pōhutukawa,Metrosideros excelsa,141593189,242608651,cc-by,"(c) nick_goldwater, some rights reserved (CC BY)",2022-11-10,122905,Metrosideros excelsa,https://inaturalist-open-data.s3.amazonaws.com/photos/242608651/large.jpg,https://inaturalist-open-data.s3.amazonaws.com/photos/242608651/original.jpg,data/raw/pohutukawa/242608651.jpg,628079,4f49d71006e4f371a0f7b5dbe91fab2a,1536,2048,2026-09-11T17:26:43+1200,train
pohutukawa,plant,Pōhutukawa,Metrosideros excelsa,177782994,309246635,cc-by,"(c) Leon Perrie, some rights reserved (CC BY)",2023-08-11,122905,Metrosideros excelsa,https://inaturalist-open-data.s3.amazonaws.com/photos/309246635/large.jpeg,https://inaturalist-open-data.s3.amazonaws.com/photos/309246635/original.jpeg,data/raw/pohutukawa/309246635.jpg,321356,d49c6583b0a564cc51eab07e6fdc831d,2048,1536,2026-09-11T17:26:43+1200,train
pohutukawa,plant,Pōhutukawa,Metrosideros excelsa,286436810,514942845,cc-by,"(c) Michael Keith, some rights reserved (CC BY)",2025-06-03,122905,Metrosideros excelsa,https://inaturalist-open-data.s3.amazonaws.com/photos/514942845/large.jpg,https://inaturalist-open-data.s3.amazonaws.com/photos/514942845/original.jpg,data/raw/pohutukawa/514942845.jpg,1344226,29e5ead46db8d22d949fcb1d2f2ae624,1536,2048,2026-09-11T17:26:43+1200,train
pohutukawa,plant,Pōhutukawa,Metrosideros excelsa,286436954,514943107,cc-by,"(c) Michael Keith, some rights reserved (CC BY)",2025-06-03,122905,Metrosideros excelsa,https://inaturalist-open-data.s3.amazonaws.com/photos/514943107/large.jpg,https://inaturalist-open-data.s3.amazonaws.com/photos/514943107/original.jpg,data/raw/pohutukawa/514943107.jpg,1297911,9bc6b8f5e6354089e85ccb08ae0a9b09,1536,2048,2026-09-11T17:26:43+1200,train
pohutukawa,plant,Pōhutukawa,Metrosideros excelsa,286437012,514943236,cc-by,"(c) Michael Keith, some rights reserved (CC BY)",2025-06-03,122905,Metrosideros excelsa,https://inaturalist-open-data.s3.amazonaws.com/photos/514943236/large.jpg,https://inaturalist-open-data.s3.amazonaws.com/photos/514943236/original.jpg,data/raw/pohutukawa/514943236.jpg,1197374,5e274ac0f7cf0a3ea76a07c0e64e1a7b,1536,2048,2026-09-11T17:26:43+1200,train
pohutukawa,plant,Pōhutukawa,Metrosideros excelsa,352424028,643239365,cc-by,"(c) naturewatchwidow, some rights reserved (CC BY)",2026-04-24,122905,Metrosideros excelsa,https://inaturalist-open-data.s3.amazonaws.com/photos/643239365/large.jpg,https://inaturalist-open-data.s3.amazonaws.com/photos/643239365/original.jpg,data/raw/pohutukawa/643239365.jpg,795138,b712e099f9c7129e7d664ab7b8acac8b,1536,2048,2026-09-11T17:26:43+1200,train
pohutukawa,plant,Pōhutukawa,Metrosideros excelsa,354168961,646125065,cc-by,"(c) Michael Keith, some rights reserved (CC BY)",2026-04-26,122905,Metrosideros excelsa,https://inaturalist-open-data.s3.amazonaws.com/photos/646125065/large.jpg,https://inaturalist-open-data.s3.amazonaws.com/photos/646125065/original.jpg,data/raw/pohutukawa/646125065.jpg,375832,f8a39a5736958d38f3cd96e6f507cfd3,1536,2048,2026-09-11T17:26:43+1200,train
pohutukawa,plant,Pōhutukawa,Metrosideros excelsa,356693614,650494381,cc0,no rights reserved,2026-04-30,122905,Metrosideros excelsa,https://inaturalist-open-data.s3.amazonaws.com/photos/650494381/large.jpg,https://inaturalist-open-data.s3.amazonaws.com/photos/650494381/original.jpg,data/raw/pohutukawa/650494381.jpg,642301,71b7a5b382fb859b795a6820b18b79b6,1542,2048,2026-09-11T17:26:43+1200,train
pohutukawa,plant,Pōhutukawa,Metrosideros excelsa,298857996,538369066,cc-by,"(c) Saryu Mae 前 朝琉, some rights reserved (CC BY)",2025-06-07,122905,Metrosideros excelsa,https://inaturalist-open-data.s3.amazonaws.com/photos/538369066/large.jpg,https://inaturalist-open-data.s3.amazonaws.com/photos/538369066/original.jpg,data/raw/pohutukawa/538369066.jpg,175494,e85eb5e2401a832b68c9cdbaeb5ab34a,2048,1365,2026-09-11T17:26:43+1200,train
pohutukawa,plant,Pōhutukawa,Metrosideros excelsa,1731834,2098584,cc-by,"(c) Bruce Calvert, some rights reserved (CC BY)",2015-07-07,122905,Metrosideros excelsa,https://inaturalist-open-data.s3.amazonaws.com/photos/2098584/large.JPG,https://inaturalist-open-data.s3.amazonaws.com/photos/2098584/original.JPG,data/raw/pohutukawa/2098584.jpg,131916,b67d3da5f4137f4a63cb2d5976a804d5,640,480,2026-09-11T17:26:43+1200,train
pohutukawa,plant,Pōhutukawa,Metrosideros excelsa,979637,1191478,cc-by,"(c) Jon Sullivan, some rights reserved (CC BY)",2013-11-29,122905,Metrosideros excelsa,https://inaturalist-open-data.s3.amazonaws.com/photos/1191478/large.jpg,https://inaturalist-open-data.s3.amazonaws.com/photos/1191478/original.jpg,data/raw/pohutukawa/1191478.jpg,478033,465c55260696489492db55c21f775ba1,2048,1357,2026-09-11T17:26:43+1200,train
pohutukawa,plant,Pōhutukawa,Metrosideros excelsa,1004682,1196957,cc-by,"(c) Jon Sullivan, some rights reserved (CC BY)",2014-05-24,122905,Metrosideros excelsa,https://inaturalist-open-data.s3.amazonaws.com/photos/1196957/large.jpg,https://inaturalist-open-data.s3.amazonaws.com/photos/1196957/original.jpg,data/raw/pohutukawa/1196957.jpg,259933,ad0b861fabed5e1f92fb5697f17a33d7,1536,2048,2026-09-11T17:26:43+1200,train
pohutukawa,plant,Pōhutukawa,Metrosideros excelsa,9083952,12267762,cc0,no rights reserved,2017-12-07,122905,Metrosideros excelsa,https://inaturalist-open-data.s3.amazonaws.com/photos/12267762/large.jpg,https://inaturalist-open-data.s3.amazonaws.com/photos/12267762/original.jpg,data/raw/pohutukawa/12267762.jpg,1315908,f8d56231a2f610110f4476573eb3ffeb,1645,2048,2026-09-11T17:26:43+1200,train
pohutukawa,plant,Pōhutukawa,Metrosideros excelsa,7566649,9879637,cc-by,"(c) Jon Sullivan, some rights reserved (CC BY)",2017-07-22,122905,Metrosideros excelsa,https://inaturalist-open-data.s3.amazonaws.com/photos/9879637/large.jpg,https://inaturalist-open-data.s3.amazonaws.com/photos/9879637/original.jpg,data/raw/pohutukawa/9879637.jpg,354693,f56dc672f8c1cbc006b5f7be533ee12b,2048,1536,2026-09-11T17:26:43+1200,train
pohutukawa,plant,Pōhutukawa,Metrosideros excelsa,75985098,124329738,cc-by,"(c) Tim Park, some rights reserved (CC BY)",2021-05-01,122905,Metrosideros excelsa,https://inaturalist-open-data.s3.amazonaws.com/photos/124329738/large.jpg,https://inaturalist-open-data.s3.amazonaws.com/photos/124329738/original.jpg,data/raw/pohutukawa/124329738.jpg,295676,4ecd88c838d64db76582ae6d05df4966,1536,2048,2026-09-11T17:26:43+1200,train
pohutukawa,plant,Pōhutukawa,Metrosideros excelsa,18858708,28892712,cc-by,"(c) John Barkla, some rights reserved (CC BY)",2018-12-01,122905,Metrosideros excelsa,https://inaturalist-open-data.s3.amazonaws.com/photos/28892712/large.jpg,https://inaturalist-open-data.s3.amazonaws.com/photos/28892712/original.jpg,data/raw/pohutukawa/28892712.jpg,194250,47572e308c55122f32e3e00a04c3a52f,2048,1359,2026-09-11T17:26:43+1200,train
pohutukawa,plant,Pōhutukawa,Metrosideros excelsa,19207359,29503025,cc-by,"(c) Jacqui Geux, some rights reserved (CC BY)",2018-12-25,122905,Metrosideros excelsa,https://inaturalist-open-data.s3.amazonaws.com/photos/29503025/large.jpeg,https://inaturalist-open-data.s3.amazonaws.com/photos/29503025/original.jpeg,data/raw/pohutukawa/29503025.jpg,256024,4483ad78a5e1feb88c85fe67aff16e42,1600,1200,2026-09-11T17:26:43+1200,train
pohutukawa,plant,Pōhutukawa,Metrosideros excelsa,36819009,58265268,cc-by,"(c) Lisa Bennett, some rights reserved (CC BY)",2019-12-21,122905,Metrosideros excelsa,https://inaturalist-open-data.s3.amazonaws.com/photos/58265268/large.jpg,https://inaturalist-open-data.s3.amazonaws.com/photos/58265268/original.jpg,data/raw/pohutukawa/58265268.jpg,317646,47104cd047799379076d36b6f50c9d59,1536,2048,2026-09-11T17:26:43+1200,train
pohutukawa,plant,Pōhutukawa,Metrosideros excelsa,101249328,169068528,cc-by,"(c) Oscar Dove, some rights reserved (CC BY)",2021-11-07,122905,Metrosideros excelsa,https://inaturalist-open-data.s3.amazonaws.com/photos/169068528/large.jpeg,https://inaturalist-open-data.s3.amazonaws.com/photos/169068528/original.jpeg,data/raw/pohutukawa/169068528.jpg,874989,2f5b0d212a6f81fe4836c4084bd4fa9d,1538,2048,2026-09-11T17:26:43+1200,train
pohutukawa,plant,Pōhutukawa,Metrosideros excelsa,106058303,178090927,cc-by,"(c) Oscar Dove, some rights reserved (CC BY)",2022-02-02,122905,Metrosideros excelsa,https://inaturalist-open-data.s3.amazonaws.com/photos/178090927/large.jpeg,https://inaturalist-open-data.s3.amazonaws.com/photos/178090927/original.jpeg,data/raw/pohutukawa/178090927.jpg,643754,51e192177ba80fb843b9852d190f1d83,1537,2048,2026-09-11T17:26:43+1200,train
pohutukawa,plant,Pōhutukawa,Metrosideros excelsa,119972296,202865728,cc-by,"(c) Joe Dillon, some rights reserved (CC BY)",2022-06-03,122905,Metrosideros excelsa,https://inaturalist-open-data.s3.amazonaws.com/photos/202865728/large.jpeg,https://inaturalist-open-data.s3.amazonaws.com/photos/202865728/original.jpeg,data/raw/pohutukawa/202865728.jpg,313397,8d53f9de81cc1fdc48f2425436055857,2048,1365,2026-09-11T17:26:43+1200,train
pohutukawa,plant,Pōhutukawa,Metrosideros excelsa,142350235,244030405,cc-by,"(c) Richard Littauer, some rights reserved (CC BY)",2022-11-19,122905,Metrosideros excelsa,https://inaturalist-open-data.s3.amazonaws.com/photos/244030405/large.jpg,https://inaturalist-open-data.s3.amazonaws.com/photos/244030405/original.jpg,data/raw/pohutukawa/244030405.jpg,570986,82e7609488aa1a719871008fd918b4e1,1536,2048,2026-09-11T17:26:43+1200,train
pohutukawa,plant,Pōhutukawa,Metrosideros excelsa,210469301,372260815,cc-by,"(c) Halema J, some rights reserved (CC BY)",2024-04-28,122905,Metrosideros excelsa,https://inaturalist-open-data.s3.amazonaws.com/photos/372260815/large.jpeg,https://inaturalist-open-data.s3.amazonaws.com/photos/372260815/original.jpeg,data/raw/pohutukawa/372260815.jpg,577086,9cee926dddb5bd34b8413840ba677239,2048,1152,2026-09-11T17:26:43+1200,train
pohutukawa,plant,Pōhutukawa,Metrosideros excelsa,107921756,181604035,cc-by,"(c) Leon Perrie, some rights reserved (CC BY)",2022-03-05,122905,Metrosideros excelsa,https://inaturalist-open-data.s3.amazonaws.com/photos/181604035/large.jpeg,https://inaturalist-open-data.s3.amazonaws.com/photos/181604035/original.jpeg,data/raw/pohutukawa/181604035.jpg,906611,6daea1f6a5a74b11f6d8420d07d01616,2048,1536,2026-09-11T17:26:43+1200,train
pohutukawa,plant,Pōhutukawa,Metrosideros excelsa,369696085,675313786,cc0,no rights reserved,2026-05-04,122905,Metrosideros excelsa,https://inaturalist-open-data.s3.amazonaws.com/photos/675313786/large.jpg,https://inaturalist-open-data.s3.amazonaws.com/photos/675313786/original.jpg,data/raw/pohutukawa/675313786.jpg,543069,239d1152ab7d283c342009b725f412f6,1536,2048,2026-09-11T17:26:43+1200,train
pohutukawa,plant,Pōhutukawa,Metrosideros excelsa,275408001,494902669,cc-by,"(c) Emily Roberts, some rights reserved (CC BY)",2025-04-25,122905,Metrosideros excelsa,https://inaturalist-open-data.s3.amazonaws.com/photos/494902669/large.jpg,https://inaturalist-open-data.s3.amazonaws.com/photos/494902669/original.jpg,data/raw/pohutukawa/494902669.jpg,327419,a8aa986042d418a2188ef77c18a6a37c,1536,2048,2026-09-11T17:26:43+1200,train
pohutukawa,plant,Pōhutukawa,Metrosideros excelsa,76836373,125668691,cc-by,"(c) rempson, some rights reserved (CC BY)",2021-05-03,122905,Metrosideros excelsa,https://inaturalist-open-data.s3.amazonaws.com/photos/125668691/large.jpeg,https://inaturalist-open-data.s3.amazonaws.com/photos/125668691/original.jpeg,data/raw/pohutukawa/125668691.jpg,856395,aa144b4a83ec950b3a61e5e7cd43abd8,1536,2048,2026-09-11T17:26:43+1200,train
pohutukawa,plant,Pōhutukawa,Metrosideros excelsa,9083660,12267251,cc0,no rights reserved,2017-12-07,122905,Metrosideros excelsa,https://inaturalist-open-data.s3.amazonaws.com/photos/12267251/large.jpg,https://inaturalist-open-data.s3.amazonaws.com/photos/12267251/original.jpg,data/raw/pohutukawa/12267251.jpg,809002,b93349bfd928a6f25cf0225bfe517ae5,1536,2048,2026-09-11T17:26:43+1200,train
pohutukawa,plant,Pōhutukawa,Metrosideros excelsa,324570522,587486209,cc-by,"(c) Martin Kalfatovic, some rights reserved (CC BY)",2025-10-29,122905,Metrosideros excelsa,https://inaturalist-open-data.s3.amazonaws.com/photos/587486209/large.jpg,https://inaturalist-open-data.s3.amazonaws.com/photos/587486209/original.jpg,data/raw/pohutukawa/587486209.jpg,203881,777feee2bc513207bce3367409082f38,1542,2048,2026-09-11T17:26:43+1200,train
pohutukawa,plant,Pōhutukawa,Metrosideros excelsa,323516407,585392317,cc-by,"(c) Martin Kalfatovic, some rights reserved (CC BY)",2025-10-27,122905,Metrosideros excelsa,https://inaturalist-open-data.s3.amazonaws.com/photos/585392317/large.jpg,https://inaturalist-open-data.s3.amazonaws.com/photos/585392317/original.jpg,data/raw/pohutukawa/585392317.jpg,237639,93c96b09becae309005e9113f8e25c3c,1542,2048,2026-09-11T17:26:43+1200,train
pohutukawa,plant,Pōhutukawa,Metrosideros excelsa,324123919,586597960,cc-by,"(c) Martin Kalfatovic, some rights reserved (CC BY)",2025-10-28,122905,Metrosideros excelsa,https://inaturalist-open-data.s3.amazonaws.com/photos/586597960/large.jpg,https://inaturalist-open-data.s3.amazonaws.com/photos/586597960/original.jpg,data/raw/pohutukawa/586597960.jpg,273398,639a28e413f4f29407d4660ced067e19,1542,2048,2026-09-11T17:26:43+1200,train
pohutukawa,plant,Pōhutukawa,Metrosideros excelsa,272405352,490083915,cc-by,"(c) Michael Berardozzi, some rights reserved (CC BY)",2025-04-23,122905,Metrosideros excelsa,https://inaturalist-open-data.s3.amazonaws.com/photos/490083915/large.jpg,https://inaturalist-open-data.s3.amazonaws.com/photos/490083915/original.jpg,data/raw/pohutukawa/490083915.jpg,1360318,7eb6b40d3eef15e2b19b5649d56e74ec,2048,1536,2026-09-11T17:26:43+1200,train
pohutukawa,plant,Pōhutukawa,Metrosideros excelsa,263361914,473113057,cc-by,"(c) ian_mcallan, some rights reserved (CC BY)",2025-02-17,122905,Metrosideros excelsa,https://inaturalist-open-data.s3.amazonaws.com/photos/473113057/large.jpeg,https://inaturalist-open-data.s3.amazonaws.com/photos/473113057/original.jpeg,data/raw/pohutukawa/473113057.jpg,334648,a3c8b3b439426a8b873c2264599251ac,2048,1536,2026-09-11T17:26:43+1200,train
pohutukawa,plant,Pōhutukawa,Metrosideros excelsa,272801711,490798620,cc-by,"(c) Heidi Meudt, some rights reserved (CC BY)",2025-04-25,122905,Metrosideros excelsa,https://inaturalist-open-data.s3.amazonaws.com/photos/490798620/large.jpeg,https://inaturalist-open-data.s3.amazonaws.com/photos/490798620/original.jpeg,data/raw/pohutukawa/490798620.jpg,872676,b7505a48e44ffee4607390d693053cfe,1536,2048,2026-09-11T17:26:43+1200,train
pohutukawa,plant,Pōhutukawa,Metrosideros excelsa,274603980,493625068,cc-by,"(c) Emily Roberts, some rights reserved (CC BY)",2025-04-27,122905,Metrosideros excelsa,https://inaturalist-open-data.s3.amazonaws.com/photos/493625068/large.jpg,https://inaturalist-open-data.s3.amazonaws.com/photos/493625068/original.jpg,data/raw/pohutukawa/493625068.jpg,412989,c4da5d3bd2881fec10250d2c208fadca,1536,2048,2026-09-11T17:26:43+1200,train
pohutukawa,plant,Pōhutukawa,Metrosideros excelsa,204702779,361855196,cc-by,"(c) Leon Perrie, some rights reserved (CC BY)",2024-03-31,122905,Metrosideros excelsa,https://inaturalist-open-data.s3.amazonaws.com/photos/361855196/large.jpeg,https://inaturalist-open-data.s3.amazonaws.com/photos/361855196/original.jpeg,data/raw/pohutukawa/361855196.jpg,293564,442a66062bee52964c69aa337550250c,1536,2048,2026-09-11T17:26:43+1200,train
pohutukawa,plant,Pōhutukawa,Metrosideros excelsa,18840322,28861086,cc0,no rights reserved,2018-12-02,122905,Metrosideros excelsa,https://inaturalist-open-data.s3.amazonaws.com/photos/28861086/large.jpeg,https://inaturalist-open-data.s3.amazonaws.com/photos/28861086/original.jpeg,data/raw/pohutukawa/28861086.jpg,247351,ce049e3bb642370e6950c3daec51ddca,2048,1536,2026-09-11T17:26:43+1200,train
pohutukawa,plant,Pōhutukawa,Metrosideros excelsa,182920945,319029002,cc-by,"(c) Joe Dillon, some rights reserved (CC BY)",2023-09-08,122905,Metrosideros excelsa,https://inaturalist-open-data.s3.amazonaws.com/photos/319029002/large.jpeg,https://inaturalist-open-data.s3.amazonaws.com/photos/319029002/original.jpeg,data/raw/pohutukawa/319029002.jpg,413758,e434d8932491394e447724aed2b862e5,2048,1365,2026-09-11T17:26:43+1200,train
pohutukawa,plant,Pōhutukawa,Metrosideros excelsa,2512655,2824269,cc0,no rights reserved,2015-12-29,122905,Metrosideros excelsa,https://inaturalist-open-data.s3.amazonaws.com/photos/2824269/large.jpg,https://inaturalist-open-data.s3.amazonaws.com/photos/2824269/original.jpg,data/raw/pohutukawa/2824269.jpg,1276316,8a6516695b0dc695db48376d5c5450bb,2004,2048,2026-09-11T17:26:43+1200,train
pohutukawa,plant,Pōhutukawa,Metrosideros excelsa,30083486,46981195,cc-by,"(c) Brett Sandford, some rights reserved (CC BY)",2019-08-03,122905,Metrosideros excelsa,https://inaturalist-open-data.s3.amazonaws.com/photos/46981195/large.jpeg,https://inaturalist-open-data.s3.amazonaws.com/photos/46981195/original.jpeg,data/raw/pohutukawa/46981195.jpg,615937,d2446b106468dad95822ecfbe6b66fe4,2048,1536,2026-09-11T17:26:43+1200,train
pohutukawa,plant,Pōhutukawa,Metrosideros excelsa,101971193,170368977,cc-by,"(c) Keith S, some rights reserved (CC BY)",2021-11-27,122905,Metrosideros excelsa,https://inaturalist-open-data.s3.amazonaws.com/photos/170368977/large.jpeg,https://inaturalist-open-data.s3.amazonaws.com/photos/170368977/original.jpeg,data/raw/pohutukawa/170368977.jpg,662644,c179bb9bd46d5e98b64ee2c7f87da60f,1536,2048,2026-09-11T17:26:43+1200,train
pohutukawa,plant,Pōhutukawa,Metrosideros excelsa,36513321,57728194,cc-by,"(c) Jacqui Geux, some rights reserved (CC BY)",2019-12-08,122905,Metrosideros excelsa,https://inaturalist-open-data.s3.amazonaws.com/photos/57728194/large.jpeg,https://inaturalist-open-data.s3.amazonaws.com/photos/57728194/original.jpeg,data/raw/pohutukawa/57728194.jpg,316968,965874e68e95f603f2c98b081f664d96,1600,1067,2026-09-11T17:26:43+1200,train
pohutukawa,plant,Pōhutukawa,Metrosideros excelsa,273491501,491880038,cc0,no rights reserved,2025-04-26,122905,Metrosideros excelsa,https://inaturalist-open-data.s3.amazonaws.com/photos/491880038/large.jpeg,https://inaturalist-open-data.s3.amazonaws.com/photos/491880038/original.jpeg,data/raw/pohutukawa/491880038.jpg,594515,21c6841ae0d016b64520cbba89325ee2,1152,2048,2026-09-11T17:26:43+1200,train
ti_kouka,plant,Tī kōuka (cabbage tree),Cordyline australis,66626066,107448077,cc0,no rights reserved,2020-12-16,50191,Cordyline australis,https://inaturalist-open-data.s3.amazonaws.com/photos/107448077/large.jpg,https://inaturalist-open-data.s3.amazonaws.com/photos/107448077/original.jpg,data/raw/ti_kouka/107448077.jpg,507784,85a7001b698f3952b9e44302055aa71e,1536,2048,2026-09-11T17:27:59+1200,train
ti_kouka,plant,Tī kōuka (cabbage tree),Cordyline australis,140326129,240192690,cc0,no rights reserved,2022-10-29,50191,Cordyline australis,https://inaturalist-open-data.s3.amazonaws.com/photos/240192690/large.jpeg,https://inaturalist-open-data.s3.amazonaws.com/photos/240192690/original.jpeg,data/raw/ti_kouka/240192690.jpg,629813,ff59dd7774c1f7e601f7770f20a52c72,2048,1536,2026-09-11T17:27:59+1200,train
ti_kouka,plant,Tī kōuka (cabbage tree),Cordyline australis,213374303,377080305,cc-by,"(c) Jon Sullivan, some rights reserved (CC BY)",2024-04-28,50191,Cordyline australis,https://inaturalist-open-data.s3.amazonaws.com/photos/377080305/large.jpg,https://inaturalist-open-data.s3.amazonaws.com/photos/377080305/original.jpg,data/raw/ti_kouka/377080305.jpg,281137,fb4fd6074fc59972c8a15d2681d0b35b,1365,2048,2026-09-11T17:27:59+1200,train
ti_kouka,plant,Tī kōuka (cabbage tree),Cordyline australis,212844740,376137693,cc-by,"(c) Jon Sullivan, some rights reserved (CC BY)",2024-04-28,50191,Cordyline australis,https://inaturalist-open-data.s3.amazonaws.com/photos/376137693/large.jpg,https://inaturalist-open-data.s3.amazonaws.com/photos/376137693/original.jpg,data/raw/ti_kouka/376137693.jpg,299182,7fa1d7908500eee4f4a27b5df1787e5f,1365,2048,2026-09-11T17:27:59+1200,train
ti_kouka,plant,Tī kōuka (cabbage tree),Cordyline australis,145244584,249465247,cc-by,"(c) William Harland, some rights reserved (CC BY)",2022-12-28,50191,Cordyline australis,https://inaturalist-open-data.s3.amazonaws.com/photos/249465247/large.jpeg,https://inaturalist-open-data.s3.amazonaws.com/photos/249465247/original.jpeg,data/raw/ti_kouka/249465247.jpg,392999,4cb268f570f68cbdfaa464a97fa850a9,1350,2048,2026-09-11T17:27:59+1200,train
ti_kouka,plant,Tī kōuka (cabbage tree),Cordyline australis,56115290,89397372,cc0,no rights reserved,2020-07-04,50191,Cordyline australis,https://inaturalist-open-data.s3.amazonaws.com/photos/89397372/large.jpeg,https://inaturalist-open-data.s3.amazonaws.com/photos/89397372/original.jpeg,data/raw/ti_kouka/89397372.jpg,478308,1c296aed6884828c1cacf932adcbeea4,1536,2048,2026-09-11T17:27:59+1200,train
ti_kouka,plant,Tī kōuka (cabbage tree),Cordyline australis,144719235,248448975,cc-by,"(c) Joe Potter Butler, some rights reserved (CC BY)",2022-12-20,50191,Cordyline australis,https://inaturalist-open-data.s3.amazonaws.com/photos/248448975/large.jpeg,https://inaturalist-open-data.s3.amazonaws.com/photos/248448975/original.jpeg,data/raw/ti_kouka/248448975.jpg,830737,69eb3161701ed4e84142b2936691be13,2048,1536,2026-09-11T17:27:59+1200,train
ti_kouka,plant,Tī kōuka (cabbage tree),Cordyline australis,352436596,643262620,cc-by,"(c) Colin Meurk, some rights reserved (CC BY)",2026-04-24,50191,Cordyline australis,https://inaturalist-open-data.s3.amazonaws.com/photos/643262620/large.jpg,https://inaturalist-open-data.s3.amazonaws.com/photos/643262620/original.jpg,data/raw/ti_kouka/643262620.jpg,653536,a36d6a1f1b93742701d7086a067940fd,1536,2048,2026-09-11T17:27:59+1200,train
ti_kouka,plant,Tī kōuka (cabbage tree),Cordyline australis,353225721,644546175,cc-by,"(c) Taylor Davies-Colley, some rights reserved (CC BY)",2026-04-25,50191,Cordyline australis,https://inaturalist-open-data.s3.amazonaws.com/photos/644546175/large.jpg,https://inaturalist-open-data.s3.amazonaws.com/photos/644546175/original.jpg,data/raw/ti_kouka/644546175.jpg,515603,ea0a0256fe26641411caa490dcad9d2f,1536,2048,2026-09-11T17:27:59+1200,train
ti_kouka,plant,Tī kōuka (cabbage tree),Cordyline australis,305961899,551713102,cc-by,"(c) Tim Park, some rights reserved (CC BY)",2025-08-13,50191,Cordyline australis,https://inaturalist-open-data.s3.amazonaws.com/photos/551713102/large.jpg,https://inaturalist-open-data.s3.amazonaws.com/photos/551713102/original.jpg,data/raw/ti_kouka/551713102.jpg,835389,c38d8bb5d4bb91504fc33306fc04d430,2048,1152,2026-09-11T17:27:59+1200,train
ti_kouka,plant,Tī kōuka (cabbage tree),Cordyline australis,359646436,656135758,cc-by,"(c) Jon Sullivan, some rights reserved (CC BY)",2026-04-25,50191,Cordyline australis,https://inaturalist-open-data.s3.amazonaws.com/photos/656135758/large.jpg,https://inaturalist-open-data.s3.amazonaws.com/photos/656135758/original.jpg,data/raw/ti_kouka/656135758.jpg,614882,684510f3bbd1a147c989419682e4bb64,1365,2048,2026-09-11T17:27:59+1200,train
ti_kouka,plant,Tī kōuka (cabbage tree),Cordyline australis,359646534,656137202,cc-by,"(c) Jon Sullivan, some rights reserved (CC BY)",2026-04-25,50191,Cordyline australis,https://inaturalist-open-data.s3.amazonaws.com/photos/656137202/large.jpg,https://inaturalist-open-data.s3.amazonaws.com/photos/656137202/original.jpg,data/raw/ti_kouka/656137202.jpg,476567,12d025f3289d7a05ccaedc8dccdc4adc,1365,2048,2026-09-11T17:27:59+1200,train
ti_kouka,plant,Tī kōuka (cabbage tree),Cordyline australis,360057900,656914471,cc-by,"(c) Jon Sullivan, some rights reserved (CC BY)",2026-04-27,50191,Cordyline australis,https://inaturalist-open-data.s3.amazonaws.com/photos/656914471/large.jpg,https://inaturalist-open-data.s3.amazonaws.com/photos/656914471/original.jpg,data/raw/ti_kouka/656914471.jpg,674766,932acdb549284f28be99a0ca64682d9b,2048,1365,2026-09-11T17:27:59+1200,train
ti_kouka,plant,Tī kōuka (cabbage tree),Cordyline australis,359999416,656450652,cc-by,"(c) Jon Sullivan, some rights reserved (CC BY)",2026-04-26,50191,Cordyline australis,https://inaturalist-open-data.s3.amazonaws.com/photos/656450652/large.jpg,https://inaturalist-open-data.s3.amazonaws.com/photos/656450652/original.jpg,data/raw/ti_kouka/656450652.jpg,626546,ff232d43e3baedc4764d6cb92edd8338,2048,1365,2026-09-11T17:27:59+1200,train
ti_kouka,plant,Tī kōuka (cabbage tree),Cordyline australis,246403697,439881800,cc-by,"(c) Tom Beard, some rights reserved (CC BY)",2024-10-04,50191,Cordyline australis,https://inaturalist-open-data.s3.amazonaws.com/photos/439881800/large.jpeg,https://inaturalist-open-data.s3.amazonaws.com/photos/439881800/original.jpeg,data/raw/ti_kouka/439881800.jpg,534481,5789a3633eddc865c8547551dea16e9e,2048,1536,2026-09-11T17:27:59+1200,train
ti_kouka,plant,Tī kōuka (cabbage tree),Cordyline australis,176547536,306951346,cc0,no rights reserved,2023-08-04,50191,Cordyline australis,https://inaturalist-open-data.s3.amazonaws.com/photos/306951346/large.jpg,https://inaturalist-open-data.s3.amazonaws.com/photos/306951346/original.jpg,data/raw/ti_kouka/306951346.jpg,506204,552184ded0e096712286d439c42334a9,1536,2048,2026-09-11T17:27:59+1200,train
ti_kouka,plant,Tī kōuka (cabbage tree),Cordyline australis,247503975,442055262,cc0,no rights reserved,2024-03-19,50191,Cordyline australis,https://inaturalist-open-data.s3.amazonaws.com/photos/442055262/large.jpeg,https://inaturalist-open-data.s3.amazonaws.com/photos/442055262/original.jpeg,data/raw/ti_kouka/442055262.jpg,443150,aedbb0f45fe10874a11d773f0d4d7153,1365,2048,2026-09-11T17:27:59+1200,train
ti_kouka,plant,Tī kōuka (cabbage tree),Cordyline australis,245655892,438405223,cc-by,"(c) Michael Berardozzi, some rights reserved (CC BY)",2024-10-05,50191,Cordyline australis,https://inaturalist-open-data.s3.amazonaws.com/photos/438405223/large.jpeg,https://inaturalist-open-data.s3.amazonaws.com/photos/438405223/original.jpeg,data/raw/ti_kouka/438405223.jpg,1286610,07fd36eab6c0b8a4fbd06fdc5ddd5b7c,1536,2048,2026-09-11T17:27:59+1200,train
ti_kouka,plant,Tī kōuka (cabbage tree),Cordyline australis,253123251,453174923,cc-by,"(c) Tim Park, some rights reserved (CC BY)",2024-11-25,50191,Cordyline australis,https://inaturalist-open-data.s3.amazonaws.com/photos/453174923/large.jpeg,https://inaturalist-open-data.s3.amazonaws.com/photos/453174923/original.jpeg,data/raw/ti_kouka/453174923.jpg,368277,0162e7d6cadcf276b16d73f9f2041364,1152,2048,2026-09-11T17:27:59+1200,train
ti_kouka,plant,Tī kōuka (cabbage tree),Cordyline australis,240482506,428451966,cc-by,"(c) Nathan Odgers, some rights reserved (CC BY)",2024-09-08,50191,Cordyline australis,https://inaturalist-open-data.s3.amazonaws.com/photos/428451966/large.jpeg,https://inaturalist-open-data.s3.amazonaws.com/photos/428451966/original.jpeg,data/raw/ti_kouka/428451966.jpg,384051,25c181fdd1830f2c2e804c5ab10f80fc,1536,2048,2026-09-11T17:27:59+1200,train
ti_kouka,plant,Tī kōuka (cabbage tree),Cordyline australis,57128225,91098442,cc-by,"(c) Yves Bas, some rights reserved (CC BY)",2010-12-06,50191,Cordyline australis,https://inaturalist-open-data.s3.amazonaws.com/photos/91098442/large.jpeg,https://inaturalist-open-data.s3.amazonaws.com/photos/91098442/original.jpeg,data/raw/ti_kouka/91098442.jpg,438959,2dfeee9c9fccb2aa979b261d739d3ddc,2048,1536,2026-09-11T17:27:59+1200,train
ti_kouka,plant,Tī kōuka (cabbage tree),Cordyline australis,373411931,682423978,cc-by,"(c) Hannah Whittall, some rights reserved (CC BY)",2026-06-20,50191,Cordyline australis,https://inaturalist-open-data.s3.amazonaws.com/photos/682423978/large.jpg,https://inaturalist-open-data.s3.amazonaws.com/photos/682423978/original.jpg,data/raw/ti_kouka/682423978.jpg,1335504,bb2d760ee3902f9fde02160ff7af29a0,1536,2048,2026-09-11T17:27:59+1200,train
ti_kouka,plant,Tī kōuka (cabbage tree),Cordyline australis,322696233,583812866,cc-by,"(c) Barrie, some rights reserved (CC BY)",2025-10-24,50191,Cordyline australis,https://inaturalist-open-data.s3.amazonaws.com/photos/583812866/large.jpg,https://inaturalist-open-data.s3.amazonaws.com/photos/583812866/original.jpg,data/raw/ti_kouka/583812866.jpg,842111,96b8f0e156bba697462550a3d70b54d5,1536,2048,2026-09-11T17:27:59+1200,train
ti_kouka,plant,Tī kōuka (cabbage tree),Cordyline australis,323527597,585413984,cc-by,"(c) Martin Kalfatovic, some rights reserved (CC BY)",2025-10-27,50191,Cordyline australis,https://inaturalist-open-data.s3.amazonaws.com/photos/585413984/large.jpg,https://inaturalist-open-data.s3.amazonaws.com/photos/585413984/original.jpg,data/raw/ti_kouka/585413984.jpg,516321,d824eb6789864e30aed1086d85f0e6b9,1542,2048,2026-09-11T17:27:59+1200,train
ti_kouka,plant,Tī kōuka (cabbage tree),Cordyline australis,322877277,584155831,cc-by,"(c) Michael Keith, some rights reserved (CC BY)",2025-10-24,50191,Cordyline australis,https://inaturalist-open-data.s3.amazonaws.com/photos/584155831/large.jpg,https://inaturalist-open-data.s3.amazonaws.com/photos/584155831/original.jpg,data/raw/ti_kouka/584155831.jpg,357332,54a6816952314792968e750aaefe8d81,1536,2048,2026-09-11T17:27:59+1200,train
ti_kouka,plant,Tī kōuka (cabbage tree),Cordyline australis,325619312,589586030,cc-by,"(c) Martin Kalfatovic, some rights reserved (CC BY)",2025-11-05,50191,Cordyline australis,https://inaturalist-open-data.s3.amazonaws.com/photos/589586030/large.jpg,https://inaturalist-open-data.s3.amazonaws.com/photos/589586030/original.jpg,data/raw/ti_kouka/589586030.jpg,350839,ceeffb41fc8568ffa2fe6d39b2478228,1542,2048,2026-09-11T17:27:59+1200,train
ti_kouka,plant,Tī kōuka (cabbage tree),Cordyline australis,338662352,615923057,cc0,no rights reserved,2026-01-29,50191,Cordyline australis,https://inaturalist-open-data.s3.amazonaws.com/photos/615923057/large.jpg,https://inaturalist-open-data.s3.amazonaws.com/photos/615923057/original.jpg,data/raw/ti_kouka/615923057.jpg,481214,aa2498cb2a4959a698c416a9cf38f2c2,2048,1365,2026-09-11T17:27:59+1200,train
ti_kouka,plant,Tī kōuka (cabbage tree),Cordyline australis,339225371,617048374,cc-by,"(c) Tom Beard, some rights reserved (CC BY)",2026-02-14,50191,Cordyline australis,https://inaturalist-open-data.s3.amazonaws.com/photos/617048374/large.jpg,https://inaturalist-open-data.s3.amazonaws.com/photos/617048374/original.jpg,data/raw/ti_kouka/617048374.jpg,1268304,9dd73521924374734255633e4891fac4,1536,2048,2026-09-11T17:27:59+1200,train
ti_kouka,plant,Tī kōuka (cabbage tree),Cordyline australis,343581508,625900391,cc-by,"(c) Nathan Odgers, some rights reserved (CC BY)",2026-03-18,50191,Cordyline australis,https://inaturalist-open-data.s3.amazonaws.com/photos/625900391/large.jpg,https://inaturalist-open-data.s3.amazonaws.com/photos/625900391/original.jpg,data/raw/ti_kouka/625900391.jpg,1281395,afaef26591503d783b336b79a23bac34,1536,2048,2026-09-11T17:27:59+1200,train
ti_kouka,plant,Tī kōuka (cabbage tree),Cordyline australis,393744670,721729265,cc-by,"(c) Jon Sullivan, some rights reserved (CC BY)",2026-08-13,50191,Cordyline australis,https://inaturalist-open-data.s3.amazonaws.com/photos/721729265/large.jpg,https://inaturalist-open-data.s3.amazonaws.com/photos/721729265/original.jpg,data/raw/ti_kouka/721729265.jpg,613208,d2f160b0be9e5b3e63cc68923ac267ab,2048,1365,2026-09-11T17:27:59+1200,train
ti_kouka,plant,Tī kōuka (cabbage tree),Cordyline australis,77572974,126878972,cc-by,"(c) Mark Roper, some rights reserved (CC BY)",2021-05-06,50191,Cordyline australis,https://inaturalist-open-data.s3.amazonaws.com/photos/126878972/large.jpg,https://inaturalist-open-data.s3.amazonaws.com/photos/126878972/original.jpg,data/raw/ti_kouka/126878972.jpg,331510,e151b38c78433a52e128db8d8f8edf7f,1536,2048,2026-09-11T17:27:59+1200,train
ti_kouka,plant,Tī kōuka (cabbage tree),Cordyline australis,77574290,126881126,cc-by,"(c) Mark Roper, some rights reserved (CC BY)",2021-05-06,50191,Cordyline australis,https://inaturalist-open-data.s3.amazonaws.com/photos/126881126/large.jpg,https://inaturalist-open-data.s3.amazonaws.com/photos/126881126/original.jpg,data/raw/ti_kouka/126881126.jpg,289230,28e395c45053ad8ac872e369e9b74b36,1536,2048,2026-09-11T17:27:59+1200,train
ti_kouka,plant,Tī kōuka (cabbage tree),Cordyline australis,1879994,2291255,cc-by,"(c) Jon Sullivan, some rights reserved (CC BY)",2015-08-21,50191,Cordyline australis,https://inaturalist-open-data.s3.amazonaws.com/photos/2291255/large.jpg,https://inaturalist-open-data.s3.amazonaws.com/photos/2291255/original.jpg,data/raw/ti_kouka/2291255.jpg,393143,9b7864c9616270212f75f12f6c718aae,2048,1536,2026-09-11T17:27:59+1200,train
ti_kouka,plant,Tī kōuka (cabbage tree),Cordyline australis,2910311,3330247,cc-by,"(c) Jon Sullivan, some rights reserved (CC BY)",2016-04-09,50191,Cordyline australis,https://inaturalist-open-data.s3.amazonaws.com/photos/3330247/large.jpg,https://inaturalist-open-data.s3.amazonaws.com/photos/3330247/original.jpg,data/raw/ti_kouka/3330247.jpg,349040,fd214d0c6a42a598e76a4d49cd484903,2048,1367,2026-09-11T17:27:59+1200,train
ti_kouka,plant,Tī kōuka (cabbage tree),Cordyline australis,2473148,2768996,cc0,no rights reserved,2015-12-13,50191,Cordyline australis,https://inaturalist-open-data.s3.amazonaws.com/photos/2768996/large.jpeg,https://inaturalist-open-data.s3.amazonaws.com/photos/2768996/original.jpeg,data/raw/ti_kouka/2768996.jpg,576000,e48c8ad653a7c4d401b73a3599fd4cf3,1152,2048,2026-09-11T17:27:59+1200,train
ti_kouka,plant,Tī kōuka (cabbage tree),Cordyline australis,5064997,6213476,cc0,no rights reserved,2017-02-05,50191,Cordyline australis,https://inaturalist-open-data.s3.amazonaws.com/photos/6213476/large.jpg,https://inaturalist-open-data.s3.amazonaws.com/photos/6213476/original.jpg,data/raw/ti_kouka/6213476.jpg,426269,940b8dc6889d763ed04f8fbfe3d4f788,1536,2048,2026-09-11T17:27:59+1200,train
ti_kouka,plant,Tī kōuka (cabbage tree),Cordyline australis,17226080,26119447,cc0,no rights reserved,2018-09-30,50191,Cordyline australis,https://inaturalist-open-data.s3.amazonaws.com/photos/26119447/large.jpeg,https://inaturalist-open-data.s3.amazonaws.com/photos/26119447/original.jpeg,data/raw/ti_kouka/26119447.jpg,378460,b865ac63e066222a3b6d397f98c04398,1536,2048,2026-09-11T17:27:59+1200,train
ti_kouka,plant,Tī kōuka (cabbage tree),Cordyline australis,17527822,26677868,cc0,no rights reserved,2018-10-14,50191,Cordyline australis,https://inaturalist-open-data.s3.amazonaws.com/photos/26677868/large.jpeg,https://inaturalist-open-data.s3.amazonaws.com/photos/26677868/original.jpeg,data/raw/ti_kouka/26677868.jpg,480556,b2ca4a57a777fef532d4bbed517d7fec,1536,2048,2026-09-11T17:27:59+1200,train
ti_kouka,plant,Tī kōuka (cabbage tree),Cordyline australis,12977216,18870134,cc0,no rights reserved,2018-05-31,50191,Cordyline australis,https://inaturalist-open-data.s3.amazonaws.com/photos/18870134/large.jpg,https://inaturalist-open-data.s3.amazonaws.com/photos/18870134/original.jpg,data/raw/ti_kouka/18870134.jpg,317076,d9e71a832a7698dac8e7870f055d4c72,1152,2048,2026-09-11T17:27:59+1200,train
ti_kouka,plant,Tī kōuka (cabbage tree),Cordyline australis,17916437,27367690,cc-by,"(c) Jacqui Geux, some rights reserved (CC BY)",2018-10-28,50191,Cordyline australis,https://inaturalist-open-data.s3.amazonaws.com/photos/27367690/large.jpeg,https://inaturalist-open-data.s3.amazonaws.com/photos/27367690/original.jpeg,data/raw/ti_kouka/27367690.jpg,375078,b5dc1c1b448be0e23ba0b8518aa424b7,1600,1200,2026-09-11T17:27:59+1200,train
ti_kouka,plant,Tī kōuka (cabbage tree),Cordyline australis,18149484,27741772,cc0,no rights reserved,2018-09-06,50191,Cordyline australis,https://inaturalist-open-data.s3.amazonaws.com/photos/27741772/large.jpeg,https://inaturalist-open-data.s3.amazonaws.com/photos/27741772/original.jpeg,data/raw/ti_kouka/27741772.jpg,422048,44e7ed03b1c09003dc8ab813242e8edf,2048,1536,2026-09-11T17:27:59+1200,train
ti_kouka,plant,Tī kōuka (cabbage tree),Cordyline australis,18122393,27707704,cc0,no rights reserved,2018-11-04,50191,Cordyline australis,https://inaturalist-open-data.s3.amazonaws.com/photos/27707704/large.jpeg,https://inaturalist-open-data.s3.amazonaws.com/photos/27707704/original.jpeg,data/raw/ti_kouka/27707704.jpg,490724,010f2d7a477083973dd697b155df08f9,1536,2048,2026-09-11T17:27:59+1200,train
ti_kouka,plant,Tī kōuka (cabbage tree),Cordyline australis,17182824,26040559,cc0,no rights reserved,2018-09-10,50191,Cordyline australis,https://inaturalist-open-data.s3.amazonaws.com/photos/26040559/large.jpeg,https://inaturalist-open-data.s3.amazonaws.com/photos/26040559/original.jpeg,data/raw/ti_kouka/26040559.jpg,481267,9d768e133add1fe140e76414954ac8ae,1536,2048,2026-09-11T17:27:59+1200,train
ti_kouka,plant,Tī kōuka (cabbage tree),Cordyline australis,18509061,28309932,cc-by,"(c) Cara-Lisa Schloots, some rights reserved (CC BY)",2018-11-06,50191,Cordyline australis,https://inaturalist-open-data.s3.amazonaws.com/photos/28309932/large.jpg,https://inaturalist-open-data.s3.amazonaws.com/photos/28309932/original.jpg,data/raw/ti_kouka/28309932.jpg,1107591,0cee87ea24835b3c767bcd9834f89da1,2048,1185,2026-09-11T17:27:59+1200,train
ti_kouka,plant,Tī kōuka (cabbage tree),Cordyline australis,19158109,29417065,cc0,no rights reserved,2018-12-22,50191,Cordyline australis,https://inaturalist-open-data.s3.amazonaws.com/photos/29417065/large.jpeg,https://inaturalist-open-data.s3.amazonaws.com/photos/29417065/original.jpeg,data/raw/ti_kouka/29417065.jpg,192629,418910423e6865de7546abefc0e05dcb,2048,1536,2026-09-11T17:27:59+1200,train
ti_kouka,plant,Tī kōuka (cabbage tree),Cordyline australis,16373968,24619218,cc0,no rights reserved,2018-09-06,50191,Cordyline australis,https://inaturalist-open-data.s3.amazonaws.com/photos/24619218/large.jpeg,https://inaturalist-open-data.s3.amazonaws.com/photos/24619218/original.jpeg,data/raw/ti_kouka/24619218.jpg,331075,374af90fe8bda51930bd0041a7889eb0,2048,1536,2026-09-11T17:27:59+1200,train
ti_kouka,plant,Tī kōuka (cabbage tree),Cordyline australis,17041754,25778855,cc0,no rights reserved,2018-09-29,50191,Cordyline australis,https://inaturalist-open-data.s3.amazonaws.com/photos/25778855/large.jpeg,https://inaturalist-open-data.s3.amazonaws.com/photos/25778855/original.jpeg,data/raw/ti_kouka/25778855.jpg,314257,517ec1b300b720d148e93f09395f1fa5,2048,1536,2026-09-11T17:27:59+1200,train
ti_kouka,plant,Tī kōuka (cabbage tree),Cordyline australis,15870963,23731003,cc0,no rights reserved,2018-08-22,50191,Cordyline australis,https://inaturalist-open-data.s3.amazonaws.com/photos/23731003/large.jpeg,https://inaturalist-open-data.s3.amazonaws.com/photos/23731003/original.jpeg,data/raw/ti_kouka/23731003.jpg,401201,0ce47f7fec560cbce2dafae5b3a4c669,1536,2048,2026-09-11T17:27:59+1200,train
ti_kouka,plant,Tī kōuka (cabbage tree),Cordyline australis,388627905,711790421,cc-by,"(c) Arnim Littek, some rights reserved (CC BY)",2026-08-05,50191,Cordyline australis,https://inaturalist-open-data.s3.amazonaws.com/photos/711790421/large.jpg,https://inaturalist-open-data.s3.amazonaws.com/photos/711790421/original.jpg,data/raw/ti_kouka/711790421.jpg,253449,53f57ee74ff29bf4c8f1c51700a8b836,1536,2048,2026-09-11T17:27:59+1200,train
ti_kouka,plant,Tī kōuka (cabbage tree),Cordyline australis,387070741,708753808,cc0,no rights reserved,2026-08-01,50191,Cordyline australis,https://inaturalist-open-data.s3.amazonaws.com/photos/708753808/large.jpg,https://inaturalist-open-data.s3.amazonaws.com/photos/708753808/original.jpg,data/raw/ti_kouka/708753808.jpg,710547,a476c25a9df60289f63be62a9a9a09fa,1536,2048,2026-09-11T17:27:59+1200,train
ti_kouka,plant,Tī kōuka (cabbage tree),Cordyline australis,333638460,605708525,cc-by,"(c) 謝麗霦, some rights reserved (CC BY)",2026-01-06,50191,Cordyline australis,https://inaturalist-open-data.s3.amazonaws.com/photos/605708525/large.jpg,https://inaturalist-open-data.s3.amazonaws.com/photos/605708525/original.jpg,data/raw/ti_kouka/605708525.jpg,487912,be0444bc43a5b6d806f279155a1aeb51,1536,2048,2026-09-11T17:27:59+1200,train
ti_kouka,plant,Tī kōuka (cabbage tree),Cordyline australis,209974068,371483937,cc0,no rights reserved,2024-04-27,50191,Cordyline australis,https://inaturalist-open-data.s3.amazonaws.com/photos/371483937/large.jpg,https://inaturalist-open-data.s3.amazonaws.com/photos/371483937/original.jpg,data/raw/ti_kouka/371483937.jpg,311426,3cdd1c084e09814113963a78f967111f,1536,2048,2026-09-11T17:27:59+1200,train
ti_kouka,plant,Tī kōuka (cabbage tree),Cordyline australis,337904500,614376197,cc-by,"(c) Arnim Littek, some rights reserved (CC BY)",2026-02-06,50191,Cordyline australis,https://inaturalist-open-data.s3.amazonaws.com/photos/614376197/large.jpg,https://inaturalist-open-data.s3.amazonaws.com/photos/614376197/original.jpg,data/raw/ti_kouka/614376197.jpg,329907,5e945c153b1b83ae0bba565d7740cd57,1536,2048,2026-09-11T17:27:59+1200,train
ti_kouka,plant,Tī kōuka (cabbage tree),Cordyline australis,352340012,643080406,cc-by,"(c) Heidi Meudt, some rights reserved (CC BY)",2026-04-24,50191,Cordyline australis,https://inaturalist-open-data.s3.amazonaws.com/photos/643080406/large.jpg,https://inaturalist-open-data.s3.amazonaws.com/photos/643080406/original.jpg,data/raw/ti_kouka/643080406.jpg,774914,1740a603f1862784d187797d24bc81bb,1536,2048,2026-09-11T17:27:59+1200,train
ti_kouka,plant,Tī kōuka (cabbage tree),Cordyline australis,352388741,643171013,cc0,no rights reserved,2026-04-24,50191,Cordyline australis,https://inaturalist-open-data.s3.amazonaws.com/photos/643171013/large.jpg,https://inaturalist-open-data.s3.amazonaws.com/photos/643171013/original.jpg,data/raw/ti_kouka/643171013.jpg,466219,bdb26e1462e21d8cc980c60fb73b1c10,1536,2048,2026-09-11T17:27:59+1200,train
ti_kouka,plant,Tī kōuka (cabbage tree),Cordyline australis,341764781,622234517,cc-by,"(c) Colin Meurk, some rights reserved (CC BY)",2026-03-08,50191,Cordyline australis,https://inaturalist-open-data.s3.amazonaws.com/photos/622234517/large.jpg,https://inaturalist-open-data.s3.amazonaws.com/photos/622234517/original.jpg,data/raw/ti_kouka/622234517.jpg,864303,41d4bc0da723ea14ec9edf447fa867c2,1536,2048,2026-09-11T17:27:59+1200,train
ti_kouka,plant,Tī kōuka (cabbage tree),Cordyline australis,94275503,156369374,cc-by,"(c) Mark Roper, some rights reserved (CC BY)",2021-09-10,50191,Cordyline australis,https://inaturalist-open-data.s3.amazonaws.com/photos/156369374/large.jpg,https://inaturalist-open-data.s3.amazonaws.com/photos/156369374/original.jpg,data/raw/ti_kouka/156369374.jpg,469029,acb0b91afcb0e05cb32d557aec8facb9,1536,2048,2026-09-11T17:27:59+1200,train
ti_kouka,plant,Tī kōuka (cabbage tree),Cordyline australis,28254870,44031940,cc-by,"(c) Jon Sullivan, some rights reserved (CC BY)",2019-01-10,50191,Cordyline australis,https://inaturalist-open-data.s3.amazonaws.com/photos/44031940/large.jpg,https://inaturalist-open-data.s3.amazonaws.com/photos/44031940/original.jpg,data/raw/ti_kouka/44031940.jpg,575238,dfcba6fb417f0562d08697876fe9f749,2048,1536,2026-09-11T17:27:59+1200,train
ti_kouka,plant,Tī kōuka (cabbage tree),Cordyline australis,28196111,43935923,cc0,no rights reserved,2019-07-03,50191,Cordyline australis,https://inaturalist-open-data.s3.amazonaws.com/photos/43935923/large.jpeg,https://inaturalist-open-data.s3.amazonaws.com/photos/43935923/original.jpeg,data/raw/ti_kouka/43935923.jpg,343174,9cf3af70e67039d0eec00ff5f09a3410,1377,2048,2026-09-11T17:27:59+1200,train
ti_kouka,plant,Tī kōuka (cabbage tree),Cordyline australis,23756730,36761754,cc-by,"(c) Barrie, some rights reserved (CC BY)",2019-04-29,50191,Cordyline australis,https://inaturalist-open-data.s3.amazonaws.com/photos/36761754/large.jpeg,https://inaturalist-open-data.s3.amazonaws.com/photos/36761754/original.jpeg,data/raw/ti_kouka/36761754.jpg,652967,4dce8fb609e629b90428c8c9cc325503,1536,2048,2026-09-11T17:27:59+1200,train
ti_kouka,plant,Tī kōuka (cabbage tree),Cordyline australis,101749151,169963005,cc-by,"(c) Arnim Littek, some rights reserved (CC BY)",2021-11-20,50191,Cordyline australis,https://inaturalist-open-data.s3.amazonaws.com/photos/169963005/large.jpeg,https://inaturalist-open-data.s3.amazonaws.com/photos/169963005/original.jpeg,data/raw/ti_kouka/169963005.jpg,247657,928b2d443eace17fa1ec686a0fa73143,2048,1536,2026-09-11T17:27:59+1200,train
ti_kouka,plant,Tī kōuka (cabbage tree),Cordyline australis,100746259,168176548,cc-by,"(c) Jon Sullivan, some rights reserved (CC BY)",2021-11-09,50191,Cordyline australis,https://inaturalist-open-data.s3.amazonaws.com/photos/168176548/large.jpg,https://inaturalist-open-data.s3.amazonaws.com/photos/168176548/original.jpg,data/raw/ti_kouka/168176548.jpg,406573,9848737422846f25af04d8c5d0dd3845,2048,1365,2026-09-11T17:27:59+1200,train
ti_kouka,plant,Tī kōuka (cabbage tree),Cordyline australis,100747138,168177667,cc-by,"(c) Jon Sullivan, some rights reserved (CC BY)",2021-11-09,50191,Cordyline australis,https://inaturalist-open-data.s3.amazonaws.com/photos/168177667/large.jpg,https://inaturalist-open-data.s3.amazonaws.com/photos/168177667/original.jpg,data/raw/ti_kouka/168177667.jpg,284013,be02d5a75729bb73116a2bc8806de9b3,2048,1365,2026-09-11T17:27:59+1200,train
ti_kouka,plant,Tī kōuka (cabbage tree),Cordyline australis,100759047,168198593,cc-by,"(c) Jon Sullivan, some rights reserved (CC BY)",2021-11-09,50191,Cordyline australis,https://inaturalist-open-data.s3.amazonaws.com/photos/168198593/large.jpg,https://inaturalist-open-data.s3.amazonaws.com/photos/168198593/original.jpg,data/raw/ti_kouka/168198593.jpg,411600,d9e004fb901888da8ce8cfb74ccf97bc,2048,1365,2026-09-11T17:27:59+1200,train
ti_kouka,plant,Tī kōuka (cabbage tree),Cordyline australis,37777217,59956481,cc0,no rights reserved,2020-01-19,50191,Cordyline australis,https://inaturalist-open-data.s3.amazonaws.com/photos/59956481/large.jpeg,https://inaturalist-open-data.s3.amazonaws.com/photos/59956481/original.jpeg,data/raw/ti_kouka/59956481.jpg,430726,413646666197fffd763a04b25022344f,1536,2048,2026-09-11T17:27:59+1200,train
ti_kouka,plant,Tī kōuka (cabbage tree),Cordyline australis,106133610,178235638,cc-by,"(c) Oscar Dove, some rights reserved (CC BY)",2022-02-02,50191,Cordyline australis,https://inaturalist-open-data.s3.amazonaws.com/photos/178235638/large.jpeg,https://inaturalist-open-data.s3.amazonaws.com/photos/178235638/original.jpeg,data/raw/ti_kouka/178235638.jpg,874337,28fb039fa40aee8de344a7b599f85f26,1537,2048,2026-09-11T17:27:59+1200,train
ti_kouka,plant,Tī kōuka (cabbage tree),Cordyline australis,211168271,373382216,cc-by,"(c) boytouchgrass, some rights reserved (CC BY)",2024-04-28,50191,Cordyline australis,https://inaturalist-open-data.s3.amazonaws.com/photos/373382216/large.jpg,https://inaturalist-open-data.s3.amazonaws.com/photos/373382216/original.jpg,data/raw/ti_kouka/373382216.jpg,427207,64c3c1b5bcd3a6c0dc7cefd8dfd4a291,1536,2048,2026-09-11T17:27:59+1200,train
ti_kouka,plant,Tī kōuka (cabbage tree),Cordyline australis,141733428,242878199,cc-by,"(c) Beckie Trigg, some rights reserved (CC BY)",2022-11-12,50191,Cordyline australis,https://inaturalist-open-data.s3.amazonaws.com/photos/242878199/large.jpeg,https://inaturalist-open-data.s3.amazonaws.com/photos/242878199/original.jpeg,data/raw/ti_kouka/242878199.jpg,903143,2347dbb16d4243d62d55a720c0da009b,1536,2048,2026-09-11T17:27:59+1200,train
ti_kouka,plant,Tī kōuka (cabbage tree),Cordyline australis,141749438,242908615,cc-by,"(c) Richard Littauer, some rights reserved (CC BY)",2022-11-12,50191,Cordyline australis,https://inaturalist-open-data.s3.amazonaws.com/photos/242908615/large.jpg,https://inaturalist-open-data.s3.amazonaws.com/photos/242908615/original.jpg,data/raw/ti_kouka/242908615.jpg,262413,91da6ee22275f57bbf992a54ee7e0e00,2048,1536,2026-09-11T17:27:59+1200,train
ti_kouka,plant,Tī kōuka (cabbage tree),Cordyline australis,211433274,373807738,cc-by,"(c) Beaulah, some rights reserved (CC BY)",2024-04-29,50191,Cordyline australis,https://inaturalist-open-data.s3.amazonaws.com/photos/373807738/large.jpg,https://inaturalist-open-data.s3.amazonaws.com/photos/373807738/original.jpg,data/raw/ti_kouka/373807738.jpg,467844,3f2c7a82d03e441666f9d4083ae285fb,1533,2048,2026-09-11T17:27:59+1200,train
ti_kouka,plant,Tī kōuka (cabbage tree),Cordyline australis,145300876,249572797,cc-by,"(c) eyrezer, some rights reserved (CC BY)",2022-12-29,50191,Cordyline australis,https://inaturalist-open-data.s3.amazonaws.com/photos/249572797/large.jpg,https://inaturalist-open-data.s3.amazonaws.com/photos/249572797/original.jpg,data/raw/ti_kouka/249572797.jpg,491543,5b31bbfeb1a190454f9cdd7b45e87f9c,1536,2048,2026-09-11T17:27:59+1200,train
ti_kouka,plant,Tī kōuka (cabbage tree),Cordyline australis,143551895,246207270,cc-by,"(c) John Barkla, some rights reserved (CC BY)",2022-12-03,50191,Cordyline australis,https://inaturalist-open-data.s3.amazonaws.com/photos/246207270/large.jpeg,https://inaturalist-open-data.s3.amazonaws.com/photos/246207270/original.jpeg,data/raw/ti_kouka/246207270.jpg,866809,7a4d43c65d60b653ee6e75c2a47a40f0,1542,2048,2026-09-11T17:27:59+1200,train
ti_kouka,plant,Tī kōuka (cabbage tree),Cordyline australis,212106369,374851165,cc-by,"(c) William Harland, some rights reserved (CC BY)",2024-04-29,50191,Cordyline australis,https://inaturalist-open-data.s3.amazonaws.com/photos/374851165/large.jpeg,https://inaturalist-open-data.s3.amazonaws.com/photos/374851165/original.jpeg,data/raw/ti_kouka/374851165.jpg,342900,2e9ec7b407f68dd87737598a8a4dc941,1536,2048,2026-09-11T17:27:59+1200,train
ti_kouka,plant,Tī kōuka (cabbage tree),Cordyline australis,357784828,652597313,cc-by,"(c) Jon Sullivan, some rights reserved (CC BY)",2026-04-24,50191,Cordyline australis,https://inaturalist-open-data.s3.amazonaws.com/photos/652597313/large.jpg,https://inaturalist-open-data.s3.amazonaws.com/photos/652597313/original.jpg,data/raw/ti_kouka/652597313.jpg,481061,7e31f48e69eb405cc6818ee9c7b7dbe6,2048,1536,2026-09-11T17:27:59+1200,train
ti_kouka,plant,Tī kōuka (cabbage tree),Cordyline australis,359410792,655637399,cc-by,"(c) Jon Sullivan, some rights reserved (CC BY)",2026-04-25,50191,Cordyline australis,https://inaturalist-open-data.s3.amazonaws.com/photos/655637399/large.jpg,https://inaturalist-open-data.s3.amazonaws.com/photos/655637399/original.jpg,data/raw/ti_kouka/655637399.jpg,725687,f7145bec85e80ccc14be111d9c2cc85d,1365,2048,2026-09-11T17:27:59+1200,train
ti_kouka,plant,Tī kōuka (cabbage tree),Cordyline australis,359646432,656135755,cc-by,"(c) Jon Sullivan, some rights reserved (CC BY)",2026-04-25,50191,Cordyline australis,https://inaturalist-open-data.s3.amazonaws.com/photos/656135755/large.jpg,https://inaturalist-open-data.s3.amazonaws.com/photos/656135755/original.jpg,data/raw/ti_kouka/656135755.jpg,488627,5a13dd65f2959b394c79c2103002118c,1365,2048,2026-09-11T17:27:59+1200,train
ti_kouka,plant,Tī kōuka (cabbage tree),Cordyline australis,357745961,651999120,cc-by,"(c) Jon Sullivan, some rights reserved (CC BY)",2026-04-24,50191,Cordyline australis,https://inaturalist-open-data.s3.amazonaws.com/photos/651999120/large.jpg,https://inaturalist-open-data.s3.amazonaws.com/photos/651999120/original.jpg,data/raw/ti_kouka/651999120.jpg,488042,bd939f2dcc89ea8197469c0beddd0a21,1365,2048,2026-09-11T17:27:59+1200,train
ti_kouka,plant,Tī kōuka (cabbage tree),Cordyline australis,357839670,652666491,cc-by,"(c) Jon Sullivan, some rights reserved (CC BY)",2026-04-25,50191,Cordyline australis,https://inaturalist-open-data.s3.amazonaws.com/photos/652666491/large.jpg,https://inaturalist-open-data.s3.amazonaws.com/photos/652666491/original.jpg,data/raw/ti_kouka/652666491.jpg,512570,f7e395fb52e4eb1b552d3b062ee96b09,2048,1367,2026-09-11T17:27:59+1200,train
ti_kouka,plant,Tī kōuka (cabbage tree),Cordyline australis,288083014,518037430,cc-by,"(c) Jenny Saito, some rights reserved (CC BY)",2025-06-09,50191,Cordyline australis,https://inaturalist-open-data.s3.amazonaws.com/photos/518037430/large.jpg,https://inaturalist-open-data.s3.amazonaws.com/photos/518037430/original.jpg,data/raw/ti_kouka/518037430.jpg,595571,0164e8de334cc417265912593342748b,1152,2048,2026-09-11T17:27:59+1200,train
ti_kouka,plant,Tī kōuka (cabbage tree),Cordyline australis,337640842,613837987,cc-by,"(c) Joe Potter Butler, some rights reserved (CC BY)",2026-02-07,50191,Cordyline australis,https://inaturalist-open-data.s3.amazonaws.com/photos/613837987/large.jpg,https://inaturalist-open-data.s3.amazonaws.com/photos/613837987/original.jpg,data/raw/ti_kouka/613837987.jpg,909648,3b308e2b78788be878de3789ed737436,1536,2048,2026-09-11T17:27:59+1200,train
ti_kouka,plant,Tī kōuka (cabbage tree),Cordyline australis,200703806,354153798,cc0,no rights reserved,2024-02-26,50191,Cordyline australis,https://inaturalist-open-data.s3.amazonaws.com/photos/354153798/large.jpeg,https://inaturalist-open-data.s3.amazonaws.com/photos/354153798/original.jpeg,data/raw/ti_kouka/354153798.jpg,561735,d95c6dc82a337dbf753870eb80635504,2048,1536,2026-09-11T17:27:59+1200,train
ti_kouka,plant,Tī kōuka (cabbage tree),Cordyline australis,249712758,446443019,cc-by,"(c) Colin Meurk, some rights reserved (CC BY)",2024-10-30,50191,Cordyline australis,https://inaturalist-open-data.s3.amazonaws.com/photos/446443019/large.jpeg,https://inaturalist-open-data.s3.amazonaws.com/photos/446443019/original.jpeg,data/raw/ti_kouka/446443019.jpg,513777,e921ccc084d45e7543d90a246864106a,1536,2048,2026-09-11T17:27:59+1200,train
ti_kouka,plant,Tī kōuka (cabbage tree),Cordyline australis,177963533,309593886,cc0,no rights reserved,2023-08-12,50191,Cordyline australis,https://inaturalist-open-data.s3.amazonaws.com/photos/309593886/large.jpg,https://inaturalist-open-data.s3.amazonaws.com/photos/309593886/original.jpg,data/raw/ti_kouka/309593886.jpg,308283,40397f55d2071b2408f24520ed25971b,1536,2048,2026-09-11T17:27:59+1200,train
ti_kouka,plant,Tī kōuka (cabbage tree),Cordyline australis,39994557,63510532,cc-by,"(c) Steve Kerr, some rights reserved (CC BY)",2020-03-14,50191,Cordyline australis,https://inaturalist-open-data.s3.amazonaws.com/photos/63510532/large.jpg,https://inaturalist-open-data.s3.amazonaws.com/photos/63510532/original.jpg,data/raw/ti_kouka/63510532.jpg,155274,f6afb86ceb931653f3b09665487aa9f6,2048,1120,2026-09-11T17:27:59+1200,train
ti_kouka,plant,Tī kōuka (cabbage tree),Cordyline australis,41090239,65153514,cc-by,"(c) Jacqui Geux, some rights reserved (CC BY)",2020-03-29,50191,Cordyline australis,https://inaturalist-open-data.s3.amazonaws.com/photos/65153514/large.jpeg,https://inaturalist-open-data.s3.amazonaws.com/photos/65153514/original.jpeg,data/raw/ti_kouka/65153514.jpg,318018,1911c841b607585564e9147553a4a111,1600,1200,2026-09-11T17:27:59+1200,train
ti_kouka,plant,Tī kōuka (cabbage tree),Cordyline australis,42833089,68022160,cc0,no rights reserved,2019-09-01,50191,Cordyline australis,https://inaturalist-open-data.s3.amazonaws.com/photos/68022160/large.jpeg,https://inaturalist-open-data.s3.amazonaws.com/photos/68022160/original.jpeg,data/raw/ti_kouka/68022160.jpg,413147,06838d347fb87d5dafe6633fd378b86a,2048,1536,2026-09-11T17:27:59+1200,train
ti_kouka,plant,Tī kōuka (cabbage tree),Cordyline australis,43258161,68661059,cc-by,"(c) David Orlovich, some rights reserved (CC BY)",2020-04-25,50191,Cordyline australis,https://inaturalist-open-data.s3.amazonaws.com/photos/68661059/large.jpg,https://inaturalist-open-data.s3.amazonaws.com/photos/68661059/original.jpg,data/raw/ti_kouka/68661059.jpg,426323,73f3aecb712b276a3192e494cf3ab6b6,1536,2048,2026-09-11T17:27:59+1200,train
ti_kouka,plant,Tī kōuka (cabbage tree),Cordyline australis,42935632,68177765,cc-by,"(c) Danielle Munster, some rights reserved (CC BY)",2020-04-22,50191,Cordyline australis,https://inaturalist-open-data.s3.amazonaws.com/photos/68177765/large.jpeg,https://inaturalist-open-data.s3.amazonaws.com/photos/68177765/original.jpeg,data/raw/ti_kouka/68177765.jpg,823805,09245675ea191e2ab18a85a665e1ff70,1536,2048,2026-09-11T17:27:59+1200,train
ti_kouka,plant,Tī kōuka (cabbage tree),Cordyline australis,42072669,66776982,cc-by,"(c) Sebastian Doak, some rights reserved (CC BY)",2020-04-13,50191,Cordyline australis,https://inaturalist-open-data.s3.amazonaws.com/photos/66776982/large.jpg,https://inaturalist-open-data.s3.amazonaws.com/photos/66776982/original.jpg,data/raw/ti_kouka/66776982.jpg,1034325,58e0305b295b9aeb7fba2256add4963e,810,1080,2026-09-11T17:27:59+1200,train
ti_kouka,plant,Tī kōuka (cabbage tree),Cordyline australis,16990776,25689820,cc0,no rights reserved,2018-09-28,50191,Cordyline australis,https://inaturalist-open-data.s3.amazonaws.com/photos/25689820/large.jpeg,https://inaturalist-open-data.s3.amazonaws.com/photos/25689820/original.jpeg,data/raw/ti_kouka/25689820.jpg,401790,90f0e0304e6a2b0e59d7ad9692f50cd1,1536,2048,2026-09-11T17:27:59+1200,train
ti_kouka,plant,Tī kōuka (cabbage tree),Cordyline australis,116001654,195593118,cc-by,"(c) Jon Sullivan, some rights reserved (CC BY)",2022-05-01,50191,Cordyline australis,https://inaturalist-open-data.s3.amazonaws.com/photos/195593118/large.jpg,https://inaturalist-open-data.s3.amazonaws.com/photos/195593118/original.jpg,data/raw/ti_kouka/195593118.jpg,734480,5e401bd5b79a54506f4eaff541c8a890,2048,1536,2026-09-11T17:27:59+1200,train
ti_kouka,plant,Tī kōuka (cabbage tree),Cordyline australis,115874369,195566564,cc-by,"(c) Jon Sullivan, some rights reserved (CC BY)",2022-04-30,50191,Cordyline australis,https://inaturalist-open-data.s3.amazonaws.com/photos/195566564/large.jpg,https://inaturalist-open-data.s3.amazonaws.com/photos/195566564/original.jpg,data/raw/ti_kouka/195566564.jpg,427883,d3da4d41cb4cf7bcb6dd4b0155380931,1365,2048,2026-09-11T17:27:59+1200,train
ti_kouka,plant,Tī kōuka (cabbage tree),Cordyline australis,45330895,71876980,cc-by,"(c) wild_wind, some rights reserved (CC BY)",2020-05-08,50191,Cordyline australis,https://inaturalist-open-data.s3.amazonaws.com/photos/71876980/large.jpeg,https://inaturalist-open-data.s3.amazonaws.com/photos/71876980/original.jpeg,data/raw/ti_kouka/71876980.jpg,585534,95bedad14d18e1f9ed3211d2fdcbdebf,2029,2048,2026-09-11T17:27:59+1200,train
ti_kouka,plant,Tī kōuka (cabbage tree),Cordyline australis,52069589,82747698,cc0,no rights reserved,2020-02-08,50191,Cordyline australis,https://inaturalist-open-data.s3.amazonaws.com/photos/82747698/large.jpeg,https://inaturalist-open-data.s3.amazonaws.com/photos/82747698/original.jpeg,data/raw/ti_kouka/82747698.jpg,507044,9cd86c147bde4aaf2387967759441b47,2048,1536,2026-09-11T17:27:59+1200,train
ti_kouka,plant,Tī kōuka (cabbage tree),Cordyline australis,114361792,193123711,cc-by,"(c) Heidi Meudt, some rights reserved (CC BY)",2022-05-02,50191,Cordyline australis,https://inaturalist-open-data.s3.amazonaws.com/photos/193123711/large.jpeg,https://inaturalist-open-data.s3.amazonaws.com/photos/193123711/original.jpeg,data/raw/ti_kouka/193123711.jpg,596707,6ab3ece38881fffcfbebb8e75a79700c,1536,2048,2026-09-11T17:27:59+1200,train
ti_kouka,plant,Tī kōuka (cabbage tree),Cordyline australis,379871961,694909851,cc0,no rights reserved,2026-07-07,50191,Cordyline australis,https://inaturalist-open-data.s3.amazonaws.com/photos/694909851/large.jpg,https://inaturalist-open-data.s3.amazonaws.com/photos/694909851/original.jpg,data/raw/ti_kouka/694909851.jpg,517448,efc1f5239ae189f771f2adbdb6119a0a,1536,2048,2026-09-11T17:27:59+1200,train
ti_kouka,plant,Tī kōuka (cabbage tree),Cordyline australis,311639709,562593135,cc-by,"(c) Jenny Saito, some rights reserved (CC BY)",2025-09-05,50191,Cordyline australis,https://inaturalist-open-data.s3.amazonaws.com/photos/562593135/large.jpg,https://inaturalist-open-data.s3.amazonaws.com/photos/562593135/original.jpg,data/raw/ti_kouka/562593135.jpg,813951,42aba4cac8a351c289364b655de096e9,1152,2048,2026-09-11T17:27:59+1200,train
ti_kouka,plant,Tī kōuka (cabbage tree),Cordyline australis,368215512,672509823,cc-by,"(c) Colin Meurk, some rights reserved (CC BY)",2026-06-04,50191,Cordyline australis,https://inaturalist-open-data.s3.amazonaws.com/photos/672509823/large.jpg,https://inaturalist-open-data.s3.amazonaws.com/photos/672509823/original.jpg,data/raw/ti_kouka/672509823.jpg,780914,d014a4223cbd5a72f244293bf54b2581,1536,2048,2026-09-11T17:27:59+1200,train
ti_kouka,plant,Tī kōuka (cabbage tree),Cordyline australis,17732748,27038772,cc0,no rights reserved,2018-10-22,50191,Cordyline australis,https://inaturalist-open-data.s3.amazonaws.com/photos/27038772/large.jpeg,https://inaturalist-open-data.s3.amazonaws.com/photos/27038772/original.jpeg,data/raw/ti_kouka/27038772.jpg,378502,d527cd4b22f3512b403b024923827fa4,1536,2048,2026-09-11T17:27:59+1200,train
ti_kouka,plant,Tī kōuka (cabbage tree),Cordyline australis,90230003,149101147,cc-by,"(c) Nicholas Allen, some rights reserved (CC BY)",2021-08-07,50191,Cordyline australis,https://inaturalist-open-data.s3.amazonaws.com/photos/149101147/large.jpg,https://inaturalist-open-data.s3.amazonaws.com/photos/149101147/original.jpg,data/raw/ti_kouka/149101147.jpg,270545,bb7efb7e138a78369d83f85b5e165785,1536,2048,2026-09-11T17:27:59+1200,train
ti_kouka,plant,Tī kōuka (cabbage tree),Cordyline australis,7858471,10351626,cc-by,"(c) Jacqui Geux, some rights reserved (CC BY)",2017-09-10,50191,Cordyline australis,https://inaturalist-open-data.s3.amazonaws.com/photos/10351626/large.jpeg,https://inaturalist-open-data.s3.amazonaws.com/photos/10351626/original.jpeg,data/raw/ti_kouka/10351626.jpg,341458,04b2fda2c1a179f6b2c3541abdb75a16,1600,1200,2026-09-11T17:27:59+1200,train
ti_kouka,plant,Tī kōuka (cabbage tree),Cordyline australis,8857504,11905964,cc-by,"(c) Arnim Littek, some rights reserved (CC BY)",2017-11-18,50191,Cordyline australis,https://inaturalist-open-data.s3.amazonaws.com/photos/11905964/large.jpeg,https://inaturalist-open-data.s3.amazonaws.com/photos/11905964/original.jpeg,data/raw/ti_kouka/11905964.jpg,352950,84102e87ed3d83e5ee7769e24538e69f,2048,1536,2026-09-11T17:27:59+1200,train
ti_kouka,plant,Tī kōuka (cabbage tree),Cordyline australis,7568032,9882083,cc-by,"(c) Alice Shanks, some rights reserved (CC BY)",2017-08-19,50191,Cordyline australis,https://inaturalist-open-data.s3.amazonaws.com/photos/9882083/large.jpeg,https://inaturalist-open-data.s3.amazonaws.com/photos/9882083/original.jpeg,data/raw/ti_kouka/9882083.jpg,424137,c8b83fb1b0e5a6edff5a2b8775ba1500,1536,2048,2026-09-11T17:27:59+1200,train
ti_kouka,plant,Tī kōuka (cabbage tree),Cordyline australis,8705190,11672653,cc-by,"(c) Jacqui Geux, some rights reserved (CC BY)",2017-11-05,50191,Cordyline australis,https://inaturalist-open-data.s3.amazonaws.com/photos/11672653/large.jpeg,https://inaturalist-open-data.s3.amazonaws.com/photos/11672653/original.jpeg,data/raw/ti_kouka/11672653.jpg,247335,2fa328e746766242fc424753d9449807,1600,1200,2026-09-11T17:27:59+1200,train
ti_kouka,plant,Tī kōuka (cabbage tree),Cordyline australis,8717319,11690764,cc-by,"(c) Jon Sullivan, some rights reserved (CC BY)",2017-11-04,50191,Cordyline australis,https://inaturalist-open-data.s3.amazonaws.com/photos/11690764/large.jpg,https://inaturalist-open-data.s3.amazonaws.com/photos/11690764/original.jpg,data/raw/ti_kouka/11690764.jpg,628923,eed8c2ef5dc0d9dcb387d934e2141913,1536,2048,2026-09-11T17:27:59+1200,train
ti_kouka,plant,Tī kōuka (cabbage tree),Cordyline australis,77813547,127288356,cc0,no rights reserved,2021-05-08,50191,Cordyline australis,https://inaturalist-open-data.s3.amazonaws.com/photos/127288356/large.jpeg,https://inaturalist-open-data.s3.amazonaws.com/photos/127288356/original.jpeg,data/raw/ti_kouka/127288356.jpg,772119,d96588a5a7d358a1d8b04fe1e9cfc265,1536,2048,2026-09-11T17:27:59+1200,train
ti_kouka,plant,Tī kōuka (cabbage tree),Cordyline australis,7769617,10207121,cc-by,"(c) Jon Sullivan, some rights reserved (CC BY)",2017-04-16,50191,Cordyline australis,https://inaturalist-open-data.s3.amazonaws.com/photos/10207121/large.jpg,https://inaturalist-open-data.s3.amazonaws.com/photos/10207121/original.jpg,data/raw/ti_kouka/10207121.jpg,598711,a3154f381819788d2f0aec26cede539f,2048,1536,2026-09-11T17:27:59+1200,train
ti_kouka,plant,Tī kōuka (cabbage tree),Cordyline australis,8488245,11320415,cc-by,"(c) Jon Sullivan, some rights reserved (CC BY)",2017-10-19,50191,Cordyline australis,https://inaturalist-open-data.s3.amazonaws.com/photos/11320415/large.jpg,https://inaturalist-open-data.s3.amazonaws.com/photos/11320415/original.jpg,data/raw/ti_kouka/11320415.jpg,239001,44cd79e6683f9e9c457c29a56e1ed0b5,2048,1536,2026-09-11T17:27:59+1200,train
ti_kouka,plant,Tī kōuka (cabbage tree),Cordyline australis,77657242,126905999,cc-by,"(c) Jon Sullivan, some rights reserved (CC BY)",2021-05-03,50191,Cordyline australis,https://inaturalist-open-data.s3.amazonaws.com/photos/126905999/large.jpg,https://inaturalist-open-data.s3.amazonaws.com/photos/126905999/original.jpg,data/raw/ti_kouka/126905999.jpg,282189,15c0c76b294fb1f765885e2c2fd14d72,2048,1367,2026-09-11T17:27:59+1200,train
ti_kouka,plant,Tī kōuka (cabbage tree),Cordyline australis,77657557,126913786,cc-by,"(c) Jon Sullivan, some rights reserved (CC BY)",2021-05-03,50191,Cordyline australis,https://inaturalist-open-data.s3.amazonaws.com/photos/126913786/large.jpg,https://inaturalist-open-data.s3.amazonaws.com/photos/126913786/original.jpg,data/raw/ti_kouka/126913786.jpg,240526,9d848c6fa9e68b85e9466bf2e9558271,1367,2048,2026-09-11T17:27:59+1200,train
ti_kouka,plant,Tī kōuka (cabbage tree),Cordyline australis,77657593,126914266,cc-by,"(c) Jon Sullivan, some rights reserved (CC BY)",2021-05-03,50191,Cordyline australis,https://inaturalist-open-data.s3.amazonaws.com/photos/126914266/large.jpg,https://inaturalist-open-data.s3.amazonaws.com/photos/126914266/original.jpg,data/raw/ti_kouka/126914266.jpg,366339,99c38ded547bbe8387f7e1bfa48b26d9,2048,1367,2026-09-11T17:27:59+1200,train
ti_kouka,plant,Tī kōuka (cabbage tree),Cordyline australis,22066431,34173019,cc-by,"(c) naturewatchwidow, some rights reserved (CC BY)",2019-04-06,50191,Cordyline australis,https://inaturalist-open-data.s3.amazonaws.com/photos/34173019/large.jpeg,https://inaturalist-open-data.s3.amazonaws.com/photos/34173019/original.jpeg,data/raw/ti_kouka/34173019.jpg,715659,e601e9cf6597cadf20d4de4a2e402925,1536,2048,2026-09-11T17:27:59+1200,train
ti_kouka,plant,Tī kōuka (cabbage tree),Cordyline australis,22075552,34187875,cc0,no rights reserved,2019-03-07,50191,Cordyline australis,https://inaturalist-open-data.s3.amazonaws.com/photos/34187875/large.jpeg,https://inaturalist-open-data.s3.amazonaws.com/photos/34187875/original.jpeg,data/raw/ti_kouka/34187875.jpg,224167,be53ea7bfb0732754db70f584947a801,2048,2046,2026-09-11T17:27:59+1200,train
ti_kouka,plant,Tī kōuka (cabbage tree),Cordyline australis,19771054,30466923,cc-by,"(c) Tim McNamara, some rights reserved (CC BY)",2019-01-20,50191,Cordyline australis,https://inaturalist-open-data.s3.amazonaws.com/photos/30466923/large.jpeg,https://inaturalist-open-data.s3.amazonaws.com/photos/30466923/original.jpeg,data/raw/ti_kouka/30466923.jpg,477818,6675ff397e2d9f31c5507e560877333b,2048,1365,2026-09-11T17:27:59+1200,train
harakeke,plant,Harakeke (NZ flax),Phormium tenax,19456092,29934000,cc-by,"(c) Arnim Littek, some rights reserved (CC BY)",2019-01-05,51754,Phormium tenax,https://inaturalist-open-data.s3.amazonaws.com/photos/29934000/large.jpeg,https://inaturalist-open-data.s3.amazonaws.com/photos/29934000/original.jpeg,data/raw/harakeke/29934000.jpg,458785,474bc8318f75ea116571e56af0dd311b,2048,1536,2026-09-11T17:29:08+1200,train
harakeke,plant,Harakeke (NZ flax),Phormium tenax,212457492,375452783,cc-by,"(c) Jon Sullivan, some rights reserved (CC BY)",2024-04-27,51754,Phormium tenax,https://inaturalist-open-data.s3.amazonaws.com/photos/375452783/large.jpg,https://inaturalist-open-data.s3.amazonaws.com/photos/375452783/original.jpg,data/raw/harakeke/375452783.jpg,238933,92b5b94c1606462bb01475f576af3d32,1365,2048,2026-09-11T17:29:08+1200,train
harakeke,plant,Harakeke (NZ flax),Phormium tenax,308655528,556880278,cc-by,"(c) Jenny Saito, some rights reserved (CC BY)",2025-08-24,51754,Phormium tenax,https://inaturalist-open-data.s3.amazonaws.com/photos/556880278/large.jpg,https://inaturalist-open-data.s3.amazonaws.com/photos/556880278/original.jpg,data/raw/harakeke/556880278.jpg,914878,09bc4352ca68963dd948ace067c2a33f,1152,2048,2026-09-11T17:29:08+1200,train
harakeke,plant,Harakeke (NZ flax),Phormium tenax,360168475,657196196,cc-by,"(c) Jon Sullivan, some rights reserved (CC BY)",2026-04-27,51754,Phormium tenax,https://inaturalist-open-data.s3.amazonaws.com/photos/657196196/large.jpg,https://inaturalist-open-data.s3.amazonaws.com/photos/657196196/original.jpg,data/raw/harakeke/657196196.jpg,608709,2022e56d2cf56c7828fdfaca530b7da8,2048,1365,2026-09-11T17:29:08+1200,train
harakeke,plant,Harakeke (NZ flax),Phormium tenax,360168483,657196226,cc-by,"(c) Jon Sullivan, some rights reserved (CC BY)",2026-04-27,51754,Phormium tenax,https://inaturalist-open-data.s3.amazonaws.com/photos/657196226/large.jpg,https://inaturalist-open-data.s3.amazonaws.com/photos/657196226/original.jpg,data/raw/harakeke/657196226.jpg,485539,4f46bea4dff5c9e64cd3598d587acc97,2048,1365,2026-09-11T17:29:08+1200,train
harakeke,plant,Harakeke (NZ flax),Phormium tenax,360168485,657196248,cc-by,"(c) Jon Sullivan, some rights reserved (CC BY)",2026-04-27,51754,Phormium tenax,https://inaturalist-open-data.s3.amazonaws.com/photos/657196248/large.jpg,https://inaturalist-open-data.s3.amazonaws.com/photos/657196248/original.jpg,data/raw/harakeke/657196248.jpg,505449,78770e6e1610a77fa266b37cc554171e,2048,1365,2026-09-11T17:29:08+1200,train
harakeke,plant,Harakeke (NZ flax),Phormium tenax,360170330,657200216,cc-by,"(c) Jon Sullivan, some rights reserved (CC BY)",2026-04-27,51754,Phormium tenax,https://inaturalist-open-data.s3.amazonaws.com/photos/657200216/large.jpg,https://inaturalist-open-data.s3.amazonaws.com/photos/657200216/original.jpg,data/raw/harakeke/657200216.jpg,539242,32b8a8322ba9b86e8d3c32c1c5bb6af6,1365,2048,2026-09-11T17:29:08+1200,train
harakeke,plant,Harakeke (NZ flax),Phormium tenax,359959488,656794328,cc0,no rights reserved,2026-03-03,51754,Phormium tenax,https://inaturalist-open-data.s3.amazonaws.com/photos/656794328/large.jpg,https://inaturalist-open-data.s3.amazonaws.com/photos/656794328/original.jpg,data/raw/harakeke/656794328.jpg,303578,a75147784a74ec94950042f223f5eb51,576,1024,2026-09-11T17:29:08+1200,train
harakeke,plant,Harakeke (NZ flax),Phormium tenax,244464838,436070440,cc-by,"(c) Jon Sullivan, some rights reserved (CC BY)",2024-09-22,51754,Phormium tenax,https://inaturalist-open-data.s3.amazonaws.com/photos/436070440/large.jpg,https://inaturalist-open-data.s3.amazonaws.com/photos/436070440/original.jpg,data/raw/harakeke/436070440.jpg,641698,fbe37aee93b330c748c6100808c92a05,2048,1536,2026-09-11T17:29:08+1200,train
harakeke,plant,Harakeke (NZ flax),Phormium tenax,377072452,689502115,cc-by,"(c) henry_id, some rights reserved (CC BY)",2026-06-30,51754,Phormium tenax,https://inaturalist-open-data.s3.amazonaws.com/photos/689502115/large.jpg,https://inaturalist-open-data.s3.amazonaws.com/photos/689502115/original.jpg,data/raw/harakeke/689502115.jpg,467066,0d8ee8b5d161f618e461da0f67e485a7,2048,1155,2026-09-11T17:29:08+1200,train
harakeke,plant,Harakeke (NZ flax),Phormium tenax,70078690,113858478,cc-by,"(c) Arnim Littek, some rights reserved (CC BY)",2021-02-20,51754,Phormium tenax,https://inaturalist-open-data.s3.amazonaws.com/photos/113858478/large.jpeg,https://inaturalist-open-data.s3.amazonaws.com/photos/113858478/original.jpeg,data/raw/harakeke/113858478.jpg,278505,68544dd3d9d12658eb19a55614d6e1a1,1536,2048,2026-09-11T17:29:08+1200,train
harakeke,plant,Harakeke (NZ flax),Phormium tenax,44454573,70484604,cc-by,"(c) Jacqui Geux, some rights reserved (CC BY)",2020-05-01,51754,Phormium tenax,https://inaturalist-open-data.s3.amazonaws.com/photos/70484604/large.jpeg,https://inaturalist-open-data.s3.amazonaws.com/photos/70484604/original.jpeg,data/raw/harakeke/70484604.jpg,176829,498f26e3835ea5afd5411c6ccb3ed5c2,1600,1067,2026-09-11T17:29:08+1200,train
harakeke,plant,Harakeke (NZ flax),Phormium tenax,115853900,195535291,cc-by,"(c) Joep de Ligt, some rights reserved (CC BY)",2022-05-07,51754,Phormium tenax,https://inaturalist-open-data.s3.amazonaws.com/photos/195535291/large.jpg,https://inaturalist-open-data.s3.amazonaws.com/photos/195535291/original.jpg,data/raw/harakeke/195535291.jpg,593710,06615dfb6d57fa0ac0adef7ae6575d41,1536,2048,2026-09-11T17:29:08+1200,train
harakeke,plant,Harakeke (NZ flax),Phormium tenax,142108631,243596332,cc-by,"(c) Richard Littauer, some rights reserved (CC BY)",2022-11-16,51754,Phormium tenax,https://inaturalist-open-data.s3.amazonaws.com/photos/243596332/large.jpg,https://inaturalist-open-data.s3.amazonaws.com/photos/243596332/original.jpg,data/raw/harakeke/243596332.jpg,515949,7b3ed19f1da0327fa00f3ba22eb6f3b8,1536,2048,2026-09-11T17:29:08+1200,train
harakeke,plant,Harakeke (NZ flax),Phormium tenax,315430112,569815964,cc-by,"(c) Michael Keith, some rights reserved (CC BY)",2025-09-16,51754,Phormium tenax,https://inaturalist-open-data.s3.amazonaws.com/photos/569815964/large.jpg,https://inaturalist-open-data.s3.amazonaws.com/photos/569815964/original.jpg,data/raw/harakeke/569815964.jpg,946102,8e2189a41f32364535791589ca58a2a4,1536,2048,2026-09-11T17:29:08+1200,train
harakeke,plant,Harakeke (NZ flax),Phormium tenax,319104900,576798352,cc-by,"(c) Jenny Saito, some rights reserved (CC BY)",2025-10-04,51754,Phormium tenax,https://inaturalist-open-data.s3.amazonaws.com/photos/576798352/large.jpg,https://inaturalist-open-data.s3.amazonaws.com/photos/576798352/original.jpg,data/raw/harakeke/576798352.jpg,811118,a0d4b6c907ac9217cb069e7504981310,1152,2048,2026-09-11T17:29:08+1200,train
harakeke,plant,Harakeke (NZ flax),Phormium tenax,95638013,158793873,cc-by,"(c) Arnim Littek, some rights reserved (CC BY)",2021-09-18,51754,Phormium tenax,https://inaturalist-open-data.s3.amazonaws.com/photos/158793873/large.jpeg,https://inaturalist-open-data.s3.amazonaws.com/photos/158793873/original.jpeg,data/raw/harakeke/158793873.jpg,295681,1afef6d19b501cd2355a80c0a4c79c5e,1536,2048,2026-09-11T17:29:08+1200,train
harakeke,plant,Harakeke (NZ flax),Phormium tenax,27071530,42082774,cc-by,"(c) Jenny Saito, some rights reserved (CC BY)",2019-06-16,51754,Phormium tenax,https://inaturalist-open-data.s3.amazonaws.com/photos/42082774/large.jpeg,https://inaturalist-open-data.s3.amazonaws.com/photos/42082774/original.jpeg,data/raw/harakeke/42082774.jpg,529727,a70ce31e98161eedec01d39d2b722af1,1536,2048,2026-09-11T17:29:08+1200,train
harakeke,plant,Harakeke (NZ flax),Phormium tenax,102919592,172145160,cc-by,"(c) Jenny Saito, some rights reserved (CC BY)",2021-12-12,51754,Phormium tenax,https://inaturalist-open-data.s3.amazonaws.com/photos/172145160/large.jpeg,https://inaturalist-open-data.s3.amazonaws.com/photos/172145160/original.jpeg,data/raw/harakeke/172145160.jpg,1084753,0ba05bf0fa8db53139582b4252c9884f,2048,2048,2026-09-11T17:29:08+1200,train
harakeke,plant,Harakeke (NZ flax),Phormium tenax,104123648,174433705,cc-by,"(c) Duncan Cunningham, some rights reserved (CC BY)",2022-01-01,51754,Phormium tenax,https://inaturalist-open-data.s3.amazonaws.com/photos/174433705/large.jpg,https://inaturalist-open-data.s3.amazonaws.com/photos/174433705/original.jpg,data/raw/harakeke/174433705.jpg,234237,7908c00ac2a40110aa3ecfc39b40e2fb,1536,2048,2026-09-11T17:29:08+1200,train
harakeke,plant,Harakeke (NZ flax),Phormium tenax,36787252,58207694,cc-by,"(c) Jon Sullivan, some rights reserved (CC BY)",2019-12-19,51754,Phormium tenax,https://inaturalist-open-data.s3.amazonaws.com/photos/58207694/large.jpg,https://inaturalist-open-data.s3.amazonaws.com/photos/58207694/original.jpg,data/raw/harakeke/58207694.jpg,581506,e4b576c0786ca1abeaa3baab8520b3ad,2048,1365,2026-09-11T17:29:08+1200,train
harakeke,plant,Harakeke (NZ flax),Phormium tenax,36987234,58559047,cc-by,"(c) Arnim Littek, some rights reserved (CC BY)",2019-12-27,51754,Phormium tenax,https://inaturalist-open-data.s3.amazonaws.com/photos/58559047/large.jpeg,https://inaturalist-open-data.s3.amazonaws.com/photos/58559047/original.jpeg,data/raw/harakeke/58559047.jpg,263477,ee59a203546b02c1ae683fcc433ed39d,1536,2048,2026-09-11T17:29:08+1200,train
harakeke,plant,Harakeke (NZ flax),Phormium tenax,39236527,62223339,cc-by,"(c) Sebastian Doak, some rights reserved (CC BY)",2020-02-26,51754,Phormium tenax,https://inaturalist-open-data.s3.amazonaws.com/photos/62223339/large.jpg,https://inaturalist-open-data.s3.amazonaws.com/photos/62223339/original.jpg,data/raw/harakeke/62223339.jpg,1063127,d94f9af4543a8014e0c00de355aa7bbb,1080,810,2026-09-11T17:29:08+1200,train
harakeke,plant,Harakeke (NZ flax),Phormium tenax,39228042,62208923,cc-by,"(c) Aira Francisca Faúndez Fallau, some rights reserved (CC BY)",2020-02-26,51754,Phormium tenax,https://inaturalist-open-data.s3.amazonaws.com/photos/62208923/large.jpeg,https://inaturalist-open-data.s3.amazonaws.com/photos/62208923/original.jpeg,data/raw/harakeke/62208923.jpg,602683,9a28a1c1751369d23e7d84661e871e71,1536,2048,2026-09-11T17:29:08+1200,train
harakeke,plant,Harakeke (NZ flax),Phormium tenax,274270692,493108241,cc-by,"(c) Frank Ashwood, some rights reserved (CC BY)",2025-04-27,51754,Phormium tenax,https://inaturalist-open-data.s3.amazonaws.com/photos/493108241/large.jpg,https://inaturalist-open-data.s3.amazonaws.com/photos/493108241/original.jpg,data/raw/harakeke/493108241.jpg,898853,99fbf456ff32b76986178dd78f7f66a0,1152,2048,2026-09-11T17:29:08+1200,train
harakeke,plant,Harakeke (NZ flax),Phormium tenax,272999342,491110875,cc-by,"(c) William Harland, some rights reserved (CC BY)",2025-04-25,51754,Phormium tenax,https://inaturalist-open-data.s3.amazonaws.com/photos/491110875/large.jpeg,https://inaturalist-open-data.s3.amazonaws.com/photos/491110875/original.jpeg,data/raw/harakeke/491110875.jpg,242587,b0b269363d9067200ede6838e7687c41,2048,1306,2026-09-11T17:29:08+1200,train
harakeke,plant,Harakeke (NZ flax),Phormium tenax,276483294,496508392,cc-by,"(c) Arnim Littek, some rights reserved (CC BY)",2025-04-28,51754,Phormium tenax,https://inaturalist-open-data.s3.amazonaws.com/photos/496508392/large.jpeg,https://inaturalist-open-data.s3.amazonaws.com/photos/496508392/original.jpeg,data/raw/harakeke/496508392.jpg,611265,8971a8be1433aa818f52041bb607f47b,2048,1536,2026-09-11T17:29:08+1200,train
harakeke,plant,Harakeke (NZ flax),Phormium tenax,276445742,496436266,cc-by,"(c) Frank Ashwood, some rights reserved (CC BY)",2025-04-26,51754,Phormium tenax,https://inaturalist-open-data.s3.amazonaws.com/photos/496436266/large.jpg,https://inaturalist-open-data.s3.amazonaws.com/photos/496436266/original.jpg,data/raw/harakeke/496436266.jpg,502122,5b954ba2e1d7d18df15df2e4f89ee4ed,1542,2048,2026-09-11T17:29:08+1200,train
harakeke,plant,Harakeke (NZ flax),Phormium tenax,208442877,368805650,cc-by,"(c) Jenny Saito, some rights reserved (CC BY)",2024-04-20,51754,Phormium tenax,https://inaturalist-open-data.s3.amazonaws.com/photos/368805650/large.jpeg,https://inaturalist-open-data.s3.amazonaws.com/photos/368805650/original.jpeg,data/raw/harakeke/368805650.jpg,820288,46fa3e8d7c6b6038988f6f255bbd8275,2048,2048,2026-09-11T17:29:08+1200,train
harakeke,plant,Harakeke (NZ flax),Phormium tenax,334564015,607596819,cc0,no rights reserved,2026-01-13,51754,Phormium tenax,https://inaturalist-open-data.s3.amazonaws.com/photos/607596819/large.jpg,https://inaturalist-open-data.s3.amazonaws.com/photos/607596819/original.jpg,data/raw/harakeke/607596819.jpg,338435,d351703fee5a3dc7b7d42a21575afc33,2048,1536,2026-09-11T17:29:08+1200,train
harakeke,plant,Harakeke (NZ flax),Phormium tenax,334990437,608465531,cc-by,"(c) Slaven Kljucanin, some rights reserved (CC BY)",2006-04-16,51754,Phormium tenax,https://inaturalist-open-data.s3.amazonaws.com/photos/608465531/large.jpg,https://inaturalist-open-data.s3.amazonaws.com/photos/608465531/original.jpg,data/raw/harakeke/608465531.jpg,379108,ff0272b21a771dc29357fd95bf305139,1365,2048,2026-09-11T17:29:08+1200,train
harakeke,plant,Harakeke (NZ flax),Phormium tenax,330084680,598475511,cc0,no rights reserved,2025-12-09,51754,Phormium tenax,https://inaturalist-open-data.s3.amazonaws.com/photos/598475511/large.jpg,https://inaturalist-open-data.s3.amazonaws.com/photos/598475511/original.jpg,data/raw/harakeke/598475511.jpg,641594,d61d82303049074fd5e7ab8b2bbdfc00,1152,2048,2026-09-11T17:29:08+1200,train
harakeke,plant,Harakeke (NZ flax),Phormium tenax,113304991,191452142,cc-by,"(c) David Orlovich, some rights reserved (CC BY)",2022-04-29,51754,Phormium tenax,https://inaturalist-open-data.s3.amazonaws.com/photos/191452142/large.jpg,https://inaturalist-open-data.s3.amazonaws.com/photos/191452142/original.jpg,data/raw/harakeke/191452142.jpg,358166,6d43d4fd9af9b254247ef6ba79557084,2048,1536,2026-09-11T17:29:08+1200,train
harakeke,plant,Harakeke (NZ flax),Phormium tenax,113992473,192531896,cc-by,"(c) Emily Roberts, some rights reserved (CC BY)",2022-05-01,51754,Phormium tenax,https://inaturalist-open-data.s3.amazonaws.com/photos/192531896/large.jpg,https://inaturalist-open-data.s3.amazonaws.com/photos/192531896/original.jpg,data/raw/harakeke/192531896.jpg,290439,b8f0e548e807e96975acfb41782d0738,1536,2048,2026-09-11T17:29:08+1200,train
harakeke,plant,Harakeke (NZ flax),Phormium tenax,113702399,192084797,cc-by,"(c) Shaun, some rights reserved (CC BY)",2022-04-29,51754,Phormium tenax,https://inaturalist-open-data.s3.amazonaws.com/photos/192084797/large.jpeg,https://inaturalist-open-data.s3.amazonaws.com/photos/192084797/original.jpeg,data/raw/harakeke/192084797.jpg,757255,2645ddfcd8b658b638bd94227d228c0c,2048,1536,2026-09-11T17:29:08+1200,train
harakeke,plant,Harakeke (NZ flax),Phormium tenax,50366657,79977829,cc-by,"(c) Arnim Littek, some rights reserved (CC BY)",2020-06-20,51754,Phormium tenax,https://inaturalist-open-data.s3.amazonaws.com/photos/79977829/large.jpeg,https://inaturalist-open-data.s3.amazonaws.com/photos/79977829/original.jpeg,data/raw/harakeke/79977829.jpg,245386,436b0fe36b004627d9b1f1f48987f291,1536,2048,2026-09-11T17:29:08+1200,train
harakeke,plant,Harakeke (NZ flax),Phormium tenax,153306523,264770597,cc0,no rights reserved,2023-04-03,51754,Phormium tenax,https://inaturalist-open-data.s3.amazonaws.com/photos/264770597/large.jpeg,https://inaturalist-open-data.s3.amazonaws.com/photos/264770597/original.jpeg,data/raw/harakeke/264770597.jpg,672719,c72ec88517520894af6450826da28422,1536,2048,2026-09-11T17:29:08+1200,train
harakeke,plant,Harakeke (NZ flax),Phormium tenax,337127918,612785209,cc-by,"(c) Tom Beard, some rights reserved (CC BY)",2026-01-23,51754,Phormium tenax,https://inaturalist-open-data.s3.amazonaws.com/photos/612785209/large.jpg,https://inaturalist-open-data.s3.amazonaws.com/photos/612785209/original.jpg,data/raw/harakeke/612785209.jpg,1348303,0cbec3f827b2acc1df742e3f1840583d,2048,1536,2026-09-11T17:29:08+1200,train
harakeke,plant,Harakeke (NZ flax),Phormium tenax,337528455,613605193,cc-by,"(c) Jenny Saito, some rights reserved (CC BY)",2026-01-31,51754,Phormium tenax,https://inaturalist-open-data.s3.amazonaws.com/photos/613605193/large.jpg,https://inaturalist-open-data.s3.amazonaws.com/photos/613605193/original.jpg,data/raw/harakeke/613605193.jpg,987553,d7a6228878a5b975874a41657b4e27bc,1536,2048,2026-09-11T17:29:08+1200,train
harakeke,plant,Harakeke (NZ flax),Phormium tenax,337911977,614391853,cc0,no rights reserved,2026-02-08,51754,Phormium tenax,https://inaturalist-open-data.s3.amazonaws.com/photos/614391853/large.jpg,https://inaturalist-open-data.s3.amazonaws.com/photos/614391853/original.jpg,data/raw/harakeke/614391853.jpg,818489,11be91b3ce97a3ef3b70768bc556cd6f,1152,2048,2026-09-11T17:29:08+1200,train
harakeke,plant,Harakeke (NZ flax),Phormium tenax,332979856,604424220,cc-by,"(c) Arnim Littek, some rights reserved (CC BY)",2025-12-31,51754,Phormium tenax,https://inaturalist-open-data.s3.amazonaws.com/photos/604424220/large.jpg,https://inaturalist-open-data.s3.amazonaws.com/photos/604424220/original.jpg,data/raw/harakeke/604424220.jpg,354364,4b9af13f7f439aaf57045b13fc473f34,1536,2048,2026-09-11T17:29:08+1200,train
harakeke,plant,Harakeke (NZ flax),Phormium tenax,149707994,258012491,cc-by,"(c) Jenny Saito, some rights reserved (CC BY)",2023-02-26,51754,Phormium tenax,https://inaturalist-open-data.s3.amazonaws.com/photos/258012491/large.jpeg,https://inaturalist-open-data.s3.amazonaws.com/photos/258012491/original.jpeg,data/raw/harakeke/258012491.jpg,768703,3217e3df0f1bcbb319c7c8e4322fbc52,2048,2048,2026-09-11T17:29:08+1200,train
harakeke,plant,Harakeke (NZ flax),Phormium tenax,212457480,375452567,cc-by,"(c) Jon Sullivan, some rights reserved (CC BY)",2024-04-27,51754,Phormium tenax,https://inaturalist-open-data.s3.amazonaws.com/photos/375452567/large.jpg,https://inaturalist-open-data.s3.amazonaws.com/photos/375452567/original.jpg,data/raw/harakeke/375452567.jpg,226303,15607ae1289d6ea6d22d7e1d896dde8a,2048,1365,2026-09-11T17:29:08+1200,train
harakeke,plant,Harakeke (NZ flax),Phormium tenax,329383240,597054928,cc0,no rights reserved,2025-12-04,51754,Phormium tenax,https://inaturalist-open-data.s3.amazonaws.com/photos/597054928/large.jpg,https://inaturalist-open-data.s3.amazonaws.com/photos/597054928/original.jpg,data/raw/harakeke/597054928.jpg,863109,fc2e6512286de33401f3db7940382edb,1542,2048,2026-09-11T17:29:08+1200,train
harakeke,plant,Harakeke (NZ flax),Phormium tenax,359769340,656212590,cc-by,"(c) Jon Sullivan, some rights reserved (CC BY)",2026-04-26,51754,Phormium tenax,https://inaturalist-open-data.s3.amazonaws.com/photos/656212590/large.jpg,https://inaturalist-open-data.s3.amazonaws.com/photos/656212590/original.jpg,data/raw/harakeke/656212590.jpg,607757,2e2351207a213ef363c3c878903d648f,1365,2048,2026-09-11T17:29:08+1200,train
harakeke,plant,Harakeke (NZ flax),Phormium tenax,360156953,657175675,cc-by,"(c) Jon Sullivan, some rights reserved (CC BY)",2026-04-27,51754,Phormium tenax,https://inaturalist-open-data.s3.amazonaws.com/photos/657175675/large.jpg,https://inaturalist-open-data.s3.amazonaws.com/photos/657175675/original.jpg,data/raw/harakeke/657175675.jpg,642336,fe1fe0713017091ff8c58f021789ea97,2048,1365,2026-09-11T17:29:08+1200,train
harakeke,plant,Harakeke (NZ flax),Phormium tenax,311626906,562571435,cc-by,"(c) Andy McKay, some rights reserved (CC BY)",2025-09-05,51754,Phormium tenax,https://inaturalist-open-data.s3.amazonaws.com/photos/562571435/large.jpg,https://inaturalist-open-data.s3.amazonaws.com/photos/562571435/original.jpg,data/raw/harakeke/562571435.jpg,444335,f61ec8b4b9782b4f41718ba4ecec6d6d,1536,2048,2026-09-11T17:29:08+1200,train
harakeke,plant,Harakeke (NZ flax),Phormium tenax,367295023,670744076,cc0,no rights reserved,2026-05-31,51754,Phormium tenax,https://inaturalist-open-data.s3.amazonaws.com/photos/670744076/large.jpg,https://inaturalist-open-data.s3.amazonaws.com/photos/670744076/original.jpg,data/raw/harakeke/670744076.jpg,1288560,afa81122ffdd8cffd17130756c2c7b7b,1536,2048,2026-09-11T17:29:08+1200,train
harakeke,plant,Harakeke (NZ flax),Phormium tenax,308651061,556871295,cc-by,"(c) Jenny Saito, some rights reserved (CC BY)",2025-08-24,51754,Phormium tenax,https://inaturalist-open-data.s3.amazonaws.com/photos/556871295/large.jpg,https://inaturalist-open-data.s3.amazonaws.com/photos/556871295/original.jpg,data/raw/harakeke/556871295.jpg,1056577,fbd06e0099399f58df4532ea80901733,2048,1152,2026-09-11T17:29:08+1200,train
harakeke,plant,Harakeke (NZ flax),Phormium tenax,359997851,656446614,cc-by,"(c) Jon Sullivan, some rights reserved (CC BY)",2026-04-26,51754,Phormium tenax,https://inaturalist-open-data.s3.amazonaws.com/photos/656446614/large.jpg,https://inaturalist-open-data.s3.amazonaws.com/photos/656446614/original.jpg,data/raw/harakeke/656446614.jpg,646953,cf928c8472ac8b9a5112d5b2b08b4490,2048,1365,2026-09-11T17:29:08+1200,train
harakeke,plant,Harakeke (NZ flax),Phormium tenax,20409095,31515332,cc-by,"(c) Jenny Saito, some rights reserved (CC BY)",2019-02-17,51754,Phormium tenax,https://inaturalist-open-data.s3.amazonaws.com/photos/31515332/large.jpeg,https://inaturalist-open-data.s3.amazonaws.com/photos/31515332/original.jpeg,data/raw/harakeke/31515332.jpg,430232,0c3b0749406f04265be1ae82ff06f70a,1152,2048,2026-09-11T17:29:08+1200,train
harakeke,plant,Harakeke (NZ flax),Phormium tenax,78140291,127857047,cc0,no rights reserved,2021-05-10,51754,Phormium tenax,https://inaturalist-open-data.s3.amazonaws.com/photos/127857047/large.jpg,https://inaturalist-open-data.s3.amazonaws.com/photos/127857047/original.jpg,data/raw/harakeke/127857047.jpg,596741,832f3422c9ccf531f78c640aa61c49f7,1536,2048,2026-09-11T17:29:08+1200,train
harakeke,plant,Harakeke (NZ flax),Phormium tenax,7601838,9933067,cc-by,"(c) Jon Sullivan, some rights reserved (CC BY)",2017-06-30,51754,Phormium tenax,https://inaturalist-open-data.s3.amazonaws.com/photos/9933067/large.jpg,https://inaturalist-open-data.s3.amazonaws.com/photos/9933067/original.jpg,data/raw/harakeke/9933067.jpg,542225,52c5384b0fab0b66d96a76fdee4b2e68,2048,1536,2026-09-11T17:29:08+1200,train
harakeke,plant,Harakeke (NZ flax),Phormium tenax,8512767,11362050,cc-by,"(c) Emily Roberts, some rights reserved (CC BY)",2017-10-23,51754,Phormium tenax,https://inaturalist-open-data.s3.amazonaws.com/photos/11362050/large.jpeg,https://inaturalist-open-data.s3.amazonaws.com/photos/11362050/original.jpeg,data/raw/harakeke/11362050.jpg,611664,9229efaf354589c325b9d313ba609d7f,1152,2048,2026-09-11T17:29:08+1200,train
harakeke,plant,Harakeke (NZ flax),Phormium tenax,21717802,33629688,cc0,no rights reserved,2019-03-28,51754,Phormium tenax,https://inaturalist-open-data.s3.amazonaws.com/photos/33629688/large.jpeg,https://inaturalist-open-data.s3.amazonaws.com/photos/33629688/original.jpeg,data/raw/harakeke/33629688.jpg,440208,54b768a2cbc418f54934d8a31aa81bfc,1536,2048,2026-09-11T17:29:08+1200,train
harakeke,plant,Harakeke (NZ flax),Phormium tenax,23563645,36480144,cc-by,"(c) Kate Marshall, some rights reserved (CC BY)",2019-04-24,51754,Phormium tenax,https://inaturalist-open-data.s3.amazonaws.com/photos/36480144/large.jpeg,https://inaturalist-open-data.s3.amazonaws.com/photos/36480144/original.jpeg,data/raw/harakeke/36480144.jpg,334465,c4f26700bfec9036aaf05f4c1d7fe299,2048,1536,2026-09-11T17:29:08+1200,train
harakeke,plant,Harakeke (NZ flax),Phormium tenax,20184811,31152050,cc-by,"(c) Arnim Littek, some rights reserved (CC BY)",2019-02-07,51754,Phormium tenax,https://inaturalist-open-data.s3.amazonaws.com/photos/31152050/large.jpeg,https://inaturalist-open-data.s3.amazonaws.com/photos/31152050/original.jpeg,data/raw/harakeke/31152050.jpg,407128,b4902efb1470f87eaeb42dc8f402a0c7,1536,2048,2026-09-11T17:29:08+1200,train
harakeke,plant,Harakeke (NZ flax),Phormium tenax,96663341,160621655,cc-by,"(c) Arnim Littek, some rights reserved (CC BY)",2021-09-26,51754,Phormium tenax,https://inaturalist-open-data.s3.amazonaws.com/photos/160621655/large.jpeg,https://inaturalist-open-data.s3.amazonaws.com/photos/160621655/original.jpeg,data/raw/harakeke/160621655.jpg,236244,57677b6b0c8f4097f70c6e976a10f8d8,2048,1536,2026-09-11T17:29:08+1200,train
harakeke,plant,Harakeke (NZ flax),Phormium tenax,224262321,397453512,cc0,no rights reserved,2024-06-22,51754,Phormium tenax,https://inaturalist-open-data.s3.amazonaws.com/photos/397453512/large.jpg,https://inaturalist-open-data.s3.amazonaws.com/photos/397453512/original.jpg,data/raw/harakeke/397453512.jpg,601778,777cf4753a224803f90287cb64d2f373,1536,2048,2026-09-11T17:29:08+1200,train
harakeke,plant,Harakeke (NZ flax),Phormium tenax,156205065,270081879,cc0,no rights reserved,2023-04-21,51754,Phormium tenax,https://inaturalist-open-data.s3.amazonaws.com/photos/270081879/large.jpeg,https://inaturalist-open-data.s3.amazonaws.com/photos/270081879/original.jpeg,data/raw/harakeke/270081879.jpg,661588,3ae435efefd72bfe92946b179e5e0004,2048,1536,2026-09-11T17:29:08+1200,train
harakeke,plant,Harakeke (NZ flax),Phormium tenax,157484471,272288355,cc-by,"(c) Halema J, some rights reserved (CC BY)",2023-04-29,51754,Phormium tenax,https://inaturalist-open-data.s3.amazonaws.com/photos/272288355/large.jpeg,https://inaturalist-open-data.s3.amazonaws.com/photos/272288355/original.jpeg,data/raw/harakeke/272288355.jpg,611306,f680e5448d16fcc1c87e3b556663099b,2048,1365,2026-09-11T17:29:08+1200,train
harakeke,plant,Harakeke (NZ flax),Phormium tenax,66902692,107959499,cc0,no rights reserved,2020-12-22,51754,Phormium tenax,https://inaturalist-open-data.s3.amazonaws.com/photos/107959499/large.jpg,https://inaturalist-open-data.s3.amazonaws.com/photos/107959499/original.jpg,data/raw/harakeke/107959499.jpg,414380,44f8feb5d1f5c6e2a6ea36f330ed9868,1536,2048,2026-09-11T17:29:08+1200,train
harakeke,plant,Harakeke (NZ flax),Phormium tenax,64207113,103186834,cc0,no rights reserved,2020-11-05,51754,Phormium tenax,https://inaturalist-open-data.s3.amazonaws.com/photos/103186834/large.jpg,https://inaturalist-open-data.s3.amazonaws.com/photos/103186834/original.jpg,data/raw/harakeke/103186834.jpg,589124,b8974ecb9c993dabe9ddf3566f1e33bc,1536,2048,2026-09-11T17:29:08+1200,train
harakeke,plant,Harakeke (NZ flax),Phormium tenax,64649544,103965555,cc-by,"(c) Danielle, some rights reserved (CC BY)",2020-11-11,51754,Phormium tenax,https://inaturalist-open-data.s3.amazonaws.com/photos/103965555/large.jpg,https://inaturalist-open-data.s3.amazonaws.com/photos/103965555/original.jpg,data/raw/harakeke/103965555.jpg,328707,26aa191fc6b8e015f85c1a632818bb6c,750,1000,2026-09-11T17:29:08+1200,train
harakeke,plant,Harakeke (NZ flax),Phormium tenax,134525494,229316015,cc-by,"(c) Jenny Saito, some rights reserved (CC BY)",2022-09-10,51754,Phormium tenax,https://inaturalist-open-data.s3.amazonaws.com/photos/229316015/large.jpeg,https://inaturalist-open-data.s3.amazonaws.com/photos/229316015/original.jpeg,data/raw/harakeke/229316015.jpg,1111187,966c05a8c36e880f19323fcbec51d27d,2048,2048,2026-09-11T17:29:08+1200,train
harakeke,plant,Harakeke (NZ flax),Phormium tenax,375634262,686727955,cc-by,"(c) M Rutherford, some rights reserved (CC BY)",2026-06-27,51754,Phormium tenax,https://inaturalist-open-data.s3.amazonaws.com/photos/686727955/large.jpg,https://inaturalist-open-data.s3.amazonaws.com/photos/686727955/original.jpg,data/raw/harakeke/686727955.jpg,540204,2c3f98b7464b11bc3f89113f1e525fff,921,2048,2026-09-11T17:29:08+1200,train
harakeke,plant,Harakeke (NZ flax),Phormium tenax,233571043,415108269,cc-by,"(c) Arnim Littek, some rights reserved (CC BY)",2024-08-03,51754,Phormium tenax,https://inaturalist-open-data.s3.amazonaws.com/photos/415108269/large.jpeg,https://inaturalist-open-data.s3.amazonaws.com/photos/415108269/original.jpeg,data/raw/harakeke/415108269.jpg,265279,56f565a30002b322352791ed4cbe054e,2048,1536,2026-09-11T17:29:08+1200,train
harakeke,plant,Harakeke (NZ flax),Phormium tenax,336667470,611848265,cc0,no rights reserved,2026-01-30,51754,Phormium tenax,https://inaturalist-open-data.s3.amazonaws.com/photos/611848265/large.jpg,https://inaturalist-open-data.s3.amazonaws.com/photos/611848265/original.jpg,data/raw/harakeke/611848265.jpg,634201,3daf783c0de55b98e9803e7393b7990a,1152,2048,2026-09-11T17:29:08+1200,train
harakeke,plant,Harakeke (NZ flax),Phormium tenax,352585702,643494012,cc-by,"(c) kiwialli, some rights reserved (CC BY)",2026-04-24,51754,Phormium tenax,https://inaturalist-open-data.s3.amazonaws.com/photos/643494012/large.jpg,https://inaturalist-open-data.s3.amazonaws.com/photos/643494012/original.jpg,data/raw/harakeke/643494012.jpg,868796,04bfb4a54771020cd48b55429f715488,2048,2048,2026-09-11T17:29:08+1200,train
harakeke,plant,Harakeke (NZ flax),Phormium tenax,354860543,647301184,cc-by,"(c) Halema J, some rights reserved (CC BY)",2026-04-27,51754,Phormium tenax,https://inaturalist-open-data.s3.amazonaws.com/photos/647301184/large.jpg,https://inaturalist-open-data.s3.amazonaws.com/photos/647301184/original.jpg,data/raw/harakeke/647301184.jpg,442347,71dd1575bc5295fba2c17073f62f9082,2048,1536,2026-09-11T17:29:08+1200,train
harakeke,plant,Harakeke (NZ flax),Phormium tenax,17258063,26176696,cc-by,"(c) Jenny Saito, some rights reserved (CC BY)",2018-10-07,51754,Phormium tenax,https://inaturalist-open-data.s3.amazonaws.com/photos/26176696/large.jpeg,https://inaturalist-open-data.s3.amazonaws.com/photos/26176696/original.jpeg,data/raw/harakeke/26176696.jpg,427097,11672c0a7dae301bc689486804dc16ac,1152,2048,2026-09-11T17:29:08+1200,train
harakeke,plant,Harakeke (NZ flax),Phormium tenax,104685467,175465724,cc-by,"(c) Jenny Saito, some rights reserved (CC BY)",2022-01-10,51754,Phormium tenax,https://inaturalist-open-data.s3.amazonaws.com/photos/175465724/large.jpeg,https://inaturalist-open-data.s3.amazonaws.com/photos/175465724/original.jpeg,data/raw/harakeke/175465724.jpg,1037036,967ef567d204ddb71afd5ad99f086ec8,2048,2048,2026-09-11T17:29:08+1200,train
harakeke,plant,Harakeke (NZ flax),Phormium tenax,100461572,167677816,cc-by,"(c) Jenny Saito, some rights reserved (CC BY)",2021-11-06,51754,Phormium tenax,https://inaturalist-open-data.s3.amazonaws.com/photos/167677816/large.jpeg,https://inaturalist-open-data.s3.amazonaws.com/photos/167677816/original.jpeg,data/raw/harakeke/167677816.jpg,944260,639b3671b9d162f600334a33a22fb78c,2048,2048,2026-09-11T17:29:08+1200,train
harakeke,plant,Harakeke (NZ flax),Phormium tenax,35749031,56407342,cc-by,"(c) Arnim Littek, some rights reserved (CC BY)",2019-11-16,51754,Phormium tenax,https://inaturalist-open-data.s3.amazonaws.com/photos/56407342/large.jpeg,https://inaturalist-open-data.s3.amazonaws.com/photos/56407342/original.jpeg,data/raw/harakeke/56407342.jpg,233512,25e41a9abb76558337c3383c9e1289d8,1536,2048,2026-09-11T17:29:08+1200,train
harakeke,plant,Harakeke (NZ flax),Phormium tenax,37423253,59324872,cc-by,"(c) darmozrac, some rights reserved (CC BY)",2019-12-25,51754,Phormium tenax,https://inaturalist-open-data.s3.amazonaws.com/photos/59324872/large.jpg,https://inaturalist-open-data.s3.amazonaws.com/photos/59324872/original.jpg,data/raw/harakeke/59324872.jpg,372510,b640d31a942357a6ba0ae12b5132dd17,1536,2048,2026-09-11T17:29:08+1200,train
harakeke,plant,Harakeke (NZ flax),Phormium tenax,107089039,180041753,cc-by,"(c) Jenny Saito, some rights reserved (CC BY)",2022-02-20,51754,Phormium tenax,https://inaturalist-open-data.s3.amazonaws.com/photos/180041753/large.jpeg,https://inaturalist-open-data.s3.amazonaws.com/photos/180041753/original.jpeg,data/raw/harakeke/180041753.jpg,606794,87293c10cd600b7f92415183efbabf61,2048,2048,2026-09-11T17:29:08+1200,train
harakeke,plant,Harakeke (NZ flax),Phormium tenax,261807035,470421937,cc-by,"(c) ian_mcallan, some rights reserved (CC BY)",2025-02-12,51754,Phormium tenax,https://inaturalist-open-data.s3.amazonaws.com/photos/470421937/large.jpeg,https://inaturalist-open-data.s3.amazonaws.com/photos/470421937/original.jpeg,data/raw/harakeke/470421937.jpg,486348,f5d8be54868c075c793e86cfbcdee568,1536,2048,2026-09-11T17:29:08+1200,train
harakeke,plant,Harakeke (NZ flax),Phormium tenax,273509422,491909629,cc-by,"(c) John Davey, some rights reserved (CC BY)",2025-04-26,51754,Phormium tenax,https://inaturalist-open-data.s3.amazonaws.com/photos/491909629/large.jpg,https://inaturalist-open-data.s3.amazonaws.com/photos/491909629/original.jpg,data/raw/harakeke/491909629.jpg,1622903,63d4fe4f6afdaaea9d14d7e1d38b00f2,2048,2048,2026-09-11T17:29:08+1200,train
harakeke,plant,Harakeke (NZ flax),Phormium tenax,198921406,350700497,cc-by,"(c) Richard Littauer, some rights reserved (CC BY)",2024-02-10,51754,Phormium tenax,https://inaturalist-open-data.s3.amazonaws.com/photos/350700497/large.jpg,https://inaturalist-open-data.s3.amazonaws.com/photos/350700497/original.jpg,data/raw/harakeke/350700497.jpg,399555,0246f26769cd212bdc7df0b4cd0a84dc,2048,1365,2026-09-11T17:29:08+1200,train
harakeke,plant,Harakeke (NZ flax),Phormium tenax,195641160,344237858,cc-by,"(c) John Barkla, some rights reserved (CC BY)",2024-01-03,51754,Phormium tenax,https://inaturalist-open-data.s3.amazonaws.com/photos/344237858/large.jpeg,https://inaturalist-open-data.s3.amazonaws.com/photos/344237858/original.jpeg,data/raw/harakeke/344237858.jpg,801647,206d7dc11539d93f37d4dab058a72913,2048,1542,2026-09-11T17:29:08+1200,train
harakeke,plant,Harakeke (NZ flax),Phormium tenax,196903438,346659828,cc0,no rights reserved,2020-01-19,51754,Phormium tenax,https://inaturalist-open-data.s3.amazonaws.com/photos/346659828/large.jpeg,https://inaturalist-open-data.s3.amazonaws.com/photos/346659828/original.jpeg,data/raw/harakeke/346659828.jpg,472671,ce8a9b22d02eee02f4e86d1c22c01254,2048,1536,2026-09-11T17:29:08+1200,train
harakeke,plant,Harakeke (NZ flax),Phormium tenax,336620508,611751691,cc-by,"(c) Colin Meurk, some rights reserved (CC BY)",2026-01-30,51754,Phormium tenax,https://inaturalist-open-data.s3.amazonaws.com/photos/611751691/large.jpg,https://inaturalist-open-data.s3.amazonaws.com/photos/611751691/original.jpg,data/raw/harakeke/611751691.jpg,719299,fcc0b0f811016589675b131b532dacd0,2048,1536,2026-09-11T17:29:08+1200,train
harakeke,plant,Harakeke (NZ flax),Phormium tenax,113311507,191463305,cc0,no rights reserved,2022-04-29,51754,Phormium tenax,https://inaturalist-open-data.s3.amazonaws.com/photos/191463305/large.jpeg,https://inaturalist-open-data.s3.amazonaws.com/photos/191463305/original.jpeg,data/raw/harakeke/191463305.jpg,742949,358fad1cd324101140186ef25d71fc25,1536,2048,2026-09-11T17:29:08+1200,train
harakeke,plant,Harakeke (NZ flax),Phormium tenax,113318799,191475995,cc-by,"(c) Emily Roberts, some rights reserved (CC BY)",2022-04-29,51754,Phormium tenax,https://inaturalist-open-data.s3.amazonaws.com/photos/191475995/large.jpg,https://inaturalist-open-data.s3.amazonaws.com/photos/191475995/original.jpg,data/raw/harakeke/191475995.jpg,389909,679cab6aa200812192b9933e616dcebd,1536,2048,2026-09-11T17:29:08+1200,train
harakeke,plant,Harakeke (NZ flax),Phormium tenax,168791534,292573225,cc-by,"(c) Piet van Leeuwen, some rights reserved (CC BY)",2023-06-22,51754,Phormium tenax,https://inaturalist-open-data.s3.amazonaws.com/photos/292573225/large.jpg,https://inaturalist-open-data.s3.amazonaws.com/photos/292573225/original.jpg,data/raw/harakeke/292573225.jpg,577246,035d6bc4af9ce34262d92d61a1daa19d,1536,2048,2026-09-11T17:29:08+1200,train
harakeke,plant,Harakeke (NZ flax),Phormium tenax,245694542,438482448,cc-by,"(c) Richard Littauer, some rights reserved (CC BY)",2024-10-05,51754,Phormium tenax,https://inaturalist-open-data.s3.amazonaws.com/photos/438482448/large.jpeg,https://inaturalist-open-data.s3.amazonaws.com/photos/438482448/original.jpeg,data/raw/harakeke/438482448.jpg,493240,28d9de7d39b637388574e44a0cda8684,1536,2048,2026-09-11T17:29:08+1200,train
harakeke,plant,Harakeke (NZ flax),Phormium tenax,244464841,436070483,cc-by,"(c) Jon Sullivan, some rights reserved (CC BY)",2024-09-22,51754,Phormium tenax,https://inaturalist-open-data.s3.amazonaws.com/photos/436070483/large.jpg,https://inaturalist-open-data.s3.amazonaws.com/photos/436070483/original.jpg,data/raw/harakeke/436070483.jpg,716382,147418c832054e9efcc910c9b5072643,2048,1536,2026-09-11T17:29:08+1200,train
harakeke,plant,Harakeke (NZ flax),Phormium tenax,196230285,345419134,cc0,no rights reserved,2017-11-17,51754,Phormium tenax,https://inaturalist-open-data.s3.amazonaws.com/photos/345419134/large.jpeg,https://inaturalist-open-data.s3.amazonaws.com/photos/345419134/original.jpeg,data/raw/harakeke/345419134.jpg,539139,4c4a181b64a37ce68b944471dde79b74,2048,1536,2026-09-11T17:29:08+1200,train
harakeke,plant,Harakeke (NZ flax),Phormium tenax,191968597,336899670,cc-by,"(c) Svend Hansen, some rights reserved (CC BY)",2023-11-25,51754,Phormium tenax,https://inaturalist-open-data.s3.amazonaws.com/photos/336899670/large.jpeg,https://inaturalist-open-data.s3.amazonaws.com/photos/336899670/original.jpeg,data/raw/harakeke/336899670.jpg,622782,236f94e57ff53cc24c1397d14332beec,2048,1152,2026-09-11T17:29:08+1200,train
harakeke,plant,Harakeke (NZ flax),Phormium tenax,192918240,338780308,cc-by,"(c) Joss Carr, some rights reserved (CC BY)",2022-12-07,51754,Phormium tenax,https://inaturalist-open-data.s3.amazonaws.com/photos/338780308/large.jpg,https://inaturalist-open-data.s3.amazonaws.com/photos/338780308/original.jpg,data/raw/harakeke/338780308.jpg,317113,0d070e74d40f98cfa24e330b5d804b3a,1536,2048,2026-09-11T17:29:08+1200,train
harakeke,plant,Harakeke (NZ flax),Phormium tenax,301485607,543261430,cc-by,"(c) Javier, some rights reserved (CC BY)",2025-07-15,51754,Phormium tenax,https://inaturalist-open-data.s3.amazonaws.com/photos/543261430/large.jpg,https://inaturalist-open-data.s3.amazonaws.com/photos/543261430/original.jpg,data/raw/harakeke/543261430.jpg,266409,0d9edc4a81451e596258e7cd8e220635,1536,2048,2026-09-11T17:29:08+1200,train
harakeke,plant,Harakeke (NZ flax),Phormium tenax,101075043,168760301,cc-by,"(c) Jenny Saito, some rights reserved (CC BY)",2021-11-14,51754,Phormium tenax,https://inaturalist-open-data.s3.amazonaws.com/photos/168760301/large.jpeg,https://inaturalist-open-data.s3.amazonaws.com/photos/168760301/original.jpeg,data/raw/harakeke/168760301.jpg,1057913,dcdcd18b8aa179bff6dd0dbecada61a2,2048,2048,2026-09-11T17:29:08+1200,train
harakeke,plant,Harakeke (NZ flax),Phormium tenax,337413044,613371243,cc0,no rights reserved,2026-02-05,51754,Phormium tenax,https://inaturalist-open-data.s3.amazonaws.com/photos/613371243/large.jpg,https://inaturalist-open-data.s3.amazonaws.com/photos/613371243/original.jpg,data/raw/harakeke/613371243.jpg,1001144,69198ada28045800ef099a481cc82ae6,1152,2048,2026-09-11T17:29:08+1200,train
harakeke,plant,Harakeke (NZ flax),Phormium tenax,277293933,497908298,cc0,no rights reserved,2025-04-28,51754,Phormium tenax,https://inaturalist-open-data.s3.amazonaws.com/photos/497908298/large.jpg,https://inaturalist-open-data.s3.amazonaws.com/photos/497908298/original.jpg,data/raw/harakeke/497908298.jpg,237149,01c09e5d9cd1aaddfc82fc19ddf282c3,1153,2048,2026-09-11T17:29:08+1200,train
harakeke,plant,Harakeke (NZ flax),Phormium tenax,335510166,609515500,cc-by,"(c) Arnim Littek, some rights reserved (CC BY)",2026-01-20,51754,Phormium tenax,https://inaturalist-open-data.s3.amazonaws.com/photos/609515500/large.jpg,https://inaturalist-open-data.s3.amazonaws.com/photos/609515500/original.jpg,data/raw/harakeke/609515500.jpg,316861,7ed73b4acb9ac01bcf7a772ecdc369fd,1536,2048,2026-09-11T17:29:08+1200,train
harakeke,plant,Harakeke (NZ flax),Phormium tenax,86684930,142847147,cc-by,"(c) Jenny Saito, some rights reserved (CC BY)",2021-07-11,51754,Phormium tenax,https://inaturalist-open-data.s3.amazonaws.com/photos/142847147/large.jpeg,https://inaturalist-open-data.s3.amazonaws.com/photos/142847147/original.jpeg,data/raw/harakeke/142847147.jpg,749985,51c5767e0b94a01540623b51a32298e0,1536,2048,2026-09-11T17:29:08+1200,train
harakeke,plant,Harakeke (NZ flax),Phormium tenax,22219893,34406474,cc0,no rights reserved,2019-04-09,51754,Phormium tenax,https://inaturalist-open-data.s3.amazonaws.com/photos/34406474/large.jpg,https://inaturalist-open-data.s3.amazonaws.com/photos/34406474/original.jpg,data/raw/harakeke/34406474.jpg,517243,002549d3e018ac983062113ed6b5ec56,1536,2048,2026-09-11T17:29:08+1200,train
harakeke,plant,Harakeke (NZ flax),Phormium tenax,23285371,36079672,cc-by,"(c) Ian Dickie, some rights reserved (CC BY)",2019-04-27,51754,Phormium tenax,https://inaturalist-open-data.s3.amazonaws.com/photos/36079672/large.jpg,https://inaturalist-open-data.s3.amazonaws.com/photos/36079672/original.jpg,data/raw/harakeke/36079672.jpg,430161,f879e06db15cd27efde236c8d4570974,1536,2048,2026-09-11T17:29:08+1200,train
harakeke,plant,Harakeke (NZ flax),Phormium tenax,123799050,209766888,cc-by,"(c) Arnim Littek, some rights reserved (CC BY)",2022-06-25,51754,Phormium tenax,https://inaturalist-open-data.s3.amazonaws.com/photos/209766888/large.jpeg,https://inaturalist-open-data.s3.amazonaws.com/photos/209766888/original.jpeg,data/raw/harakeke/209766888.jpg,268209,922f31a2505fff771fa121d81610154d,2048,1536,2026-09-11T17:29:08+1200,train
harakeke,plant,Harakeke (NZ flax),Phormium tenax,124218543,210525644,cc-by,"(c) Arnim Littek, some rights reserved (CC BY)",2022-07-01,51754,Phormium tenax,https://inaturalist-open-data.s3.amazonaws.com/photos/210525644/large.jpeg,https://inaturalist-open-data.s3.amazonaws.com/photos/210525644/original.jpeg,data/raw/harakeke/210525644.jpg,274804,98bc9092ebd8a094b75270040120d988,2048,1536,2026-09-11T17:29:08+1200,train
harakeke,plant,Harakeke (NZ flax),Phormium tenax,60926268,97449938,cc-by,"(c) Jenny Saito, some rights reserved (CC BY)",2020-09-27,51754,Phormium tenax,https://inaturalist-open-data.s3.amazonaws.com/photos/97449938/large.jpg,https://inaturalist-open-data.s3.amazonaws.com/photos/97449938/original.jpg,data/raw/harakeke/97449938.jpg,335783,8670a06b8b437f43d2c01c89b53730d0,1536,2048,2026-09-11T17:29:08+1200,train
harakeke,plant,Harakeke (NZ flax),Phormium tenax,58660978,93652915,cc-by,"(c) Javier, some rights reserved (CC BY)",2020-09-05,51754,Phormium tenax,https://inaturalist-open-data.s3.amazonaws.com/photos/93652915/large.jpeg,https://inaturalist-open-data.s3.amazonaws.com/photos/93652915/original.jpeg,data/raw/harakeke/93652915.jpg,241022,555e5d552f88a734a8fb3daeb5303f3b,1600,1200,2026-09-11T17:29:08+1200,train
harakeke,plant,Harakeke (NZ flax),Phormium tenax,179294415,312118707,cc0,no rights reserved,2023-08-20,51754,Phormium tenax,https://inaturalist-open-data.s3.amazonaws.com/photos/312118707/large.jpeg,https://inaturalist-open-data.s3.amazonaws.com/photos/312118707/original.jpeg,data/raw/harakeke/312118707.jpg,375872,41b68c1f713e0f35d7a973639d33fbc6,1536,2048,2026-09-11T17:29:08+1200,train
harakeke,plant,Harakeke (NZ flax),Phormium tenax,186461519,325861692,cc-by,"(c) Arnim Littek, some rights reserved (CC BY)",2023-10-06,51754,Phormium tenax,https://inaturalist-open-data.s3.amazonaws.com/photos/325861692/large.jpeg,https://inaturalist-open-data.s3.amazonaws.com/photos/325861692/original.jpeg,data/raw/harakeke/325861692.jpg,315513,c697f04683ad009e693b601e87efa761,2048,1536,2026-09-11T17:29:08+1200,train
harakeke,plant,Harakeke (NZ flax),Phormium tenax,258503108,463814315,cc-by,"(c) Richard Littauer, some rights reserved (CC BY)",2025-01-14,51754,Phormium tenax,https://inaturalist-open-data.s3.amazonaws.com/photos/463814315/large.jpg,https://inaturalist-open-data.s3.amazonaws.com/photos/463814315/original.jpg,data/raw/harakeke/463814315.jpg,846152,6fcb13137cf160b90ef2dec8a67d7115,2000,1500,2026-09-11T17:29:08+1200,train
harakeke,plant,Harakeke (NZ flax),Phormium tenax,258516339,463842066,cc-by,"(c) Colin Meurk, some rights reserved (CC BY)",2025-01-15,51754,Phormium tenax,https://inaturalist-open-data.s3.amazonaws.com/photos/463842066/large.jpeg,https://inaturalist-open-data.s3.amazonaws.com/photos/463842066/original.jpeg,data/raw/harakeke/463842066.jpg,743947,365cf47587d84f47ed083b2593078e7a,1536,2048,2026-09-11T17:29:08+1200,train
harakeke,plant,Harakeke (NZ flax),Phormium tenax,191447139,335857824,cc-by,"(c) Jenny Saito, some rights reserved (CC BY)",2023-11-18,51754,Phormium tenax,https://inaturalist-open-data.s3.amazonaws.com/photos/335857824/large.jpeg,https://inaturalist-open-data.s3.amazonaws.com/photos/335857824/original.jpeg,data/raw/harakeke/335857824.jpg,789672,2f941d811dd207d323da5a9d38bad71b,2048,2048,2026-09-11T17:29:08+1200,train
silver_fern,plant,Silver fern,Cyathea dealbata,205500893,363370504,cc-by,"(c) Stella Fish, some rights reserved (CC BY)",2024-03-19,131669,Cyathea dealbata,https://inaturalist-open-data.s3.amazonaws.com/photos/363370504/large.jpeg,https://inaturalist-open-data.s3.amazonaws.com/photos/363370504/original.jpeg,data/raw/silver_fern/363370504.jpg,699285,700deb564b36f7c241b4268b18ca87be,2048,1365,2026-09-11T17:30:16+1200,train
silver_fern,plant,Silver fern,Cyathea dealbata,13576606,19966540,cc0,no rights reserved,2018-06-15,131669,Cyathea dealbata,https://inaturalist-open-data.s3.amazonaws.com/photos/19966540/large.jpeg,https://inaturalist-open-data.s3.amazonaws.com/photos/19966540/original.jpeg,data/raw/silver_fern/19966540.jpg,544534,055e4ac1cd7e91a5e6f4f297a313e3ee,1536,2048,2026-09-11T17:30:16+1200,train
silver_fern,plant,Silver fern,Cyathea dealbata,15867075,23723765,cc0,no rights reserved,1999-03-22,131669,Cyathea dealbata,https://inaturalist-open-data.s3.amazonaws.com/photos/23723765/large.jpg,https://inaturalist-open-data.s3.amazonaws.com/photos/23723765/original.jpg,data/raw/silver_fern/23723765.jpg,49708,fd84686c65fd20b9b03f515182318fae,640,480,2026-09-11T17:30:16+1200,train
silver_fern,plant,Silver fern,Cyathea dealbata,15969239,23903800,cc-by,"(c) Joe Potter Butler, some rights reserved (CC BY)",2018-06-24,131669,Cyathea dealbata,https://inaturalist-open-data.s3.amazonaws.com/photos/23903800/large.jpeg,https://inaturalist-open-data.s3.amazonaws.com/photos/23903800/original.jpeg,data/raw/silver_fern/23903800.jpg,627712,910eaf9f4cac81d13b4d0a5993ec9705,2048,1365,2026-09-11T17:30:16+1200,train
silver_fern,plant,Silver fern,Cyathea dealbata,20414377,31520500,cc-by,"(c) naturewatchwidow, some rights reserved (CC BY)",2019-02-17,131669,Cyathea dealbata,https://inaturalist-open-data.s3.amazonaws.com/photos/31520500/large.jpeg,https://inaturalist-open-data.s3.amazonaws.com/photos/31520500/original.jpeg,data/raw/silver_fern/31520500.jpg,540302,0ee4edb466d874a9aa325f3c6ac9b109,1152,2048,2026-09-11T17:30:16+1200,train
silver_fern,plant,Silver fern,Cyathea dealbata,21490515,33252964,cc0,no rights reserved,2019-03-16,131669,Cyathea dealbata,https://inaturalist-open-data.s3.amazonaws.com/photos/33252964/large.jpeg,https://inaturalist-open-data.s3.amazonaws.com/photos/33252964/original.jpeg,data/raw/silver_fern/33252964.jpg,338685,60cf8e8073c7d2612606b1d1c748d094,2048,1536,2026-09-11T17:30:16+1200,train
silver_fern,plant,Silver fern,Cyathea dealbata,27364072,42567101,cc0,no rights reserved,2019-06-09,131669,Cyathea dealbata,https://inaturalist-open-data.s3.amazonaws.com/photos/42567101/large.jpeg,https://inaturalist-open-data.s3.amazonaws.com/photos/42567101/original.jpeg,data/raw/silver_fern/42567101.jpg,206425,0dea8532c1f8018bbc543eccc8d4da9a,2048,1536,2026-09-11T17:30:16+1200,train
silver_fern,plant,Silver fern,Cyathea dealbata,30525188,47696036,cc-by,"(c) Sarah Richardson, some rights reserved (CC BY)",2018-02-24,131669,Cyathea dealbata,https://inaturalist-open-data.s3.amazonaws.com/photos/47696036/large.jpeg,https://inaturalist-open-data.s3.amazonaws.com/photos/47696036/original.jpeg,data/raw/silver_fern/47696036.jpg,318524,f1b5ee0627c90bf95d7a332436c65770,2048,1152,2026-09-11T17:30:16+1200,train
silver_fern,plant,Silver fern,Cyathea dealbata,28223356,43980927,cc0,no rights reserved,2019-06-29,131669,Cyathea dealbata,https://inaturalist-open-data.s3.amazonaws.com/photos/43980927/large.jpeg,https://inaturalist-open-data.s3.amazonaws.com/photos/43980927/original.jpeg,data/raw/silver_fern/43980927.jpg,307325,9f5d198cfcff63eba26e227bdf041660,1536,2048,2026-09-11T17:30:16+1200,train
silver_fern,plant,Silver fern,Cyathea dealbata,222800149,394707030,cc0,no rights reserved,2024-06-15,131669,Cyathea dealbata,https://inaturalist-open-data.s3.amazonaws.com/photos/394707030/large.jpeg,https://inaturalist-open-data.s3.amazonaws.com/photos/394707030/original.jpeg,data/raw/silver_fern/394707030.jpg,980292,9d9492012357bfca9ccbafc3fc58aa31,1920,1920,2026-09-11T17:30:16+1200,train
silver_fern,plant,Silver fern,Cyathea dealbata,149468007,257563112,cc-by,"(c) M Rutherford, some rights reserved (CC BY)",2023-02-10,131669,Cyathea dealbata,https://inaturalist-open-data.s3.amazonaws.com/photos/257563112/large.jpg,https://inaturalist-open-data.s3.amazonaws.com/photos/257563112/original.jpg,data/raw/silver_fern/257563112.jpg,421201,173462699e2433602ce720cbdc5cd0e4,2048,1365,2026-09-11T17:30:16+1200,train
silver_fern,plant,Silver fern,Cyathea dealbata,148674486,256070806,cc-by,"(c) Oscar Dove, some rights reserved (CC BY)",2023-02-13,131669,Cyathea dealbata,https://inaturalist-open-data.s3.amazonaws.com/photos/256070806/large.jpeg,https://inaturalist-open-data.s3.amazonaws.com/photos/256070806/original.jpeg,data/raw/silver_fern/256070806.jpg,640982,121db890c71be52cd845b1086bba6274,1537,2048,2026-09-11T17:30:16+1200,train
silver_fern,plant,Silver fern,Cyathea dealbata,156936454,271411686,cc-by,"(c) Halema J, some rights reserved (CC BY)",2023-04-28,131669,Cyathea dealbata,https://inaturalist-open-data.s3.amazonaws.com/photos/271411686/large.jpg,https://inaturalist-open-data.s3.amazonaws.com/photos/271411686/original.jpg,data/raw/silver_fern/271411686.jpg,553411,a691ea765a9fc3b16e745fe74de9501d,1536,2048,2026-09-11T17:30:16+1200,train
silver_fern,plant,Silver fern,Cyathea dealbata,345369886,629397081,cc-by,"(c) Ian Armitage, some rights reserved (CC BY)",2026-03-16,131669,Cyathea dealbata,https://inaturalist-open-data.s3.amazonaws.com/photos/629397081/large.jpg,https://inaturalist-open-data.s3.amazonaws.com/photos/629397081/original.jpg,data/raw/silver_fern/629397081.jpg,384362,dffa03d72c8730c37351a88cd556a767,2048,1536,2026-09-11T17:30:16+1200,train
silver_fern,plant,Silver fern,Cyathea dealbata,204126474,360756949,cc0,no rights reserved,2024-03-27,131669,Cyathea dealbata,https://inaturalist-open-data.s3.amazonaws.com/photos/360756949/large.jpg,https://inaturalist-open-data.s3.amazonaws.com/photos/360756949/original.jpg,data/raw/silver_fern/360756949.jpg,566771,6d9b42075ff082d049a66d3af583b49e,2048,1542,2026-09-11T17:30:16+1200,train
silver_fern,plant,Silver fern,Cyathea dealbata,208280961,368498665,cc-by,"(c) Richard Littauer, some rights reserved (CC BY)",2024-02-16,131669,Cyathea dealbata,https://inaturalist-open-data.s3.amazonaws.com/photos/368498665/large.jpg,https://inaturalist-open-data.s3.amazonaws.com/photos/368498665/original.jpg,data/raw/silver_fern/368498665.jpg,503183,d0665ab6431202dd7be1726687bfc549,2000,1333,2026-09-11T17:30:16+1200,train
silver_fern,plant,Silver fern,Cyathea dealbata,286954799,515929992,cc-by,"(c) Tom Beard, some rights reserved (CC BY)",2025-05-30,131669,Cyathea dealbata,https://inaturalist-open-data.s3.amazonaws.com/photos/515929992/large.jpg,https://inaturalist-open-data.s3.amazonaws.com/photos/515929992/original.jpg,data/raw/silver_fern/515929992.jpg,1351442,def275ab0c9669fcbb913d918982d615,1536,2048,2026-09-11T17:30:16+1200,train
silver_fern,plant,Silver fern,Cyathea dealbata,335698346,609897090,cc-by,"(c) 謝麗霦, some rights reserved (CC BY)",2026-01-11,131669,Cyathea dealbata,https://inaturalist-open-data.s3.amazonaws.com/photos/609897090/large.jpg,https://inaturalist-open-data.s3.amazonaws.com/photos/609897090/original.jpg,data/raw/silver_fern/609897090.jpg,576131,bb23728d041ea4967d62327a94dd0190,1536,2048,2026-09-11T17:30:16+1200,train
silver_fern,plant,Silver fern,Cyathea dealbata,282488587,507524642,cc-by,"(c) Tom Beard, some rights reserved (CC BY)",2025-05-16,131669,Cyathea dealbata,https://inaturalist-open-data.s3.amazonaws.com/photos/507524642/large.jpg,https://inaturalist-open-data.s3.amazonaws.com/photos/507524642/original.jpg,data/raw/silver_fern/507524642.jpg,1707030,f18d52fd14c646ae8e5ba406819c59c1,2048,2048,2026-09-11T17:30:16+1200,train
silver_fern,plant,Silver fern,Cyathea dealbata,76846300,125685017,cc-by,"(c) rempson, some rights reserved (CC BY)",2021-05-03,131669,Cyathea dealbata,https://inaturalist-open-data.s3.amazonaws.com/photos/125685017/large.jpeg,https://inaturalist-open-data.s3.amazonaws.com/photos/125685017/original.jpeg,data/raw/silver_fern/125685017.jpg,850925,dc13eb1e026fc319b58aa948bb3a9aaf,1536,2048,2026-09-11T17:30:16+1200,train
silver_fern,plant,Silver fern,Cyathea dealbata,6158829,7722164,cc-by,"(c) Joe Potter Butler, some rights reserved (CC BY)",2017-01-01,131669,Cyathea dealbata,https://inaturalist-open-data.s3.amazonaws.com/photos/7722164/large.jpeg,https://inaturalist-open-data.s3.amazonaws.com/photos/7722164/original.jpeg,data/raw/silver_fern/7722164.jpg,640267,19af4ed65b335e73bb7d0a436b24231a,2048,1365,2026-09-11T17:30:16+1200,train
silver_fern,plant,Silver fern,Cyathea dealbata,6398722,8070493,cc-by,"(c) Joe Potter Butler, some rights reserved (CC BY)",2017-05-28,131669,Cyathea dealbata,https://inaturalist-open-data.s3.amazonaws.com/photos/8070493/large.jpeg,https://inaturalist-open-data.s3.amazonaws.com/photos/8070493/original.jpeg,data/raw/silver_fern/8070493.jpg,629702,8318e942c82b0eb18146a416b37ec984,1365,2048,2026-09-11T17:30:16+1200,train
silver_fern,plant,Silver fern,Cyathea dealbata,8483651,11313881,cc-by,"(c) Jacqui Geux, some rights reserved (CC BY)",2017-10-18,131669,Cyathea dealbata,https://inaturalist-open-data.s3.amazonaws.com/photos/11313881/large.jpeg,https://inaturalist-open-data.s3.amazonaws.com/photos/11313881/original.jpeg,data/raw/silver_fern/11313881.jpg,441540,359945e6f200758970fcce097306a135,1600,1200,2026-09-11T17:30:16+1200,train
silver_fern,plant,Silver fern,Cyathea dealbata,9691150,13250965,cc-by,"(c) Ian Armitage, some rights reserved (CC BY)",2018-01-27,131669,Cyathea dealbata,https://inaturalist-open-data.s3.amazonaws.com/photos/13250965/large.jpg,https://inaturalist-open-data.s3.amazonaws.com/photos/13250965/original.jpg,data/raw/silver_fern/13250965.jpg,549896,a7697879d5fd94a6bc6d83ea38eb21cf,1555,1166,2026-09-11T17:30:16+1200,train
silver_fern,plant,Silver fern,Cyathea dealbata,397088438,728266006,cc0,no rights reserved,2026-09-04,131669,Cyathea dealbata,https://inaturalist-open-data.s3.amazonaws.com/photos/728266006/large.jpg,https://inaturalist-open-data.s3.amazonaws.com/photos/728266006/original.jpg,data/raw/silver_fern/728266006.jpg,810040,8ea3ffc56c88b341a83b3787f20c902d,1536,2048,2026-09-11T17:30:16+1200,train
silver_fern,plant,Silver fern,Cyathea dealbata,14366028,21352337,cc0,no rights reserved,2018-07-14,131669,Cyathea dealbata,https://inaturalist-open-data.s3.amazonaws.com/photos/21352337/large.jpeg,https://inaturalist-open-data.s3.amazonaws.com/photos/21352337/original.jpeg,data/raw/silver_fern/21352337.jpg,419198,13572983044b33e830c896449bcbee08,1536,2048,2026-09-11T17:30:16+1200,train
silver_fern,plant,Silver fern,Cyathea dealbata,52642654,83692462,cc0,no rights reserved,2020-07-10,131669,Cyathea dealbata,https://inaturalist-open-data.s3.amazonaws.com/photos/83692462/large.jpeg,https://inaturalist-open-data.s3.amazonaws.com/photos/83692462/original.jpeg,data/raw/silver_fern/83692462.jpg,491691,5a625d23345c79d4f40097cb7d97a7c4,1536,2048,2026-09-11T17:30:16+1200,train
silver_fern,plant,Silver fern,Cyathea dealbata,127810067,217025894,cc-by,"(c) Samuel Brown, some rights reserved (CC BY)",2022-07-16,131669,Cyathea dealbata,https://inaturalist-open-data.s3.amazonaws.com/photos/217025894/large.jpg,https://inaturalist-open-data.s3.amazonaws.com/photos/217025894/original.jpg,data/raw/silver_fern/217025894.jpg,486725,ca56e618da634833a0c7c4d808e7a029,1536,2048,2026-09-11T17:30:16+1200,train
silver_fern,plant,Silver fern,Cyathea dealbata,63868266,102579746,cc-by,"(c) Jacqui Geux, some rights reserved (CC BY)",2020-10-29,131669,Cyathea dealbata,https://inaturalist-open-data.s3.amazonaws.com/photos/102579746/large.jpeg,https://inaturalist-open-data.s3.amazonaws.com/photos/102579746/original.jpeg,data/raw/silver_fern/102579746.jpg,291607,ca8f13361b48c4fb9511a7066dd0fd4f,1600,1200,2026-09-11T17:30:16+1200,train
silver_fern,plant,Silver fern,Cyathea dealbata,51754152,82243240,cc0,no rights reserved,2020-06-26,131669,Cyathea dealbata,https://inaturalist-open-data.s3.amazonaws.com/photos/82243240/large.jpeg,https://inaturalist-open-data.s3.amazonaws.com/photos/82243240/original.jpeg,data/raw/silver_fern/82243240.jpg,432166,96474d1f47bc74916af6cf7affd65456,2048,1536,2026-09-11T17:30:16+1200,train
silver_fern,plant,Silver fern,Cyathea dealbata,53832683,85631700,cc0,no rights reserved,2020-07-19,131669,Cyathea dealbata,https://inaturalist-open-data.s3.amazonaws.com/photos/85631700/large.jpeg,https://inaturalist-open-data.s3.amazonaws.com/photos/85631700/original.jpeg,data/raw/silver_fern/85631700.jpg,515698,7dd22df56beec1c1ffc792e506e9280c,2048,1536,2026-09-11T17:30:16+1200,train
silver_fern,plant,Silver fern,Cyathea dealbata,141999533,243379731,cc-by,"(c) Richard Littauer, some rights reserved (CC BY)",2022-11-14,131669,Cyathea dealbata,https://inaturalist-open-data.s3.amazonaws.com/photos/243379731/large.jpg,https://inaturalist-open-data.s3.amazonaws.com/photos/243379731/original.jpg,data/raw/silver_fern/243379731.jpg,565117,eb1e51c78fc46c2efb13063a048e0362,1536,2048,2026-09-11T17:30:16+1200,train
silver_fern,plant,Silver fern,Cyathea dealbata,64157518,103100106,cc-by,"(c) wild_wind, some rights reserved (CC BY)",2020-11-04,131669,Cyathea dealbata,https://inaturalist-open-data.s3.amazonaws.com/photos/103100106/large.jpeg,https://inaturalist-open-data.s3.amazonaws.com/photos/103100106/original.jpeg,data/raw/silver_fern/103100106.jpg,287299,2cf42c49d61e917242795d08bb6cfdfc,2048,2048,2026-09-11T17:30:16+1200,train
silver_fern,plant,Silver fern,Cyathea dealbata,66217746,106694160,cc-by,"(c) naturewatchwidow, some rights reserved (CC BY)",2020-12-05,131669,Cyathea dealbata,https://inaturalist-open-data.s3.amazonaws.com/photos/106694160/large.jpeg,https://inaturalist-open-data.s3.amazonaws.com/photos/106694160/original.jpeg,data/raw/silver_fern/106694160.jpg,734854,7764305040c0a532ea3d438fc92fe2d7,1536,2048,2026-09-11T17:30:16+1200,train
silver_fern,plant,Silver fern,Cyathea dealbata,1178458,1487484,cc-by,"(c) Lisa Bennett, some rights reserved (CC BY)",2015-01-09,131669,Cyathea dealbata,https://inaturalist-open-data.s3.amazonaws.com/photos/1487484/large.JPG,https://inaturalist-open-data.s3.amazonaws.com/photos/1487484/original.JPG,data/raw/silver_fern/1487484.jpg,405196,782bbde73397124a6124e87bfa520447,1536,2048,2026-09-11T17:30:16+1200,train
silver_fern,plant,Silver fern,Cyathea dealbata,16785784,25337668,cc-by,"(c) Sarah Richardson, some rights reserved (CC BY)",2018-09-22,131669,Cyathea dealbata,https://inaturalist-open-data.s3.amazonaws.com/photos/25337668/large.jpeg,https://inaturalist-open-data.s3.amazonaws.com/photos/25337668/original.jpeg,data/raw/silver_fern/25337668.jpg,325874,7cd3e03248ca2d0262b75a9cd63ee62f,2048,1152,2026-09-11T17:30:16+1200,train
silver_fern,plant,Silver fern,Cyathea dealbata,15887382,23758094,cc0,no rights reserved,2018-08-22,131669,Cyathea dealbata,https://inaturalist-open-data.s3.amazonaws.com/photos/23758094/large.jpeg,https://inaturalist-open-data.s3.amazonaws.com/photos/23758094/original.jpeg,data/raw/silver_fern/23758094.jpg,514370,a0710eafd90d7e20b7eec0f7dba60da1,1536,2048,2026-09-11T17:30:16+1200,train
silver_fern,plant,Silver fern,Cyathea dealbata,17112697,25913613,cc0,no rights reserved,2018-09-30,131669,Cyathea dealbata,https://inaturalist-open-data.s3.amazonaws.com/photos/25913613/large.jpeg,https://inaturalist-open-data.s3.amazonaws.com/photos/25913613/original.jpeg,data/raw/silver_fern/25913613.jpg,406757,3e5a80898552e160af976ad3bd08fad6,1536,2048,2026-09-11T17:30:16+1200,train
silver_fern,plant,Silver fern,Cyathea dealbata,18175181,27779509,cc0,no rights reserved,2018-09-06,131669,Cyathea dealbata,https://inaturalist-open-data.s3.amazonaws.com/photos/27779509/large.jpeg,https://inaturalist-open-data.s3.amazonaws.com/photos/27779509/original.jpeg,data/raw/silver_fern/27779509.jpg,310144,1ee4c71c5e01dd6980b931fc305bfdc3,1536,2048,2026-09-11T17:30:16+1200,train
silver_fern,plant,Silver fern,Cyathea dealbata,257996745,462818799,cc-by,"(c) Christopher Hynes, some rights reserved (CC BY)",2025-01-10,131669,Cyathea dealbata,https://inaturalist-open-data.s3.amazonaws.com/photos/462818799/large.jpg,https://inaturalist-open-data.s3.amazonaws.com/photos/462818799/original.jpg,data/raw/silver_fern/462818799.jpg,386130,efed83ac8078ef202157126d92d3f79a,1536,2048,2026-09-11T17:30:16+1200,train
silver_fern,plant,Silver fern,Cyathea dealbata,189169634,331294433,cc-by,"(c) Michael Berardozzi, some rights reserved (CC BY)",2023-10-28,131669,Cyathea dealbata,https://inaturalist-open-data.s3.amazonaws.com/photos/331294433/large.jpeg,https://inaturalist-open-data.s3.amazonaws.com/photos/331294433/original.jpeg,data/raw/silver_fern/331294433.jpg,345260,b51c3d6a798b1de6e6b068ed211ebea8,1536,2048,2026-09-11T17:30:16+1200,train
silver_fern,plant,Silver fern,Cyathea dealbata,186667878,326269383,cc0,no rights reserved,2020-09-20,131669,Cyathea dealbata,https://inaturalist-open-data.s3.amazonaws.com/photos/326269383/large.jpeg,https://inaturalist-open-data.s3.amazonaws.com/photos/326269383/original.jpeg,data/raw/silver_fern/326269383.jpg,494352,599d5ae7ffa1ce526da5ac7239eef45b,2048,1536,2026-09-11T17:30:16+1200,train
silver_fern,plant,Silver fern,Cyathea dealbata,254260609,455389056,cc-by,"(c) Andy McKay, some rights reserved (CC BY)",2024-12-06,131669,Cyathea dealbata,https://inaturalist-open-data.s3.amazonaws.com/photos/455389056/large.jpg,https://inaturalist-open-data.s3.amazonaws.com/photos/455389056/original.jpg,data/raw/silver_fern/455389056.jpg,564559,5c7284ffa09a6ae614e719256fdf3c6e,1536,2048,2026-09-11T17:30:16+1200,train
silver_fern,plant,Silver fern,Cyathea dealbata,355041047,647625406,cc-by,"(c) Heidi Meudt, some rights reserved (CC BY)",2026-04-27,131669,Cyathea dealbata,https://inaturalist-open-data.s3.amazonaws.com/photos/647625406/large.jpg,https://inaturalist-open-data.s3.amazonaws.com/photos/647625406/original.jpg,data/raw/silver_fern/647625406.jpg,850143,d837b7a85170015dd29faee637f575f4,1536,2048,2026-09-11T17:30:16+1200,train
silver_fern,plant,Silver fern,Cyathea dealbata,98858817,164689475,cc-by,"(c) Krystal, some rights reserved (CC BY)",2021-10-21,131669,Cyathea dealbata,https://inaturalist-open-data.s3.amazonaws.com/photos/164689475/large.jpg,https://inaturalist-open-data.s3.amazonaws.com/photos/164689475/original.jpg,data/raw/silver_fern/164689475.jpg,440136,f6222990133e89df884a03d9d5f5bebe,1536,2048,2026-09-11T17:30:16+1200,train
silver_fern,plant,Silver fern,Cyathea dealbata,30674769,47932536,cc-by,"(c) Joe Potter Butler, some rights reserved (CC BY)",2019-08-06,131669,Cyathea dealbata,https://inaturalist-open-data.s3.amazonaws.com/photos/47932536/large.jpeg,https://inaturalist-open-data.s3.amazonaws.com/photos/47932536/original.jpeg,data/raw/silver_fern/47932536.jpg,616667,99fd5763309ccb9bcc3b5ab5cc0f89df,1365,2048,2026-09-11T17:30:16+1200,train
silver_fern,plant,Silver fern,Cyathea dealbata,26167127,40607084,cc0,no rights reserved,2019-05-30,131669,Cyathea dealbata,https://inaturalist-open-data.s3.amazonaws.com/photos/40607084/large.jpeg,https://inaturalist-open-data.s3.amazonaws.com/photos/40607084/original.jpeg,data/raw/silver_fern/40607084.jpg,330231,9d8dd8e18cac1eaaf268d89a03feb87e,2048,1536,2026-09-11T17:30:16+1200,train
silver_fern,plant,Silver fern,Cyathea dealbata,32684849,51282935,cc-by,"(c) Emily Roberts, some rights reserved (CC BY)",2019-09-14,131669,Cyathea dealbata,https://inaturalist-open-data.s3.amazonaws.com/photos/51282935/large.jpg,https://inaturalist-open-data.s3.amazonaws.com/photos/51282935/original.jpg,data/raw/silver_fern/51282935.jpg,632911,98b010eda6035d474337d5feffec4632,1536,2048,2026-09-11T17:30:16+1200,train
silver_fern,plant,Silver fern,Cyathea dealbata,32974716,51753067,cc0,no rights reserved,2019-06-04,131669,Cyathea dealbata,https://inaturalist-open-data.s3.amazonaws.com/photos/51753067/large.jpeg,https://inaturalist-open-data.s3.amazonaws.com/photos/51753067/original.jpeg,data/raw/silver_fern/51753067.jpg,269502,40caf733728e19806b17b4e60d6832f2,2048,1536,2026-09-11T17:30:16+1200,train
silver_fern,plant,Silver fern,Cyathea dealbata,33247318,52204164,cc0,no rights reserved,2019-06-13,131669,Cyathea dealbata,https://inaturalist-open-data.s3.amazonaws.com/photos/52204164/large.jpeg,https://inaturalist-open-data.s3.amazonaws.com/photos/52204164/original.jpeg,data/raw/silver_fern/52204164.jpg,242092,aa090250186685dc0be5ace4f4c08d15,2048,1536,2026-09-11T17:30:16+1200,train
silver_fern,plant,Silver fern,Cyathea dealbata,32870360,51587014,cc0,no rights reserved,2019-06-03,131669,Cyathea dealbata,https://inaturalist-open-data.s3.amazonaws.com/photos/51587014/large.jpeg,https://inaturalist-open-data.s3.amazonaws.com/photos/51587014/original.jpeg,data/raw/silver_fern/51587014.jpg,362698,ad570cf5eac38e60269d6254429e87c9,2048,1536,2026-09-11T17:30:16+1200,train
silver_fern,plant,Silver fern,Cyathea dealbata,100988667,168609630,cc-by,"(c) Oscar Dove, some rights reserved (CC BY)",2021-11-02,131669,Cyathea dealbata,https://inaturalist-open-data.s3.amazonaws.com/photos/168609630/large.jpeg,https://inaturalist-open-data.s3.amazonaws.com/photos/168609630/original.jpeg,data/raw/silver_fern/168609630.jpg,459229,0de9f636f747a26a25038ae86fc1bcf0,1537,2048,2026-09-11T17:30:16+1200,train
silver_fern,plant,Silver fern,Cyathea dealbata,27508201,42807541,cc0,no rights reserved,2015-12-24,131669,Cyathea dealbata,https://inaturalist-open-data.s3.amazonaws.com/photos/42807541/large.jpg,https://inaturalist-open-data.s3.amazonaws.com/photos/42807541/original.jpg,data/raw/silver_fern/42807541.jpg,349591,8f390f1f1e2cbb15e6cdcc2ea4c77323,2048,1153,2026-09-11T17:30:16+1200,train
silver_fern,plant,Silver fern,Cyathea dealbata,33673939,52911827,cc0,no rights reserved,2019-04-02,131669,Cyathea dealbata,https://inaturalist-open-data.s3.amazonaws.com/photos/52911827/large.jpeg,https://inaturalist-open-data.s3.amazonaws.com/photos/52911827/original.jpeg,data/raw/silver_fern/52911827.jpg,359198,86df1fcf5264d13edb0e3a7c6df00a11,1536,2048,2026-09-11T17:30:16+1200,train
silver_fern,plant,Silver fern,Cyathea dealbata,37833562,60055582,cc0,no rights reserved,2020-01-19,131669,Cyathea dealbata,https://inaturalist-open-data.s3.amazonaws.com/photos/60055582/large.jpeg,https://inaturalist-open-data.s3.amazonaws.com/photos/60055582/original.jpeg,data/raw/silver_fern/60055582.jpg,621323,4ce8ae33a816b8f196bc84b733f296b7,1769,2048,2026-09-11T17:30:16+1200,train
silver_fern,plant,Silver fern,Cyathea dealbata,35603246,56158485,cc0,no rights reserved,2019-08-25,131669,Cyathea dealbata,https://inaturalist-open-data.s3.amazonaws.com/photos/56158485/large.jpeg,https://inaturalist-open-data.s3.amazonaws.com/photos/56158485/original.jpeg,data/raw/silver_fern/56158485.jpg,304678,f3b712b5f509780926cc4014feb1a9f1,1536,2048,2026-09-11T17:30:16+1200,train
silver_fern,plant,Silver fern,Cyathea dealbata,64080185,102959336,cc-by,"(c) wild_wind, some rights reserved (CC BY)",2020-11-03,131669,Cyathea dealbata,https://inaturalist-open-data.s3.amazonaws.com/photos/102959336/large.jpeg,https://inaturalist-open-data.s3.amazonaws.com/photos/102959336/original.jpeg,data/raw/silver_fern/102959336.jpg,368391,8a725a02e988960653d997291e3faabf,2048,2048,2026-09-11T17:30:16+1200,train
silver_fern,plant,Silver fern,Cyathea dealbata,146112430,251130884,cc-by,"(c) Rafael Medina, some rights reserved (CC BY)",2023-01-04,131669,Cyathea dealbata,https://inaturalist-open-data.s3.amazonaws.com/photos/251130884/large.jpeg,https://inaturalist-open-data.s3.amazonaws.com/photos/251130884/original.jpeg,data/raw/silver_fern/251130884.jpg,631205,8dda7175f6952a2bf352efd360e75019,2048,1536,2026-09-11T17:30:16+1200,train
silver_fern,plant,Silver fern,Cyathea dealbata,142992690,245216006,cc-by,"(c) Richard Littauer, some rights reserved (CC BY)",2022-11-21,131669,Cyathea dealbata,https://inaturalist-open-data.s3.amazonaws.com/photos/245216006/large.jpg,https://inaturalist-open-data.s3.amazonaws.com/photos/245216006/original.jpg,data/raw/silver_fern/245216006.jpg,1246615,29e67491ba5b40f7e17fe84bdceb7585,1536,2048,2026-09-11T17:30:16+1200,train
silver_fern,plant,Silver fern,Cyathea dealbata,148203282,255168231,cc-by,"(c) Richard Dimon, some rights reserved (CC BY)",2023-02-05,131669,Cyathea dealbata,https://inaturalist-open-data.s3.amazonaws.com/photos/255168231/large.jpeg,https://inaturalist-open-data.s3.amazonaws.com/photos/255168231/original.jpeg,data/raw/silver_fern/255168231.jpg,514303,bb6247f209076af7f6e82202058aef36,1536,2048,2026-09-11T17:30:16+1200,train
silver_fern,plant,Silver fern,Cyathea dealbata,135556598,231219669,cc-by,"(c) Hannah Rogers, some rights reserved (CC BY)",2022-09-11,131669,Cyathea dealbata,https://inaturalist-open-data.s3.amazonaws.com/photos/231219669/large.jpg,https://inaturalist-open-data.s3.amazonaws.com/photos/231219669/original.jpg,data/raw/silver_fern/231219669.jpg,605621,7a7ec7574e49c61e0ea1a40bf4ed2023,1536,2048,2026-09-11T17:30:16+1200,train
silver_fern,plant,Silver fern,Cyathea dealbata,68777873,111451116,cc0,no rights reserved,2018-07-14,131669,Cyathea dealbata,https://inaturalist-open-data.s3.amazonaws.com/photos/111451116/large.jpeg,https://inaturalist-open-data.s3.amazonaws.com/photos/111451116/original.jpeg,data/raw/silver_fern/111451116.jpg,445493,e2581c48cd977593cf87738b35adb438,1536,2048,2026-09-11T17:30:16+1200,train
silver_fern,plant,Silver fern,Cyathea dealbata,149468030,257563571,cc-by,"(c) M Rutherford, some rights reserved (CC BY)",2023-02-10,131669,Cyathea dealbata,https://inaturalist-open-data.s3.amazonaws.com/photos/257563571/large.jpg,https://inaturalist-open-data.s3.amazonaws.com/photos/257563571/original.jpg,data/raw/silver_fern/257563571.jpg,275468,c18500cae4a3dc36bb7c995c5c1f87b8,2048,1365,2026-09-11T17:30:16+1200,train
silver_fern,plant,Silver fern,Cyathea dealbata,189169822,331303332,cc-by,"(c) Michael Berardozzi, some rights reserved (CC BY)",2023-10-28,131669,Cyathea dealbata,https://inaturalist-open-data.s3.amazonaws.com/photos/331303332/large.jpeg,https://inaturalist-open-data.s3.amazonaws.com/photos/331303332/original.jpeg,data/raw/silver_fern/331303332.jpg,530890,acd1ec86baa323431e7f0bebbef50f48,1536,2048,2026-09-11T17:30:16+1200,train
silver_fern,plant,Silver fern,Cyathea dealbata,261918961,470631115,cc-by,"(c) M Rutherford, some rights reserved (CC BY)",2025-02-14,131669,Cyathea dealbata,https://inaturalist-open-data.s3.amazonaws.com/photos/470631115/large.jpg,https://inaturalist-open-data.s3.amazonaws.com/photos/470631115/original.jpg,data/raw/silver_fern/470631115.jpg,366388,65cc1afc3216daa20b279fcce6f1c877,1365,2048,2026-09-11T17:30:16+1200,train
silver_fern,plant,Silver fern,Cyathea dealbata,289203990,520151403,cc-by,"(c) Hannah Rogers, some rights reserved (CC BY)",2025-06-13,131669,Cyathea dealbata,https://inaturalist-open-data.s3.amazonaws.com/photos/520151403/large.jpg,https://inaturalist-open-data.s3.amazonaws.com/photos/520151403/original.jpg,data/raw/silver_fern/520151403.jpg,586653,aea986a20cf83ea2674770151d88a266,1536,2048,2026-09-11T17:30:16+1200,train
silver_fern,plant,Silver fern,Cyathea dealbata,290785189,523131587,cc-by,"(c) Tom Beard, some rights reserved (CC BY)",2025-06-14,131669,Cyathea dealbata,https://inaturalist-open-data.s3.amazonaws.com/photos/523131587/large.jpg,https://inaturalist-open-data.s3.amazonaws.com/photos/523131587/original.jpg,data/raw/silver_fern/523131587.jpg,1385542,068b13ca53807330f94abceb924e3621,1536,2048,2026-09-11T17:30:16+1200,train
silver_fern,plant,Silver fern,Cyathea dealbata,197486188,347839036,cc-by,"(c) Ewan Shilland, some rights reserved (CC BY)",2012-11-20,131669,Cyathea dealbata,https://inaturalist-open-data.s3.amazonaws.com/photos/347839036/large.jpg,https://inaturalist-open-data.s3.amazonaws.com/photos/347839036/original.jpg,data/raw/silver_fern/347839036.jpg,512235,c8f0558b3ba57d5a5f4b454f30a4bfc7,2048,1536,2026-09-11T17:30:16+1200,train
silver_fern,plant,Silver fern,Cyathea dealbata,196251594,345452175,cc0,no rights reserved,2024-01-08,131669,Cyathea dealbata,https://inaturalist-open-data.s3.amazonaws.com/photos/345452175/large.jpeg,https://inaturalist-open-data.s3.amazonaws.com/photos/345452175/original.jpeg,data/raw/silver_fern/345452175.jpg,324853,b773316acb85ef71496d305f316d7491,2048,1536,2026-09-11T17:30:16+1200,train
silver_fern,plant,Silver fern,Cyathea dealbata,265133844,476184619,cc-by,"(c) Hannah Rogers, some rights reserved (CC BY)",2025-03-13,131669,Cyathea dealbata,https://inaturalist-open-data.s3.amazonaws.com/photos/476184619/large.jpg,https://inaturalist-open-data.s3.amazonaws.com/photos/476184619/original.jpg,data/raw/silver_fern/476184619.jpg,578044,77859b841e9a9b6ec86e1f2eed4d325c,1536,2048,2026-09-11T17:30:16+1200,train
silver_fern,plant,Silver fern,Cyathea dealbata,275488298,495021114,cc-by,"(c) Halema J, some rights reserved (CC BY)",2025-04-26,131669,Cyathea dealbata,https://inaturalist-open-data.s3.amazonaws.com/photos/495021114/large.jpg,https://inaturalist-open-data.s3.amazonaws.com/photos/495021114/original.jpg,data/raw/silver_fern/495021114.jpg,549482,59f84efc94de674b18e1259c8648cc6c,1536,2048,2026-09-11T17:30:16+1200,train
silver_fern,plant,Silver fern,Cyathea dealbata,276798462,497043593,cc-by,"(c) Tom Beard, some rights reserved (CC BY)",2025-04-16,131669,Cyathea dealbata,https://inaturalist-open-data.s3.amazonaws.com/photos/497043593/large.jpg,https://inaturalist-open-data.s3.amazonaws.com/photos/497043593/original.jpg,data/raw/silver_fern/497043593.jpg,1200184,961a7ba81ed3e7dda0949246ddad10cc,1536,2048,2026-09-11T17:30:16+1200,train
silver_fern,plant,Silver fern,Cyathea dealbata,277172971,497703171,cc-by,"(c) Tom Beard, some rights reserved (CC BY)",2025-04-24,131669,Cyathea dealbata,https://inaturalist-open-data.s3.amazonaws.com/photos/497703171/large.jpg,https://inaturalist-open-data.s3.amazonaws.com/photos/497703171/original.jpg,data/raw/silver_fern/497703171.jpg,1352318,2eb761a79e1f4744df6a5d4513f14a12,1536,2048,2026-09-11T17:30:16+1200,train
silver_fern,plant,Silver fern,Cyathea dealbata,1007893,1269218,cc-by,"(c) John Barkla, some rights reserved (CC BY)",2014-06-29,131669,Cyathea dealbata,https://inaturalist-open-data.s3.amazonaws.com/photos/1269218/large.,https://inaturalist-open-data.s3.amazonaws.com/photos/1269218/original.,data/raw/silver_fern/1269218.jpg,370508,639d794a5c6d5df9153e94690ee3e82a,2048,1536,2026-09-11T17:30:16+1200,train
silver_fern,plant,Silver fern,Cyathea dealbata,70931286,115402225,cc0,no rights reserved,2021-03-09,131669,Cyathea dealbata,https://inaturalist-open-data.s3.amazonaws.com/photos/115402225/large.jpeg,https://inaturalist-open-data.s3.amazonaws.com/photos/115402225/original.jpeg,data/raw/silver_fern/115402225.jpg,452285,dc087e7a30f0ebde2d5f54ac2457017f,2048,1536,2026-09-11T17:30:16+1200,train
silver_fern,plant,Silver fern,Cyathea dealbata,329166438,596618759,cc0,no rights reserved,2025-12-02,131669,Cyathea dealbata,https://inaturalist-open-data.s3.amazonaws.com/photos/596618759/large.jpg,https://inaturalist-open-data.s3.amazonaws.com/photos/596618759/original.jpg,data/raw/silver_fern/596618759.jpg,721057,6c773a8bd0b9d736b1623573cdf724d2,1536,2048,2026-09-11T17:30:16+1200,train
silver_fern,plant,Silver fern,Cyathea dealbata,4626342,5596681,cc-by,"(c) Ed Wilson, some rights reserved (CC BY)",2016-11-21,131669,Cyathea dealbata,https://inaturalist-open-data.s3.amazonaws.com/photos/5596681/large.jpeg,https://inaturalist-open-data.s3.amazonaws.com/photos/5596681/original.jpeg,data/raw/silver_fern/5596681.jpg,570124,91d473ddfa2e161ebac56ad0d1de4389,1536,2048,2026-09-11T17:30:16+1200,train
silver_fern,plant,Silver fern,Cyathea dealbata,4990998,6098683,cc-by,"(c) Ian Armitage, some rights reserved (CC BY)",2017-01-14,131669,Cyathea dealbata,https://inaturalist-open-data.s3.amazonaws.com/photos/6098683/large.jpeg,https://inaturalist-open-data.s3.amazonaws.com/photos/6098683/original.jpeg,data/raw/silver_fern/6098683.jpg,370454,3e26dc8fcff0a20dae8929bb66445d16,2048,1717,2026-09-11T17:30:16+1200,train
silver_fern,plant,Silver fern,Cyathea dealbata,161552340,279250071,cc-by,"(c) Michael Berardozzi, some rights reserved (CC BY)",2023-05-14,131669,Cyathea dealbata,https://inaturalist-open-data.s3.amazonaws.com/photos/279250071/large.jpeg,https://inaturalist-open-data.s3.amazonaws.com/photos/279250071/original.jpeg,data/raw/silver_fern/279250071.jpg,515176,5df32ab0cbe9a7402afa04db5a05f898,1536,2048,2026-09-11T17:30:16+1200,train
silver_fern,plant,Silver fern,Cyathea dealbata,231525417,411221582,cc-by,"(c) Tom Beard, some rights reserved (CC BY)",2024-07-19,131669,Cyathea dealbata,https://inaturalist-open-data.s3.amazonaws.com/photos/411221582/large.jpeg,https://inaturalist-open-data.s3.amazonaws.com/photos/411221582/original.jpeg,data/raw/silver_fern/411221582.jpg,611497,745e003c984d61ee640d2048db77337f,1536,2048,2026-09-11T17:30:16+1200,train
silver_fern,plant,Silver fern,Cyathea dealbata,158345849,273671545,cc0,no rights reserved,2023-04-29,131669,Cyathea dealbata,https://inaturalist-open-data.s3.amazonaws.com/photos/273671545/large.jpeg,https://inaturalist-open-data.s3.amazonaws.com/photos/273671545/original.jpeg,data/raw/silver_fern/273671545.jpg,733259,4af49eaa9b8f40ccf2a45d18e4b1a104,1536,2048,2026-09-11T17:30:16+1200,train
silver_fern,plant,Silver fern,Cyathea dealbata,247077884,441212934,cc-by,"(c) catchwords, some rights reserved (CC BY)",2024-10-05,131669,Cyathea dealbata,https://inaturalist-open-data.s3.amazonaws.com/photos/441212934/large.jpg,https://inaturalist-open-data.s3.amazonaws.com/photos/441212934/original.jpg,data/raw/silver_fern/441212934.jpg,320073,1af8246a8d7c3885c0564f59890d44e9,2048,1357,2026-09-11T17:30:16+1200,train
silver_fern,plant,Silver fern,Cyathea dealbata,165447603,286398186,cc-by,"(c) Lisa Bennett, some rights reserved (CC BY)",2023-06-02,131669,Cyathea dealbata,https://inaturalist-open-data.s3.amazonaws.com/photos/286398186/large.jpeg,https://inaturalist-open-data.s3.amazonaws.com/photos/286398186/original.jpeg,data/raw/silver_fern/286398186.jpg,239295,f7f1b23be99123045653eb3e2228ad62,2048,1536,2026-09-11T17:30:16+1200,train
silver_fern,plant,Silver fern,Cyathea dealbata,244638202,436409859,cc-by,"(c) Michael Berardozzi, some rights reserved (CC BY)",2024-09-29,131669,Cyathea dealbata,https://inaturalist-open-data.s3.amazonaws.com/photos/436409859/large.jpeg,https://inaturalist-open-data.s3.amazonaws.com/photos/436409859/original.jpeg,data/raw/silver_fern/436409859.jpg,1156022,4e63d4f66e7e2d13e87d403f49dfb553,1536,2048,2026-09-11T17:30:16+1200,train
silver_fern,plant,Silver fern,Cyathea dealbata,251698120,450412808,cc-by,"(c) Tom Beard, some rights reserved (CC BY)",2024-11-08,131669,Cyathea dealbata,https://inaturalist-open-data.s3.amazonaws.com/photos/450412808/large.jpeg,https://inaturalist-open-data.s3.amazonaws.com/photos/450412808/original.jpeg,data/raw/silver_fern/450412808.jpg,593985,0aae933627fc0bd8deb9e986ee51bc5e,1536,2048,2026-09-11T17:30:16+1200,train
silver_fern,plant,Silver fern,Cyathea dealbata,141767614,242944028,cc-by,"(c) Tom Field, some rights reserved (CC BY)",2022-09-16,131669,Cyathea dealbata,https://inaturalist-open-data.s3.amazonaws.com/photos/242944028/large.jpg,https://inaturalist-open-data.s3.amazonaws.com/photos/242944028/original.jpg,data/raw/silver_fern/242944028.jpg,471024,bf8b3e977a08ecb4854c9c497d7b0705,1542,2048,2026-09-11T17:30:16+1200,train
silver_fern,plant,Silver fern,Cyathea dealbata,212086847,374816839,cc-by,"(c) Corli du Toit Smith, some rights reserved (CC BY)",2024-04-28,131669,Cyathea dealbata,https://inaturalist-open-data.s3.amazonaws.com/photos/374816839/large.jpg,https://inaturalist-open-data.s3.amazonaws.com/photos/374816839/original.jpg,data/raw/silver_fern/374816839.jpg,432363,b34ad2b43d50b0c49d734ce241a1ae7c,2048,1536,2026-09-11T17:30:16+1200,train
silver_fern,plant,Silver fern,Cyathea dealbata,341181188,621040881,cc-by,"(c) Tom Beard, some rights reserved (CC BY)",2026-02-28,131669,Cyathea dealbata,https://inaturalist-open-data.s3.amazonaws.com/photos/621040881/large.jpg,https://inaturalist-open-data.s3.amazonaws.com/photos/621040881/original.jpg,data/raw/silver_fern/621040881.jpg,1510737,b1837b245976b596bce02d42bfee23c7,1536,2048,2026-09-11T17:30:16+1200,train
silver_fern,plant,Silver fern,Cyathea dealbata,46939397,74444897,cc-by,"(c) Jacqui Geux, some rights reserved (CC BY)",2020-05-21,131669,Cyathea dealbata,https://inaturalist-open-data.s3.amazonaws.com/photos/74444897/large.jpeg,https://inaturalist-open-data.s3.amazonaws.com/photos/74444897/original.jpeg,data/raw/silver_fern/74444897.jpg,268922,590aab56315aa23e7b3b18c0980c2f6b,1600,1200,2026-09-11T17:30:16+1200,train
silver_fern,plant,Silver fern,Cyathea dealbata,122891207,208121875,cc0,no rights reserved,2022-06-22,131669,Cyathea dealbata,https://inaturalist-open-data.s3.amazonaws.com/photos/208121875/large.jpeg,https://inaturalist-open-data.s3.amazonaws.com/photos/208121875/original.jpeg,data/raw/silver_fern/208121875.jpg,708408,fa06602264d257c4e58aaaeba5ab7d82,1536,2048,2026-09-11T17:30:16+1200,train
silver_fern,plant,Silver fern,Cyathea dealbata,40116756,63719571,cc-by,"(c) Jacqui Geux, some rights reserved (CC BY)",2020-03-17,131669,Cyathea dealbata,https://inaturalist-open-data.s3.amazonaws.com/photos/63719571/large.jpeg,https://inaturalist-open-data.s3.amazonaws.com/photos/63719571/original.jpeg,data/raw/silver_fern/63719571.jpg,256502,b61d3f2ba2fc3011b4b95839b1c9921d,1600,1200,2026-09-11T17:30:16+1200,train
silver_fern,plant,Silver fern,Cyathea dealbata,42833071,68021950,cc0,no rights reserved,2019-09-01,131669,Cyathea dealbata,https://inaturalist-open-data.s3.amazonaws.com/photos/68021950/large.jpeg,https://inaturalist-open-data.s3.amazonaws.com/photos/68021950/original.jpeg,data/raw/silver_fern/68021950.jpg,368786,dc3087239970d517a0594fc49f3decc8,1536,2048,2026-09-11T17:30:16+1200,train
silver_fern,plant,Silver fern,Cyathea dealbata,41885589,66467140,cc-by,"(c) Richard Davies, some rights reserved (CC BY)",2020-04-11,131669,Cyathea dealbata,https://inaturalist-open-data.s3.amazonaws.com/photos/66467140/large.jpeg,https://inaturalist-open-data.s3.amazonaws.com/photos/66467140/original.jpeg,data/raw/silver_fern/66467140.jpg,947470,a0e3ea6476bf57074ae106ae0f30b634,1536,2048,2026-09-11T17:30:16+1200,train
silver_fern,plant,Silver fern,Cyathea dealbata,332988195,604441655,cc0,no rights reserved,2025-12-28,131669,Cyathea dealbata,https://inaturalist-open-data.s3.amazonaws.com/photos/604441655/large.jpg,https://inaturalist-open-data.s3.amazonaws.com/photos/604441655/original.jpg,data/raw/silver_fern/604441655.jpg,864911,bf948b8e883554ff3cbbc0f31800efbb,1536,2048,2026-09-11T17:30:16+1200,train
silver_fern,plant,Silver fern,Cyathea dealbata,323915009,586177580,cc-by,"(c) Heidi Meudt, some rights reserved (CC BY)",2025-10-30,131669,Cyathea dealbata,https://inaturalist-open-data.s3.amazonaws.com/photos/586177580/large.jpg,https://inaturalist-open-data.s3.amazonaws.com/photos/586177580/original.jpg,data/raw/silver_fern/586177580.jpg,859180,0553edf15bc55e23f3c1cf5ea6247298,1536,2048,2026-09-11T17:30:16+1200,train
silver_fern,plant,Silver fern,Cyathea dealbata,323527113,585413291,cc-by,"(c) Martin Kalfatovic, some rights reserved (CC BY)",2025-10-27,131669,Cyathea dealbata,https://inaturalist-open-data.s3.amazonaws.com/photos/585413291/large.jpg,https://inaturalist-open-data.s3.amazonaws.com/photos/585413291/original.jpg,data/raw/silver_fern/585413291.jpg,576334,f0a194cd440556815bda1eb904287550,1542,2048,2026-09-11T17:30:16+1200,train
silver_fern,plant,Silver fern,Cyathea dealbata,323527602,585414039,cc-by,"(c) Martin Kalfatovic, some rights reserved (CC BY)",2025-10-27,131669,Cyathea dealbata,https://inaturalist-open-data.s3.amazonaws.com/photos/585414039/large.jpg,https://inaturalist-open-data.s3.amazonaws.com/photos/585414039/original.jpg,data/raw/silver_fern/585414039.jpg,376076,6c5495fc2fa727c509f82424020e6d82,1542,2048,2026-09-11T17:30:16+1200,train
silver_fern,plant,Silver fern,Cyathea dealbata,211233026,373489380,cc-by,"(c) Tom Beard, some rights reserved (CC BY)",2024-04-26,131669,Cyathea dealbata,https://inaturalist-open-data.s3.amazonaws.com/photos/373489380/large.jpg,https://inaturalist-open-data.s3.amazonaws.com/photos/373489380/original.jpg,data/raw/silver_fern/373489380.jpg,548484,e22b54fd3bb212c15e13e174313f0fdc,1536,2048,2026-09-11T17:30:16+1200,train
silver_fern,plant,Silver fern,Cyathea dealbata,328592841,595467424,cc-by,"(c) Mitch Van Dyke, some rights reserved (CC BY)",2025-11-28,131669,Cyathea dealbata,https://inaturalist-open-data.s3.amazonaws.com/photos/595467424/large.jpg,https://inaturalist-open-data.s3.amazonaws.com/photos/595467424/original.jpg,data/raw/silver_fern/595467424.jpg,602276,cf7bd955fd57473e37dad134e3ceb698,969,2048,2026-09-11T17:30:16+1200,train
silver_fern,plant,Silver fern,Cyathea dealbata,16162646,24231232,cc0,no rights reserved,2018-08-22,131669,Cyathea dealbata,https://inaturalist-open-data.s3.amazonaws.com/photos/24231232/large.jpeg,https://inaturalist-open-data.s3.amazonaws.com/photos/24231232/original.jpeg,data/raw/silver_fern/24231232.jpg,420946,6e37abb128269ea504ad2213b3a6f03e,1536,2048,2026-09-11T17:30:16+1200,train
silver_fern,plant,Silver fern,Cyathea dealbata,83705251,137498688,cc-by,"(c) Ian Armitage, some rights reserved (CC BY)",2021-06-09,131669,Cyathea dealbata,https://inaturalist-open-data.s3.amazonaws.com/photos/137498688/large.jpg,https://inaturalist-open-data.s3.amazonaws.com/photos/137498688/original.jpg,data/raw/silver_fern/137498688.jpg,356302,2ad0cbe1d10e3d48ee8004dfb2072e37,2048,1505,2026-09-11T17:30:16+1200,train
silver_fern,plant,Silver fern,Cyathea dealbata,91104459,150636797,cc-by,"(c) Joe Dillon, some rights reserved (CC BY)",2021-08-12,131669,Cyathea dealbata,https://inaturalist-open-data.s3.amazonaws.com/photos/150636797/large.jpeg,https://inaturalist-open-data.s3.amazonaws.com/photos/150636797/original.jpeg,data/raw/silver_fern/150636797.jpg,680889,6d70029c08798a4e1f505ada8ce4f555,2048,1365,2026-09-11T17:30:16+1200,train
silver_fern,plant,Silver fern,Cyathea dealbata,35599170,56151686,cc0,no rights reserved,2019-07-21,131669,Cyathea dealbata,https://inaturalist-open-data.s3.amazonaws.com/photos/56151686/large.jpeg,https://inaturalist-open-data.s3.amazonaws.com/photos/56151686/original.jpeg,data/raw/silver_fern/56151686.jpg,418265,c5bd9168b50b60820ce89f3bba08ea1b,2048,1536,2026-09-11T17:30:16+1200,train
silver_fern,plant,Silver fern,Cyathea dealbata,33640179,52854391,cc0,no rights reserved,2019-03-20,131669,Cyathea dealbata,https://inaturalist-open-data.s3.amazonaws.com/photos/52854391/large.jpeg,https://inaturalist-open-data.s3.amazonaws.com/photos/52854391/original.jpeg,data/raw/silver_fern/52854391.jpg,468084,2e843092c04e37ef41c3e3df60456214,2048,2017,2026-09-11T17:30:16+1200,train
silver_fern,plant,Silver fern,Cyathea dealbata,33692598,52945227,cc0,no rights reserved,2019-07-05,131669,Cyathea dealbata,https://inaturalist-open-data.s3.amazonaws.com/photos/52945227/large.jpeg,https://inaturalist-open-data.s3.amazonaws.com/photos/52945227/original.jpeg,data/raw/silver_fern/52945227.jpg,315716,7e911fa60972ea468919f0ac606ab451,2048,1536,2026-09-11T17:30:16+1200,train
silver_fern,plant,Silver fern,Cyathea dealbata,36743506,58131136,cc-by,"(c) Rose Zappa, some rights reserved (CC BY)",2019-12-18,131669,Cyathea dealbata,https://inaturalist-open-data.s3.amazonaws.com/photos/58131136/large.jpg,https://inaturalist-open-data.s3.amazonaws.com/photos/58131136/original.jpg,data/raw/silver_fern/58131136.jpg,595009,b7a6d8121b5e755001c8fd85a951ceaf,1536,2048,2026-09-11T17:30:16+1200,train
silver_fern,plant,Silver fern,Cyathea dealbata,104276518,174688201,cc-by,"(c) er-birds, some rights reserved (CC BY)",2005-06-11,131669,Cyathea dealbata,https://inaturalist-open-data.s3.amazonaws.com/photos/174688201/large.jpeg,https://inaturalist-open-data.s3.amazonaws.com/photos/174688201/original.jpeg,data/raw/silver_fern/174688201.jpg,370649,5df0c3c2ec5e615b15eaef4e46c14581,1812,2048,2026-09-11T17:30:16+1200,train
silver_fern,plant,Silver fern,Cyathea dealbata,37911487,60173235,cc0,no rights reserved,2020-01-18,131669,Cyathea dealbata,https://inaturalist-open-data.s3.amazonaws.com/photos/60173235/large.jpeg,https://inaturalist-open-data.s3.amazonaws.com/photos/60173235/original.jpeg,data/raw/silver_fern/60173235.jpg,463805,98f2a553125c92d7c349be63ae8cdd4d,2048,1536,2026-09-11T17:30:16+1200,train
silver_fern,plant,Silver fern,Cyathea dealbata,38347031,60928701,cc0,no rights reserved,2020-01-18,131669,Cyathea dealbata,https://inaturalist-open-data.s3.amazonaws.com/photos/60928701/large.jpeg,https://inaturalist-open-data.s3.amazonaws.com/photos/60928701/original.jpeg,data/raw/silver_fern/60928701.jpg,459914,92a5da61f980db4b93f11f6cb5e5b5ea,2048,1536,2026-09-11T17:30:16+1200,train
nikau,plant,Nīkau,Rhopalostylis sapida,151375897,261179520,cc-by,"(c) Duncan Cunningham, some rights reserved (CC BY)",2023-03-15,85274,Rhopalostylis sapida,https://inaturalist-open-data.s3.amazonaws.com/photos/261179520/large.jpg,https://inaturalist-open-data.s3.amazonaws.com/photos/261179520/original.jpg,data/raw/nikau/261179520.jpg,317121,26e6b42d730cc01c53efe7f572437454,1536,2048,2026-09-11T17:31:24+1200,train
nikau,plant,Nīkau,Rhopalostylis sapida,243548113,434298434,cc-by,"(c) Svend Hansen, some rights reserved (CC BY)",2024-09-23,85274,Rhopalostylis sapida,https://inaturalist-open-data.s3.amazonaws.com/photos/434298434/large.jpg,https://inaturalist-open-data.s3.amazonaws.com/photos/434298434/original.jpg,data/raw/nikau/434298434.jpg,421100,216dbc0281ff7694e3943e8652d4ebcf,1152,2048,2026-09-11T17:31:24+1200,train
nikau,plant,Nīkau,Rhopalostylis sapida,253332929,453580678,cc-by,"(c) Tom Beard, some rights reserved (CC BY)",2024-11-22,85274,Rhopalostylis sapida,https://inaturalist-open-data.s3.amazonaws.com/photos/453580678/large.jpeg,https://inaturalist-open-data.s3.amazonaws.com/photos/453580678/original.jpeg,data/raw/nikau/453580678.jpg,519732,6338df4ae3365db4acdcd970a4a0e8e6,1536,2048,2026-09-11T17:31:24+1200,train
nikau,plant,Nīkau,Rhopalostylis sapida,183601528,320334571,cc-by,"(c) Michael Berardozzi, some rights reserved (CC BY)",2023-09-17,85274,Rhopalostylis sapida,https://inaturalist-open-data.s3.amazonaws.com/photos/320334571/large.jpeg,https://inaturalist-open-data.s3.amazonaws.com/photos/320334571/original.jpeg,data/raw/nikau/320334571.jpg,536248,586a60e7ef800a6dd6579834f7d98a1a,1536,2048,2026-09-11T17:31:24+1200,train
nikau,plant,Nīkau,Rhopalostylis sapida,251842685,450705272,cc-by,"(c) rempson, some rights reserved (CC BY)",2024-11-08,85274,Rhopalostylis sapida,https://inaturalist-open-data.s3.amazonaws.com/photos/450705272/large.jpeg,https://inaturalist-open-data.s3.amazonaws.com/photos/450705272/original.jpeg,data/raw/nikau/450705272.jpg,882233,8d579649b3dd6e1a80384623bea0721e,1536,2048,2026-09-11T17:31:24+1200,train
nikau,plant,Nīkau,Rhopalostylis sapida,335137528,608768778,cc0,no rights reserved,2026-01-17,85274,Rhopalostylis sapida,https://inaturalist-open-data.s3.amazonaws.com/photos/608768778/large.jpg,https://inaturalist-open-data.s3.amazonaws.com/photos/608768778/original.jpg,data/raw/nikau/608768778.jpg,1089393,1f1ba4bc771a9f22dfafe8e01f02fd1e,1536,2048,2026-09-11T17:31:24+1200,train
nikau,plant,Nīkau,Rhopalostylis sapida,209433242,370625878,cc-by,"(c) Halema J, some rights reserved (CC BY)",2024-04-26,85274,Rhopalostylis sapida,https://inaturalist-open-data.s3.amazonaws.com/photos/370625878/large.jpg,https://inaturalist-open-data.s3.amazonaws.com/photos/370625878/original.jpg,data/raw/nikau/370625878.jpg,583396,bf2402d0395965c882dfee58479059f8,2048,1536,2026-09-11T17:31:24+1200,train
nikau,plant,Nīkau,Rhopalostylis sapida,293307166,527910739,cc0,no rights reserved,2025-03-21,85274,Rhopalostylis sapida,https://inaturalist-open-data.s3.amazonaws.com/photos/527910739/large.jpg,https://inaturalist-open-data.s3.amazonaws.com/photos/527910739/original.jpg,data/raw/nikau/527910739.jpg,445794,f4fdbf2b476ac5be864306dda953e577,1536,2048,2026-09-11T17:31:24+1200,train
nikau,plant,Nīkau,Rhopalostylis sapida,7528462,9818224,cc-by,"(c) Jacqui Geux, some rights reserved (CC BY)",2017-08-16,85274,Rhopalostylis sapida,https://inaturalist-open-data.s3.amazonaws.com/photos/9818224/large.jpeg,https://inaturalist-open-data.s3.amazonaws.com/photos/9818224/original.jpeg,data/raw/nikau/9818224.jpg,290735,f483f393508b5b46a7e9f48cf17c5e4c,1600,1200,2026-09-11T17:31:24+1200,train
nikau,plant,Nīkau,Rhopalostylis sapida,8845905,11887240,cc-by,"(c) Jacqui Geux, some rights reserved (CC BY)",2017-11-17,85274,Rhopalostylis sapida,https://inaturalist-open-data.s3.amazonaws.com/photos/11887240/large.jpeg,https://inaturalist-open-data.s3.amazonaws.com/photos/11887240/original.jpeg,data/raw/nikau/11887240.jpg,301423,9a53c55a4fc37937844056cdccc23ce9,1600,1200,2026-09-11T17:31:24+1200,train
nikau,plant,Nīkau,Rhopalostylis sapida,10092299,13904369,cc-by,"(c) Jacqui Geux, some rights reserved (CC BY)",2018-03-02,85274,Rhopalostylis sapida,https://inaturalist-open-data.s3.amazonaws.com/photos/13904369/large.jpeg,https://inaturalist-open-data.s3.amazonaws.com/photos/13904369/original.jpeg,data/raw/nikau/13904369.jpg,330685,320166f63fb9474f563745009caaa415,1600,1200,2026-09-11T17:31:24+1200,train
nikau,plant,Nīkau,Rhopalostylis sapida,17820130,27195622,cc0,no rights reserved,2018-09-10,85274,Rhopalostylis sapida,https://inaturalist-open-data.s3.amazonaws.com/photos/27195622/large.jpeg,https://inaturalist-open-data.s3.amazonaws.com/photos/27195622/original.jpeg,data/raw/nikau/27195622.jpg,418976,bdde9d78e38363ab4edf39a754291c4d,1536,2048,2026-09-11T17:31:24+1200,train
nikau,plant,Nīkau,Rhopalostylis sapida,19062891,29243930,cc0,no rights reserved,2018-12-15,85274,Rhopalostylis sapida,https://inaturalist-open-data.s3.amazonaws.com/photos/29243930/large.jpeg,https://inaturalist-open-data.s3.amazonaws.com/photos/29243930/original.jpeg,data/raw/nikau/29243930.jpg,461575,614461aa109f67b7fc9b633a25c52072,2048,1536,2026-09-11T17:31:24+1200,train
nikau,plant,Nīkau,Rhopalostylis sapida,295614008,532194951,cc-by,"(c) Richard Littauer, some rights reserved (CC BY)",2025-07-06,85274,Rhopalostylis sapida,https://inaturalist-open-data.s3.amazonaws.com/photos/532194951/large.jpg,https://inaturalist-open-data.s3.amazonaws.com/photos/532194951/original.jpg,data/raw/nikau/532194951.jpg,515323,61cc03832d287abea35eecfded3bf419,1536,2048,2026-09-11T17:31:24+1200,train
nikau,plant,Nīkau,Rhopalostylis sapida,351670324,641790592,cc0,no rights reserved,2026-04-21,85274,Rhopalostylis sapida,https://inaturalist-open-data.s3.amazonaws.com/photos/641790592/large.jpg,https://inaturalist-open-data.s3.amazonaws.com/photos/641790592/original.jpg,data/raw/nikau/641790592.jpg,1227245,8f055451852b58db78915c909e1d1a3a,2048,1536,2026-09-11T17:31:24+1200,train
nikau,plant,Nīkau,Rhopalostylis sapida,367474570,671076641,cc0,no rights reserved,2026-05-01,85274,Rhopalostylis sapida,https://inaturalist-open-data.s3.amazonaws.com/photos/671076641/large.jpg,https://inaturalist-open-data.s3.amazonaws.com/photos/671076641/original.jpg,data/raw/nikau/671076641.jpg,608502,3680614f9d1a0dbf59752466f017e602,1536,2048,2026-09-11T17:31:24+1200,train
nikau,plant,Nīkau,Rhopalostylis sapida,193924621,340742503,cc-by,"(c) Tom Beard, some rights reserved (CC BY)",2023-12-02,85274,Rhopalostylis sapida,https://inaturalist-open-data.s3.amazonaws.com/photos/340742503/large.jpg,https://inaturalist-open-data.s3.amazonaws.com/photos/340742503/original.jpg,data/raw/nikau/340742503.jpg,606003,2e1fabe5c2e0bb177af3f79ac8e53234,1536,2048,2026-09-11T17:31:24+1200,train
nikau,plant,Nīkau,Rhopalostylis sapida,276540296,496604796,cc-by,"(c) kiwialli, some rights reserved (CC BY)",2025-04-26,85274,Rhopalostylis sapida,https://inaturalist-open-data.s3.amazonaws.com/photos/496604796/large.jpeg,https://inaturalist-open-data.s3.amazonaws.com/photos/496604796/original.jpeg,data/raw/nikau/496604796.jpg,784119,7e608537f26a5a4088521c297ba367f4,1536,2048,2026-09-11T17:31:24+1200,train
nikau,plant,Nīkau,Rhopalostylis sapida,281926226,506473979,cc-by,"(c) Michael Berardozzi, some rights reserved (CC BY)",2025-05-18,85274,Rhopalostylis sapida,https://inaturalist-open-data.s3.amazonaws.com/photos/506473979/large.jpg,https://inaturalist-open-data.s3.amazonaws.com/photos/506473979/original.jpg,data/raw/nikau/506473979.jpg,618103,8c46d1ac3be0910db67cf9efe33034fa,1536,2048,2026-09-11T17:31:24+1200,train
nikau,plant,Nīkau,Rhopalostylis sapida,389237483,712959504,cc0,no rights reserved,2026-08-08,85274,Rhopalostylis sapida,https://inaturalist-open-data.s3.amazonaws.com/photos/712959504/large.jpg,https://inaturalist-open-data.s3.amazonaws.com/photos/712959504/original.jpg,data/raw/nikau/712959504.jpg,858549,6758836ebb61e35638882e89eb86f5a9,1536,2048,2026-09-11T17:31:24+1200,train
nikau,plant,Nīkau,Rhopalostylis sapida,373161724,681949991,cc-by,"(c) zemlya, some rights reserved (CC BY)",2026-06-17,85274,Rhopalostylis sapida,https://inaturalist-open-data.s3.amazonaws.com/photos/681949991/large.jpg,https://inaturalist-open-data.s3.amazonaws.com/photos/681949991/original.jpg,data/raw/nikau/681949991.jpg,249976,c0e0ee8c72d7dc7798ab7724f1bb8269,1536,2048,2026-09-11T17:31:24+1200,train
nikau,plant,Nīkau,Rhopalostylis sapida,325595195,589535235,cc-by,"(c) Martin Kalfatovic, some rights reserved (CC BY)",2025-11-01,85274,Rhopalostylis sapida,https://inaturalist-open-data.s3.amazonaws.com/photos/589535235/large.jpg,https://inaturalist-open-data.s3.amazonaws.com/photos/589535235/original.jpg,data/raw/nikau/589535235.jpg,542615,21bb8ebe465a9cb5d4d67b6f2f8de471,1542,2048,2026-09-11T17:31:24+1200,train
nikau,plant,Nīkau,Rhopalostylis sapida,322503930,583430297,cc-by,"(c) Tom Beard, some rights reserved (CC BY)",2025-10-03,85274,Rhopalostylis sapida,https://inaturalist-open-data.s3.amazonaws.com/photos/583430297/large.jpg,https://inaturalist-open-data.s3.amazonaws.com/photos/583430297/original.jpg,data/raw/nikau/583430297.jpg,1425933,45a1162801daf0248e978227f2fbeda1,1536,2048,2026-09-11T17:31:24+1200,train
nikau,plant,Nīkau,Rhopalostylis sapida,34438466,54200506,cc0,no rights reserved,2019-08-25,85274,Rhopalostylis sapida,https://inaturalist-open-data.s3.amazonaws.com/photos/54200506/large.jpeg,https://inaturalist-open-data.s3.amazonaws.com/photos/54200506/original.jpeg,data/raw/nikau/54200506.jpg,324009,f429f6021dbe27ff6914a85b51a008c3,2048,1536,2026-09-11T17:31:24+1200,train
nikau,plant,Nīkau,Rhopalostylis sapida,200249296,353268096,cc-by,"(c) Stella Fish, some rights reserved (CC BY)",2024-02-21,85274,Rhopalostylis sapida,https://inaturalist-open-data.s3.amazonaws.com/photos/353268096/large.jpeg,https://inaturalist-open-data.s3.amazonaws.com/photos/353268096/original.jpeg,data/raw/nikau/353268096.jpg,712256,90c6151b329fc885ec0109f27fa25fe7,1365,2048,2026-09-11T17:31:24+1200,train
nikau,plant,Nīkau,Rhopalostylis sapida,203297476,359166729,cc-by,"(c) Tom Beard, some rights reserved (CC BY)",2024-03-16,85274,Rhopalostylis sapida,https://inaturalist-open-data.s3.amazonaws.com/photos/359166729/large.jpg,https://inaturalist-open-data.s3.amazonaws.com/photos/359166729/original.jpg,data/raw/nikau/359166729.jpg,703610,4915a3b9e7ac39c4b97094860b596638,2048,2048,2026-09-11T17:31:24+1200,train
nikau,plant,Nīkau,Rhopalostylis sapida,204706760,361864664,cc-by,"(c) Andy McKay, some rights reserved (CC BY)",2024-03-31,85274,Rhopalostylis sapida,https://inaturalist-open-data.s3.amazonaws.com/photos/361864664/large.jpeg,https://inaturalist-open-data.s3.amazonaws.com/photos/361864664/original.jpeg,data/raw/nikau/361864664.jpg,573203,97fcc9ccfd46ed32d1f1cc198eebca39,2048,1365,2026-09-11T17:31:24+1200,train
nikau,plant,Nīkau,Rhopalostylis sapida,335896984,610299000,cc-by,"(c) Richard Littauer, some rights reserved (CC BY)",2026-01-24,85274,Rhopalostylis sapida,https://inaturalist-open-data.s3.amazonaws.com/photos/610299000/large.jpg,https://inaturalist-open-data.s3.amazonaws.com/photos/610299000/original.jpg,data/raw/nikau/610299000.jpg,573180,d88fc460e4a59bad5859898a348174a8,1536,2048,2026-09-11T17:31:24+1200,train
nikau,plant,Nīkau,Rhopalostylis sapida,46207083,73286566,cc0,no rights reserved,2020-01-18,85274,Rhopalostylis sapida,https://inaturalist-open-data.s3.amazonaws.com/photos/73286566/large.jpeg,https://inaturalist-open-data.s3.amazonaws.com/photos/73286566/original.jpeg,data/raw/nikau/73286566.jpg,491697,0d938d6771f9e85b808498b1389541b4,2048,1536,2026-09-11T17:31:24+1200,train
nikau,plant,Nīkau,Rhopalostylis sapida,48869887,77560935,cc-by,"(c) Jacqui Geux, some rights reserved (CC BY)",2020-06-07,85274,Rhopalostylis sapida,https://inaturalist-open-data.s3.amazonaws.com/photos/77560935/large.jpeg,https://inaturalist-open-data.s3.amazonaws.com/photos/77560935/original.jpeg,data/raw/nikau/77560935.jpg,362912,f3fbae94f57f20f88dc7784d1d144d3a,1600,1200,2026-09-11T17:31:24+1200,train
nikau,plant,Nīkau,Rhopalostylis sapida,213644488,377581664,cc-by,"(c) catchwords, some rights reserved (CC BY)",2024-04-28,85274,Rhopalostylis sapida,https://inaturalist-open-data.s3.amazonaws.com/photos/377581664/large.jpg,https://inaturalist-open-data.s3.amazonaws.com/photos/377581664/original.jpg,data/raw/nikau/377581664.jpg,509671,d5edf91a6115b3ce65331f0391b2aeac,1705,2048,2026-09-11T17:31:24+1200,train
nikau,plant,Nīkau,Rhopalostylis sapida,154060100,266161176,cc-by,"(c) Michael Berardozzi, some rights reserved (CC BY)",2023-04-09,85274,Rhopalostylis sapida,https://inaturalist-open-data.s3.amazonaws.com/photos/266161176/large.jpg,https://inaturalist-open-data.s3.amazonaws.com/photos/266161176/original.jpg,data/raw/nikau/266161176.jpg,533681,bf9be453193acc4f4043f95e901f8b73,1536,2048,2026-09-11T17:31:24+1200,train
nikau,plant,Nīkau,Rhopalostylis sapida,54817972,87247943,cc-by,"(c) John Barkla, some rights reserved (CC BY)",2020-07-30,85274,Rhopalostylis sapida,https://inaturalist-open-data.s3.amazonaws.com/photos/87247943/large.jpeg,https://inaturalist-open-data.s3.amazonaws.com/photos/87247943/original.jpeg,data/raw/nikau/87247943.jpg,707926,0ea331e646f43b69073c70cf860a7d7a,2048,1536,2026-09-11T17:31:24+1200,train
nikau,plant,Nīkau,Rhopalostylis sapida,60469927,96695235,cc0,no rights reserved,2020-09-18,85274,Rhopalostylis sapida,https://inaturalist-open-data.s3.amazonaws.com/photos/96695235/large.jpg,https://inaturalist-open-data.s3.amazonaws.com/photos/96695235/original.jpg,data/raw/nikau/96695235.jpg,1157723,0725e4ac90e8c57494aac40ed652aeee,1536,2048,2026-09-11T17:31:24+1200,train
nikau,plant,Nīkau,Rhopalostylis sapida,64027090,102861735,cc0,no rights reserved,2020-09-26,85274,Rhopalostylis sapida,https://inaturalist-open-data.s3.amazonaws.com/photos/102861735/large.jpeg,https://inaturalist-open-data.s3.amazonaws.com/photos/102861735/original.jpeg,data/raw/nikau/102861735.jpg,691708,96a24f650f71ab153bef986f332bcb83,2048,1536,2026-09-11T17:31:24+1200,train
nikau,plant,Nīkau,Rhopalostylis sapida,291112365,523750212,cc0,no rights reserved,2025-06-19,85274,Rhopalostylis sapida,https://inaturalist-open-data.s3.amazonaws.com/photos/523750212/large.jpg,https://inaturalist-open-data.s3.amazonaws.com/photos/523750212/original.jpg,data/raw/nikau/523750212.jpg,850376,334e3cf263eb34175050afb0cde8e4b7,1536,2048,2026-09-11T17:31:24+1200,train
nikau,plant,Nīkau,Rhopalostylis sapida,210738292,372695048,cc-by,"(c) Emily Roberts, some rights reserved (CC BY)",2024-04-27,85274,Rhopalostylis sapida,https://inaturalist-open-data.s3.amazonaws.com/photos/372695048/large.jpg,https://inaturalist-open-data.s3.amazonaws.com/photos/372695048/original.jpg,data/raw/nikau/372695048.jpg,474095,85b059ae480b15244e1567afa1f6fe2c,1536,2048,2026-09-11T17:31:24+1200,train
nikau,plant,Nīkau,Rhopalostylis sapida,137505806,234862536,cc-by,"(c) Tim Park, some rights reserved (CC BY)",2022-10-03,85274,Rhopalostylis sapida,https://inaturalist-open-data.s3.amazonaws.com/photos/234862536/large.jpg,https://inaturalist-open-data.s3.amazonaws.com/photos/234862536/original.jpg,data/raw/nikau/234862536.jpg,521122,93da7e38438cd661467066caff1b4db6,1536,2048,2026-09-11T17:31:24+1200,train
nikau,plant,Nīkau,Rhopalostylis sapida,296940303,534727594,cc0,no rights reserved,2024-08-13,85274,Rhopalostylis sapida,https://inaturalist-open-data.s3.amazonaws.com/photos/534727594/large.jpg,https://inaturalist-open-data.s3.amazonaws.com/photos/534727594/original.jpg,data/raw/nikau/534727594.jpg,504572,e40833db8ade2db6a837fa64457d6ca0,1536,2048,2026-09-11T17:31:24+1200,train
nikau,plant,Nīkau,Rhopalostylis sapida,81648586,133932573,cc-by,"(c) Leon Perrie, some rights reserved (CC BY)",2021-06-05,85274,Rhopalostylis sapida,https://inaturalist-open-data.s3.amazonaws.com/photos/133932573/large.jpeg,https://inaturalist-open-data.s3.amazonaws.com/photos/133932573/original.jpeg,data/raw/nikau/133932573.jpg,757534,cacc912b71e3baa666238d6d62fc064a,2048,1536,2026-09-11T17:31:24+1200,train
nikau,plant,Nīkau,Rhopalostylis sapida,13796191,20347755,cc0,no rights reserved,2018-06-15,85274,Rhopalostylis sapida,https://inaturalist-open-data.s3.amazonaws.com/photos/20347755/large.jpeg,https://inaturalist-open-data.s3.amazonaws.com/photos/20347755/original.jpeg,data/raw/nikau/20347755.jpg,544749,a756acf180be15779f8307d9b84e5dbf,2048,1536,2026-09-11T17:31:24+1200,train
nikau,plant,Nīkau,Rhopalostylis sapida,17925193,27383170,cc0,no rights reserved,2018-09-11,85274,Rhopalostylis sapida,https://inaturalist-open-data.s3.amazonaws.com/photos/27383170/large.jpeg,https://inaturalist-open-data.s3.amazonaws.com/photos/27383170/original.jpeg,data/raw/nikau/27383170.jpg,526938,d116bbe9906e47e611c1c9eff2c029e7,2048,2048,2026-09-11T17:31:24+1200,train
nikau,plant,Nīkau,Rhopalostylis sapida,17136729,25957428,cc0,no rights reserved,2018-09-06,85274,Rhopalostylis sapida,https://inaturalist-open-data.s3.amazonaws.com/photos/25957428/large.jpeg,https://inaturalist-open-data.s3.amazonaws.com/photos/25957428/original.jpeg,data/raw/nikau/25957428.jpg,341080,20e861de68ba174230c15b0584ab2d53,1536,2048,2026-09-11T17:31:24+1200,train
nikau,plant,Nīkau,Rhopalostylis sapida,17226091,26119625,cc0,no rights reserved,2018-09-30,85274,Rhopalostylis sapida,https://inaturalist-open-data.s3.amazonaws.com/photos/26119625/large.jpeg,https://inaturalist-open-data.s3.amazonaws.com/photos/26119625/original.jpeg,data/raw/nikau/26119625.jpg,543730,bb31a8b10545e4f3ece24f2cf69e5e58,1536,2048,2026-09-11T17:31:24+1200,train
nikau,plant,Nīkau,Rhopalostylis sapida,17400504,26437079,cc0,no rights reserved,2018-10-11,85274,Rhopalostylis sapida,https://inaturalist-open-data.s3.amazonaws.com/photos/26437079/large.jpeg,https://inaturalist-open-data.s3.amazonaws.com/photos/26437079/original.jpeg,data/raw/nikau/26437079.jpg,455286,5f4b21f16df49373a4c96d334823d237,1536,2048,2026-09-11T17:31:24+1200,train
nikau,plant,Nīkau,Rhopalostylis sapida,16957456,25632295,cc0,no rights reserved,2018-09-27,85274,Rhopalostylis sapida,https://inaturalist-open-data.s3.amazonaws.com/photos/25632295/large.jpeg,https://inaturalist-open-data.s3.amazonaws.com/photos/25632295/original.jpeg,data/raw/nikau/25632295.jpg,415065,0a0eeb59e197c83e308ff73707357da8,1536,2048,2026-09-11T17:31:24+1200,train
nikau,plant,Nīkau,Rhopalostylis sapida,15442269,23162836,cc0,no rights reserved,1999-04-21,85274,Rhopalostylis sapida,https://inaturalist-open-data.s3.amazonaws.com/photos/23162836/large.jpg,https://inaturalist-open-data.s3.amazonaws.com/photos/23162836/original.jpg,data/raw/nikau/23162836.jpg,317597,d7b06c54dfd734e4f01358015c8bee58,640,480,2026-09-11T17:31:24+1200,train
nikau,plant,Nīkau,Rhopalostylis sapida,15444001,23166455,cc0,no rights reserved,2018-08-12,85274,Rhopalostylis sapida,https://inaturalist-open-data.s3.amazonaws.com/photos/23166455/large.jpeg,https://inaturalist-open-data.s3.amazonaws.com/photos/23166455/original.jpeg,data/raw/nikau/23166455.jpg,425850,5b761bd67dad753a1325efe6eed06ceb,1536,2048,2026-09-11T17:31:24+1200,train
nikau,plant,Nīkau,Rhopalostylis sapida,15011618,22399112,cc0,no rights reserved,2018-08-01,85274,Rhopalostylis sapida,https://inaturalist-open-data.s3.amazonaws.com/photos/22399112/large.jpeg,https://inaturalist-open-data.s3.amazonaws.com/photos/22399112/original.jpeg,data/raw/nikau/22399112.jpg,447195,567f5b3271b7338f16b2d6c24d66aeb0,2048,1536,2026-09-11T17:31:24+1200,train
nikau,plant,Nīkau,Rhopalostylis sapida,16683247,25162289,cc0,no rights reserved,2018-09-19,85274,Rhopalostylis sapida,https://inaturalist-open-data.s3.amazonaws.com/photos/25162289/large.jpeg,https://inaturalist-open-data.s3.amazonaws.com/photos/25162289/original.jpeg,data/raw/nikau/25162289.jpg,341363,35a054dcd07eb91cae94337d00e1b98c,2048,2048,2026-09-11T17:31:24+1200,train
nikau,plant,Nīkau,Rhopalostylis sapida,16184967,24273191,cc0,no rights reserved,2018-08-22,85274,Rhopalostylis sapida,https://inaturalist-open-data.s3.amazonaws.com/photos/24273191/large.jpeg,https://inaturalist-open-data.s3.amazonaws.com/photos/24273191/original.jpeg,data/raw/nikau/24273191.jpg,530182,502cb823b318e7fcda6b01990078a284,2048,1536,2026-09-11T17:31:24+1200,train
nikau,plant,Nīkau,Rhopalostylis sapida,20164769,31108856,cc0,no rights reserved,2019-01-30,85274,Rhopalostylis sapida,https://inaturalist-open-data.s3.amazonaws.com/photos/31108856/large.jpg,https://inaturalist-open-data.s3.amazonaws.com/photos/31108856/original.jpg,data/raw/nikau/31108856.jpg,997310,5a9eeb2b1152ee572ac183954690ebf0,1536,2048,2026-09-11T17:31:24+1200,train
nikau,plant,Nīkau,Rhopalostylis sapida,10674523,14902529,cc-by,"(c) Bruce Calvert, some rights reserved (CC BY)",2018-04-07,85274,Rhopalostylis sapida,https://inaturalist-open-data.s3.amazonaws.com/photos/14902529/large.jpeg,https://inaturalist-open-data.s3.amazonaws.com/photos/14902529/original.jpeg,data/raw/nikau/14902529.jpg,616684,2ecacba85eec7c15fbbd5bdb32697085,1536,2048,2026-09-11T17:31:24+1200,train
nikau,plant,Nīkau,Rhopalostylis sapida,190561533,334095672,cc-by,"(c) catchwords, some rights reserved (CC BY)",2023-11-09,85274,Rhopalostylis sapida,https://inaturalist-open-data.s3.amazonaws.com/photos/334095672/large.jpg,https://inaturalist-open-data.s3.amazonaws.com/photos/334095672/original.jpg,data/raw/nikau/334095672.jpg,250430,d3ed32fd1fa21d5d53e1217c0bac0635,2048,1536,2026-09-11T17:31:24+1200,train
nikau,plant,Nīkau,Rhopalostylis sapida,251286081,449599047,cc-by,"(c) John Barkla, some rights reserved (CC BY)",2024-11-11,85274,Rhopalostylis sapida,https://inaturalist-open-data.s3.amazonaws.com/photos/449599047/large.jpeg,https://inaturalist-open-data.s3.amazonaws.com/photos/449599047/original.jpeg,data/raw/nikau/449599047.jpg,767655,894b0081163f166f5202aabf5c07dec9,1542,2048,2026-09-11T17:31:24+1200,train
nikau,plant,Nīkau,Rhopalostylis sapida,354468721,646629781,cc-by,"(c) Halema J, some rights reserved (CC BY)",2026-04-25,85274,Rhopalostylis sapida,https://inaturalist-open-data.s3.amazonaws.com/photos/646629781/large.jpg,https://inaturalist-open-data.s3.amazonaws.com/photos/646629781/original.jpg,data/raw/nikau/646629781.jpg,501195,19a03f88450e65bb9cdc36b6aac11b45,1536,2048,2026-09-11T17:31:24+1200,train
nikau,plant,Nīkau,Rhopalostylis sapida,311409717,562154242,cc0,no rights reserved,2025-09-04,85274,Rhopalostylis sapida,https://inaturalist-open-data.s3.amazonaws.com/photos/562154242/large.jpg,https://inaturalist-open-data.s3.amazonaws.com/photos/562154242/original.jpg,data/raw/nikau/562154242.jpg,794320,25c1e0dd6178343932672c93f638dd8c,1536,2048,2026-09-11T17:31:24+1200,train
nikau,plant,Nīkau,Rhopalostylis sapida,329164492,596614935,cc0,no rights reserved,2025-12-02,85274,Rhopalostylis sapida,https://inaturalist-open-data.s3.amazonaws.com/photos/596614935/large.jpg,https://inaturalist-open-data.s3.amazonaws.com/photos/596614935/original.jpg,data/raw/nikau/596614935.jpg,857095,1890203aba4e603c6d5487203beaa5ff,1536,2048,2026-09-11T17:31:24+1200,train
nikau,plant,Nīkau,Rhopalostylis sapida,329672440,597638534,cc0,no rights reserved,2025-12-06,85274,Rhopalostylis sapida,https://inaturalist-open-data.s3.amazonaws.com/photos/597638534/large.jpg,https://inaturalist-open-data.s3.amazonaws.com/photos/597638534/original.jpg,data/raw/nikau/597638534.jpg,632498,86affcca26e176c83850ebc3a9f6556d,1153,2048,2026-09-11T17:31:24+1200,train
nikau,plant,Nīkau,Rhopalostylis sapida,243872616,434915213,cc-by,"(c) wild_wind, some rights reserved (CC BY)",2024-09-20,85274,Rhopalostylis sapida,https://inaturalist-open-data.s3.amazonaws.com/photos/434915213/large.jpeg,https://inaturalist-open-data.s3.amazonaws.com/photos/434915213/original.jpeg,data/raw/nikau/434915213.jpg,487397,9a28e6894c9e4f4f66c9f66c758e2c53,1681,1681,2026-09-11T17:31:24+1200,train
nikau,plant,Nīkau,Rhopalostylis sapida,181156957,315685940,cc-by,"(c) Andy McKay, some rights reserved (CC BY)",2023-09-01,85274,Rhopalostylis sapida,https://inaturalist-open-data.s3.amazonaws.com/photos/315685940/large.jpg,https://inaturalist-open-data.s3.amazonaws.com/photos/315685940/original.jpg,data/raw/nikau/315685940.jpg,546639,feb9ee8d09009dac8db9fc8983d74672,2048,1536,2026-09-11T17:31:24+1200,train
nikau,plant,Nīkau,Rhopalostylis sapida,263257620,472909710,cc-by,"(c) ian_mcallan, some rights reserved (CC BY)",2025-02-17,85274,Rhopalostylis sapida,https://inaturalist-open-data.s3.amazonaws.com/photos/472909710/large.jpeg,https://inaturalist-open-data.s3.amazonaws.com/photos/472909710/original.jpeg,data/raw/nikau/472909710.jpg,399069,09754dd42df691bbfb441ce33c362c7b,1536,2048,2026-09-11T17:31:24+1200,train
nikau,plant,Nīkau,Rhopalostylis sapida,193929462,340751531,cc-by,"(c) Tom Beard, some rights reserved (CC BY)",2023-12-02,85274,Rhopalostylis sapida,https://inaturalist-open-data.s3.amazonaws.com/photos/340751531/large.jpg,https://inaturalist-open-data.s3.amazonaws.com/photos/340751531/original.jpg,data/raw/nikau/340751531.jpg,588512,90ee884db1a7e3c3180bebf710c3e21c,1536,2048,2026-09-11T17:31:24+1200,train
nikau,plant,Nīkau,Rhopalostylis sapida,248160193,443346540,cc0,no rights reserved,2024-10-09,85274,Rhopalostylis sapida,https://inaturalist-open-data.s3.amazonaws.com/photos/443346540/large.jpeg,https://inaturalist-open-data.s3.amazonaws.com/photos/443346540/original.jpeg,data/raw/nikau/443346540.jpg,550207,b8878cd9c77509edbee68891747ecc89,1536,2048,2026-09-11T17:31:24+1200,train
nikau,plant,Nīkau,Rhopalostylis sapida,68751285,111403061,cc0,no rights reserved,2019-12-06,85274,Rhopalostylis sapida,https://inaturalist-open-data.s3.amazonaws.com/photos/111403061/large.jpeg,https://inaturalist-open-data.s3.amazonaws.com/photos/111403061/original.jpeg,data/raw/nikau/111403061.jpg,272070,4b43c81695b97e3cb291a7979e6880a9,2048,1475,2026-09-11T17:31:24+1200,train
nikau,plant,Nīkau,Rhopalostylis sapida,32870362,51587200,cc0,no rights reserved,2019-04-22,85274,Rhopalostylis sapida,https://inaturalist-open-data.s3.amazonaws.com/photos/51587200/large.jpeg,https://inaturalist-open-data.s3.amazonaws.com/photos/51587200/original.jpeg,data/raw/nikau/51587200.jpg,513485,6beaa2118be260f97352fee0caaf5306,2048,1536,2026-09-11T17:31:24+1200,train
nikau,plant,Nīkau,Rhopalostylis sapida,33241740,52195011,cc0,no rights reserved,2019-04-09,85274,Rhopalostylis sapida,https://inaturalist-open-data.s3.amazonaws.com/photos/52195011/large.jpeg,https://inaturalist-open-data.s3.amazonaws.com/photos/52195011/original.jpeg,data/raw/nikau/52195011.jpg,302865,6e182802f61ad6f8ef0fbaa1e67f63ca,1536,2048,2026-09-11T17:31:24+1200,train
nikau,plant,Nīkau,Rhopalostylis sapida,33291209,52276454,cc0,no rights reserved,2019-06-03,85274,Rhopalostylis sapida,https://inaturalist-open-data.s3.amazonaws.com/photos/52276454/large.jpeg,https://inaturalist-open-data.s3.amazonaws.com/photos/52276454/original.jpeg,data/raw/nikau/52276454.jpg,306898,d1950cff9c268d294b5bcf1c587a6229,2048,1536,2026-09-11T17:31:24+1200,train
nikau,plant,Nīkau,Rhopalostylis sapida,33337156,52352736,cc0,no rights reserved,2019-08-25,85274,Rhopalostylis sapida,https://inaturalist-open-data.s3.amazonaws.com/photos/52352736/large.jpeg,https://inaturalist-open-data.s3.amazonaws.com/photos/52352736/original.jpeg,data/raw/nikau/52352736.jpg,254682,f84f04eb25fe8e0a9c9676e10879575a,2048,1536,2026-09-11T17:31:24+1200,train
nikau,plant,Nīkau,Rhopalostylis sapida,32615200,51168304,cc0,no rights reserved,2019-06-04,85274,Rhopalostylis sapida,https://inaturalist-open-data.s3.amazonaws.com/photos/51168304/large.jpeg,https://inaturalist-open-data.s3.amazonaws.com/photos/51168304/original.jpeg,data/raw/nikau/51168304.jpg,294178,c6ae2da99e788f633d2d4d4d87dbb026,2048,1536,2026-09-11T17:31:24+1200,train
nikau,plant,Nīkau,Rhopalostylis sapida,34334648,54021582,cc0,no rights reserved,2019-05-01,85274,Rhopalostylis sapida,https://inaturalist-open-data.s3.amazonaws.com/photos/54021582/large.jpeg,https://inaturalist-open-data.s3.amazonaws.com/photos/54021582/original.jpeg,data/raw/nikau/54021582.jpg,357608,70f3c6ed7d80a0d30a666ab064858a5c,1536,2048,2026-09-11T17:31:24+1200,train
nikau,plant,Nīkau,Rhopalostylis sapida,27989476,43601463,cc0,no rights reserved,2019-06-24,85274,Rhopalostylis sapida,https://inaturalist-open-data.s3.amazonaws.com/photos/43601463/large.jpeg,https://inaturalist-open-data.s3.amazonaws.com/photos/43601463/original.jpeg,data/raw/nikau/43601463.jpg,207836,43f9950a4adbd9a23f9b1aa9cc5a643c,2048,1536,2026-09-11T17:31:24+1200,train
nikau,plant,Nīkau,Rhopalostylis sapida,34670064,54584125,cc0,no rights reserved,2019-03-25,85274,Rhopalostylis sapida,https://inaturalist-open-data.s3.amazonaws.com/photos/54584125/large.jpeg,https://inaturalist-open-data.s3.amazonaws.com/photos/54584125/original.jpeg,data/raw/nikau/54584125.jpg,317656,861541b8afd3025a4ecfb70c6efe5822,1536,2048,2026-09-11T17:31:24+1200,train
nikau,plant,Nīkau,Rhopalostylis sapida,103999220,174195454,cc-by,"(c) Leon Perrie, some rights reserved (CC BY)",2021-12-31,85274,Rhopalostylis sapida,https://inaturalist-open-data.s3.amazonaws.com/photos/174195454/large.jpeg,https://inaturalist-open-data.s3.amazonaws.com/photos/174195454/original.jpeg,data/raw/nikau/174195454.jpg,855563,d9b4730614e39c4ec08a33fa286a4a82,1536,2048,2026-09-11T17:31:24+1200,train
nikau,plant,Nīkau,Rhopalostylis sapida,36212325,57214855,cc0,no rights reserved,2019-11-23,85274,Rhopalostylis sapida,https://inaturalist-open-data.s3.amazonaws.com/photos/57214855/large.jpg,https://inaturalist-open-data.s3.amazonaws.com/photos/57214855/original.jpg,data/raw/nikau/57214855.jpg,535592,3953281ab18b8f1e14fb15fbe1c97bfc,1536,2048,2026-09-11T17:31:24+1200,train
nikau,plant,Nīkau,Rhopalostylis sapida,38624939,61413672,cc-by,"(c) Jacqui Geux, some rights reserved (CC BY)",2020-02-13,85274,Rhopalostylis sapida,https://inaturalist-open-data.s3.amazonaws.com/photos/61413672/large.jpeg,https://inaturalist-open-data.s3.amazonaws.com/photos/61413672/original.jpeg,data/raw/nikau/61413672.jpg,307383,991572d6849877e63194d2723a1654cb,1600,1200,2026-09-11T17:31:24+1200,train
nikau,plant,Nīkau,Rhopalostylis sapida,37980355,60294523,cc-by,"(c) Jacqui Geux, some rights reserved (CC BY)",2020-01-26,85274,Rhopalostylis sapida,https://inaturalist-open-data.s3.amazonaws.com/photos/60294523/large.jpeg,https://inaturalist-open-data.s3.amazonaws.com/photos/60294523/original.jpeg,data/raw/nikau/60294523.jpg,170523,728296ca5258bba7ba68e86523a1989e,1600,1200,2026-09-11T17:31:24+1200,train
nikau,plant,Nīkau,Rhopalostylis sapida,38347037,60929076,cc0,no rights reserved,2020-01-18,85274,Rhopalostylis sapida,https://inaturalist-open-data.s3.amazonaws.com/photos/60929076/large.jpeg,https://inaturalist-open-data.s3.amazonaws.com/photos/60929076/original.jpeg,data/raw/nikau/60929076.jpg,443149,d0693dc0a7bed7bb87ffcf9bb6910f3d,2048,1536,2026-09-11T17:31:24+1200,train
nikau,plant,Nīkau,Rhopalostylis sapida,38347041,60929443,cc0,no rights reserved,2020-01-18,85274,Rhopalostylis sapida,https://inaturalist-open-data.s3.amazonaws.com/photos/60929443/large.jpeg,https://inaturalist-open-data.s3.amazonaws.com/photos/60929443/original.jpeg,data/raw/nikau/60929443.jpg,462152,1888c20e19461f73d62e6bce84422960,2048,1536,2026-09-11T17:31:24+1200,train
nikau,plant,Nīkau,Rhopalostylis sapida,317174748,573109361,cc0,no rights reserved,2025-09-28,85274,Rhopalostylis sapida,https://inaturalist-open-data.s3.amazonaws.com/photos/573109361/large.jpg,https://inaturalist-open-data.s3.amazonaws.com/photos/573109361/original.jpg,data/raw/nikau/573109361.jpg,663775,66590e3c39cd19c77a2c3eb224830076,1153,2048,2026-09-11T17:31:24+1200,train
nikau,plant,Nīkau,Rhopalostylis sapida,145245315,249466986,cc-by,"(c) Kate McAlpine, some rights reserved (CC BY)",2022-12-28,85274,Rhopalostylis sapida,https://inaturalist-open-data.s3.amazonaws.com/photos/249466986/large.jpeg,https://inaturalist-open-data.s3.amazonaws.com/photos/249466986/original.jpeg,data/raw/nikau/249466986.jpg,575871,1dde499e44536af18b15d3371eb94715,1726,2048,2026-09-11T17:31:24+1200,train
nikau,plant,Nīkau,Rhopalostylis sapida,146183490,251269312,cc-by,"(c) Michael Berardozzi, some rights reserved (CC BY)",2022-12-26,85274,Rhopalostylis sapida,https://inaturalist-open-data.s3.amazonaws.com/photos/251269312/large.jpg,https://inaturalist-open-data.s3.amazonaws.com/photos/251269312/original.jpg,data/raw/nikau/251269312.jpg,564048,b6b7fdca8f4bfa86737d1227987f8c23,1536,2048,2026-09-11T17:31:24+1200,train
nikau,plant,Nīkau,Rhopalostylis sapida,151561515,261522756,cc-by,"(c) Sue Carnahan, some rights reserved (CC BY)",2023-03-10,85274,Rhopalostylis sapida,https://inaturalist-open-data.s3.amazonaws.com/photos/261522756/large.jpeg,https://inaturalist-open-data.s3.amazonaws.com/photos/261522756/original.jpeg,data/raw/nikau/261522756.jpg,337354,8aaa5c3a8401ac41bd1031430da2c8e4,1536,2048,2026-09-11T17:31:24+1200,train
nikau,plant,Nīkau,Rhopalostylis sapida,172591701,299636481,cc-by,"(c) Heidi Meudt, some rights reserved (CC BY)",2023-07-13,85274,Rhopalostylis sapida,https://inaturalist-open-data.s3.amazonaws.com/photos/299636481/large.jpeg,https://inaturalist-open-data.s3.amazonaws.com/photos/299636481/original.jpeg,data/raw/nikau/299636481.jpg,846451,fc3c5f675b5a814ac23bccb2c653be3b,1536,2048,2026-09-11T17:31:24+1200,train
nikau,plant,Nīkau,Rhopalostylis sapida,179811720,313108234,cc0,no rights reserved,2023-08-22,85274,Rhopalostylis sapida,https://inaturalist-open-data.s3.amazonaws.com/photos/313108234/large.jpeg,https://inaturalist-open-data.s3.amazonaws.com/photos/313108234/original.jpeg,data/raw/nikau/313108234.jpg,502433,05bfcd97c402e93c9e7bbfeb90d73025,1536,2048,2026-09-11T17:31:24+1200,train
nikau,plant,Nīkau,Rhopalostylis sapida,58926082,94110971,cc-by,"(c) M Rutherford, some rights reserved (CC BY)",2020-09-08,85274,Rhopalostylis sapida,https://inaturalist-open-data.s3.amazonaws.com/photos/94110971/large.jpg,https://inaturalist-open-data.s3.amazonaws.com/photos/94110971/original.jpg,data/raw/nikau/94110971.jpg,545714,81d7721c370d530c749e8473a07de73c,2048,1661,2026-09-11T17:31:24+1200,train
nikau,plant,Nīkau,Rhopalostylis sapida,130442811,221836741,cc-by,"(c) Daniel Butcher, some rights reserved (CC BY)",2022-08-05,85274,Rhopalostylis sapida,https://inaturalist-open-data.s3.amazonaws.com/photos/221836741/large.jpg,https://inaturalist-open-data.s3.amazonaws.com/photos/221836741/original.jpg,data/raw/nikau/221836741.jpg,498609,e7e17e10c79f0ec1dd1031b16fce551a,1725,2048,2026-09-11T17:31:24+1200,train
nikau,plant,Nīkau,Rhopalostylis sapida,63546491,102001633,cc-by,"(c) eyrezer, some rights reserved (CC BY)",2020-10-26,85274,Rhopalostylis sapida,https://inaturalist-open-data.s3.amazonaws.com/photos/102001633/large.jpeg,https://inaturalist-open-data.s3.amazonaws.com/photos/102001633/original.jpeg,data/raw/nikau/102001633.jpg,599845,af13f8b5efa232477124873c736c1e8e,1100,1466,2026-09-11T17:31:24+1200,train
nikau,plant,Nīkau,Rhopalostylis sapida,337366014,613269786,cc0,no rights reserved,2026-02-01,85274,Rhopalostylis sapida,https://inaturalist-open-data.s3.amazonaws.com/photos/613269786/large.jpg,https://inaturalist-open-data.s3.amazonaws.com/photos/613269786/original.jpg,data/raw/nikau/613269786.jpg,916704,2cce503184522c2cde1e6d3e86658afa,1152,2048,2026-09-11T17:31:24+1200,train
nikau,plant,Nīkau,Rhopalostylis sapida,287154815,516301018,cc-by,"(c) Tom Beard, some rights reserved (CC BY)",2025-05-30,85274,Rhopalostylis sapida,https://inaturalist-open-data.s3.amazonaws.com/photos/516301018/large.jpg,https://inaturalist-open-data.s3.amazonaws.com/photos/516301018/original.jpg,data/raw/nikau/516301018.jpg,1351547,44f709ea3257d8a26d12ca60dfe1efdc,2048,1536,2026-09-11T17:31:24+1200,train
nikau,plant,Nīkau,Rhopalostylis sapida,288616969,519053226,cc0,no rights reserved,2025-06-11,85274,Rhopalostylis sapida,https://inaturalist-open-data.s3.amazonaws.com/photos/519053226/large.jpg,https://inaturalist-open-data.s3.amazonaws.com/photos/519053226/original.jpg,data/raw/nikau/519053226.jpg,715318,16a0a60f1cbf816665eb6747f1a3fcfd,1536,2048,2026-09-11T17:31:24+1200,train
nikau,plant,Nīkau,Rhopalostylis sapida,340381456,619410133,cc-by,"(c) Tom Beard, some rights reserved (CC BY)",2026-02-20,85274,Rhopalostylis sapida,https://inaturalist-open-data.s3.amazonaws.com/photos/619410133/large.jpg,https://inaturalist-open-data.s3.amazonaws.com/photos/619410133/original.jpg,data/raw/nikau/619410133.jpg,1351282,9dfeb280d04d417feec63b443f3220b7,1536,2048,2026-09-11T17:31:24+1200,train
nikau,plant,Nīkau,Rhopalostylis sapida,386493585,707655953,cc-by,"(c) M Rutherford, some rights reserved (CC BY)",2026-07-30,85274,Rhopalostylis sapida,https://inaturalist-open-data.s3.amazonaws.com/photos/707655953/large.jpg,https://inaturalist-open-data.s3.amazonaws.com/photos/707655953/original.jpg,data/raw/nikau/707655953.jpg,485925,a73871693dc1bcd932b001ec7da7445f,921,2048,2026-09-11T17:31:24+1200,train
nikau,plant,Nīkau,Rhopalostylis sapida,2567375,2862163,cc-by,"(c) Joe Potter Butler, some rights reserved (CC BY)",2015-12-25,85274,Rhopalostylis sapida,https://inaturalist-open-data.s3.amazonaws.com/photos/2862163/large.JPG,https://inaturalist-open-data.s3.amazonaws.com/photos/2862163/original.JPG,data/raw/nikau/2862163.jpg,564457,e98b4d45f9f1c941ad4954d18b2be786,2048,1365,2026-09-11T17:31:24+1200,train
nikau,plant,Nīkau,Rhopalostylis sapida,1812145,2197782,cc-by,"(c) Tim Park, some rights reserved (CC BY)",2015-07-29,85274,Rhopalostylis sapida,https://inaturalist-open-data.s3.amazonaws.com/photos/2197782/large.jpg,https://inaturalist-open-data.s3.amazonaws.com/photos/2197782/original.jpg,data/raw/nikau/2197782.jpg,932261,0675b20a3121a761ec771e10703d9f89,720,960,2026-09-11T17:31:24+1200,train
nikau,plant,Nīkau,Rhopalostylis sapida,6048322,7579311,cc-by,"(c) naturewatchwidow, some rights reserved (CC BY)",2017-05-02,85274,Rhopalostylis sapida,https://inaturalist-open-data.s3.amazonaws.com/photos/7579311/large.jpeg,https://inaturalist-open-data.s3.amazonaws.com/photos/7579311/original.jpeg,data/raw/nikau/7579311.jpg,507589,3cb6226b4c4bf1fac6aa8176b2da4f5e,1152,2048,2026-09-11T17:31:24+1200,train
nikau,plant,Nīkau,Rhopalostylis sapida,7628779,9975482,cc-by,"(c) Jacqui Geux, some rights reserved (CC BY)",2017-08-23,85274,Rhopalostylis sapida,https://inaturalist-open-data.s3.amazonaws.com/photos/9975482/large.jpeg,https://inaturalist-open-data.s3.amazonaws.com/photos/9975482/original.jpeg,data/raw/nikau/9975482.jpg,319516,1130c216a38e950722a62652ff93117a,1600,1200,2026-09-11T17:31:24+1200,train
nikau,plant,Nīkau,Rhopalostylis sapida,111485436,188207709,cc-by,"(c) naturewatchwidow, some rights reserved (CC BY)",2022-04-15,85274,Rhopalostylis sapida,https://inaturalist-open-data.s3.amazonaws.com/photos/188207709/large.jpeg,https://inaturalist-open-data.s3.amazonaws.com/photos/188207709/original.jpeg,data/raw/nikau/188207709.jpg,829146,ed3523e39cc4891fdfe0a0ffa51be38c,1536,2048,2026-09-11T17:31:24+1200,train
nikau,plant,Nīkau,Rhopalostylis sapida,42149919,66908868,cc0,no rights reserved,2019-08-11,85274,Rhopalostylis sapida,https://inaturalist-open-data.s3.amazonaws.com/photos/66908868/large.jpeg,https://inaturalist-open-data.s3.amazonaws.com/photos/66908868/original.jpeg,data/raw/nikau/66908868.jpg,265459,8ee70e31f955228e56e6421b4e651981,1536,2048,2026-09-11T17:31:24+1200,train
nikau,plant,Nīkau,Rhopalostylis sapida,43817125,69494018,cc-by,"(c) Jacqui Geux, some rights reserved (CC BY)",2020-04-27,85274,Rhopalostylis sapida,https://inaturalist-open-data.s3.amazonaws.com/photos/69494018/large.jpeg,https://inaturalist-open-data.s3.amazonaws.com/photos/69494018/original.jpeg,data/raw/nikau/69494018.jpg,305215,85627e0847fc6796557102d783ee33be,1600,1200,2026-09-11T17:31:24+1200,train
nikau,plant,Nīkau,Rhopalostylis sapida,45573669,72268965,cc0,no rights reserved,2019-10-27,85274,Rhopalostylis sapida,https://inaturalist-open-data.s3.amazonaws.com/photos/72268965/large.jpeg,https://inaturalist-open-data.s3.amazonaws.com/photos/72268965/original.jpeg,data/raw/nikau/72268965.jpg,247486,19833a4b54d8eb07f7e62466fb735bf5,2048,1818,2026-09-11T17:31:24+1200,train
nikau,plant,Nīkau,Rhopalostylis sapida,46201615,73278892,cc0,no rights reserved,2020-01-18,85274,Rhopalostylis sapida,https://inaturalist-open-data.s3.amazonaws.com/photos/73278892/large.jpeg,https://inaturalist-open-data.s3.amazonaws.com/photos/73278892/original.jpeg,data/raw/nikau/73278892.jpg,556461,d5526c28797d7c66f38a40ab1b419c3e,2048,1944,2026-09-11T17:31:24+1200,train
nikau,plant,Nīkau,Rhopalostylis sapida,134516063,229296697,cc-by,"(c) chrystal1914, some rights reserved (CC BY)",2022-09-10,85274,Rhopalostylis sapida,https://inaturalist-open-data.s3.amazonaws.com/photos/229296697/large.jpg,https://inaturalist-open-data.s3.amazonaws.com/photos/229296697/original.jpg,data/raw/nikau/229296697.jpg,429209,aae398088e655aa005a49915ad988e78,2048,1365,2026-09-11T17:31:24+1200,train
nikau,plant,Nīkau,Rhopalostylis sapida,67036275,108209048,cc-by,"(c) Liadan Dickie, some rights reserved (CC BY)",2020-12-24,85274,Rhopalostylis sapida,https://inaturalist-open-data.s3.amazonaws.com/photos/108209048/large.jpg,https://inaturalist-open-data.s3.amazonaws.com/photos/108209048/original.jpg,data/raw/nikau/108209048.jpg,159941,7d4db3dbde6d8ab836ffde4a78cee013,750,1000,2026-09-11T17:31:24+1200,train
nikau,plant,Nīkau,Rhopalostylis sapida,210696055,372639736,cc-by,"(c) naturewatchwidow, some rights reserved (CC BY)",2024-04-28,85274,Rhopalostylis sapida,https://inaturalist-open-data.s3.amazonaws.com/photos/372639736/large.jpg,https://inaturalist-open-data.s3.amazonaws.com/photos/372639736/original.jpg,data/raw/nikau/372639736.jpg,543328,efdb4ed461653e9386926c9f97d206d9,1536,2048,2026-09-11T17:31:24+1200,train
nikau,plant,Nīkau,Rhopalostylis sapida,142022149,243421536,cc-by,"(c) Richard Littauer, some rights reserved (CC BY)",2022-11-14,85274,Rhopalostylis sapida,https://inaturalist-open-data.s3.amazonaws.com/photos/243421536/large.jpg,https://inaturalist-open-data.s3.amazonaws.com/photos/243421536/original.jpg,data/raw/nikau/243421536.jpg,1196819,3f85f64c8bd0f71ad65295c19d8bb537,1536,2048,2026-09-11T17:31:24+1200,train
nikau,plant,Nīkau,Rhopalostylis sapida,182788049,318770655,cc-by,"(c) Alice Shanks, some rights reserved (CC BY)",2023-09-10,85274,Rhopalostylis sapida,https://inaturalist-open-data.s3.amazonaws.com/photos/318770655/large.jpeg,https://inaturalist-open-data.s3.amazonaws.com/photos/318770655/original.jpeg,data/raw/nikau/318770655.jpg,498687,fcea19bcabceb5e293d0adad2addbf9e,1536,2048,2026-09-11T17:31:24+1200,train
nikau,plant,Nīkau,Rhopalostylis sapida,186809084,326544505,cc-by,"(c) John Barkla, some rights reserved (CC BY)",2023-10-06,85274,Rhopalostylis sapida,https://inaturalist-open-data.s3.amazonaws.com/photos/326544505/large.jpeg,https://inaturalist-open-data.s3.amazonaws.com/photos/326544505/original.jpeg,data/raw/nikau/326544505.jpg,732072,9303c8c2a1ccde2bee0177601b1a440a,1542,2048,2026-09-11T17:31:24+1200,train
nikau,plant,Nīkau,Rhopalostylis sapida,255972612,458832285,cc-by,"(c) Richard Littauer, some rights reserved (CC BY)",2024-12-23,85274,Rhopalostylis sapida,https://inaturalist-open-data.s3.amazonaws.com/photos/458832285/large.jpg,https://inaturalist-open-data.s3.amazonaws.com/photos/458832285/original.jpg,data/raw/nikau/458832285.jpg,561262,0ad0576e08fc41a3fea825786387e5ee,1536,2048,2026-09-11T17:31:24+1200,train
kowhai,plant,Kōwhai,Sophora microphylla,68437913,110982030,cc-by,"(c) janicelord, some rights reserved (CC BY)",2021-01-22,210947,Sophora microphylla,https://inaturalist-open-data.s3.amazonaws.com/photos/110982030/large.jpeg,https://inaturalist-open-data.s3.amazonaws.com/photos/110982030/original.jpeg,data/raw/kowhai/110982030.jpg,880587,abf4a51e666a7e125aff0469d11ac6c9,1536,2048,2026-09-11T17:32:31+1200,train
kowhai,plant,Kōwhai,Sophora microphylla,351887742,642214133,cc0,no rights reserved,2026-04-22,210947,Sophora microphylla,https://inaturalist-open-data.s3.amazonaws.com/photos/642214133/large.jpg,https://inaturalist-open-data.s3.amazonaws.com/photos/642214133/original.jpg,data/raw/kowhai/642214133.jpg,600673,49897db82fd69ab30cf5069b2a0d5dbf,1536,2048,2026-09-11T17:32:31+1200,train
kowhai,plant,Kōwhai,Sophora microphylla,26850154,41717308,cc-by,"(c) Jenny Saito, some rights reserved (CC BY)",2019-06-12,210947,Sophora microphylla,https://inaturalist-open-data.s3.amazonaws.com/photos/41717308/large.jpeg,https://inaturalist-open-data.s3.amazonaws.com/photos/41717308/original.jpeg,data/raw/kowhai/41717308.jpg,861586,4da05139ca06fce8bdf2b7de523fe6d3,1536,2048,2026-09-11T17:32:31+1200,train
kowhai,plant,Kōwhai,Sophora microphylla,96168180,159731108,cc-by,"(c) Jenny Saito, some rights reserved (CC BY)",2021-09-26,210947,Sophora microphylla,https://inaturalist-open-data.s3.amazonaws.com/photos/159731108/large.jpeg,https://inaturalist-open-data.s3.amazonaws.com/photos/159731108/original.jpeg,data/raw/kowhai/159731108.jpg,1041276,9b5f4091a7d1d0760ab15f68fda0bee7,2048,2048,2026-09-11T17:32:31+1200,train
kowhai,plant,Kōwhai,Sophora microphylla,198680704,350234798,cc-by,"(c) Mario Ranallo, some rights reserved (CC BY)",2024-02-08,210947,Sophora microphylla,https://inaturalist-open-data.s3.amazonaws.com/photos/350234798/large.jpeg,https://inaturalist-open-data.s3.amazonaws.com/photos/350234798/original.jpeg,data/raw/kowhai/350234798.jpg,842912,53172eece2b33f44fa9e8dbafd32a092,1536,2048,2026-09-11T17:32:31+1200,train
kowhai,plant,Kōwhai,Sophora microphylla,44536948,70609551,cc-by,"(c) Jon Sullivan, some rights reserved (CC BY)",2020-04-26,210947,Sophora microphylla,https://inaturalist-open-data.s3.amazonaws.com/photos/70609551/large.jpg,https://inaturalist-open-data.s3.amazonaws.com/photos/70609551/original.jpg,data/raw/kowhai/70609551.jpg,642652,9c2c6b569149779211693907871d045c,1366,2048,2026-09-11T17:32:31+1200,train
kowhai,plant,Kōwhai,Sophora microphylla,216472860,382854276,cc-by,"(c) Jon Sullivan, some rights reserved (CC BY)",2024-05-06,210947,Sophora microphylla,https://inaturalist-open-data.s3.amazonaws.com/photos/382854276/large.jpg,https://inaturalist-open-data.s3.amazonaws.com/photos/382854276/original.jpg,data/raw/kowhai/382854276.jpg,341709,46489748d25b5a076c998b735bd248cc,2048,1367,2026-09-11T17:32:31+1200,train
kowhai,plant,Kōwhai,Sophora microphylla,222409974,393976235,cc-by,"(c) Jon Sullivan, some rights reserved (CC BY)",2024-05-08,210947,Sophora microphylla,https://inaturalist-open-data.s3.amazonaws.com/photos/393976235/large.jpg,https://inaturalist-open-data.s3.amazonaws.com/photos/393976235/original.jpg,data/raw/kowhai/393976235.jpg,453039,1d445a34799d6cc3249e80af2973cc46,2048,1367,2026-09-11T17:32:31+1200,train
kowhai,plant,Kōwhai,Sophora microphylla,214772186,379656159,cc-by,"(c) Jenny Saito, some rights reserved (CC BY)",2024-05-10,210947,Sophora microphylla,https://inaturalist-open-data.s3.amazonaws.com/photos/379656159/large.jpeg,https://inaturalist-open-data.s3.amazonaws.com/photos/379656159/original.jpeg,data/raw/kowhai/379656159.jpg,1061037,22c09d67f9dc5513fc551aecea793907,2048,2048,2026-09-11T17:32:31+1200,train
kowhai,plant,Kōwhai,Sophora microphylla,215209668,380470034,cc-by,"(c) boytouchgrass, some rights reserved (CC BY)",2024-05-12,210947,Sophora microphylla,https://inaturalist-open-data.s3.amazonaws.com/photos/380470034/large.jpg,https://inaturalist-open-data.s3.amazonaws.com/photos/380470034/original.jpg,data/raw/kowhai/380470034.jpg,360951,2e79eb49ee177eec8a85686de827b73f,1536,2048,2026-09-11T17:32:31+1200,train
kowhai,plant,Kōwhai,Sophora microphylla,213109912,376613104,cc-by,"(c) Jon Sullivan, some rights reserved (CC BY)",2024-04-28,210947,Sophora microphylla,https://inaturalist-open-data.s3.amazonaws.com/photos/376613104/large.jpg,https://inaturalist-open-data.s3.amazonaws.com/photos/376613104/original.jpg,data/raw/kowhai/376613104.jpg,243247,363abb6f7b8b92bb3c1244310d31fda3,1365,2048,2026-09-11T17:32:31+1200,train
kowhai,plant,Kōwhai,Sophora microphylla,66505732,107226270,cc-by,"(c) John Barkla, some rights reserved (CC BY)",2020-12-12,210947,Sophora microphylla,https://inaturalist-open-data.s3.amazonaws.com/photos/107226270/large.jpg,https://inaturalist-open-data.s3.amazonaws.com/photos/107226270/original.jpg,data/raw/kowhai/107226270.jpg,201453,5a6046714d51548005469653b6f2046c,2048,1370,2026-09-11T17:32:31+1200,train
kowhai,plant,Kōwhai,Sophora microphylla,65990535,106288176,cc-by,"(c) Jacqui Geux, some rights reserved (CC BY)",2020-12-02,210947,Sophora microphylla,https://inaturalist-open-data.s3.amazonaws.com/photos/106288176/large.jpeg,https://inaturalist-open-data.s3.amazonaws.com/photos/106288176/original.jpeg,data/raw/kowhai/106288176.jpg,228205,f897d1478c01eb182eaf020895aada3d,1600,1200,2026-09-11T17:32:31+1200,train
kowhai,plant,Kōwhai,Sophora microphylla,129802484,220640310,cc-by,"(c) Nicholas Allen, some rights reserved (CC BY)",2022-08-07,210947,Sophora microphylla,https://inaturalist-open-data.s3.amazonaws.com/photos/220640310/large.jpg,https://inaturalist-open-data.s3.amazonaws.com/photos/220640310/original.jpg,data/raw/kowhai/220640310.jpg,504400,76ce43f9dc80ccd90b7a26da8f18d580,1536,2048,2026-09-11T17:32:31+1200,train
kowhai,plant,Kōwhai,Sophora microphylla,131709753,224182269,cc-by,"(c) John Barkla, some rights reserved (CC BY)",2022-08-21,210947,Sophora microphylla,https://inaturalist-open-data.s3.amazonaws.com/photos/224182269/large.jpeg,https://inaturalist-open-data.s3.amazonaws.com/photos/224182269/original.jpeg,data/raw/kowhai/224182269.jpg,589630,381ec4e9f564d48db57e7ac4ac5fbaca,2048,1542,2026-09-11T17:32:31+1200,train
kowhai,plant,Kōwhai,Sophora microphylla,393744731,721729418,cc-by,"(c) Jon Sullivan, some rights reserved (CC BY)",2026-08-13,210947,Sophora microphylla,https://inaturalist-open-data.s3.amazonaws.com/photos/721729418/large.jpg,https://inaturalist-open-data.s3.amazonaws.com/photos/721729418/original.jpg,data/raw/kowhai/721729418.jpg,508524,c2a8eda46e9917a782c087507c370f80,1365,2048,2026-09-11T17:32:31+1200,train
kowhai,plant,Kōwhai,Sophora microphylla,326428733,591199889,cc-by,"(c) Jenny Saito, some rights reserved (CC BY)",2025-11-14,210947,Sophora microphylla,https://inaturalist-open-data.s3.amazonaws.com/photos/591199889/large.jpg,https://inaturalist-open-data.s3.amazonaws.com/photos/591199889/original.jpg,data/raw/kowhai/591199889.jpg,980645,2220f2a6431b6bbc39ef47723c5ce778,1152,2048,2026-09-11T17:32:31+1200,train
kowhai,plant,Kōwhai,Sophora microphylla,168793440,292576566,cc-by,"(c) Piet van Leeuwen, some rights reserved (CC BY)",2023-06-22,210947,Sophora microphylla,https://inaturalist-open-data.s3.amazonaws.com/photos/292576566/large.jpg,https://inaturalist-open-data.s3.amazonaws.com/photos/292576566/original.jpg,data/raw/kowhai/292576566.jpg,434930,fa2ec079ddb6589d5eac12c74f865dbd,1536,2048,2026-09-11T17:32:31+1200,train
kowhai,plant,Kōwhai,Sophora microphylla,257591577,462121089,cc0,no rights reserved,2024-12-23,210947,Sophora microphylla,https://inaturalist-open-data.s3.amazonaws.com/photos/462121089/large.jpeg,https://inaturalist-open-data.s3.amazonaws.com/photos/462121089/original.jpeg,data/raw/kowhai/462121089.jpg,430059,eecbd843adfc421288d32a19c1203b7e,2048,1365,2026-09-11T17:32:31+1200,train
kowhai,plant,Kōwhai,Sophora microphylla,251994066,451007829,cc-by,"(c) Jenny Saito, some rights reserved (CC BY)",2024-11-16,210947,Sophora microphylla,https://inaturalist-open-data.s3.amazonaws.com/photos/451007829/large.jpeg,https://inaturalist-open-data.s3.amazonaws.com/photos/451007829/original.jpeg,data/raw/kowhai/451007829.jpg,967996,42c342f2f5f5294024f9cdabe8d2163a,2048,2048,2026-09-11T17:32:31+1200,train
kowhai,plant,Kōwhai,Sophora microphylla,104019133,174234938,cc-by,"(c) Oscar Dove, some rights reserved (CC BY)",2021-12-31,210947,Sophora microphylla,https://inaturalist-open-data.s3.amazonaws.com/photos/174234938/large.jpeg,https://inaturalist-open-data.s3.amazonaws.com/photos/174234938/original.jpeg,data/raw/kowhai/174234938.jpg,659095,fc97b208fd015f1fdbaadb548b3aa6af,1537,2048,2026-09-11T17:32:31+1200,train
kowhai,plant,Kōwhai,Sophora microphylla,312548403,564318963,cc0,no rights reserved,2025-09-09,210947,Sophora microphylla,https://inaturalist-open-data.s3.amazonaws.com/photos/564318963/large.jpg,https://inaturalist-open-data.s3.amazonaws.com/photos/564318963/original.jpg,data/raw/kowhai/564318963.jpg,576630,e9ee577d7741c74a26c8bb648a82b77e,1536,2048,2026-09-11T17:32:31+1200,train
kowhai,plant,Kōwhai,Sophora microphylla,309393816,558301005,cc0,no rights reserved,2025-08-27,210947,Sophora microphylla,https://inaturalist-open-data.s3.amazonaws.com/photos/558301005/large.jpg,https://inaturalist-open-data.s3.amazonaws.com/photos/558301005/original.jpg,data/raw/kowhai/558301005.jpg,390093,cd1c3b2797299507551363d1d8c4a467,1536,2048,2026-09-11T17:32:31+1200,train
kowhai,plant,Kōwhai,Sophora microphylla,352192207,642807316,cc-by,"(c) John Barkla, some rights reserved (CC BY)",2026-04-23,210947,Sophora microphylla,https://inaturalist-open-data.s3.amazonaws.com/photos/642807316/large.jpg,https://inaturalist-open-data.s3.amazonaws.com/photos/642807316/original.jpg,data/raw/kowhai/642807316.jpg,714198,6910d6e760fcad98adfac2bd0861938a,2048,1536,2026-09-11T17:32:31+1200,train
kowhai,plant,Kōwhai,Sophora microphylla,308350430,556300135,cc0,no rights reserved,2025-08-23,210947,Sophora microphylla,https://inaturalist-open-data.s3.amazonaws.com/photos/556300135/large.jpg,https://inaturalist-open-data.s3.amazonaws.com/photos/556300135/original.jpg,data/raw/kowhai/556300135.jpg,480136,f11233d54e25caeb24163ede284b3eeb,1536,2048,2026-09-11T17:32:31+1200,train
kowhai,plant,Kōwhai,Sophora microphylla,243930301,435038821,cc0,no rights reserved,2024-09-23,210947,Sophora microphylla,https://inaturalist-open-data.s3.amazonaws.com/photos/435038821/large.jpeg,https://inaturalist-open-data.s3.amazonaws.com/photos/435038821/original.jpeg,data/raw/kowhai/435038821.jpg,703776,cce14fa029bf5b93305e4b7a643eadef,2048,1536,2026-09-11T17:32:31+1200,train
kowhai,plant,Kōwhai,Sophora microphylla,319103816,576796578,cc-by,"(c) Jenny Saito, some rights reserved (CC BY)",2025-10-03,210947,Sophora microphylla,https://inaturalist-open-data.s3.amazonaws.com/photos/576796578/large.jpg,https://inaturalist-open-data.s3.amazonaws.com/photos/576796578/original.jpg,data/raw/kowhai/576796578.jpg,724353,4168c0b88f50a60ea0794f8f14dd23f5,1152,2048,2026-09-11T17:32:31+1200,train
kowhai,plant,Kōwhai,Sophora microphylla,319104355,576797614,cc-by,"(c) Jenny Saito, some rights reserved (CC BY)",2025-10-04,210947,Sophora microphylla,https://inaturalist-open-data.s3.amazonaws.com/photos/576797614/large.jpg,https://inaturalist-open-data.s3.amazonaws.com/photos/576797614/original.jpg,data/raw/kowhai/576797614.jpg,643324,b7c6e4bfc0e1c3065f458ff8b3777d21,1152,2048,2026-09-11T17:32:31+1200,train
kowhai,plant,Kōwhai,Sophora microphylla,285523656,513222818,cc-by,"(c) Angus Campbell, some rights reserved (CC BY)",2025-05-31,210947,Sophora microphylla,https://inaturalist-open-data.s3.amazonaws.com/photos/513222818/large.jpg,https://inaturalist-open-data.s3.amazonaws.com/photos/513222818/original.jpg,data/raw/kowhai/513222818.jpg,706221,953a50e707d5f8f64675597f246b0f84,1536,2048,2026-09-11T17:32:31+1200,train
kowhai,plant,Kōwhai,Sophora microphylla,24080340,37239418,cc-by,"(c) Joe Potter Butler, some rights reserved (CC BY)",2019-04-28,210947,Sophora microphylla,https://inaturalist-open-data.s3.amazonaws.com/photos/37239418/large.jpeg,https://inaturalist-open-data.s3.amazonaws.com/photos/37239418/original.jpeg,data/raw/kowhai/37239418.jpg,516720,1f7c9b0b97f09417dab1d77a346c8dde,2048,1365,2026-09-11T17:32:31+1200,train
kowhai,plant,Kōwhai,Sophora microphylla,159994039,276453063,cc-by,"(c) BIHNZ, some rights reserved (CC BY)",2023-05-06,210947,Sophora microphylla,https://inaturalist-open-data.s3.amazonaws.com/photos/276453063/large.jpg,https://inaturalist-open-data.s3.amazonaws.com/photos/276453063/original.jpg,data/raw/kowhai/276453063.jpg,564183,27681e1f65fba4439c0cbc88305b252b,2048,1536,2026-09-11T17:32:31+1200,train
kowhai,plant,Kōwhai,Sophora microphylla,271896311,489122646,cc-by,"(c) Jon Sullivan, some rights reserved (CC BY)",2025-04-09,210947,Sophora microphylla,https://inaturalist-open-data.s3.amazonaws.com/photos/489122646/large.jpg,https://inaturalist-open-data.s3.amazonaws.com/photos/489122646/original.jpg,data/raw/kowhai/489122646.jpg,733547,43c9fe50c46388af7ce569291ecb7257,2048,1367,2026-09-11T17:32:31+1200,train
kowhai,plant,Kōwhai,Sophora microphylla,137121580,234129477,cc-by,"(c) Joe Potter Butler, some rights reserved (CC BY)",2022-10-01,210947,Sophora microphylla,https://inaturalist-open-data.s3.amazonaws.com/photos/234129477/large.jpeg,https://inaturalist-open-data.s3.amazonaws.com/photos/234129477/original.jpeg,data/raw/kowhai/234129477.jpg,341125,20d69493520edcca93479edb83f116d6,2048,1365,2026-09-11T17:32:31+1200,train
kowhai,plant,Kōwhai,Sophora microphylla,66030058,106359091,cc-by,"(c) Joe Potter Butler, some rights reserved (CC BY)",2020-12-03,210947,Sophora microphylla,https://inaturalist-open-data.s3.amazonaws.com/photos/106359091/large.jpeg,https://inaturalist-open-data.s3.amazonaws.com/photos/106359091/original.jpeg,data/raw/kowhai/106359091.jpg,732172,703999b75e504b13824eab630737150b,2048,1536,2026-09-11T17:32:31+1200,train
kowhai,plant,Kōwhai,Sophora microphylla,285282228,512770008,cc-by,"(c) Saryu Mae 前 朝琉, some rights reserved (CC BY)",2025-05-27,210947,Sophora microphylla,https://inaturalist-open-data.s3.amazonaws.com/photos/512770008/large.jpg,https://inaturalist-open-data.s3.amazonaws.com/photos/512770008/original.jpg,data/raw/kowhai/512770008.jpg,129391,38b286410fb2ea411a6b8a60bf4bf297,1365,2048,2026-09-11T17:32:31+1200,train
kowhai,plant,Kōwhai,Sophora microphylla,339647672,617912018,cc0,no rights reserved,2026-02-22,210947,Sophora microphylla,https://inaturalist-open-data.s3.amazonaws.com/photos/617912018/large.jpg,https://inaturalist-open-data.s3.amazonaws.com/photos/617912018/original.jpg,data/raw/kowhai/617912018.jpg,460865,671905e92b36ab2bcd76b119e9d3b1e2,1536,2048,2026-09-11T17:32:31+1200,train
kowhai,plant,Kōwhai,Sophora microphylla,357745803,651998429,cc-by,"(c) Jon Sullivan, some rights reserved (CC BY)",2026-04-24,210947,Sophora microphylla,https://inaturalist-open-data.s3.amazonaws.com/photos/651998429/large.jpg,https://inaturalist-open-data.s3.amazonaws.com/photos/651998429/original.jpg,data/raw/kowhai/651998429.jpg,430835,9b90f3e08aa63cde4cfbb1ca934ba9af,2048,1365,2026-09-11T17:32:31+1200,train
kowhai,plant,Kōwhai,Sophora microphylla,299444743,539477094,cc-by,"(c) Alice Shanks, some rights reserved (CC BY)",2025-07-20,210947,Sophora microphylla,https://inaturalist-open-data.s3.amazonaws.com/photos/539477094/large.jpg,https://inaturalist-open-data.s3.amazonaws.com/photos/539477094/original.jpg,data/raw/kowhai/539477094.jpg,623246,5eebdc029f4ba4bde453b95fd238c2c3,2048,1538,2026-09-11T17:32:31+1200,train
kowhai,plant,Kōwhai,Sophora microphylla,970013,1223299,cc-by,"(c) John Barkla, some rights reserved (CC BY)",2013-08-24,210947,Sophora microphylla,https://inaturalist-open-data.s3.amazonaws.com/photos/1223299/large.,https://inaturalist-open-data.s3.amazonaws.com/photos/1223299/original.,data/raw/kowhai/1223299.jpg,217979,09d9cb8b16592ee17ab90387f64c7cc0,2048,1364,2026-09-11T17:32:31+1200,train
kowhai,plant,Kōwhai,Sophora microphylla,940245,1179572,cc-by,"(c) Jon Sullivan, some rights reserved (CC BY)",2006-07-31,210947,Sophora microphylla,https://inaturalist-open-data.s3.amazonaws.com/photos/1179572/large.jpg,https://inaturalist-open-data.s3.amazonaws.com/photos/1179572/original.jpg,data/raw/kowhai/1179572.jpg,489472,18c292fd00cbb42d464f605221844a67,1280,960,2026-09-11T17:32:31+1200,train
kowhai,plant,Kōwhai,Sophora microphylla,70134284,113957599,cc-by,"(c) Mark Roper, some rights reserved (CC BY)",2021-02-25,210947,Sophora microphylla,https://inaturalist-open-data.s3.amazonaws.com/photos/113957599/large.jpg,https://inaturalist-open-data.s3.amazonaws.com/photos/113957599/original.jpg,data/raw/kowhai/113957599.jpg,429906,344aa4fe21cfd1664d23723031c2d2a3,1536,2048,2026-09-11T17:32:31+1200,train
kowhai,plant,Kōwhai,Sophora microphylla,75148983,122908022,cc-by,"(c) Jenny Saito, some rights reserved (CC BY)",2021-04-25,210947,Sophora microphylla,https://inaturalist-open-data.s3.amazonaws.com/photos/122908022/large.jpeg,https://inaturalist-open-data.s3.amazonaws.com/photos/122908022/original.jpeg,data/raw/kowhai/122908022.jpg,792079,ad2f7670fb4bf45d8bd02e968dd5fd29,1536,2048,2026-09-11T17:32:31+1200,train
kowhai,plant,Kōwhai,Sophora microphylla,73731145,120403295,cc-by,"(c) Mike Bowie, some rights reserved (CC BY)",2021-03-18,210947,Sophora microphylla,https://inaturalist-open-data.s3.amazonaws.com/photos/120403295/large.jpeg,https://inaturalist-open-data.s3.amazonaws.com/photos/120403295/original.jpeg,data/raw/kowhai/120403295.jpg,513602,6521593d61a24359f49ef34e3bb03a24,1536,2048,2026-09-11T17:32:31+1200,train
kowhai,plant,Kōwhai,Sophora microphylla,44542145,70618153,cc-by,"(c) Jon Sullivan, some rights reserved (CC BY)",2020-04-26,210947,Sophora microphylla,https://inaturalist-open-data.s3.amazonaws.com/photos/70618153/large.jpg,https://inaturalist-open-data.s3.amazonaws.com/photos/70618153/original.jpg,data/raw/kowhai/70618153.jpg,626622,94b3e426b126c53636f0a779ee894f14,1366,2048,2026-09-11T17:32:31+1200,train
kowhai,plant,Kōwhai,Sophora microphylla,116059676,195881994,cc-by,"(c) Jon Sullivan, some rights reserved (CC BY)",2022-05-02,210947,Sophora microphylla,https://inaturalist-open-data.s3.amazonaws.com/photos/195881994/large.jpg,https://inaturalist-open-data.s3.amazonaws.com/photos/195881994/original.jpg,data/raw/kowhai/195881994.jpg,690233,811ad71176fedda48fba6118079d9ef5,2048,1536,2026-09-11T17:32:31+1200,train
kowhai,plant,Kōwhai,Sophora microphylla,113269073,191388988,cc0,no rights reserved,2022-04-29,210947,Sophora microphylla,https://inaturalist-open-data.s3.amazonaws.com/photos/191388988/large.jpeg,https://inaturalist-open-data.s3.amazonaws.com/photos/191388988/original.jpeg,data/raw/kowhai/191388988.jpg,597688,174beac5374e27a9e3a3885ca43db4d9,1536,2048,2026-09-11T17:32:31+1200,train
kowhai,plant,Kōwhai,Sophora microphylla,46065931,73066363,cc-by,"(c) Tim Park, some rights reserved (CC BY)",2020-05-16,210947,Sophora microphylla,https://inaturalist-open-data.s3.amazonaws.com/photos/73066363/large.jpg,https://inaturalist-open-data.s3.amazonaws.com/photos/73066363/original.jpg,data/raw/kowhai/73066363.jpg,405071,464254cb559a70d5685c9fe41860522b,1536,2048,2026-09-11T17:32:31+1200,train
kowhai,plant,Kōwhai,Sophora microphylla,149707493,258011501,cc-by,"(c) Jenny Saito, some rights reserved (CC BY)",2023-02-26,210947,Sophora microphylla,https://inaturalist-open-data.s3.amazonaws.com/photos/258011501/large.jpeg,https://inaturalist-open-data.s3.amazonaws.com/photos/258011501/original.jpeg,data/raw/kowhai/258011501.jpg,1155130,661d5cf24950b29949cb7ace1cf8eccd,2048,2048,2026-09-11T17:32:31+1200,train
kowhai,plant,Kōwhai,Sophora microphylla,153253093,264668526,cc0,no rights reserved,2023-04-03,210947,Sophora microphylla,https://inaturalist-open-data.s3.amazonaws.com/photos/264668526/large.jpg,https://inaturalist-open-data.s3.amazonaws.com/photos/264668526/original.jpg,data/raw/kowhai/264668526.jpg,443879,4725c385342dcafc3871a0190cb711a0,1536,2048,2026-09-11T17:32:32+1200,train
kowhai,plant,Kōwhai,Sophora microphylla,247017503,441091085,cc-by,"(c) Nicholas Allen, some rights reserved (CC BY)",2024-10-13,210947,Sophora microphylla,https://inaturalist-open-data.s3.amazonaws.com/photos/441091085/large.jpeg,https://inaturalist-open-data.s3.amazonaws.com/photos/441091085/original.jpeg,data/raw/kowhai/441091085.jpg,507948,cb93f7820e0c4b582b2815cd40d47d1d,1536,2048,2026-09-11T17:32:32+1200,train
kowhai,plant,Kōwhai,Sophora microphylla,246871544,440806655,cc-by,"(c) Colin Meurk, some rights reserved (CC BY)",2024-10-12,210947,Sophora microphylla,https://inaturalist-open-data.s3.amazonaws.com/photos/440806655/large.jpeg,https://inaturalist-open-data.s3.amazonaws.com/photos/440806655/original.jpeg,data/raw/kowhai/440806655.jpg,745768,d205e7624ec6d62d95426dd7c59c3d1a,1536,2048,2026-09-11T17:32:32+1200,train
kowhai,plant,Kōwhai,Sophora microphylla,185990570,324935285,cc0,no rights reserved,2023-10-03,210947,Sophora microphylla,https://inaturalist-open-data.s3.amazonaws.com/photos/324935285/large.jpeg,https://inaturalist-open-data.s3.amazonaws.com/photos/324935285/original.jpeg,data/raw/kowhai/324935285.jpg,913661,bfd8508c4088ff5ef40b7385bd0fe427,1536,2048,2026-09-11T17:32:32+1200,train
kowhai,plant,Kōwhai,Sophora microphylla,249079414,445179929,cc-by,"(c) Duncan Cunningham, some rights reserved (CC BY)",2024-10-17,210947,Sophora microphylla,https://inaturalist-open-data.s3.amazonaws.com/photos/445179929/large.jpeg,https://inaturalist-open-data.s3.amazonaws.com/photos/445179929/original.jpeg,data/raw/kowhai/445179929.jpg,289929,5eaecc7447dde7b3cf837ac49d672db6,1536,2048,2026-09-11T17:32:32+1200,train
kowhai,plant,Kōwhai,Sophora microphylla,194495969,341896651,cc-by,"(c) Eric Knight, some rights reserved (CC BY)",2023-12-09,210947,Sophora microphylla,https://inaturalist-open-data.s3.amazonaws.com/photos/341896651/large.jpg,https://inaturalist-open-data.s3.amazonaws.com/photos/341896651/original.jpg,data/raw/kowhai/341896651.jpg,430358,db8c788a62fb171121303bd4fa95ea1f,1536,2048,2026-09-11T17:32:32+1200,train
kowhai,plant,Kōwhai,Sophora microphylla,265795362,477486459,cc-by,"(c) Ian Adams, some rights reserved (CC BY)",2025-03-18,210947,Sophora microphylla,https://inaturalist-open-data.s3.amazonaws.com/photos/477486459/large.jpeg,https://inaturalist-open-data.s3.amazonaws.com/photos/477486459/original.jpeg,data/raw/kowhai/477486459.jpg,848114,03808994ea11d994e811912cd8591b67,1536,2048,2026-09-11T17:32:32+1200,train
kowhai,plant,Kōwhai,Sophora microphylla,194636596,342183780,cc-by,"(c) naturewatchwidow, some rights reserved (CC BY)",2023-12-23,210947,Sophora microphylla,https://inaturalist-open-data.s3.amazonaws.com/photos/342183780/large.jpeg,https://inaturalist-open-data.s3.amazonaws.com/photos/342183780/original.jpeg,data/raw/kowhai/342183780.jpg,182271,9ecbf699ee80650131e771827b8742fb,2048,1536,2026-09-11T17:32:32+1200,train
kowhai,plant,Kōwhai,Sophora microphylla,171351097,297331282,cc-by,"(c) Piet van Leeuwen, some rights reserved (CC BY)",2023-07-05,210947,Sophora microphylla,https://inaturalist-open-data.s3.amazonaws.com/photos/297331282/large.jpg,https://inaturalist-open-data.s3.amazonaws.com/photos/297331282/original.jpg,data/raw/kowhai/297331282.jpg,510283,5f5df5d931aa7fa5ad65d977e11b9eb9,1536,2048,2026-09-11T17:32:32+1200,train
kowhai,plant,Kōwhai,Sophora microphylla,361063081,658907624,cc-by,"(c) William Harland, some rights reserved (CC BY)",2026-05-10,210947,Sophora microphylla,https://inaturalist-open-data.s3.amazonaws.com/photos/658907624/large.jpg,https://inaturalist-open-data.s3.amazonaws.com/photos/658907624/original.jpg,data/raw/kowhai/658907624.jpg,150576,4773884a6c06b5c5ce9639689208d6c6,2048,1831,2026-09-11T17:32:32+1200,train
kowhai,plant,Kōwhai,Sophora microphylla,325224837,588798022,cc0,no rights reserved,2025-11-06,210947,Sophora microphylla,https://inaturalist-open-data.s3.amazonaws.com/photos/588798022/large.jpg,https://inaturalist-open-data.s3.amazonaws.com/photos/588798022/original.jpg,data/raw/kowhai/588798022.jpg,482578,efe15c804f3f5e18a183f73e601e5c3d,1153,2048,2026-09-11T17:32:32+1200,train
kowhai,plant,Kōwhai,Sophora microphylla,325768276,589877810,cc0,no rights reserved,2025-11-07,210947,Sophora microphylla,https://inaturalist-open-data.s3.amazonaws.com/photos/589877810/large.jpg,https://inaturalist-open-data.s3.amazonaws.com/photos/589877810/original.jpg,data/raw/kowhai/589877810.jpg,689226,aecfa085bc7b711cd5b447ea0be8c8e9,2048,1365,2026-09-11T17:32:32+1200,train
kowhai,plant,Kōwhai,Sophora microphylla,322895664,584206918,cc-by,"(c) Colin Meurk, some rights reserved (CC BY)",2025-10-25,210947,Sophora microphylla,https://inaturalist-open-data.s3.amazonaws.com/photos/584206918/large.jpg,https://inaturalist-open-data.s3.amazonaws.com/photos/584206918/original.jpg,data/raw/kowhai/584206918.jpg,417366,1b9b606770d2e9771d38012f56092551,950,2048,2026-09-11T17:32:32+1200,train
kowhai,plant,Kōwhai,Sophora microphylla,318141466,574954747,cc0,no rights reserved,2025-10-01,210947,Sophora microphylla,https://inaturalist-open-data.s3.amazonaws.com/photos/574954747/large.jpg,https://inaturalist-open-data.s3.amazonaws.com/photos/574954747/original.jpg,data/raw/kowhai/574954747.jpg,215331,173eab60ca04b4e1007e63761164c991,1536,2048,2026-09-11T17:32:32+1200,train
kowhai,plant,Kōwhai,Sophora microphylla,354933960,647430998,cc0,no rights reserved,2026-04-27,210947,Sophora microphylla,https://inaturalist-open-data.s3.amazonaws.com/photos/647430998/large.jpg,https://inaturalist-open-data.s3.amazonaws.com/photos/647430998/original.jpg,data/raw/kowhai/647430998.jpg,516775,f05ab6be2eca440a4ad9ad4c71ebc1ae,1536,2048,2026-09-11T17:32:32+1200,train
kowhai,plant,Kōwhai,Sophora microphylla,9748183,13344701,cc-by,"(c) naturewatchwidow, some rights reserved (CC BY)",2018-02-06,210947,Sophora microphylla,https://inaturalist-open-data.s3.amazonaws.com/photos/13344701/large.jpeg,https://inaturalist-open-data.s3.amazonaws.com/photos/13344701/original.jpeg,data/raw/kowhai/13344701.jpg,611555,382cd0b1f108b5a8361bca380162b82f,1152,2048,2026-09-11T17:32:32+1200,train
kowhai,plant,Kōwhai,Sophora microphylla,86950607,143331215,cc-by,"(c) Joe Potter Butler, some rights reserved (CC BY)",2021-07-14,210947,Sophora microphylla,https://inaturalist-open-data.s3.amazonaws.com/photos/143331215/large.jpeg,https://inaturalist-open-data.s3.amazonaws.com/photos/143331215/original.jpeg,data/raw/kowhai/143331215.jpg,568289,33205a070acdfda812366b0dd36a54d4,1518,2048,2026-09-11T17:32:32+1200,train
kowhai,plant,Kōwhai,Sophora microphylla,27315723,42488123,cc-by,"(c) Alice Shanks, some rights reserved (CC BY)",2019-06-20,210947,Sophora microphylla,https://inaturalist-open-data.s3.amazonaws.com/photos/42488123/large.jpeg,https://inaturalist-open-data.s3.amazonaws.com/photos/42488123/original.jpeg,data/raw/kowhai/42488123.jpg,270263,a3b946c58e28cba80dee7694c367b6c7,2048,1401,2026-09-11T17:32:32+1200,train
kowhai,plant,Kōwhai,Sophora microphylla,17205163,26080207,cc-by,"(c) Joe Potter Butler, some rights reserved (CC BY)",2018-10-01,210947,Sophora microphylla,https://inaturalist-open-data.s3.amazonaws.com/photos/26080207/large.jpeg,https://inaturalist-open-data.s3.amazonaws.com/photos/26080207/original.jpeg,data/raw/kowhai/26080207.jpg,472773,748afe95afabed29ea70943ea6f3933b,2048,1365,2026-09-11T17:32:32+1200,train
kowhai,plant,Kōwhai,Sophora microphylla,36154941,57116575,cc-by,"(c) John Steel, some rights reserved (CC BY)",2019-11-23,210947,Sophora microphylla,https://inaturalist-open-data.s3.amazonaws.com/photos/57116575/large.jpg,https://inaturalist-open-data.s3.amazonaws.com/photos/57116575/original.jpg,data/raw/kowhai/57116575.jpg,209696,f25368262677ec58c7292bf2d176e53b,2048,1536,2026-09-11T17:32:32+1200,train
kowhai,plant,Kōwhai,Sophora microphylla,37474296,59413803,cc-by,"(c) Bruce Calvert, some rights reserved (CC BY)",2020-01-11,210947,Sophora microphylla,https://inaturalist-open-data.s3.amazonaws.com/photos/59413803/large.jpeg,https://inaturalist-open-data.s3.amazonaws.com/photos/59413803/original.jpeg,data/raw/kowhai/59413803.jpg,603224,51249aec1cd010fe3ed81cad9e0d1075,2048,1536,2026-09-11T17:32:32+1200,train
kowhai,plant,Kōwhai,Sophora microphylla,53020901,84314514,cc-by,"(c) John Barkla, some rights reserved (CC BY)",2020-07-14,210947,Sophora microphylla,https://inaturalist-open-data.s3.amazonaws.com/photos/84314514/large.jpeg,https://inaturalist-open-data.s3.amazonaws.com/photos/84314514/original.jpeg,data/raw/kowhai/84314514.jpg,585758,8791962fa5d8da9b65464174856ea2fd,2048,1536,2026-09-11T17:32:32+1200,train
kowhai,plant,Kōwhai,Sophora microphylla,61647964,98670227,cc-by,"(c) Jenny Saito, some rights reserved (CC BY)",2020-10-03,210947,Sophora microphylla,https://inaturalist-open-data.s3.amazonaws.com/photos/98670227/large.jpg,https://inaturalist-open-data.s3.amazonaws.com/photos/98670227/original.jpg,data/raw/kowhai/98670227.jpg,468513,59f887e94e825ae9f062253d5448bbc6,1536,2048,2026-09-11T17:32:32+1200,train
kowhai,plant,Kōwhai,Sophora microphylla,137607490,235052864,cc-by,"(c) Penelope Noel Gillette, some rights reserved (CC BY)",2022-10-01,210947,Sophora microphylla,https://inaturalist-open-data.s3.amazonaws.com/photos/235052864/large.jpg,https://inaturalist-open-data.s3.amazonaws.com/photos/235052864/original.jpg,data/raw/kowhai/235052864.jpg,327578,411d01061ab3d50fb174c12576846bc7,1440,1080,2026-09-11T17:32:32+1200,train
kowhai,plant,Kōwhai,Sophora microphylla,121956666,206436689,cc-by,"(c) Ben, some rights reserved (CC BY)",2022-06-16,210947,Sophora microphylla,https://inaturalist-open-data.s3.amazonaws.com/photos/206436689/large.jpg,https://inaturalist-open-data.s3.amazonaws.com/photos/206436689/original.jpg,data/raw/kowhai/206436689.jpg,273726,dbfd284cc12bfe71e642d2505ca5414d,1536,2048,2026-09-11T17:32:32+1200,train
kowhai,plant,Kōwhai,Sophora microphylla,143511030,246130451,cc0,no rights reserved,2022-12-02,210947,Sophora microphylla,https://inaturalist-open-data.s3.amazonaws.com/photos/246130451/large.jpeg,https://inaturalist-open-data.s3.amazonaws.com/photos/246130451/original.jpeg,data/raw/kowhai/246130451.jpg,667429,a42154b6b536aa74439d50fe5119208c,1152,2048,2026-09-11T17:32:32+1200,train
kowhai,plant,Kōwhai,Sophora microphylla,331753863,601902280,cc0,no rights reserved,2025-12-23,210947,Sophora microphylla,https://inaturalist-open-data.s3.amazonaws.com/photos/601902280/large.jpg,https://inaturalist-open-data.s3.amazonaws.com/photos/601902280/original.jpg,data/raw/kowhai/601902280.jpg,543069,78e00fbbef1470b15e6719f215890902,2048,1365,2026-09-11T17:32:32+1200,train
kowhai,plant,Kōwhai,Sophora microphylla,337506733,613562283,cc-by,"(c) Julia Palmer, some rights reserved (CC BY)",2026-02-06,210947,Sophora microphylla,https://inaturalist-open-data.s3.amazonaws.com/photos/613562283/large.jpg,https://inaturalist-open-data.s3.amazonaws.com/photos/613562283/original.jpg,data/raw/kowhai/613562283.jpg,802714,cb4573424d29934513feec25a30452ed,1536,2048,2026-09-11T17:32:32+1200,train
kowhai,plant,Kōwhai,Sophora microphylla,314270022,567620413,cc0,no rights reserved,2025-09-16,210947,Sophora microphylla,https://inaturalist-open-data.s3.amazonaws.com/photos/567620413/large.jpg,https://inaturalist-open-data.s3.amazonaws.com/photos/567620413/original.jpg,data/raw/kowhai/567620413.jpg,464469,edb7f02b7c3e8ae8adb15de2312b52e8,1536,2048,2026-09-11T17:32:32+1200,train
kowhai,plant,Kōwhai,Sophora microphylla,115532406,194987048,cc-by,"(c) Jon Sullivan, some rights reserved (CC BY)",2022-05-02,210947,Sophora microphylla,https://inaturalist-open-data.s3.amazonaws.com/photos/194987048/large.jpg,https://inaturalist-open-data.s3.amazonaws.com/photos/194987048/original.jpg,data/raw/kowhai/194987048.jpg,347235,bf18400f6eb3b8dd7a913fd47e68e2bb,2048,1367,2026-09-11T17:32:32+1200,train
kowhai,plant,Kōwhai,Sophora microphylla,168792679,292575349,cc-by,"(c) Piet van Leeuwen, some rights reserved (CC BY)",2023-06-22,210947,Sophora microphylla,https://inaturalist-open-data.s3.amazonaws.com/photos/292575349/large.jpg,https://inaturalist-open-data.s3.amazonaws.com/photos/292575349/original.jpg,data/raw/kowhai/292575349.jpg,537233,2cf30dbfe3f807a06662c5c1a1c4fde6,2048,1536,2026-09-11T17:32:32+1200,train
kowhai,plant,Kōwhai,Sophora microphylla,266726303,479246428,cc-by,"(c) Benjamin Lavin, some rights reserved (CC BY)",2025-02-18,210947,Sophora microphylla,https://inaturalist-open-data.s3.amazonaws.com/photos/479246428/large.jpeg,https://inaturalist-open-data.s3.amazonaws.com/photos/479246428/original.jpeg,data/raw/kowhai/479246428.jpg,575818,414654841ee07c6e75b99b2fc2f9412e,1536,2048,2026-09-11T17:32:32+1200,train
kowhai,plant,Kōwhai,Sophora microphylla,271896313,489122661,cc-by,"(c) Jon Sullivan, some rights reserved (CC BY)",2025-04-09,210947,Sophora microphylla,https://inaturalist-open-data.s3.amazonaws.com/photos/489122661/large.jpg,https://inaturalist-open-data.s3.amazonaws.com/photos/489122661/original.jpg,data/raw/kowhai/489122661.jpg,749182,c504a4b970495e4674d265b19927605f,2048,1367,2026-09-11T17:32:32+1200,train
kowhai,plant,Kōwhai,Sophora microphylla,275453969,494972604,cc-by,"(c) Frank Ashwood, some rights reserved (CC BY)",2025-04-28,210947,Sophora microphylla,https://inaturalist-open-data.s3.amazonaws.com/photos/494972604/large.jpg,https://inaturalist-open-data.s3.amazonaws.com/photos/494972604/original.jpg,data/raw/kowhai/494972604.jpg,859557,8bd8c95606398560ac97e54d77419a26,1152,2048,2026-09-11T17:32:32+1200,train
kowhai,plant,Kōwhai,Sophora microphylla,84659347,139157922,cc0,no rights reserved,2021-06-27,210947,Sophora microphylla,https://inaturalist-open-data.s3.amazonaws.com/photos/139157922/large.jpeg,https://inaturalist-open-data.s3.amazonaws.com/photos/139157922/original.jpeg,data/raw/kowhai/139157922.jpg,116563,753c16bdd41cb6be26beb0f0cc962cba,2048,1365,2026-09-11T17:32:32+1200,train
kowhai,plant,Kōwhai,Sophora microphylla,89134143,147158375,cc0,no rights reserved,2021-07-30,210947,Sophora microphylla,https://inaturalist-open-data.s3.amazonaws.com/photos/147158375/large.jpg,https://inaturalist-open-data.s3.amazonaws.com/photos/147158375/original.jpg,data/raw/kowhai/147158375.jpg,534634,ffe8fa439a67f06f8b65267a32f94c2d,1536,2048,2026-09-11T17:32:32+1200,train
kowhai,plant,Kōwhai,Sophora microphylla,23293932,36092640,cc-by,"(c) Natalie Blackstock, some rights reserved (CC BY)",2019-04-27,210947,Sophora microphylla,https://inaturalist-open-data.s3.amazonaws.com/photos/36092640/large.jpeg,https://inaturalist-open-data.s3.amazonaws.com/photos/36092640/original.jpeg,data/raw/kowhai/36092640.jpg,765337,ea2955f7f67c917b123fad55b58881f1,1536,2048,2026-09-11T17:32:32+1200,train
kowhai,plant,Kōwhai,Sophora microphylla,365058077,666474176,cc0,no rights reserved,2026-04-28,210947,Sophora microphylla,https://inaturalist-open-data.s3.amazonaws.com/photos/666474176/large.jpg,https://inaturalist-open-data.s3.amazonaws.com/photos/666474176/original.jpg,data/raw/kowhai/666474176.jpg,566682,5d6b5259bc49b6a2cc684b8d9724f990,1542,2048,2026-09-11T17:32:32+1200,train
kowhai,plant,Kōwhai,Sophora microphylla,13731206,20234365,cc-by,"(c) Andy McKay, some rights reserved (CC BY)",2018-06-14,210947,Sophora microphylla,https://inaturalist-open-data.s3.amazonaws.com/photos/20234365/large.jpeg,https://inaturalist-open-data.s3.amazonaws.com/photos/20234365/original.jpeg,data/raw/kowhai/20234365.jpg,303952,dc22724692b612ec6cf8ac8b7b1a3626,2048,1365,2026-09-11T17:32:32+1200,train
kowhai,plant,Kōwhai,Sophora microphylla,83444743,137049085,cc0,no rights reserved,2021-06-18,210947,Sophora microphylla,https://inaturalist-open-data.s3.amazonaws.com/photos/137049085/large.jpg,https://inaturalist-open-data.s3.amazonaws.com/photos/137049085/original.jpg,data/raw/kowhai/137049085.jpg,505288,e5c1fae8a139936ca853620d0943ab15,1536,2048,2026-09-11T17:32:32+1200,train
kowhai,plant,Kōwhai,Sophora microphylla,212419117,375370881,cc-by,"(c) Jon Sullivan, some rights reserved (CC BY)",2024-04-26,210947,Sophora microphylla,https://inaturalist-open-data.s3.amazonaws.com/photos/375370881/large.jpg,https://inaturalist-open-data.s3.amazonaws.com/photos/375370881/original.jpg,data/raw/kowhai/375370881.jpg,324659,8c8ea7000d4459e6551788a810279e0f,2048,1365,2026-09-11T17:32:32+1200,train
kowhai,plant,Kōwhai,Sophora microphylla,212512843,375542808,cc-by,"(c) Julia Palmer, some rights reserved (CC BY)",2024-04-28,210947,Sophora microphylla,https://inaturalist-open-data.s3.amazonaws.com/photos/375542808/large.jpg,https://inaturalist-open-data.s3.amazonaws.com/photos/375542808/original.jpg,data/raw/kowhai/375542808.jpg,289831,ecfd6239c4d6a8620d5ae53fbdcef12f,1536,2048,2026-09-11T17:32:32+1200,train
kowhai,plant,Kōwhai,Sophora microphylla,352441637,643272268,cc-by,"(c) Colin Meurk, some rights reserved (CC BY)",2026-04-24,210947,Sophora microphylla,https://inaturalist-open-data.s3.amazonaws.com/photos/643272268/large.jpg,https://inaturalist-open-data.s3.amazonaws.com/photos/643272268/original.jpg,data/raw/kowhai/643272268.jpg,687151,43ba09590a6a90c2097f4336df304d30,1536,2048,2026-09-11T17:32:32+1200,train
kowhai,plant,Kōwhai,Sophora microphylla,73592837,120165341,cc-by,"(c) BIHNZ, some rights reserved (CC BY)",2021-04-11,210947,Sophora microphylla,https://inaturalist-open-data.s3.amazonaws.com/photos/120165341/large.jpg,https://inaturalist-open-data.s3.amazonaws.com/photos/120165341/original.jpg,data/raw/kowhai/120165341.jpg,841957,c0d9c914a384f9879a8a91ae1dcd1b27,853,1280,2026-09-11T17:32:32+1200,train
kowhai,plant,Kōwhai,Sophora microphylla,1013145,1273772,cc-by,"(c) John Barkla, some rights reserved (CC BY)",2010-08-26,210947,Sophora microphylla,https://inaturalist-open-data.s3.amazonaws.com/photos/1273772/large.,https://inaturalist-open-data.s3.amazonaws.com/photos/1273772/original.,data/raw/kowhai/1273772.jpg,287871,726aa1cc6c56faa1a8ad7abe3fb2f0ec,2048,1536,2026-09-11T17:32:32+1200,train
kowhai,plant,Kōwhai,Sophora microphylla,8591157,11482546,cc-by,"(c) Jon Sullivan, some rights reserved (CC BY)",2017-10-28,210947,Sophora microphylla,https://inaturalist-open-data.s3.amazonaws.com/photos/11482546/large.jpg,https://inaturalist-open-data.s3.amazonaws.com/photos/11482546/original.jpg,data/raw/kowhai/11482546.jpg,500709,e30496eb22608b517f43cb43e5d66b1c,1536,2048,2026-09-11T17:32:32+1200,train
kowhai,plant,Kōwhai,Sophora microphylla,353222756,644541393,cc-by,"(c) Taylor Davies-Colley, some rights reserved (CC BY)",2026-04-25,210947,Sophora microphylla,https://inaturalist-open-data.s3.amazonaws.com/photos/644541393/large.jpg,https://inaturalist-open-data.s3.amazonaws.com/photos/644541393/original.jpg,data/raw/kowhai/644541393.jpg,469313,3cc9581c742dce0aa13c9eea940bdcf6,1536,2048,2026-09-11T17:32:32+1200,train
kowhai,plant,Kōwhai,Sophora microphylla,262678163,471746177,cc-by,"(c) Mike Dickison, some rights reserved (CC BY)",2025-02-22,210947,Sophora microphylla,https://inaturalist-open-data.s3.amazonaws.com/photos/471746177/large.jpg,https://inaturalist-open-data.s3.amazonaws.com/photos/471746177/original.jpg,data/raw/kowhai/471746177.jpg,508296,88f2b72d038246aa21680df804b62635,2048,1536,2026-09-11T17:32:32+1200,train
kowhai,plant,Kōwhai,Sophora microphylla,141337572,242108560,cc0,no rights reserved,2022-11-07,210947,Sophora microphylla,https://inaturalist-open-data.s3.amazonaws.com/photos/242108560/large.jpg,https://inaturalist-open-data.s3.amazonaws.com/photos/242108560/original.jpg,data/raw/kowhai/242108560.jpg,585258,81e29aa9c0efceb73851f682f9c9527a,1536,2048,2026-09-11T17:32:32+1200,train
kowhai,plant,Kōwhai,Sophora microphylla,216698244,383269454,cc-by,"(c) Maureen Howard, some rights reserved (CC BY)",2024-05-19,210947,Sophora microphylla,https://inaturalist-open-data.s3.amazonaws.com/photos/383269454/large.jpeg,https://inaturalist-open-data.s3.amazonaws.com/photos/383269454/original.jpeg,data/raw/kowhai/383269454.jpg,469433,4c361e31b737e87d96a7514c9f5a3636,1152,2048,2026-09-11T17:32:32+1200,train
kowhai,plant,Kōwhai,Sophora microphylla,148173786,255111922,cc-by,"(c) Nicholas Allen, some rights reserved (CC BY)",2023-02-06,210947,Sophora microphylla,https://inaturalist-open-data.s3.amazonaws.com/photos/255111922/large.jpg,https://inaturalist-open-data.s3.amazonaws.com/photos/255111922/original.jpg,data/raw/kowhai/255111922.jpg,421712,82d752020946cc789b5dbdbe388aecd4,1536,2048,2026-09-11T17:32:32+1200,train
kowhai,plant,Kōwhai,Sophora microphylla,216475871,382859972,cc-by,"(c) Jon Sullivan, some rights reserved (CC BY)",2024-05-06,210947,Sophora microphylla,https://inaturalist-open-data.s3.amazonaws.com/photos/382859972/large.jpg,https://inaturalist-open-data.s3.amazonaws.com/photos/382859972/original.jpg,data/raw/kowhai/382859972.jpg,336960,be2a19fd11cca5921bd2803fc3302986,2048,1367,2026-09-11T17:32:32+1200,train
kowhai,plant,Kōwhai,Sophora microphylla,149801804,258188848,cc-by,"(c) Oscar Dove, some rights reserved (CC BY)",2023-02-16,210947,Sophora microphylla,https://inaturalist-open-data.s3.amazonaws.com/photos/258188848/large.jpeg,https://inaturalist-open-data.s3.amazonaws.com/photos/258188848/original.jpeg,data/raw/kowhai/258188848.jpg,447245,df09fbdd79be03475ea9b1d47e9650b2,2048,1365,2026-09-11T17:32:32+1200,train
kowhai,plant,Kōwhai,Sophora microphylla,149707164,258010880,cc-by,"(c) Jenny Saito, some rights reserved (CC BY)",2023-02-25,210947,Sophora microphylla,https://inaturalist-open-data.s3.amazonaws.com/photos/258010880/large.jpeg,https://inaturalist-open-data.s3.amazonaws.com/photos/258010880/original.jpeg,data/raw/kowhai/258010880.jpg,747994,ded5ed20c89d43c7bb4a307ece3887de,2048,2048,2026-09-11T17:32:32+1200,train
kowhai,plant,Kōwhai,Sophora microphylla,141517194,242462840,cc0,no rights reserved,2022-11-09,210947,Sophora microphylla,https://inaturalist-open-data.s3.amazonaws.com/photos/242462840/large.jpeg,https://inaturalist-open-data.s3.amazonaws.com/photos/242462840/original.jpeg,data/raw/kowhai/242462840.jpg,580707,641580198c099906db5ce52dd1e6cdc0,922,2048,2026-09-11T17:32:32+1200,train
kowhai,plant,Kōwhai,Sophora microphylla,139842207,239264782,cc-by,"(c) Jenny Saito, some rights reserved (CC BY)",2022-10-23,210947,Sophora microphylla,https://inaturalist-open-data.s3.amazonaws.com/photos/239264782/large.jpeg,https://inaturalist-open-data.s3.amazonaws.com/photos/239264782/original.jpeg,data/raw/kowhai/239264782.jpg,1277881,7afc72def0968dc063c2a047b7eb5647,2048,2048,2026-09-11T17:32:32+1200,train
tradescantia,plant,Tradescantia,Tradescantia fluminensis,245842577,438765481,cc-by,"(c) Jon Sullivan, some rights reserved (CC BY)",2024-09-21,79382,Tradescantia fluminensis,https://inaturalist-open-data.s3.amazonaws.com/photos/438765481/large.jpg,https://inaturalist-open-data.s3.amazonaws.com/photos/438765481/original.jpg,data/raw/tradescantia/438765481.jpg,529838,8bc2a7988324100f27771e1490f0d5a8,2048,1536,2026-09-11T17:33:41+1200,train
tradescantia,plant,Tradescantia,Tradescantia fluminensis,339515958,617646143,cc-by,"(c) Arnim Littek, some rights reserved (CC BY)",2026-02-19,79382,Tradescantia fluminensis,https://inaturalist-open-data.s3.amazonaws.com/photos/617646143/large.jpg,https://inaturalist-open-data.s3.amazonaws.com/photos/617646143/original.jpg,data/raw/tradescantia/617646143.jpg,500815,f71f79cd6496a0290768d25e9263b4f5,1536,2048,2026-09-11T17:33:41+1200,train
tradescantia,plant,Tradescantia,Tradescantia fluminensis,209360760,370501811,cc-by,"(c) Kate McAlpine, some rights reserved (CC BY)",2024-04-26,79382,Tradescantia fluminensis,https://inaturalist-open-data.s3.amazonaws.com/photos/370501811/large.jpeg,https://inaturalist-open-data.s3.amazonaws.com/photos/370501811/original.jpeg,data/raw/tradescantia/370501811.jpg,776121,f1658414a53e469624ac4e2bd5e8e452,1536,2048,2026-09-11T17:33:41+1200,train
tradescantia,plant,Tradescantia,Tradescantia fluminensis,277681489,498565194,cc-by,"(c) Jon Sullivan, some rights reserved (CC BY)",2025-04-26,79382,Tradescantia fluminensis,https://inaturalist-open-data.s3.amazonaws.com/photos/498565194/large.jpg,https://inaturalist-open-data.s3.amazonaws.com/photos/498565194/original.jpg,data/raw/tradescantia/498565194.jpg,388120,7c0ca5d9556285942cbc0241a21fb572,2048,1365,2026-09-11T17:33:41+1200,train
tradescantia,plant,Tradescantia,Tradescantia fluminensis,23772439,36777055,cc0,no rights reserved,2019-04-20,79382,Tradescantia fluminensis,https://inaturalist-open-data.s3.amazonaws.com/photos/36777055/large.jpeg,https://inaturalist-open-data.s3.amazonaws.com/photos/36777055/original.jpeg,data/raw/tradescantia/36777055.jpg,529017,ac7cd527bec142f52ee6fd0d463c88bd,1536,2048,2026-09-11T17:33:41+1200,train
tradescantia,plant,Tradescantia,Tradescantia fluminensis,22452154,34774868,cc-by,"(c) Callan Bird, some rights reserved (CC BY)",2019-04-14,79382,Tradescantia fluminensis,https://inaturalist-open-data.s3.amazonaws.com/photos/34774868/large.jpg,https://inaturalist-open-data.s3.amazonaws.com/photos/34774868/original.jpg,data/raw/tradescantia/34774868.jpg,277725,aa6612525a3218fb6f291c97764de35f,2048,1536,2026-09-11T17:33:41+1200,train
tradescantia,plant,Tradescantia,Tradescantia fluminensis,23112017,35828155,cc0,no rights reserved,1998-05-11,79382,Tradescantia fluminensis,https://inaturalist-open-data.s3.amazonaws.com/photos/35828155/large.jpg,https://inaturalist-open-data.s3.amazonaws.com/photos/35828155/original.jpg,data/raw/tradescantia/35828155.jpg,253188,331c71983a28386c7ac4fba8527f2269,640,480,2026-09-11T17:33:41+1200,train
tradescantia,plant,Tradescantia,Tradescantia fluminensis,17884629,27309137,cc0,no rights reserved,2018-09-30,79382,Tradescantia fluminensis,https://inaturalist-open-data.s3.amazonaws.com/photos/27309137/large.jpeg,https://inaturalist-open-data.s3.amazonaws.com/photos/27309137/original.jpeg,data/raw/tradescantia/27309137.jpg,433162,9f29507a8c112bf14b35cfb13f91a615,1536,2048,2026-09-11T17:33:41+1200,train
tradescantia,plant,Tradescantia,Tradescantia fluminensis,17550405,26721052,cc0,no rights reserved,2018-10-14,79382,Tradescantia fluminensis,https://inaturalist-open-data.s3.amazonaws.com/photos/26721052/large.jpeg,https://inaturalist-open-data.s3.amazonaws.com/photos/26721052/original.jpeg,data/raw/tradescantia/26721052.jpg,544834,4e97677655d4ecfb8f82653578da1839,1536,2048,2026-09-11T17:33:41+1200,train
tradescantia,plant,Tradescantia,Tradescantia fluminensis,93132481,154314601,cc-by,"(c) Joe Dillon, some rights reserved (CC BY)",2021-08-31,79382,Tradescantia fluminensis,https://inaturalist-open-data.s3.amazonaws.com/photos/154314601/large.jpeg,https://inaturalist-open-data.s3.amazonaws.com/photos/154314601/original.jpeg,data/raw/tradescantia/154314601.jpg,633762,5130a678c5eceed7e4f2f3567d775276,2048,1536,2026-09-11T17:33:41+1200,train
tradescantia,plant,Tradescantia,Tradescantia fluminensis,16583741,24980863,cc0,no rights reserved,2018-09-15,79382,Tradescantia fluminensis,https://inaturalist-open-data.s3.amazonaws.com/photos/24980863/large.jpeg,https://inaturalist-open-data.s3.amazonaws.com/photos/24980863/original.jpeg,data/raw/tradescantia/24980863.jpg,384977,cc0687e8af17d5b66249a9ec55847168,2048,1536,2026-09-11T17:33:41+1200,train
tradescantia,plant,Tradescantia,Tradescantia fluminensis,16540979,24904992,cc0,no rights reserved,2018-09-10,79382,Tradescantia fluminensis,https://inaturalist-open-data.s3.amazonaws.com/photos/24904992/large.jpeg,https://inaturalist-open-data.s3.amazonaws.com/photos/24904992/original.jpeg,data/raw/tradescantia/24904992.jpg,420362,9477e2df5d37cce7ace4d753365b7d73,1536,2048,2026-09-11T17:33:41+1200,train
tradescantia,plant,Tradescantia,Tradescantia fluminensis,19586543,30152403,cc0,no rights reserved,2019-01-10,79382,Tradescantia fluminensis,https://inaturalist-open-data.s3.amazonaws.com/photos/30152403/large.jpeg,https://inaturalist-open-data.s3.amazonaws.com/photos/30152403/original.jpeg,data/raw/tradescantia/30152403.jpg,287774,57160f7848a5201a63bc9d38ca7cb0d6,2048,1536,2026-09-11T17:33:41+1200,train
tradescantia,plant,Tradescantia,Tradescantia fluminensis,17804637,27167621,cc0,no rights reserved,2018-09-10,79382,Tradescantia fluminensis,https://inaturalist-open-data.s3.amazonaws.com/photos/27167621/large.jpeg,https://inaturalist-open-data.s3.amazonaws.com/photos/27167621/original.jpeg,data/raw/tradescantia/27167621.jpg,469893,9fb3bd8deebb81e7ace25f69738ec711,1536,2048,2026-09-11T17:33:41+1200,train
tradescantia,plant,Tradescantia,Tradescantia fluminensis,13634511,20069303,cc0,no rights reserved,2018-06-15,79382,Tradescantia fluminensis,https://inaturalist-open-data.s3.amazonaws.com/photos/20069303/large.jpeg,https://inaturalist-open-data.s3.amazonaws.com/photos/20069303/original.jpeg,data/raw/tradescantia/20069303.jpg,516968,f284246cac21ffa8da2f748fb740a9ba,2048,1536,2026-09-11T17:33:41+1200,train
tradescantia,plant,Tradescantia,Tradescantia fluminensis,17372604,26385847,cc0,no rights reserved,2018-09-10,79382,Tradescantia fluminensis,https://inaturalist-open-data.s3.amazonaws.com/photos/26385847/large.jpeg,https://inaturalist-open-data.s3.amazonaws.com/photos/26385847/original.jpeg,data/raw/tradescantia/26385847.jpg,421978,ba1fc9507420d36fe3e5df99a7c00d09,1536,2048,2026-09-11T17:33:41+1200,train
tradescantia,plant,Tradescantia,Tradescantia fluminensis,17344893,26333696,cc0,no rights reserved,2018-10-05,79382,Tradescantia fluminensis,https://inaturalist-open-data.s3.amazonaws.com/photos/26333696/large.jpeg,https://inaturalist-open-data.s3.amazonaws.com/photos/26333696/original.jpeg,data/raw/tradescantia/26333696.jpg,493252,d3089f068f84cd954b665ee1d9a25d82,1536,2048,2026-09-11T17:33:41+1200,train
tradescantia,plant,Tradescantia,Tradescantia fluminensis,300624249,541680307,cc-by,"(c) Michael Berardozzi, some rights reserved (CC BY)",2025-07-24,79382,Tradescantia fluminensis,https://inaturalist-open-data.s3.amazonaws.com/photos/541680307/large.jpg,https://inaturalist-open-data.s3.amazonaws.com/photos/541680307/original.jpg,data/raw/tradescantia/541680307.jpg,581185,34e9691b9b0ec09e1848a750bee89bfe,2048,1536,2026-09-11T17:33:41+1200,train
tradescantia,plant,Tradescantia,Tradescantia fluminensis,353408111,644815028,cc-by,"(c) Michael Berardozzi, some rights reserved (CC BY)",2026-04-25,79382,Tradescantia fluminensis,https://inaturalist-open-data.s3.amazonaws.com/photos/644815028/large.jpg,https://inaturalist-open-data.s3.amazonaws.com/photos/644815028/original.jpg,data/raw/tradescantia/644815028.jpg,659691,219b55548430497964a8a59311bd5aa6,2048,1368,2026-09-11T17:33:41+1200,train
tradescantia,plant,Tradescantia,Tradescantia fluminensis,354153627,646119817,cc-by,"(c) Shaun, some rights reserved (CC BY)",2026-04-26,79382,Tradescantia fluminensis,https://inaturalist-open-data.s3.amazonaws.com/photos/646119817/large.jpg,https://inaturalist-open-data.s3.amazonaws.com/photos/646119817/original.jpg,data/raw/tradescantia/646119817.jpg,167345,ec8118423957d0579190e73771a5f8e4,2048,1536,2026-09-11T17:33:41+1200,train
tradescantia,plant,Tradescantia,Tradescantia fluminensis,359475100,655856608,cc-by,"(c) Jon Sullivan, some rights reserved (CC BY)",2026-04-25,79382,Tradescantia fluminensis,https://inaturalist-open-data.s3.amazonaws.com/photos/655856608/large.jpg,https://inaturalist-open-data.s3.amazonaws.com/photos/655856608/original.jpg,data/raw/tradescantia/655856608.jpg,449498,ae46b6319ee0d5256dcafbbb99eb7445,2048,1365,2026-09-11T17:33:41+1200,train
tradescantia,plant,Tradescantia,Tradescantia fluminensis,322707083,583835603,cc-by,"(c) Christopher Hynes, some rights reserved (CC BY)",2025-10-24,79382,Tradescantia fluminensis,https://inaturalist-open-data.s3.amazonaws.com/photos/583835603/large.jpg,https://inaturalist-open-data.s3.amazonaws.com/photos/583835603/original.jpg,data/raw/tradescantia/583835603.jpg,701169,46862af6659d47b88a80cda5adb53ae7,2048,1152,2026-09-11T17:33:41+1200,train
tradescantia,plant,Tradescantia,Tradescantia fluminensis,26772926,41591482,cc0,no rights reserved,2019-06-10,79382,Tradescantia fluminensis,https://inaturalist-open-data.s3.amazonaws.com/photos/41591482/large.jpeg,https://inaturalist-open-data.s3.amazonaws.com/photos/41591482/original.jpeg,data/raw/tradescantia/41591482.jpg,454350,115e4795c8a5a71fc6e4a619839d93e7,1536,2048,2026-09-11T17:33:41+1200,train
tradescantia,plant,Tradescantia,Tradescantia fluminensis,26947549,41876460,cc0,no rights reserved,2019-06-04,79382,Tradescantia fluminensis,https://inaturalist-open-data.s3.amazonaws.com/photos/41876460/large.jpeg,https://inaturalist-open-data.s3.amazonaws.com/photos/41876460/original.jpeg,data/raw/tradescantia/41876460.jpg,233994,f7d3130b01d70a9025500f667b003997,2048,1536,2026-09-11T17:33:41+1200,train
tradescantia,plant,Tradescantia,Tradescantia fluminensis,39272744,62286504,cc0,no rights reserved,2020-02-14,79382,Tradescantia fluminensis,https://inaturalist-open-data.s3.amazonaws.com/photos/62286504/large.jpeg,https://inaturalist-open-data.s3.amazonaws.com/photos/62286504/original.jpeg,data/raw/tradescantia/62286504.jpg,927121,aa286fd9e99d417c5ef72dbdf1265f1f,2048,2048,2026-09-11T17:33:41+1200,train
tradescantia,plant,Tradescantia,Tradescantia fluminensis,243759379,434708487,cc-by,"(c) wild_wind, some rights reserved (CC BY)",2024-09-20,79382,Tradescantia fluminensis,https://inaturalist-open-data.s3.amazonaws.com/photos/434708487/large.jpeg,https://inaturalist-open-data.s3.amazonaws.com/photos/434708487/original.jpeg,data/raw/tradescantia/434708487.jpg,272984,09a47ec6da6cec7bfa48ec8df9a1a0dd,1355,1355,2026-09-11T17:33:41+1200,train
tradescantia,plant,Tradescantia,Tradescantia fluminensis,249428952,445874997,cc-by,"(c) Michael Berardozzi, some rights reserved (CC BY)",2024-10-28,79382,Tradescantia fluminensis,https://inaturalist-open-data.s3.amazonaws.com/photos/445874997/large.jpeg,https://inaturalist-open-data.s3.amazonaws.com/photos/445874997/original.jpeg,data/raw/tradescantia/445874997.jpg,1430576,bc60a75c0e7b320948487c07ae07fc06,1536,2048,2026-09-11T17:33:41+1200,train
tradescantia,plant,Tradescantia,Tradescantia fluminensis,269869785,485276384,cc-by,"(c) Quentin McDonald, some rights reserved (CC BY)",2025-04-12,79382,Tradescantia fluminensis,https://inaturalist-open-data.s3.amazonaws.com/photos/485276384/large.jpg,https://inaturalist-open-data.s3.amazonaws.com/photos/485276384/original.jpg,data/raw/tradescantia/485276384.jpg,1082404,f4681b0e3c911ec454057bdd2627ae9c,1152,2048,2026-09-11T17:33:41+1200,train
tradescantia,plant,Tradescantia,Tradescantia fluminensis,194554233,342015453,cc-by,"(c) Michael Berardozzi, some rights reserved (CC BY)",2023-12-22,79382,Tradescantia fluminensis,https://inaturalist-open-data.s3.amazonaws.com/photos/342015453/large.jpeg,https://inaturalist-open-data.s3.amazonaws.com/photos/342015453/original.jpeg,data/raw/tradescantia/342015453.jpg,205790,c46b08a8dd9ecf1cbe6d2f83927b50ed,1536,2048,2026-09-11T17:33:41+1200,train
tradescantia,plant,Tradescantia,Tradescantia fluminensis,152800193,263822737,cc-by,"(c) John Barkla, some rights reserved (CC BY)",2023-03-30,79382,Tradescantia fluminensis,https://inaturalist-open-data.s3.amazonaws.com/photos/263822737/large.jpeg,https://inaturalist-open-data.s3.amazonaws.com/photos/263822737/original.jpeg,data/raw/tradescantia/263822737.jpg,751980,dfc0500999181c115df9efb383c1f8b4,1542,2048,2026-09-11T17:33:41+1200,train
tradescantia,plant,Tradescantia,Tradescantia fluminensis,227667335,403913024,cc0,no rights reserved,2024-07-07,79382,Tradescantia fluminensis,https://inaturalist-open-data.s3.amazonaws.com/photos/403913024/large.jpg,https://inaturalist-open-data.s3.amazonaws.com/photos/403913024/original.jpg,data/raw/tradescantia/403913024.jpg,433321,7032c55fd6c38012935a3297bab4cd96,1536,2048,2026-09-11T17:33:41+1200,train
tradescantia,plant,Tradescantia,Tradescantia fluminensis,260478466,467789583,cc-by,"(c) John Lyden, some rights reserved (CC BY)",2025-02-03,79382,Tradescantia fluminensis,https://inaturalist-open-data.s3.amazonaws.com/photos/467789583/large.jpeg,https://inaturalist-open-data.s3.amazonaws.com/photos/467789583/original.jpeg,data/raw/tradescantia/467789583.jpg,555664,f7d0d729f2bc9d048a56eaecba659ec8,2048,1536,2026-09-11T17:33:41+1200,train
tradescantia,plant,Tradescantia,Tradescantia fluminensis,146509703,251901508,cc-by,"(c) prosperosity, some rights reserved (CC BY)",2023-01-14,79382,Tradescantia fluminensis,https://inaturalist-open-data.s3.amazonaws.com/photos/251901508/large.jpg,https://inaturalist-open-data.s3.amazonaws.com/photos/251901508/original.jpg,data/raw/tradescantia/251901508.jpg,397104,7aa6e44aa59e3714edefffd7e55dba29,1536,2048,2026-09-11T17:33:41+1200,train
tradescantia,plant,Tradescantia,Tradescantia fluminensis,145291025,249553772,cc-by,"(c) Jenny Saito, some rights reserved (CC BY)",2022-12-28,79382,Tradescantia fluminensis,https://inaturalist-open-data.s3.amazonaws.com/photos/249553772/large.jpeg,https://inaturalist-open-data.s3.amazonaws.com/photos/249553772/original.jpeg,data/raw/tradescantia/249553772.jpg,968645,2bd6a20df2aa0bd13818bb734e051393,2048,2048,2026-09-11T17:33:41+1200,train
tradescantia,plant,Tradescantia,Tradescantia fluminensis,145245226,249466695,cc-by,"(c) Kate McAlpine, some rights reserved (CC BY)",2022-12-28,79382,Tradescantia fluminensis,https://inaturalist-open-data.s3.amazonaws.com/photos/249466695/large.jpeg,https://inaturalist-open-data.s3.amazonaws.com/photos/249466695/original.jpeg,data/raw/tradescantia/249466695.jpg,878755,273bfd348c3cc2a4fd08071a05965858,1536,2048,2026-09-11T17:33:41+1200,train
tradescantia,plant,Tradescantia,Tradescantia fluminensis,212455502,375446634,cc-by,"(c) catchwords, some rights reserved (CC BY)",2024-04-27,79382,Tradescantia fluminensis,https://inaturalist-open-data.s3.amazonaws.com/photos/375446634/large.jpg,https://inaturalist-open-data.s3.amazonaws.com/photos/375446634/original.jpg,data/raw/tradescantia/375446634.jpg,289908,229c71e2994020e37aece4121c71eda4,1536,2048,2026-09-11T17:33:41+1200,train
tradescantia,plant,Tradescantia,Tradescantia fluminensis,8585561,11473540,cc-by,"(c) naturewatchwidow, some rights reserved (CC BY)",2017-10-28,79382,Tradescantia fluminensis,https://inaturalist-open-data.s3.amazonaws.com/photos/11473540/large.jpeg,https://inaturalist-open-data.s3.amazonaws.com/photos/11473540/original.jpeg,data/raw/tradescantia/11473540.jpg,617825,8581984e46ce4adbdab8e8f36e738023,2048,1152,2026-09-11T17:33:41+1200,train
tradescantia,plant,Tradescantia,Tradescantia fluminensis,10036930,13808084,cc-by,"(c) Murray NZ, some rights reserved (CC BY)",2018-02-27,79382,Tradescantia fluminensis,https://inaturalist-open-data.s3.amazonaws.com/photos/13808084/large.jpg,https://inaturalist-open-data.s3.amazonaws.com/photos/13808084/original.jpg,data/raw/tradescantia/13808084.jpg,387401,439cd6cb1c8f7c3482e636cc4c3d07aa,1536,2048,2026-09-11T17:33:41+1200,train
tradescantia,plant,Tradescantia,Tradescantia fluminensis,13810624,20373444,cc0,no rights reserved,2018-06-18,79382,Tradescantia fluminensis,https://inaturalist-open-data.s3.amazonaws.com/photos/20373444/large.jpeg,https://inaturalist-open-data.s3.amazonaws.com/photos/20373444/original.jpeg,data/raw/tradescantia/20373444.jpg,499701,677e37ac1aec1e54236a915fdacf67b8,1536,2048,2026-09-11T17:33:41+1200,train
tradescantia,plant,Tradescantia,Tradescantia fluminensis,1012334,1197843,cc-by,"(c) Jon Sullivan, some rights reserved (CC BY)",2014-08-01,79382,Tradescantia fluminensis,https://inaturalist-open-data.s3.amazonaws.com/photos/1197843/large.jpg,https://inaturalist-open-data.s3.amazonaws.com/photos/1197843/original.jpg,data/raw/tradescantia/1197843.jpg,470343,1195fe155a1562d505b0d01d4ce4e59a,2048,1356,2026-09-11T17:33:41+1200,train
tradescantia,plant,Tradescantia,Tradescantia fluminensis,16147156,24202780,cc-by,"(c) Jacqui Geux, some rights reserved (CC BY)",2018-09-02,79382,Tradescantia fluminensis,https://inaturalist-open-data.s3.amazonaws.com/photos/24202780/large.jpeg,https://inaturalist-open-data.s3.amazonaws.com/photos/24202780/original.jpeg,data/raw/tradescantia/24202780.jpg,96973,c0c6677048932922386245600b8a3aff,1600,1200,2026-09-11T17:33:41+1200,train
tradescantia,plant,Tradescantia,Tradescantia fluminensis,15870972,23731221,cc0,no rights reserved,2018-08-22,79382,Tradescantia fluminensis,https://inaturalist-open-data.s3.amazonaws.com/photos/23731221/large.jpeg,https://inaturalist-open-data.s3.amazonaws.com/photos/23731221/original.jpeg,data/raw/tradescantia/23731221.jpg,407623,361d0c487cfa58d0cf5a71192c867950,1536,2048,2026-09-11T17:33:41+1200,train
tradescantia,plant,Tradescantia,Tradescantia fluminensis,202123016,356908719,cc0,no rights reserved,2024-03-11,79382,Tradescantia fluminensis,https://inaturalist-open-data.s3.amazonaws.com/photos/356908719/large.jpeg,https://inaturalist-open-data.s3.amazonaws.com/photos/356908719/original.jpeg,data/raw/tradescantia/356908719.jpg,237843,c2935ec6c5c15fec5b9359ec9b7ef813,2048,1536,2026-09-11T17:33:41+1200,train
tradescantia,plant,Tradescantia,Tradescantia fluminensis,273446989,491804465,cc0,no rights reserved,2025-04-25,79382,Tradescantia fluminensis,https://inaturalist-open-data.s3.amazonaws.com/photos/491804465/large.jpeg,https://inaturalist-open-data.s3.amazonaws.com/photos/491804465/original.jpeg,data/raw/tradescantia/491804465.jpg,430294,b11b1bb9627f33f9a30c2377d8b2601e,2048,1536,2026-09-11T17:33:41+1200,train
tradescantia,plant,Tradescantia,Tradescantia fluminensis,205192139,362775433,cc-by,"(c) Emily Roberts, some rights reserved (CC BY)",2024-04-03,79382,Tradescantia fluminensis,https://inaturalist-open-data.s3.amazonaws.com/photos/362775433/large.jpg,https://inaturalist-open-data.s3.amazonaws.com/photos/362775433/original.jpg,data/raw/tradescantia/362775433.jpg,230369,899d69248d984aa733091f6cfab917ef,2048,1536,2026-09-11T17:33:41+1200,train
tradescantia,plant,Tradescantia,Tradescantia fluminensis,17616444,26829175,cc0,no rights reserved,2018-10-10,79382,Tradescantia fluminensis,https://inaturalist-open-data.s3.amazonaws.com/photos/26829175/large.jpeg,https://inaturalist-open-data.s3.amazonaws.com/photos/26829175/original.jpeg,data/raw/tradescantia/26829175.jpg,567584,5168f7fdabdf80cb24e748c9b1aa4d1c,1536,2048,2026-09-11T17:33:41+1200,train
tradescantia,plant,Tradescantia,Tradescantia fluminensis,22842986,35403821,cc0,no rights reserved,2019-04-20,79382,Tradescantia fluminensis,https://inaturalist-open-data.s3.amazonaws.com/photos/35403821/large.jpeg,https://inaturalist-open-data.s3.amazonaws.com/photos/35403821/original.jpeg,data/raw/tradescantia/35403821.jpg,431678,cb5a38107ca5e475fafd5dc9b35d48c9,1536,2048,2026-09-11T17:33:41+1200,train
tradescantia,plant,Tradescantia,Tradescantia fluminensis,21973551,34057133,cc0,no rights reserved,2019-03-31,79382,Tradescantia fluminensis,https://inaturalist-open-data.s3.amazonaws.com/photos/34057133/large.jpeg,https://inaturalist-open-data.s3.amazonaws.com/photos/34057133/original.jpeg,data/raw/tradescantia/34057133.jpg,319977,1e59154f93d45cc24ca320c7a68c8bba,2048,1770,2026-09-11T17:33:41+1200,train
tradescantia,plant,Tradescantia,Tradescantia fluminensis,22856533,35416685,cc-by,"(c) Callan Bird, some rights reserved (CC BY)",2019-04-21,79382,Tradescantia fluminensis,https://inaturalist-open-data.s3.amazonaws.com/photos/35416685/large.jpg,https://inaturalist-open-data.s3.amazonaws.com/photos/35416685/original.jpg,data/raw/tradescantia/35416685.jpg,235417,34a9035bce5848044fe328467d95f9eb,1536,2048,2026-09-11T17:33:41+1200,train
tradescantia,plant,Tradescantia,Tradescantia fluminensis,17186091,26047171,cc0,no rights reserved,2018-09-10,79382,Tradescantia fluminensis,https://inaturalist-open-data.s3.amazonaws.com/photos/26047171/large.jpeg,https://inaturalist-open-data.s3.amazonaws.com/photos/26047171/original.jpeg,data/raw/tradescantia/26047171.jpg,402292,caa20d89438a4e4a10c6c34344d5a8c6,1536,2048,2026-09-11T17:33:41+1200,train
tradescantia,plant,Tradescantia,Tradescantia fluminensis,17871842,27286906,cc0,no rights reserved,2018-09-10,79382,Tradescantia fluminensis,https://inaturalist-open-data.s3.amazonaws.com/photos/27286906/large.jpeg,https://inaturalist-open-data.s3.amazonaws.com/photos/27286906/original.jpeg,data/raw/tradescantia/27286906.jpg,494316,e7733bd847b5d65ed56f2b0766fc6bc7,1536,2048,2026-09-11T17:33:41+1200,train
tradescantia,plant,Tradescantia,Tradescantia fluminensis,17895776,27329878,cc0,no rights reserved,2018-09-11,79382,Tradescantia fluminensis,https://inaturalist-open-data.s3.amazonaws.com/photos/27329878/large.jpeg,https://inaturalist-open-data.s3.amazonaws.com/photos/27329878/original.jpeg,data/raw/tradescantia/27329878.jpg,458388,6c482304a58ec923d23b47ab6aa8dd73,1536,2048,2026-09-11T17:33:41+1200,train
tradescantia,plant,Tradescantia,Tradescantia fluminensis,18023611,27555670,cc-by,"(c) Murray NZ, some rights reserved (CC BY)",2018-09-26,79382,Tradescantia fluminensis,https://inaturalist-open-data.s3.amazonaws.com/photos/27555670/large.jpg,https://inaturalist-open-data.s3.amazonaws.com/photos/27555670/original.jpg,data/raw/tradescantia/27555670.jpg,343438,668ef9a60f370b677c22c368df24b554,2048,1540,2026-09-11T17:33:41+1200,train
tradescantia,plant,Tradescantia,Tradescantia fluminensis,18122414,27708437,cc0,no rights reserved,2018-11-04,79382,Tradescantia fluminensis,https://inaturalist-open-data.s3.amazonaws.com/photos/27708437/large.jpeg,https://inaturalist-open-data.s3.amazonaws.com/photos/27708437/original.jpeg,data/raw/tradescantia/27708437.jpg,510620,702c0400776d0d574c5423df9653331e,1536,2048,2026-09-11T17:33:41+1200,train
tradescantia,plant,Tradescantia,Tradescantia fluminensis,17522536,26666568,cc0,no rights reserved,2018-10-14,79382,Tradescantia fluminensis,https://inaturalist-open-data.s3.amazonaws.com/photos/26666568/large.jpeg,https://inaturalist-open-data.s3.amazonaws.com/photos/26666568/original.jpeg,data/raw/tradescantia/26666568.jpg,528669,ba9c3c7dc13b7e9a79a23b52aee91fbb,1536,2048,2026-09-11T17:33:41+1200,train
tradescantia,plant,Tradescantia,Tradescantia fluminensis,17527816,26677848,cc0,no rights reserved,2018-10-14,79382,Tradescantia fluminensis,https://inaturalist-open-data.s3.amazonaws.com/photos/26677848/large.jpeg,https://inaturalist-open-data.s3.amazonaws.com/photos/26677848/original.jpeg,data/raw/tradescantia/26677848.jpg,507327,f964a83123b2c21fd9c1e888209d6a8b,1536,2048,2026-09-11T17:33:41+1200,train
tradescantia,plant,Tradescantia,Tradescantia fluminensis,17583085,26768249,cc0,no rights reserved,2018-10-14,79382,Tradescantia fluminensis,https://inaturalist-open-data.s3.amazonaws.com/photos/26768249/large.jpeg,https://inaturalist-open-data.s3.amazonaws.com/photos/26768249/original.jpeg,data/raw/tradescantia/26768249.jpg,380981,5c040782b3edd2762b3921f9e5fd2b33,1536,2048,2026-09-11T17:33:41+1200,train
tradescantia,plant,Tradescantia,Tradescantia fluminensis,21490504,33252647,cc0,no rights reserved,2019-03-16,79382,Tradescantia fluminensis,https://inaturalist-open-data.s3.amazonaws.com/photos/33252647/large.jpeg,https://inaturalist-open-data.s3.amazonaws.com/photos/33252647/original.jpeg,data/raw/tradescantia/33252647.jpg,365637,ec86c47263d95387e5ad9a62c8b7af17,2048,1536,2026-09-11T17:33:41+1200,train
tradescantia,plant,Tradescantia,Tradescantia fluminensis,29945883,46761702,cc0,no rights reserved,2019-05-15,79382,Tradescantia fluminensis,https://inaturalist-open-data.s3.amazonaws.com/photos/46761702/large.jpeg,https://inaturalist-open-data.s3.amazonaws.com/photos/46761702/original.jpeg,data/raw/tradescantia/46761702.jpg,421012,3ca3c6f86631634ef4cde7ba211155aa,2048,1536,2026-09-11T17:33:41+1200,train
tradescantia,plant,Tradescantia,Tradescantia fluminensis,26595635,41308651,cc0,no rights reserved,2019-06-04,79382,Tradescantia fluminensis,https://inaturalist-open-data.s3.amazonaws.com/photos/41308651/large.jpeg,https://inaturalist-open-data.s3.amazonaws.com/photos/41308651/original.jpeg,data/raw/tradescantia/41308651.jpg,349150,3bad2787f98bbeee043355459a22b09c,2048,1536,2026-09-11T17:33:41+1200,train
tradescantia,plant,Tradescantia,Tradescantia fluminensis,20608401,31802616,cc-by,"(c) Jacqui Geux, some rights reserved (CC BY)",2019-02-23,79382,Tradescantia fluminensis,https://inaturalist-open-data.s3.amazonaws.com/photos/31802616/large.jpeg,https://inaturalist-open-data.s3.amazonaws.com/photos/31802616/original.jpeg,data/raw/tradescantia/31802616.jpg,186346,782ff14487f3a800e5d25d3ed98ef69f,1600,1200,2026-09-11T17:33:41+1200,train
tradescantia,plant,Tradescantia,Tradescantia fluminensis,116027703,195825366,cc-by,"(c) Jon Sullivan, some rights reserved (CC BY)",2022-05-02,79382,Tradescantia fluminensis,https://inaturalist-open-data.s3.amazonaws.com/photos/195825366/large.jpg,https://inaturalist-open-data.s3.amazonaws.com/photos/195825366/original.jpg,data/raw/tradescantia/195825366.jpg,652505,f39a93d6e48f3967ede2ec1d2fc5a1fa,2048,1536,2026-09-11T17:33:41+1200,train
tradescantia,plant,Tradescantia,Tradescantia fluminensis,277892305,498943933,cc-by,"(c) Jon Sullivan, some rights reserved (CC BY)",2025-04-26,79382,Tradescantia fluminensis,https://inaturalist-open-data.s3.amazonaws.com/photos/498943933/large.jpg,https://inaturalist-open-data.s3.amazonaws.com/photos/498943933/original.jpg,data/raw/tradescantia/498943933.jpg,616445,0d3e59fdc56d14f83fd4c5ae9c715368,2048,1536,2026-09-11T17:33:41+1200,train
tradescantia,plant,Tradescantia,Tradescantia fluminensis,277662671,498532721,cc-by,"(c) Jon Sullivan, some rights reserved (CC BY)",2025-04-26,79382,Tradescantia fluminensis,https://inaturalist-open-data.s3.amazonaws.com/photos/498532721/large.jpg,https://inaturalist-open-data.s3.amazonaws.com/photos/498532721/original.jpg,data/raw/tradescantia/498532721.jpg,404416,f031224c71183fadc42511b1fee40660,2048,1365,2026-09-11T17:33:41+1200,train
tradescantia,plant,Tradescantia,Tradescantia fluminensis,165256622,286042918,cc-by,"(c) Michael Berardozzi, some rights reserved (CC BY)",2023-06-03,79382,Tradescantia fluminensis,https://inaturalist-open-data.s3.amazonaws.com/photos/286042918/large.jpeg,https://inaturalist-open-data.s3.amazonaws.com/photos/286042918/original.jpeg,data/raw/tradescantia/286042918.jpg,266224,bc9c11c9550c62a07c3c78eab910fe92,1536,2048,2026-09-11T17:33:41+1200,train
tradescantia,plant,Tradescantia,Tradescantia fluminensis,36086928,56995663,cc0,no rights reserved,2019-07-05,79382,Tradescantia fluminensis,https://inaturalist-open-data.s3.amazonaws.com/photos/56995663/large.jpeg,https://inaturalist-open-data.s3.amazonaws.com/photos/56995663/original.jpeg,data/raw/tradescantia/56995663.jpg,480142,7b32337ac848fc5da481a99feb81d014,1915,2048,2026-09-11T17:33:41+1200,train
tradescantia,plant,Tradescantia,Tradescantia fluminensis,36167697,57138357,cc0,no rights reserved,2019-08-25,79382,Tradescantia fluminensis,https://inaturalist-open-data.s3.amazonaws.com/photos/57138357/large.jpeg,https://inaturalist-open-data.s3.amazonaws.com/photos/57138357/original.jpeg,data/raw/tradescantia/57138357.jpg,278495,cdb4e9d3c263360c2054af2210d64b5f,2048,1536,2026-09-11T17:33:41+1200,train
tradescantia,plant,Tradescantia,Tradescantia fluminensis,34722966,54682515,cc0,no rights reserved,2019-03-26,79382,Tradescantia fluminensis,https://inaturalist-open-data.s3.amazonaws.com/photos/54682515/large.jpeg,https://inaturalist-open-data.s3.amazonaws.com/photos/54682515/original.jpeg,data/raw/tradescantia/54682515.jpg,371382,ba7882fcd1b28868fd8e62c244264ee2,1536,2048,2026-09-11T17:33:41+1200,train
tradescantia,plant,Tradescantia,Tradescantia fluminensis,32852764,51553450,cc0,no rights reserved,2019-03-26,79382,Tradescantia fluminensis,https://inaturalist-open-data.s3.amazonaws.com/photos/51553450/large.jpeg,https://inaturalist-open-data.s3.amazonaws.com/photos/51553450/original.jpeg,data/raw/tradescantia/51553450.jpg,329427,fcefa8dadc9876661c9f691d4a0d8b52,2048,1536,2026-09-11T17:33:41+1200,train
tradescantia,plant,Tradescantia,Tradescantia fluminensis,32983385,51767771,cc0,no rights reserved,2019-04-11,79382,Tradescantia fluminensis,https://inaturalist-open-data.s3.amazonaws.com/photos/51767771/large.jpeg,https://inaturalist-open-data.s3.amazonaws.com/photos/51767771/original.jpeg,data/raw/tradescantia/51767771.jpg,449052,a508d5f6741cdd2cc0f8b15d990fdaff,2048,1536,2026-09-11T17:33:41+1200,train
tradescantia,plant,Tradescantia,Tradescantia fluminensis,33241730,52194411,cc0,no rights reserved,2019-08-07,79382,Tradescantia fluminensis,https://inaturalist-open-data.s3.amazonaws.com/photos/52194411/large.jpeg,https://inaturalist-open-data.s3.amazonaws.com/photos/52194411/original.jpeg,data/raw/tradescantia/52194411.jpg,366088,0ee3e2c9c898c80531b936b539d81e0e,2048,1536,2026-09-11T17:33:41+1200,train
tradescantia,plant,Tradescantia,Tradescantia fluminensis,33286311,52268217,cc0,no rights reserved,2019-03-25,79382,Tradescantia fluminensis,https://inaturalist-open-data.s3.amazonaws.com/photos/52268217/large.jpeg,https://inaturalist-open-data.s3.amazonaws.com/photos/52268217/original.jpeg,data/raw/tradescantia/52268217.jpg,180132,d9c201c4bf2844d27289d19c828876ba,1536,2048,2026-09-11T17:33:41+1200,train
tradescantia,plant,Tradescantia,Tradescantia fluminensis,34102804,53629942,cc0,no rights reserved,2019-08-25,79382,Tradescantia fluminensis,https://inaturalist-open-data.s3.amazonaws.com/photos/53629942/large.jpeg,https://inaturalist-open-data.s3.amazonaws.com/photos/53629942/original.jpeg,data/raw/tradescantia/53629942.jpg,427262,dc83050429830120b17a9cc7d3019a4d,2048,1536,2026-09-11T17:33:41+1200,train
tradescantia,plant,Tradescantia,Tradescantia fluminensis,34951343,55074258,cc-by,"(c) strewick, some rights reserved (CC BY)",2019-10-27,79382,Tradescantia fluminensis,https://inaturalist-open-data.s3.amazonaws.com/photos/55074258/large.jpg,https://inaturalist-open-data.s3.amazonaws.com/photos/55074258/original.jpg,data/raw/tradescantia/55074258.jpg,196787,06b24ca5921fbd9fb6249b90b1347ceb,2048,1361,2026-09-11T17:33:41+1200,train
tradescantia,plant,Tradescantia,Tradescantia fluminensis,34400816,54136767,cc0,no rights reserved,2019-05-01,79382,Tradescantia fluminensis,https://inaturalist-open-data.s3.amazonaws.com/photos/54136767/large.jpeg,https://inaturalist-open-data.s3.amazonaws.com/photos/54136767/original.jpeg,data/raw/tradescantia/54136767.jpg,353172,292b12ad04c0ead9865f96a624d7c10b,2048,1536,2026-09-11T17:33:41+1200,train
tradescantia,plant,Tradescantia,Tradescantia fluminensis,35107864,55339473,cc0,no rights reserved,2019-07-30,79382,Tradescantia fluminensis,https://inaturalist-open-data.s3.amazonaws.com/photos/55339473/large.jpeg,https://inaturalist-open-data.s3.amazonaws.com/photos/55339473/original.jpeg,data/raw/tradescantia/55339473.jpg,410178,06aaedd1a13549c05587c71b4b614447,2048,1536,2026-09-11T17:33:41+1200,train
tradescantia,plant,Tradescantia,Tradescantia fluminensis,35149977,55393572,cc0,no rights reserved,2019-05-15,79382,Tradescantia fluminensis,https://inaturalist-open-data.s3.amazonaws.com/photos/55393572/large.jpeg,https://inaturalist-open-data.s3.amazonaws.com/photos/55393572/original.jpeg,data/raw/tradescantia/55393572.jpg,411121,c7a1279ea1a40f36c1555e4ce6dde1a6,2048,1536,2026-09-11T17:33:41+1200,train
tradescantia,plant,Tradescantia,Tradescantia fluminensis,35348369,55731651,cc0,no rights reserved,2019-08-25,79382,Tradescantia fluminensis,https://inaturalist-open-data.s3.amazonaws.com/photos/55731651/large.jpeg,https://inaturalist-open-data.s3.amazonaws.com/photos/55731651/original.jpeg,data/raw/tradescantia/55731651.jpg,281611,06366ecba5876c80241691e64c36a871,2048,1536,2026-09-11T17:33:41+1200,train
tradescantia,plant,Tradescantia,Tradescantia fluminensis,35361867,55751922,cc0,no rights reserved,2019-06-16,79382,Tradescantia fluminensis,https://inaturalist-open-data.s3.amazonaws.com/photos/55751922/large.jpeg,https://inaturalist-open-data.s3.amazonaws.com/photos/55751922/original.jpeg,data/raw/tradescantia/55751922.jpg,354014,981d6b08508c946db55256173ccb3466,2048,1536,2026-09-11T17:33:41+1200,train
tradescantia,plant,Tradescantia,Tradescantia fluminensis,35364793,55757692,cc0,no rights reserved,2019-11-04,79382,Tradescantia fluminensis,https://inaturalist-open-data.s3.amazonaws.com/photos/55757692/large.jpeg,https://inaturalist-open-data.s3.amazonaws.com/photos/55757692/original.jpeg,data/raw/tradescantia/55757692.jpg,296668,ec563e34b0c6a2e971959ba711c3a0d1,2048,1536,2026-09-11T17:33:41+1200,train
tradescantia,plant,Tradescantia,Tradescantia fluminensis,34664988,54581767,cc0,no rights reserved,2019-09-24,79382,Tradescantia fluminensis,https://inaturalist-open-data.s3.amazonaws.com/photos/54581767/large.jpeg,https://inaturalist-open-data.s3.amazonaws.com/photos/54581767/original.jpeg,data/raw/tradescantia/54581767.jpg,330531,a6c7e81f871eb919ed3ecb98b07c053c,2048,1536,2026-09-11T17:33:41+1200,train
tradescantia,plant,Tradescantia,Tradescantia fluminensis,35905200,56677662,cc0,no rights reserved,2019-10-30,79382,Tradescantia fluminensis,https://inaturalist-open-data.s3.amazonaws.com/photos/56677662/large.jpeg,https://inaturalist-open-data.s3.amazonaws.com/photos/56677662/original.jpeg,data/raw/tradescantia/56677662.jpg,282503,cd7668d7d17d47f7a923f9496ae3bed0,2048,1536,2026-09-11T17:33:41+1200,train
tradescantia,plant,Tradescantia,Tradescantia fluminensis,35794637,56485001,cc0,no rights reserved,2019-06-15,79382,Tradescantia fluminensis,https://inaturalist-open-data.s3.amazonaws.com/photos/56485001/large.jpeg,https://inaturalist-open-data.s3.amazonaws.com/photos/56485001/original.jpeg,data/raw/tradescantia/56485001.jpg,282957,4aa188772b61a2c779503f3bcc62b279,2048,1536,2026-09-11T17:33:41+1200,train
tradescantia,plant,Tradescantia,Tradescantia fluminensis,36277692,57327024,cc0,no rights reserved,2019-05-15,79382,Tradescantia fluminensis,https://inaturalist-open-data.s3.amazonaws.com/photos/57327024/large.jpg,https://inaturalist-open-data.s3.amazonaws.com/photos/57327024/original.jpg,data/raw/tradescantia/57327024.jpg,348898,177360399aaf4a98d4e7f1d7986ffd66,1311,2048,2026-09-11T17:33:41+1200,train
tradescantia,plant,Tradescantia,Tradescantia fluminensis,359463519,655809305,cc-by,"(c) Jon Sullivan, some rights reserved (CC BY)",2026-04-25,79382,Tradescantia fluminensis,https://inaturalist-open-data.s3.amazonaws.com/photos/655809305/large.jpg,https://inaturalist-open-data.s3.amazonaws.com/photos/655809305/original.jpg,data/raw/tradescantia/655809305.jpg,515702,d59f6123f71795beb0935a717602cdd5,2048,1365,2026-09-11T17:33:41+1200,train
tradescantia,plant,Tradescantia,Tradescantia fluminensis,359474747,655854602,cc-by,"(c) Jon Sullivan, some rights reserved (CC BY)",2026-04-25,79382,Tradescantia fluminensis,https://inaturalist-open-data.s3.amazonaws.com/photos/655854602/large.jpg,https://inaturalist-open-data.s3.amazonaws.com/photos/655854602/original.jpg,data/raw/tradescantia/655854602.jpg,577438,834c7e46e43bcc49579b5d54eb4d81dd,1365,2048,2026-09-11T17:33:41+1200,train
tradescantia,plant,Tradescantia,Tradescantia fluminensis,359475082,655856536,cc-by,"(c) Jon Sullivan, some rights reserved (CC BY)",2026-04-25,79382,Tradescantia fluminensis,https://inaturalist-open-data.s3.amazonaws.com/photos/655856536/large.jpg,https://inaturalist-open-data.s3.amazonaws.com/photos/655856536/original.jpg,data/raw/tradescantia/655856536.jpg,580348,11bf55ff8b60892e8524f4142000d362,2048,1365,2026-09-11T17:33:41+1200,train
tradescantia,plant,Tradescantia,Tradescantia fluminensis,359411208,655640323,cc-by,"(c) Jon Sullivan, some rights reserved (CC BY)",2026-04-25,79382,Tradescantia fluminensis,https://inaturalist-open-data.s3.amazonaws.com/photos/655640323/large.jpg,https://inaturalist-open-data.s3.amazonaws.com/photos/655640323/original.jpg,data/raw/tradescantia/655640323.jpg,644638,dbf6565c2af809ec257bfa43d2e72ee1,2048,1536,2026-09-11T17:33:41+1200,train
tradescantia,plant,Tradescantia,Tradescantia fluminensis,322718904,583858906,cc0,no rights reserved,2025-10-24,79382,Tradescantia fluminensis,https://inaturalist-open-data.s3.amazonaws.com/photos/583858906/large.jpg,https://inaturalist-open-data.s3.amazonaws.com/photos/583858906/original.jpg,data/raw/tradescantia/583858906.jpg,613313,dd46dd29a4544f9343ec7216531b09d6,2048,2048,2026-09-11T17:33:41+1200,train
tradescantia,plant,Tradescantia,Tradescantia fluminensis,66105367,106494311,cc-by,"(c) Tim McNamara, some rights reserved (CC BY)",2020-12-05,79382,Tradescantia fluminensis,https://inaturalist-open-data.s3.amazonaws.com/photos/106494311/large.jpeg,https://inaturalist-open-data.s3.amazonaws.com/photos/106494311/original.jpeg,data/raw/tradescantia/106494311.jpg,416204,8fafb685b920d937522c77805f7c2497,1536,2048,2026-09-11T17:33:41+1200,train
tradescantia,plant,Tradescantia,Tradescantia fluminensis,66546110,107299780,cc-by,"(c) eyrezer, some rights reserved (CC BY)",2020-12-14,79382,Tradescantia fluminensis,https://inaturalist-open-data.s3.amazonaws.com/photos/107299780/large.jpg,https://inaturalist-open-data.s3.amazonaws.com/photos/107299780/original.jpg,data/raw/tradescantia/107299780.jpg,524419,c97574b4c8e587fbd42e53b03a720549,1536,2048,2026-09-11T17:33:41+1200,train
tradescantia,plant,Tradescantia,Tradescantia fluminensis,69659555,113078102,cc0,no rights reserved,2021-02-16,79382,Tradescantia fluminensis,https://inaturalist-open-data.s3.amazonaws.com/photos/113078102/large.jpeg,https://inaturalist-open-data.s3.amazonaws.com/photos/113078102/original.jpeg,data/raw/tradescantia/113078102.jpg,617877,18c880c2072bef391fc0cbd5ed2fb0fd,2048,1536,2026-09-11T17:33:41+1200,train
tradescantia,plant,Tradescantia,Tradescantia fluminensis,68193678,110358625,cc-by,"(c) Jenny Saito, some rights reserved (CC BY)",2021-01-17,79382,Tradescantia fluminensis,https://inaturalist-open-data.s3.amazonaws.com/photos/110358625/large.jpg,https://inaturalist-open-data.s3.amazonaws.com/photos/110358625/original.jpg,data/raw/tradescantia/110358625.jpg,513261,c206e5f4d68d8e86074dfdc79756c282,1536,2048,2026-09-11T17:33:41+1200,train
tradescantia,plant,Tradescantia,Tradescantia fluminensis,63145858,101295045,cc-by,"(c) wild_wind, some rights reserved (CC BY)",2020-10-21,79382,Tradescantia fluminensis,https://inaturalist-open-data.s3.amazonaws.com/photos/101295045/large.jpeg,https://inaturalist-open-data.s3.amazonaws.com/photos/101295045/original.jpeg,data/raw/tradescantia/101295045.jpg,323766,b76c3d0cd65ab6b28b3210d2bc02e783,2048,2048,2026-09-11T17:33:41+1200,train
tradescantia,plant,Tradescantia,Tradescantia fluminensis,137826216,235461693,cc-by,"(c) Shaun, some rights reserved (CC BY)",2022-10-07,79382,Tradescantia fluminensis,https://inaturalist-open-data.s3.amazonaws.com/photos/235461693/large.jpeg,https://inaturalist-open-data.s3.amazonaws.com/photos/235461693/original.jpeg,data/raw/tradescantia/235461693.jpg,730725,b1b4bd8296d16c524c2a3f23ed047f44,2048,1536,2026-09-11T17:33:41+1200,train
tradescantia,plant,Tradescantia,Tradescantia fluminensis,14274966,21192563,cc-by,"(c) Jon Sullivan, some rights reserved (CC BY)",2018-01-07,79382,Tradescantia fluminensis,https://inaturalist-open-data.s3.amazonaws.com/photos/21192563/large.jpg,https://inaturalist-open-data.s3.amazonaws.com/photos/21192563/original.jpg,data/raw/tradescantia/21192563.jpg,554895,ab4068d8aabc35bf98a4eaa98fa4e45b,2048,1536,2026-09-11T17:33:41+1200,train
tradescantia,plant,Tradescantia,Tradescantia fluminensis,13813601,20379339,cc-by,"(c) War Weeds, some rights reserved (CC BY)",2018-06-21,79382,Tradescantia fluminensis,https://inaturalist-open-data.s3.amazonaws.com/photos/20379339/large.jpeg,https://inaturalist-open-data.s3.amazonaws.com/photos/20379339/original.jpeg,data/raw/tradescantia/20379339.jpg,370908,d179313aff3ff70b73b63e4a71b78cf9,2048,1152,2026-09-11T17:33:41+1200,train
tradescantia,plant,Tradescantia,Tradescantia fluminensis,13749533,20264823,cc0,no rights reserved,2018-06-15,79382,Tradescantia fluminensis,https://inaturalist-open-data.s3.amazonaws.com/photos/20264823/large.jpeg,https://inaturalist-open-data.s3.amazonaws.com/photos/20264823/original.jpeg,data/raw/tradescantia/20264823.jpg,512489,d9eb0001acde485c9553e96007fe6c52,2048,1536,2026-09-11T17:33:41+1200,train
tradescantia,plant,Tradescantia,Tradescantia fluminensis,17390108,26415415,cc0,no rights reserved,2018-10-10,79382,Tradescantia fluminensis,https://inaturalist-open-data.s3.amazonaws.com/photos/26415415/large.jpeg,https://inaturalist-open-data.s3.amazonaws.com/photos/26415415/original.jpeg,data/raw/tradescantia/26415415.jpg,484153,57fab65bd4f2c1a59f674cc08ab89524,2048,1365,2026-09-11T17:33:41+1200,train
tradescantia,plant,Tradescantia,Tradescantia fluminensis,18026117,27555891,cc-by,"(c) Murray NZ, some rights reserved (CC BY)",2018-09-26,79382,Tradescantia fluminensis,https://inaturalist-open-data.s3.amazonaws.com/photos/27555891/large.jpg,https://inaturalist-open-data.s3.amazonaws.com/photos/27555891/original.jpg,data/raw/tradescantia/27555891.jpg,394177,02a482515f56d7632c3810dc7be61e47,2048,1537,2026-09-11T17:33:41+1200,train
tradescantia,plant,Tradescantia,Tradescantia fluminensis,18083278,27648725,cc-by,"(c) War Weeds, some rights reserved (CC BY)",2018-10-17,79382,Tradescantia fluminensis,https://inaturalist-open-data.s3.amazonaws.com/photos/27648725/large.jpeg,https://inaturalist-open-data.s3.amazonaws.com/photos/27648725/original.jpeg,data/raw/tradescantia/27648725.jpg,583480,f585bb35fe28ea4d26060b72a102fdd3,1536,2048,2026-09-11T17:33:41+1200,train
tradescantia,plant,Tradescantia,Tradescantia fluminensis,17576082,26753816,cc0,no rights reserved,2018-10-14,79382,Tradescantia fluminensis,https://inaturalist-open-data.s3.amazonaws.com/photos/26753816/large.jpeg,https://inaturalist-open-data.s3.amazonaws.com/photos/26753816/original.jpeg,data/raw/tradescantia/26753816.jpg,429083,4debc085d6bf46bd9a2553c90237b252,2048,1536,2026-09-11T17:33:41+1200,train
tradescantia,plant,Tradescantia,Tradescantia fluminensis,17616442,26829081,cc0,no rights reserved,2018-10-10,79382,Tradescantia fluminensis,https://inaturalist-open-data.s3.amazonaws.com/photos/26829081/large.jpeg,https://inaturalist-open-data.s3.amazonaws.com/photos/26829081/original.jpeg,data/raw/tradescantia/26829081.jpg,575747,bd7d8460e1539fe78e7e04ed04dcf8b8,1536,2048,2026-09-11T17:33:41+1200,train
tradescantia,plant,Tradescantia,Tradescantia fluminensis,17739179,27053349,cc-by,"(c) Murray NZ, some rights reserved (CC BY)",2018-10-16,79382,Tradescantia fluminensis,https://inaturalist-open-data.s3.amazonaws.com/photos/27053349/large.jpg,https://inaturalist-open-data.s3.amazonaws.com/photos/27053349/original.jpg,data/raw/tradescantia/27053349.jpg,319566,e49ca502aec4acc1397b892b1173bef6,2048,1539,2026-09-11T17:33:41+1200,train
tradescantia,plant,Tradescantia,Tradescantia fluminensis,17873124,27289399,cc0,no rights reserved,2018-09-10,79382,Tradescantia fluminensis,https://inaturalist-open-data.s3.amazonaws.com/photos/27289399/large.jpeg,https://inaturalist-open-data.s3.amazonaws.com/photos/27289399/original.jpeg,data/raw/tradescantia/27289399.jpg,414257,1f296ee6bc354f36cfe40272d882fc16,2048,1536,2026-09-11T17:33:41+1200,train
tradescantia,plant,Tradescantia,Tradescantia fluminensis,17508774,26638530,cc0,no rights reserved,2018-10-14,79382,Tradescantia fluminensis,https://inaturalist-open-data.s3.amazonaws.com/photos/26638530/large.jpeg,https://inaturalist-open-data.s3.amazonaws.com/photos/26638530/original.jpeg,data/raw/tradescantia/26638530.jpg,483539,fa526f3c83d32505011b98240c7fb185,1536,2048,2026-09-11T17:33:41+1200,train
tradescantia,plant,Tradescantia,Tradescantia fluminensis,17508786,26638897,cc0,no rights reserved,2018-10-14,79382,Tradescantia fluminensis,https://inaturalist-open-data.s3.amazonaws.com/photos/26638897/large.jpeg,https://inaturalist-open-data.s3.amazonaws.com/photos/26638897/original.jpeg,data/raw/tradescantia/26638897.jpg,399829,a56cadc75365e0afee2cc765c9445860,2048,1536,2026-09-11T17:33:41+1200,train
tradescantia,plant,Tradescantia,Tradescantia fluminensis,17508810,26639789,cc0,no rights reserved,2018-10-14,79382,Tradescantia fluminensis,https://inaturalist-open-data.s3.amazonaws.com/photos/26639789/large.jpeg,https://inaturalist-open-data.s3.amazonaws.com/photos/26639789/original.jpeg,data/raw/tradescantia/26639789.jpg,491561,7579387040c923ea3c10f8aebc50854a,1536,2048,2026-09-11T17:33:41+1200,train
woolly_nightshade,plant,Woolly nightshade,Solanum mauritianum,197667588,348206244,cc-by,"(c) Michael Berardozzi, some rights reserved (CC BY)",2024-01-26,133287,Solanum mauritianum,https://inaturalist-open-data.s3.amazonaws.com/photos/348206244/large.jpeg,https://inaturalist-open-data.s3.amazonaws.com/photos/348206244/original.jpeg,data/raw/woolly_nightshade/348206244.jpg,248184,62e5a1b7e8db249425894aaa243531aa,1536,2048,2026-09-11T17:34:47+1200,train
woolly_nightshade,plant,Woolly nightshade,Solanum mauritianum,191805888,337436887,cc-by,"(c) Geoff, some rights reserved (CC BY)",2023-11-23,133287,Solanum mauritianum,https://inaturalist-open-data.s3.amazonaws.com/photos/337436887/large.jpeg,https://inaturalist-open-data.s3.amazonaws.com/photos/337436887/original.jpeg,data/raw/woolly_nightshade/337436887.jpg,325285,9ce50916e7f91547c0d5330997bddc3b,753,571,2026-09-11T17:34:47+1200,train
woolly_nightshade,plant,Woolly nightshade,Solanum mauritianum,104236338,174631390,cc0,no rights reserved,2022-01-03,133287,Solanum mauritianum,https://inaturalist-open-data.s3.amazonaws.com/photos/174631390/large.jpeg,https://inaturalist-open-data.s3.amazonaws.com/photos/174631390/original.jpeg,data/raw/woolly_nightshade/174631390.jpg,709719,052331ddde060905c0a8740cbbdadcc9,1536,2048,2026-09-11T17:34:47+1200,train
woolly_nightshade,plant,Woolly nightshade,Solanum mauritianum,325769363,589883784,cc-by,"(c) Keith S, some rights reserved (CC BY)",2025-11-10,133287,Solanum mauritianum,https://inaturalist-open-data.s3.amazonaws.com/photos/589883784/large.jpg,https://inaturalist-open-data.s3.amazonaws.com/photos/589883784/original.jpg,data/raw/woolly_nightshade/589883784.jpg,587488,d0ef2ee88e0c3e9737c4c55636916a42,1536,2048,2026-09-11T17:34:47+1200,train
woolly_nightshade,plant,Woolly nightshade,Solanum mauritianum,183739628,320607596,cc-by,"(c) Rick Field, some rights reserved (CC BY)",2023-09-18,133287,Solanum mauritianum,https://inaturalist-open-data.s3.amazonaws.com/photos/320607596/large.jpg,https://inaturalist-open-data.s3.amazonaws.com/photos/320607596/original.jpg,data/raw/woolly_nightshade/320607596.jpg,368229,c27f3a5f4b274b882494d4b55510a47b,1536,2048,2026-09-11T17:34:47+1200,train
woolly_nightshade,plant,Woolly nightshade,Solanum mauritianum,25990133,40318095,cc0,no rights reserved,2019-05-11,133287,Solanum mauritianum,https://inaturalist-open-data.s3.amazonaws.com/photos/40318095/large.jpeg,https://inaturalist-open-data.s3.amazonaws.com/photos/40318095/original.jpeg,data/raw/woolly_nightshade/40318095.jpg,264700,3a594d81e597f8356281315b4b8ae379,1536,2048,2026-09-11T17:34:47+1200,train
woolly_nightshade,plant,Woolly nightshade,Solanum mauritianum,22856520,35416472,cc-by,"(c) Callan Bird, some rights reserved (CC BY)",2019-04-21,133287,Solanum mauritianum,https://inaturalist-open-data.s3.amazonaws.com/photos/35416472/large.jpg,https://inaturalist-open-data.s3.amazonaws.com/photos/35416472/original.jpg,data/raw/woolly_nightshade/35416472.jpg,335143,6f4d361f08a0007a9a69e767872fc96d,1536,2048,2026-09-11T17:34:47+1200,train
woolly_nightshade,plant,Woolly nightshade,Solanum mauritianum,22856616,35417980,cc-by,"(c) Callan Bird, some rights reserved (CC BY)",2019-04-21,133287,Solanum mauritianum,https://inaturalist-open-data.s3.amazonaws.com/photos/35417980/large.jpg,https://inaturalist-open-data.s3.amazonaws.com/photos/35417980/original.jpg,data/raw/woolly_nightshade/35417980.jpg,297534,c3eac16386a6999ce9e05d896e918ca1,2048,1536,2026-09-11T17:34:47+1200,train
woolly_nightshade,plant,Woolly nightshade,Solanum mauritianum,24776402,38317827,cc0,no rights reserved,2019-05-01,133287,Solanum mauritianum,https://inaturalist-open-data.s3.amazonaws.com/photos/38317827/large.jpeg,https://inaturalist-open-data.s3.amazonaws.com/photos/38317827/original.jpeg,data/raw/woolly_nightshade/38317827.jpg,347268,cfccbcec2a2124f9dadb498248f0d7d7,1536,2048,2026-09-11T17:34:47+1200,train
woolly_nightshade,plant,Woolly nightshade,Solanum mauritianum,354855688,647292223,cc-by,"(c) mcstanley, some rights reserved (CC BY)",2026-04-26,133287,Solanum mauritianum,https://inaturalist-open-data.s3.amazonaws.com/photos/647292223/large.jpg,https://inaturalist-open-data.s3.amazonaws.com/photos/647292223/original.jpg,data/raw/woolly_nightshade/647292223.jpg,1425321,67c46e4368090bed75a46a85f49808cb,1536,2048,2026-09-11T17:34:47+1200,train
woolly_nightshade,plant,Woolly nightshade,Solanum mauritianum,351034232,640544384,cc-by,"(c) Keith S, some rights reserved (CC BY)",2026-04-19,133287,Solanum mauritianum,https://inaturalist-open-data.s3.amazonaws.com/photos/640544384/large.jpg,https://inaturalist-open-data.s3.amazonaws.com/photos/640544384/original.jpg,data/raw/woolly_nightshade/640544384.jpg,717159,53694a98a3becb7d249b2fa1cfbdbfd4,1536,2048,2026-09-11T17:34:47+1200,train
woolly_nightshade,plant,Woolly nightshade,Solanum mauritianum,354458379,646612749,cc-by,"(c) Halema J, some rights reserved (CC BY)",2026-04-25,133287,Solanum mauritianum,https://inaturalist-open-data.s3.amazonaws.com/photos/646612749/large.jpg,https://inaturalist-open-data.s3.amazonaws.com/photos/646612749/original.jpg,data/raw/woolly_nightshade/646612749.jpg,479901,0744f78d392b2996be8ef3248e685d81,1536,2048,2026-09-11T17:34:47+1200,train
woolly_nightshade,plant,Woolly nightshade,Solanum mauritianum,16063138,24052499,cc-by,"(c) Jacqui Geux, some rights reserved (CC BY)",2018-08-31,133287,Solanum mauritianum,https://inaturalist-open-data.s3.amazonaws.com/photos/24052499/large.jpeg,https://inaturalist-open-data.s3.amazonaws.com/photos/24052499/original.jpeg,data/raw/woolly_nightshade/24052499.jpg,158065,94e1fd6241e2543ba3e69c7a44b0341b,1600,1200,2026-09-11T17:34:47+1200,train
woolly_nightshade,plant,Woolly nightshade,Solanum mauritianum,17766426,27101528,cc-by,"(c) Murray NZ, some rights reserved (CC BY)",2018-10-18,133287,Solanum mauritianum,https://inaturalist-open-data.s3.amazonaws.com/photos/27101528/large.jpg,https://inaturalist-open-data.s3.amazonaws.com/photos/27101528/original.jpg,data/raw/woolly_nightshade/27101528.jpg,439516,1d34607462f0c5c507822759347fd0dc,2048,1535,2026-09-11T17:34:47+1200,train
woolly_nightshade,plant,Woolly nightshade,Solanum mauritianum,175291825,304624249,cc-by,"(c) Michael Berardozzi, some rights reserved (CC BY)",2023-07-28,133287,Solanum mauritianum,https://inaturalist-open-data.s3.amazonaws.com/photos/304624249/large.jpg,https://inaturalist-open-data.s3.amazonaws.com/photos/304624249/original.jpg,data/raw/woolly_nightshade/304624249.jpg,303729,4b3b113050a44a407ec7c4440c2eb0d5,1536,2048,2026-09-11T17:34:47+1200,train
woolly_nightshade,plant,Woolly nightshade,Solanum mauritianum,245167801,437443830,cc-by,"(c) Michael Berardozzi, some rights reserved (CC BY)",2024-10-02,133287,Solanum mauritianum,https://inaturalist-open-data.s3.amazonaws.com/photos/437443830/large.jpeg,https://inaturalist-open-data.s3.amazonaws.com/photos/437443830/original.jpeg,data/raw/woolly_nightshade/437443830.jpg,1314651,583e659484ecee5d6308bcdb83c435e8,1536,2048,2026-09-11T17:34:47+1200,train
woolly_nightshade,plant,Woolly nightshade,Solanum mauritianum,248139681,443308585,cc-by,"(c) prosperosity, some rights reserved (CC BY)",2024-10-19,133287,Solanum mauritianum,https://inaturalist-open-data.s3.amazonaws.com/photos/443308585/large.jpeg,https://inaturalist-open-data.s3.amazonaws.com/photos/443308585/original.jpeg,data/raw/woolly_nightshade/443308585.jpg,900109,833e445cdb18407ead3db40aca8abfc1,1536,2048,2026-09-11T17:34:47+1200,train
woolly_nightshade,plant,Woolly nightshade,Solanum mauritianum,182271922,317771625,cc-by,"(c) prosperosity, some rights reserved (CC BY)",2023-09-08,133287,Solanum mauritianum,https://inaturalist-open-data.s3.amazonaws.com/photos/317771625/large.jpg,https://inaturalist-open-data.s3.amazonaws.com/photos/317771625/original.jpg,data/raw/woolly_nightshade/317771625.jpg,466499,8f6d766927dcf906afb31e2ff65cc4af,1536,2048,2026-09-11T17:34:47+1200,train
woolly_nightshade,plant,Woolly nightshade,Solanum mauritianum,1696188,2053942,cc-by,"(c) Jon Sullivan, some rights reserved (CC BY)",2015-06-26,133287,Solanum mauritianum,https://inaturalist-open-data.s3.amazonaws.com/photos/2053942/large.jpg,https://inaturalist-open-data.s3.amazonaws.com/photos/2053942/original.jpg,data/raw/woolly_nightshade/2053942.jpg,429254,5f53b139b59587755f23f280addef998,2048,1356,2026-09-11T17:34:47+1200,train
woolly_nightshade,plant,Woolly nightshade,Solanum mauritianum,1701963,2060924,cc-by,"(c) Jon Sullivan, some rights reserved (CC BY)",2015-06-26,133287,Solanum mauritianum,https://inaturalist-open-data.s3.amazonaws.com/photos/2060924/large.jpg,https://inaturalist-open-data.s3.amazonaws.com/photos/2060924/original.jpg,data/raw/woolly_nightshade/2060924.jpg,278989,654b851e72d69666ec1af80071725a0d,2048,1356,2026-09-11T17:34:47+1200,train
woolly_nightshade,plant,Woolly nightshade,Solanum mauritianum,5643257,6982863,cc-by,"(c) Duncan Cunningham, some rights reserved (CC BY)",2017-04-10,133287,Solanum mauritianum,https://inaturalist-open-data.s3.amazonaws.com/photos/6982863/large.jpg,https://inaturalist-open-data.s3.amazonaws.com/photos/6982863/original.jpg,data/raw/woolly_nightshade/6982863.jpg,204775,9625fca1decb9010ba3cb4902311571b,2048,1536,2026-09-11T17:34:47+1200,train
woolly_nightshade,plant,Woolly nightshade,Solanum mauritianum,75699032,123874347,cc-by,"(c) mcstanley, some rights reserved (CC BY)",2021-04-30,133287,Solanum mauritianum,https://inaturalist-open-data.s3.amazonaws.com/photos/123874347/large.jpg,https://inaturalist-open-data.s3.amazonaws.com/photos/123874347/original.jpg,data/raw/woolly_nightshade/123874347.jpg,530072,ac7586cf11adc1445b15b1c9b353190d,1536,2048,2026-09-11T17:34:47+1200,train
woolly_nightshade,plant,Woolly nightshade,Solanum mauritianum,3296936,3810735,cc-by,"(c) Jacqui Geux, some rights reserved (CC BY)",2016-05-25,133287,Solanum mauritianum,https://inaturalist-open-data.s3.amazonaws.com/photos/3810735/large.JPG,https://inaturalist-open-data.s3.amazonaws.com/photos/3810735/original.JPG,data/raw/woolly_nightshade/3810735.jpg,378620,6ab3f033bc1e5cd7b4278a4e8d44ad98,1600,1200,2026-09-11T17:34:47+1200,train
woolly_nightshade,plant,Woolly nightshade,Solanum mauritianum,156969895,271470589,cc-by,"(c) Halema J, some rights reserved (CC BY)",2023-04-28,133287,Solanum mauritianum,https://inaturalist-open-data.s3.amazonaws.com/photos/271470589/large.jpeg,https://inaturalist-open-data.s3.amazonaws.com/photos/271470589/original.jpeg,data/raw/woolly_nightshade/271470589.jpg,554503,85b2095a667531390ae5d778e1ab5fee,2048,1152,2026-09-11T17:34:47+1200,train
woolly_nightshade,plant,Woolly nightshade,Solanum mauritianum,213626881,377549438,cc-by,"(c) catchwords, some rights reserved (CC BY)",2024-04-28,133287,Solanum mauritianum,https://inaturalist-open-data.s3.amazonaws.com/photos/377549438/large.jpg,https://inaturalist-open-data.s3.amazonaws.com/photos/377549438/original.jpg,data/raw/woolly_nightshade/377549438.jpg,192036,94a3a5ec53027b7e9d747317075ea842,2048,988,2026-09-11T17:34:47+1200,train
woolly_nightshade,plant,Woolly nightshade,Solanum mauritianum,213633052,377560017,cc-by,"(c) catchwords, some rights reserved (CC BY)",2024-04-28,133287,Solanum mauritianum,https://inaturalist-open-data.s3.amazonaws.com/photos/377560017/large.jpg,https://inaturalist-open-data.s3.amazonaws.com/photos/377560017/original.jpg,data/raw/woolly_nightshade/377560017.jpg,425755,920d5c30140e50ae801858555395a80d,1536,2048,2026-09-11T17:34:47+1200,train
woolly_nightshade,plant,Woolly nightshade,Solanum mauritianum,232990217,414007692,cc-by,"(c) Keith S, some rights reserved (CC BY)",2024-07-31,133287,Solanum mauritianum,https://inaturalist-open-data.s3.amazonaws.com/photos/414007692/large.jpeg,https://inaturalist-open-data.s3.amazonaws.com/photos/414007692/original.jpeg,data/raw/woolly_nightshade/414007692.jpg,795623,8bbdc47063e5d5da65ad8c6cb73569e1,1536,2048,2026-09-11T17:34:47+1200,train
woolly_nightshade,plant,Woolly nightshade,Solanum mauritianum,337505672,613560145,cc-by,"(c) Nic Charlton, some rights reserved (CC BY)",2026-02-06,133287,Solanum mauritianum,https://inaturalist-open-data.s3.amazonaws.com/photos/613560145/large.jpg,https://inaturalist-open-data.s3.amazonaws.com/photos/613560145/original.jpg,data/raw/woolly_nightshade/613560145.jpg,424423,83b22130270445fcf3000829b6749727,1152,2048,2026-09-11T17:34:47+1200,train
woolly_nightshade,plant,Woolly nightshade,Solanum mauritianum,120485608,203786636,cc-by,"(c) Joe Dillon, some rights reserved (CC BY)",2022-06-06,133287,Solanum mauritianum,https://inaturalist-open-data.s3.amazonaws.com/photos/203786636/large.jpeg,https://inaturalist-open-data.s3.amazonaws.com/photos/203786636/original.jpeg,data/raw/woolly_nightshade/203786636.jpg,768187,6bea539651bf7642e093f851c32a568a,2048,1365,2026-09-11T17:34:47+1200,train
woolly_nightshade,plant,Woolly nightshade,Solanum mauritianum,202207076,357080934,cc0,no rights reserved,2024-03-13,133287,Solanum mauritianum,https://inaturalist-open-data.s3.amazonaws.com/photos/357080934/large.jpeg,https://inaturalist-open-data.s3.amazonaws.com/photos/357080934/original.jpeg,data/raw/woolly_nightshade/357080934.jpg,612988,23ecc721a9eb3ac566078f48d0e9db09,1536,2048,2026-09-11T17:34:47+1200,train
woolly_nightshade,plant,Woolly nightshade,Solanum mauritianum,16789136,25343182,cc0,no rights reserved,2018-09-20,133287,Solanum mauritianum,https://inaturalist-open-data.s3.amazonaws.com/photos/25343182/large.jpeg,https://inaturalist-open-data.s3.amazonaws.com/photos/25343182/original.jpeg,data/raw/woolly_nightshade/25343182.jpg,284644,1b6f453dd68c250fdebd3853d60c9341,1536,2048,2026-09-11T17:34:47+1200,train
woolly_nightshade,plant,Woolly nightshade,Solanum mauritianum,322491596,583406103,cc-by,"(c) Keith S, some rights reserved (CC BY)",2025-10-23,133287,Solanum mauritianum,https://inaturalist-open-data.s3.amazonaws.com/photos/583406103/large.jpg,https://inaturalist-open-data.s3.amazonaws.com/photos/583406103/original.jpg,data/raw/woolly_nightshade/583406103.jpg,778576,6a71960ad530c1c59813ab26d0e34325,1536,2048,2026-09-11T17:34:47+1200,train
woolly_nightshade,plant,Woolly nightshade,Solanum mauritianum,317390426,573512904,cc-by,"(c) Keith S, some rights reserved (CC BY)",2025-09-29,133287,Solanum mauritianum,https://inaturalist-open-data.s3.amazonaws.com/photos/573512904/large.jpg,https://inaturalist-open-data.s3.amazonaws.com/photos/573512904/original.jpg,data/raw/woolly_nightshade/573512904.jpg,684925,43c70f6aae946c7e80e89f4df3c5f9f8,1536,2048,2026-09-11T17:34:47+1200,train
woolly_nightshade,plant,Woolly nightshade,Solanum mauritianum,392538595,719389828,cc-by,"(c) Keith S, some rights reserved (CC BY)",2026-08-19,133287,Solanum mauritianum,https://inaturalist-open-data.s3.amazonaws.com/photos/719389828/large.jpg,https://inaturalist-open-data.s3.amazonaws.com/photos/719389828/original.jpg,data/raw/woolly_nightshade/719389828.jpg,648893,0eb447f6d2e755e2341bea7f592faa50,1536,2048,2026-09-11T17:34:47+1200,train
woolly_nightshade,plant,Woolly nightshade,Solanum mauritianum,22990858,35641694,cc0,no rights reserved,2019-04-22,133287,Solanum mauritianum,https://inaturalist-open-data.s3.amazonaws.com/photos/35641694/large.jpeg,https://inaturalist-open-data.s3.amazonaws.com/photos/35641694/original.jpeg,data/raw/woolly_nightshade/35641694.jpg,319935,30eae19fca25f8ddf93bcc7ca83b0772,1536,2048,2026-09-11T17:34:47+1200,train
woolly_nightshade,plant,Woolly nightshade,Solanum mauritianum,34751330,54729310,cc0,no rights reserved,2019-05-30,133287,Solanum mauritianum,https://inaturalist-open-data.s3.amazonaws.com/photos/54729310/large.jpeg,https://inaturalist-open-data.s3.amazonaws.com/photos/54729310/original.jpeg,data/raw/woolly_nightshade/54729310.jpg,378872,6be218acb94191594f14be47839fce6f,2048,1583,2026-09-11T17:34:47+1200,train
woolly_nightshade,plant,Woolly nightshade,Solanum mauritianum,259611463,466063574,cc-by,"(c) Mark, some rights reserved (CC BY)",2025-01-26,133287,Solanum mauritianum,https://inaturalist-open-data.s3.amazonaws.com/photos/466063574/large.jpg,https://inaturalist-open-data.s3.amazonaws.com/photos/466063574/original.jpg,data/raw/woolly_nightshade/466063574.jpg,294786,b3fb8776a8251b73a0b8c924c0b8f6cd,1536,2048,2026-09-11T17:34:47+1200,train
woolly_nightshade,plant,Woolly nightshade,Solanum mauritianum,260588766,468006787,cc-by,"(c) prosperosity, some rights reserved (CC BY)",2025-02-04,133287,Solanum mauritianum,https://inaturalist-open-data.s3.amazonaws.com/photos/468006787/large.jpeg,https://inaturalist-open-data.s3.amazonaws.com/photos/468006787/original.jpeg,data/raw/woolly_nightshade/468006787.jpg,880745,763217fec69822dc7682979cb03531e1,1536,2048,2026-09-11T17:34:47+1200,train
woolly_nightshade,plant,Woolly nightshade,Solanum mauritianum,131956571,224641539,cc-by,"(c) Samuel Brown, some rights reserved (CC BY)",2022-08-16,133287,Solanum mauritianum,https://inaturalist-open-data.s3.amazonaws.com/photos/224641539/large.jpg,https://inaturalist-open-data.s3.amazonaws.com/photos/224641539/original.jpg,data/raw/woolly_nightshade/224641539.jpg,295194,a04e87068f7f49b3c6aaea723d7dd52b,1536,2048,2026-09-11T17:34:47+1200,train
woolly_nightshade,plant,Woolly nightshade,Solanum mauritianum,66496075,107208864,cc-by,"(c) Jacqui Geux, some rights reserved (CC BY)",2020-12-12,133287,Solanum mauritianum,https://inaturalist-open-data.s3.amazonaws.com/photos/107208864/large.jpeg,https://inaturalist-open-data.s3.amazonaws.com/photos/107208864/original.jpeg,data/raw/woolly_nightshade/107208864.jpg,180175,303d60d211e3fd99ac72f3f81d41c67c,1600,1200,2026-09-11T17:34:47+1200,train
woolly_nightshade,plant,Woolly nightshade,Solanum mauritianum,142351817,244032697,cc-by,"(c) Richard Littauer, some rights reserved (CC BY)",2022-11-19,133287,Solanum mauritianum,https://inaturalist-open-data.s3.amazonaws.com/photos/244032697/large.jpg,https://inaturalist-open-data.s3.amazonaws.com/photos/244032697/original.jpg,data/raw/woolly_nightshade/244032697.jpg,538093,c372916754d7316ea0b74b1009c40baf,2048,1536,2026-09-11T17:34:47+1200,train
woolly_nightshade,plant,Woolly nightshade,Solanum mauritianum,213640470,377572662,cc-by,"(c) catchwords, some rights reserved (CC BY)",2024-04-28,133287,Solanum mauritianum,https://inaturalist-open-data.s3.amazonaws.com/photos/377572662/large.jpg,https://inaturalist-open-data.s3.amazonaws.com/photos/377572662/original.jpg,data/raw/woolly_nightshade/377572662.jpg,458232,a7c004f384dbcabf4a602824f91cc7e1,2048,1536,2026-09-11T17:34:47+1200,train
woolly_nightshade,plant,Woolly nightshade,Solanum mauritianum,72975898,119080548,cc-by,"(c) Loïc Chalmandrier, some rights reserved (CC BY)",2021-04-02,133287,Solanum mauritianum,https://inaturalist-open-data.s3.amazonaws.com/photos/119080548/large.jpeg,https://inaturalist-open-data.s3.amazonaws.com/photos/119080548/original.jpeg,data/raw/woolly_nightshade/119080548.jpg,726116,02dff00b0b9e920d72ffe97d25bb7d30,1536,2048,2026-09-11T17:34:47+1200,train
woolly_nightshade,plant,Woolly nightshade,Solanum mauritianum,8982883,12113989,cc-by,"(c) Jacqui Geux, some rights reserved (CC BY)",2017-11-29,133287,Solanum mauritianum,https://inaturalist-open-data.s3.amazonaws.com/photos/12113989/large.jpeg,https://inaturalist-open-data.s3.amazonaws.com/photos/12113989/original.jpeg,data/raw/woolly_nightshade/12113989.jpg,217896,2cc285978531b60eae6c2a4ef6392e40,1600,1200,2026-09-11T17:34:47+1200,train
woolly_nightshade,plant,Woolly nightshade,Solanum mauritianum,9361993,12709898,cc-by,"(c) Duncan Cunningham, some rights reserved (CC BY)",2017-12-26,133287,Solanum mauritianum,https://inaturalist-open-data.s3.amazonaws.com/photos/12709898/large.jpeg,https://inaturalist-open-data.s3.amazonaws.com/photos/12709898/original.jpeg,data/raw/woolly_nightshade/12709898.jpg,354268,692a210a62f91e8d7e543902d25b873d,2048,1536,2026-09-11T17:34:47+1200,train
woolly_nightshade,plant,Woolly nightshade,Solanum mauritianum,243273189,433777526,cc-by,"(c) John Barkla, some rights reserved (CC BY)",2024-09-22,133287,Solanum mauritianum,https://inaturalist-open-data.s3.amazonaws.com/photos/433777526/large.jpeg,https://inaturalist-open-data.s3.amazonaws.com/photos/433777526/original.jpeg,data/raw/woolly_nightshade/433777526.jpg,519657,2ca105fec3f03baee30ee74e3a553976,1542,2048,2026-09-11T17:34:47+1200,train
woolly_nightshade,plant,Woolly nightshade,Solanum mauritianum,149195982,257051115,cc-by,"(c) Keith S, some rights reserved (CC BY)",2023-02-20,133287,Solanum mauritianum,https://inaturalist-open-data.s3.amazonaws.com/photos/257051115/large.jpg,https://inaturalist-open-data.s3.amazonaws.com/photos/257051115/original.jpg,data/raw/woolly_nightshade/257051115.jpg,141440,d5f40ef00caa99dce4540d51397305dc,1110,625,2026-09-11T17:34:47+1200,train
woolly_nightshade,plant,Woolly nightshade,Solanum mauritianum,343427842,625586864,cc-by,"(c) Lisa Bennett, some rights reserved (CC BY)",2026-03-17,133287,Solanum mauritianum,https://inaturalist-open-data.s3.amazonaws.com/photos/625586864/large.jpg,https://inaturalist-open-data.s3.amazonaws.com/photos/625586864/original.jpg,data/raw/woolly_nightshade/625586864.jpg,494182,2ff2ffb39799f2fcac49fb8209b1f7da,1536,2048,2026-09-11T17:34:47+1200,train
woolly_nightshade,plant,Woolly nightshade,Solanum mauritianum,329409252,597108066,cc0,no rights reserved,2025-12-04,133287,Solanum mauritianum,https://inaturalist-open-data.s3.amazonaws.com/photos/597108066/large.jpg,https://inaturalist-open-data.s3.amazonaws.com/photos/597108066/original.jpg,data/raw/woolly_nightshade/597108066.jpg,581047,71d434e9fb7f42a0c794a38c94c8dd29,2048,1542,2026-09-11T17:34:47+1200,train
woolly_nightshade,plant,Woolly nightshade,Solanum mauritianum,393362536,721002516,cc0,no rights reserved,2026-08-22,133287,Solanum mauritianum,https://inaturalist-open-data.s3.amazonaws.com/photos/721002516/large.jpg,https://inaturalist-open-data.s3.amazonaws.com/photos/721002516/original.jpg,data/raw/woolly_nightshade/721002516.jpg,827235,ac16acea0a987dffe5c059c3375c1d8e,1536,2048,2026-09-11T17:34:47+1200,train
woolly_nightshade,plant,Woolly nightshade,Solanum mauritianum,16249973,24394661,cc0,no rights reserved,2018-09-06,133287,Solanum mauritianum,https://inaturalist-open-data.s3.amazonaws.com/photos/24394661/large.jpeg,https://inaturalist-open-data.s3.amazonaws.com/photos/24394661/original.jpeg,data/raw/woolly_nightshade/24394661.jpg,673551,92c2d402fe5bb54aa8f2b9304eaa7a8e,2048,1536,2026-09-11T17:34:47+1200,train
woolly_nightshade,plant,Woolly nightshade,Solanum mauritianum,5949372,7430268,cc-by,"(c) Duncan Cunningham, some rights reserved (CC BY)",2017-04-25,133287,Solanum mauritianum,https://inaturalist-open-data.s3.amazonaws.com/photos/7430268/large.jpeg,https://inaturalist-open-data.s3.amazonaws.com/photos/7430268/original.jpeg,data/raw/woolly_nightshade/7430268.jpg,185611,aee4a4ca2520536f864d297a60a9dcfd,2048,1536,2026-09-11T17:34:47+1200,train
woolly_nightshade,plant,Woolly nightshade,Solanum mauritianum,24155934,37356149,cc-by,"(c) Callan Bird, some rights reserved (CC BY)",2019-04-30,133287,Solanum mauritianum,https://inaturalist-open-data.s3.amazonaws.com/photos/37356149/large.jpg,https://inaturalist-open-data.s3.amazonaws.com/photos/37356149/original.jpg,data/raw/woolly_nightshade/37356149.jpg,293386,70d74a2b36d40b4a5e4527ec70197a8e,1536,2048,2026-09-11T17:34:47+1200,train
woolly_nightshade,plant,Woolly nightshade,Solanum mauritianum,24922952,38555620,cc0,no rights reserved,2019-05-09,133287,Solanum mauritianum,https://inaturalist-open-data.s3.amazonaws.com/photos/38555620/large.jpeg,https://inaturalist-open-data.s3.amazonaws.com/photos/38555620/original.jpeg,data/raw/woolly_nightshade/38555620.jpg,456576,01ee3c5896737ce52e9d1ee621072967,1536,2048,2026-09-11T17:34:47+1200,train
woolly_nightshade,plant,Woolly nightshade,Solanum mauritianum,23242287,36004453,cc-by,"(c) Callan Bird, some rights reserved (CC BY)",2019-04-25,133287,Solanum mauritianum,https://inaturalist-open-data.s3.amazonaws.com/photos/36004453/large.jpg,https://inaturalist-open-data.s3.amazonaws.com/photos/36004453/original.jpg,data/raw/woolly_nightshade/36004453.jpg,367593,4eaf7e379ebc836906c07bde6a8cc0d9,2048,1536,2026-09-11T17:34:47+1200,train
woolly_nightshade,plant,Woolly nightshade,Solanum mauritianum,23242354,36005649,cc-by,"(c) Callan Bird, some rights reserved (CC BY)",2019-04-25,133287,Solanum mauritianum,https://inaturalist-open-data.s3.amazonaws.com/photos/36005649/large.jpg,https://inaturalist-open-data.s3.amazonaws.com/photos/36005649/original.jpg,data/raw/woolly_nightshade/36005649.jpg,189622,f7cb2cfabafd560de1f62a772aabd7b6,1536,2048,2026-09-11T17:34:47+1200,train
woolly_nightshade,plant,Woolly nightshade,Solanum mauritianum,22804270,35343512,cc-by,"(c) Callan Bird, some rights reserved (CC BY)",2019-04-21,133287,Solanum mauritianum,https://inaturalist-open-data.s3.amazonaws.com/photos/35343512/large.jpg,https://inaturalist-open-data.s3.amazonaws.com/photos/35343512/original.jpg,data/raw/woolly_nightshade/35343512.jpg,320613,359e61972ca530c3bbd24b542c5ac7d5,1536,2048,2026-09-11T17:34:47+1200,train
woolly_nightshade,plant,Woolly nightshade,Solanum mauritianum,5304267,6566962,cc-by,"(c) Duncan Cunningham, some rights reserved (CC BY)",2017-03-13,133287,Solanum mauritianum,https://inaturalist-open-data.s3.amazonaws.com/photos/6566962/large.jpeg,https://inaturalist-open-data.s3.amazonaws.com/photos/6566962/original.jpeg,data/raw/woolly_nightshade/6566962.jpg,154929,a5c70e132c70814a6a7d92b2d6f6a2d8,2048,1536,2026-09-11T17:34:47+1200,train
woolly_nightshade,plant,Woolly nightshade,Solanum mauritianum,7073084,9083641,cc-by,"(c) Duncan Cunningham, some rights reserved (CC BY)",2017-07-16,133287,Solanum mauritianum,https://inaturalist-open-data.s3.amazonaws.com/photos/9083641/large.jpeg,https://inaturalist-open-data.s3.amazonaws.com/photos/9083641/original.jpeg,data/raw/woolly_nightshade/9083641.jpg,560518,5e6dc0c66f2c77b3fb1b83bc8e99b7cd,2048,1536,2026-09-11T17:34:47+1200,train
woolly_nightshade,plant,Woolly nightshade,Solanum mauritianum,13224038,19340917,cc-by,"(c) Tom Saunders, some rights reserved (CC BY)",2018-06-08,133287,Solanum mauritianum,https://inaturalist-open-data.s3.amazonaws.com/photos/19340917/large.jpeg,https://inaturalist-open-data.s3.amazonaws.com/photos/19340917/original.jpeg,data/raw/woolly_nightshade/19340917.jpg,438259,07159619039eb395d8f10b1a56f95200,1228,2048,2026-09-11T17:34:47+1200,train
woolly_nightshade,plant,Woolly nightshade,Solanum mauritianum,17181721,26038896,cc0,no rights reserved,2018-09-10,133287,Solanum mauritianum,https://inaturalist-open-data.s3.amazonaws.com/photos/26038896/large.jpeg,https://inaturalist-open-data.s3.amazonaws.com/photos/26038896/original.jpeg,data/raw/woolly_nightshade/26038896.jpg,352580,2a95174082266418ae460562563045de,2048,1536,2026-09-11T17:34:47+1200,train
woolly_nightshade,plant,Woolly nightshade,Solanum mauritianum,204879533,362189857,cc-by,"(c) Kate McAlpine, some rights reserved (CC BY)",2024-03-30,133287,Solanum mauritianum,https://inaturalist-open-data.s3.amazonaws.com/photos/362189857/large.jpeg,https://inaturalist-open-data.s3.amazonaws.com/photos/362189857/original.jpeg,data/raw/woolly_nightshade/362189857.jpg,690164,a57193a7564436ea04f26432ecf47f56,1536,2048,2026-09-11T17:34:47+1200,train
woolly_nightshade,plant,Woolly nightshade,Solanum mauritianum,337287662,613109433,cc0,no rights reserved,2026-02-04,133287,Solanum mauritianum,https://inaturalist-open-data.s3.amazonaws.com/photos/613109433/large.jpg,https://inaturalist-open-data.s3.amazonaws.com/photos/613109433/original.jpg,data/raw/woolly_nightshade/613109433.jpg,804457,9d14b38fc932f9387cbb7fedf0455346,1152,2048,2026-09-11T17:34:47+1200,train
woolly_nightshade,plant,Woolly nightshade,Solanum mauritianum,108419448,182539494,cc-by,"(c) Duncan Cunningham, some rights reserved (CC BY)",2022-03-12,133287,Solanum mauritianum,https://inaturalist-open-data.s3.amazonaws.com/photos/182539494/large.jpg,https://inaturalist-open-data.s3.amazonaws.com/photos/182539494/original.jpg,data/raw/woolly_nightshade/182539494.jpg,305557,31b4a6c8b11c2a85d2a6a25cdcf7ce66,2048,1536,2026-09-11T17:34:47+1200,train
woolly_nightshade,plant,Woolly nightshade,Solanum mauritianum,119934736,202795856,cc-by,"(c) garywwilson, some rights reserved (CC BY)",2022-06-01,133287,Solanum mauritianum,https://inaturalist-open-data.s3.amazonaws.com/photos/202795856/large.jpg,https://inaturalist-open-data.s3.amazonaws.com/photos/202795856/original.jpg,data/raw/woolly_nightshade/202795856.jpg,326368,0379cf4938a7e41d5f72ea7c60c171b9,2020,1345,2026-09-11T17:34:47+1200,train
woolly_nightshade,plant,Woolly nightshade,Solanum mauritianum,17508764,26638118,cc0,no rights reserved,2018-10-14,133287,Solanum mauritianum,https://inaturalist-open-data.s3.amazonaws.com/photos/26638118/large.jpeg,https://inaturalist-open-data.s3.amazonaws.com/photos/26638118/original.jpeg,data/raw/woolly_nightshade/26638118.jpg,420019,79231d2385e79517db9d3b598f469773,1536,2048,2026-09-11T17:34:48+1200,train
woolly_nightshade,plant,Woolly nightshade,Solanum mauritianum,17739081,27053080,cc-by,"(c) Murray NZ, some rights reserved (CC BY)",2018-10-16,133287,Solanum mauritianum,https://inaturalist-open-data.s3.amazonaws.com/photos/27053080/large.jpg,https://inaturalist-open-data.s3.amazonaws.com/photos/27053080/original.jpg,data/raw/woolly_nightshade/27053080.jpg,483894,5c647203320df0128ddea883802d251b,2048,1538,2026-09-11T17:34:48+1200,train
woolly_nightshade,plant,Woolly nightshade,Solanum mauritianum,22009160,34115218,cc-by,"(c) Emily Roberts, some rights reserved (CC BY)",2019-04-04,133287,Solanum mauritianum,https://inaturalist-open-data.s3.amazonaws.com/photos/34115218/large.jpeg,https://inaturalist-open-data.s3.amazonaws.com/photos/34115218/original.jpeg,data/raw/woolly_nightshade/34115218.jpg,261285,1cffe2cef3a68bb15c01833f00c93505,2048,1536,2026-09-11T17:34:48+1200,train
woolly_nightshade,plant,Woolly nightshade,Solanum mauritianum,23329317,36143957,cc-by,"(c) Callan Bird, some rights reserved (CC BY)",2019-04-27,133287,Solanum mauritianum,https://inaturalist-open-data.s3.amazonaws.com/photos/36143957/large.jpg,https://inaturalist-open-data.s3.amazonaws.com/photos/36143957/original.jpg,data/raw/woolly_nightshade/36143957.jpg,319751,cee12e12a68d07bbde82eef4af751565,1536,2048,2026-09-11T17:34:48+1200,train
woolly_nightshade,plant,Woolly nightshade,Solanum mauritianum,23242288,36004554,cc-by,"(c) Callan Bird, some rights reserved (CC BY)",2019-04-25,133287,Solanum mauritianum,https://inaturalist-open-data.s3.amazonaws.com/photos/36004554/large.jpg,https://inaturalist-open-data.s3.amazonaws.com/photos/36004554/original.jpg,data/raw/woolly_nightshade/36004554.jpg,243839,112a98465c5f7f80fa897bafbba335eb,1536,2048,2026-09-11T17:34:48+1200,train
woolly_nightshade,plant,Woolly nightshade,Solanum mauritianum,22804269,35343488,cc-by,"(c) Callan Bird, some rights reserved (CC BY)",2019-04-21,133287,Solanum mauritianum,https://inaturalist-open-data.s3.amazonaws.com/photos/35343488/large.jpg,https://inaturalist-open-data.s3.amazonaws.com/photos/35343488/original.jpg,data/raw/woolly_nightshade/35343488.jpg,199800,5d4468fda0f2f2a0c1b73e3c1814bcc5,2048,1536,2026-09-11T17:34:48+1200,train
woolly_nightshade,plant,Woolly nightshade,Solanum mauritianum,22804277,35343655,cc-by,"(c) Callan Bird, some rights reserved (CC BY)",2019-04-21,133287,Solanum mauritianum,https://inaturalist-open-data.s3.amazonaws.com/photos/35343655/large.jpg,https://inaturalist-open-data.s3.amazonaws.com/photos/35343655/original.jpg,data/raw/woolly_nightshade/35343655.jpg,193687,44854ec70b4d29b54555605a86a02216,1536,2048,2026-09-11T17:34:48+1200,train
woolly_nightshade,plant,Woolly nightshade,Solanum mauritianum,106726417,179350156,cc-by,"(c) Cara-Lisa Schloots, some rights reserved (CC BY)",2022-02-14,133287,Solanum mauritianum,https://inaturalist-open-data.s3.amazonaws.com/photos/179350156/large.jpg,https://inaturalist-open-data.s3.amazonaws.com/photos/179350156/original.jpg,data/raw/woolly_nightshade/179350156.jpg,235314,7d3575b7c25332e19b23e8b358f59148,1536,2048,2026-09-11T17:34:48+1200,train
woolly_nightshade,plant,Woolly nightshade,Solanum mauritianum,273591198,492042856,cc-by,"(c) boytouchgrass, some rights reserved (CC BY)",2025-04-26,133287,Solanum mauritianum,https://inaturalist-open-data.s3.amazonaws.com/photos/492042856/large.jpg,https://inaturalist-open-data.s3.amazonaws.com/photos/492042856/original.jpg,data/raw/woolly_nightshade/492042856.jpg,1335637,666a97bb0a9897391fd0394043a93d85,1536,2048,2026-09-11T17:34:48+1200,train
woolly_nightshade,plant,Woolly nightshade,Solanum mauritianum,272856521,490896380,cc-by,"(c) jsimons, some rights reserved (CC BY)",2025-04-25,133287,Solanum mauritianum,https://inaturalist-open-data.s3.amazonaws.com/photos/490896380/large.jpg,https://inaturalist-open-data.s3.amazonaws.com/photos/490896380/original.jpg,data/raw/woolly_nightshade/490896380.jpg,459490,54e933f6f6bf361227c6307c11f5269c,1536,2048,2026-09-11T17:34:48+1200,train
woolly_nightshade,plant,Woolly nightshade,Solanum mauritianum,197667595,348206474,cc-by,"(c) Michael Berardozzi, some rights reserved (CC BY)",2024-01-26,133287,Solanum mauritianum,https://inaturalist-open-data.s3.amazonaws.com/photos/348206474/large.jpeg,https://inaturalist-open-data.s3.amazonaws.com/photos/348206474/original.jpeg,data/raw/woolly_nightshade/348206474.jpg,447021,d05c34fce6e08b4b04746cd2c8c813b4,1536,2048,2026-09-11T17:34:48+1200,train
woolly_nightshade,plant,Woolly nightshade,Solanum mauritianum,198847374,350556523,cc-by,"(c) Leon Perrie, some rights reserved (CC BY)",2024-01-29,133287,Solanum mauritianum,https://inaturalist-open-data.s3.amazonaws.com/photos/350556523/large.jpeg,https://inaturalist-open-data.s3.amazonaws.com/photos/350556523/original.jpeg,data/raw/woolly_nightshade/350556523.jpg,235696,2009754d8567d34262c14ff56887fd08,1536,2048,2026-09-11T17:34:48+1200,train
woolly_nightshade,plant,Woolly nightshade,Solanum mauritianum,13601476,20009967,cc0,no rights reserved,2018-06-15,133287,Solanum mauritianum,https://inaturalist-open-data.s3.amazonaws.com/photos/20009967/large.jpeg,https://inaturalist-open-data.s3.amazonaws.com/photos/20009967/original.jpeg,data/raw/woolly_nightshade/20009967.jpg,272449,fc4546f9cd345e118435b4cfb91c10ee,1536,2048,2026-09-11T17:34:48+1200,train
woolly_nightshade,plant,Woolly nightshade,Solanum mauritianum,13138922,19160410,cc0,no rights reserved,2018-05-28,133287,Solanum mauritianum,https://inaturalist-open-data.s3.amazonaws.com/photos/19160410/large.jpg,https://inaturalist-open-data.s3.amazonaws.com/photos/19160410/original.jpg,data/raw/woolly_nightshade/19160410.jpg,364010,247ce3131dfbcf7badf2c6c2cb423745,1152,2048,2026-09-11T17:34:48+1200,train
woolly_nightshade,plant,Woolly nightshade,Solanum mauritianum,346865923,632344280,cc-by,"(c) zemlya, some rights reserved (CC BY)",2026-04-02,133287,Solanum mauritianum,https://inaturalist-open-data.s3.amazonaws.com/photos/632344280/large.jpg,https://inaturalist-open-data.s3.amazonaws.com/photos/632344280/original.jpg,data/raw/woolly_nightshade/632344280.jpg,154808,9426127c2c1606844a780a5d329d7b17,1536,2048,2026-09-11T17:34:48+1200,train
woolly_nightshade,plant,Woolly nightshade,Solanum mauritianum,3384331,3911359,cc-by,"(c) Bruce Calvert, some rights reserved (CC BY)",2016-06-05,133287,Solanum mauritianum,https://inaturalist-open-data.s3.amazonaws.com/photos/3911359/large.jpg,https://inaturalist-open-data.s3.amazonaws.com/photos/3911359/original.jpg,data/raw/woolly_nightshade/3911359.jpg,1083556,9963d2c55c49f2a0cbf3831e5607e5e5,1529,2048,2026-09-11T17:34:48+1200,train
woolly_nightshade,plant,Woolly nightshade,Solanum mauritianum,324937453,588229175,cc-by,"(c) Keith S, some rights reserved (CC BY)",2025-11-05,133287,Solanum mauritianum,https://inaturalist-open-data.s3.amazonaws.com/photos/588229175/large.jpg,https://inaturalist-open-data.s3.amazonaws.com/photos/588229175/original.jpg,data/raw/woolly_nightshade/588229175.jpg,613144,ecadd82ab7f8903193f4de497887e5a8,1536,2048,2026-09-11T17:34:48+1200,train
woolly_nightshade,plant,Woolly nightshade,Solanum mauritianum,66815889,107799032,cc-by,"(c) Jacqui Geux, some rights reserved (CC BY)",2020-12-12,133287,Solanum mauritianum,https://inaturalist-open-data.s3.amazonaws.com/photos/107799032/large.jpeg,https://inaturalist-open-data.s3.amazonaws.com/photos/107799032/original.jpeg,data/raw/woolly_nightshade/107799032.jpg,259093,3519d1b66711c1da07767e12148e000a,1600,1067,2026-09-11T17:34:48+1200,train
woolly_nightshade,plant,Woolly nightshade,Solanum mauritianum,145238469,249453606,cc-by,"(c) Anna L, some rights reserved (CC BY)",2022-12-28,133287,Solanum mauritianum,https://inaturalist-open-data.s3.amazonaws.com/photos/249453606/large.jpeg,https://inaturalist-open-data.s3.amazonaws.com/photos/249453606/original.jpeg,data/raw/woolly_nightshade/249453606.jpg,598716,e34982ec9fc7a245b670d442a9b6b2e4,1542,2048,2026-09-11T17:34:48+1200,train
woolly_nightshade,plant,Woolly nightshade,Solanum mauritianum,166212289,287807037,cc-by,"(c) catchwords, some rights reserved (CC BY)",2022-10-15,133287,Solanum mauritianum,https://inaturalist-open-data.s3.amazonaws.com/photos/287807037/large.jpg,https://inaturalist-open-data.s3.amazonaws.com/photos/287807037/original.jpg,data/raw/woolly_nightshade/287807037.jpg,484610,3915f51cbd5b5787f8cb7bba097a6331,2048,1536,2026-09-11T17:34:48+1200,train
woolly_nightshade,plant,Woolly nightshade,Solanum mauritianum,84951794,139694690,cc0,no rights reserved,2021-06-29,133287,Solanum mauritianum,https://inaturalist-open-data.s3.amazonaws.com/photos/139694690/large.jpeg,https://inaturalist-open-data.s3.amazonaws.com/photos/139694690/original.jpeg,data/raw/woolly_nightshade/139694690.jpg,752307,5dccfdc0820de4cf6aba798c65138a38,1536,2048,2026-09-11T17:34:48+1200,train
woolly_nightshade,plant,Woolly nightshade,Solanum mauritianum,16743013,25267435,cc0,no rights reserved,2018-09-21,133287,Solanum mauritianum,https://inaturalist-open-data.s3.amazonaws.com/photos/25267435/large.jpeg,https://inaturalist-open-data.s3.amazonaws.com/photos/25267435/original.jpeg,data/raw/woolly_nightshade/25267435.jpg,395788,bc1429157da5b5645a6c422652ac7d87,1536,2048,2026-09-11T17:34:48+1200,train
woolly_nightshade,plant,Woolly nightshade,Solanum mauritianum,2575918,2876136,cc-by,"(c) Bruce Calvert, some rights reserved (CC BY)",2016-01-13,133287,Solanum mauritianum,https://inaturalist-open-data.s3.amazonaws.com/photos/2876136/large.jpg,https://inaturalist-open-data.s3.amazonaws.com/photos/2876136/original.jpg,data/raw/woolly_nightshade/2876136.jpg,985523,30c804da055d02d8e3aac2606af1bc11,1529,2048,2026-09-11T17:34:48+1200,train
woolly_nightshade,plant,Woolly nightshade,Solanum mauritianum,7136695,9186096,cc-by,"(c) Jacqui Geux, some rights reserved (CC BY)",2017-07-20,133287,Solanum mauritianum,https://inaturalist-open-data.s3.amazonaws.com/photos/9186096/large.jpeg,https://inaturalist-open-data.s3.amazonaws.com/photos/9186096/original.jpeg,data/raw/woolly_nightshade/9186096.jpg,246130,0b4d5aa190884e47799f59e1b7fb9075,1600,1200,2026-09-11T17:34:48+1200,train
woolly_nightshade,plant,Woolly nightshade,Solanum mauritianum,5643347,6982946,cc-by,"(c) Duncan Cunningham, some rights reserved (CC BY)",2017-04-10,133287,Solanum mauritianum,https://inaturalist-open-data.s3.amazonaws.com/photos/6982946/large.jpg,https://inaturalist-open-data.s3.amazonaws.com/photos/6982946/original.jpg,data/raw/woolly_nightshade/6982946.jpg,216649,b1399a70f7c6ba436395fe768785431b,2048,1536,2026-09-11T17:34:48+1200,train
woolly_nightshade,plant,Woolly nightshade,Solanum mauritianum,3992740,4715422,cc-by,"(c) Bruce Calvert, some rights reserved (CC BY)",2016-08-30,133287,Solanum mauritianum,https://inaturalist-open-data.s3.amazonaws.com/photos/4715422/large.jpeg,https://inaturalist-open-data.s3.amazonaws.com/photos/4715422/original.jpeg,data/raw/woolly_nightshade/4715422.jpg,447796,ee0f47339f84f27f3aa94c584009aa3f,2048,1536,2026-09-11T17:34:48+1200,train
woolly_nightshade,plant,Woolly nightshade,Solanum mauritianum,204249594,360996622,cc0,no rights reserved,2024-03-28,133287,Solanum mauritianum,https://inaturalist-open-data.s3.amazonaws.com/photos/360996622/large.jpg,https://inaturalist-open-data.s3.amazonaws.com/photos/360996622/original.jpg,data/raw/woolly_nightshade/360996622.jpg,445437,4751efdf14f3562e77b757d2bbd9768e,2048,1542,2026-09-11T17:34:48+1200,train
woolly_nightshade,plant,Woolly nightshade,Solanum mauritianum,208558293,369014483,cc-by,"(c) Paul Bell-Butler, some rights reserved (CC BY)",2024-04-22,133287,Solanum mauritianum,https://inaturalist-open-data.s3.amazonaws.com/photos/369014483/large.jpeg,https://inaturalist-open-data.s3.amazonaws.com/photos/369014483/original.jpeg,data/raw/woolly_nightshade/369014483.jpg,472704,d78591a1481626bda0714ea656135984,2048,1152,2026-09-11T17:34:48+1200,train
woolly_nightshade,plant,Woolly nightshade,Solanum mauritianum,337013290,612548898,cc-by,"(c) Keith S, some rights reserved (CC BY)",2026-02-02,133287,Solanum mauritianum,https://inaturalist-open-data.s3.amazonaws.com/photos/612548898/large.jpg,https://inaturalist-open-data.s3.amazonaws.com/photos/612548898/original.jpg,data/raw/woolly_nightshade/612548898.jpg,627398,1f8901b2808553f3b092dfb85a3cbc65,1536,2048,2026-09-11T17:34:48+1200,train
woolly_nightshade,plant,Woolly nightshade,Solanum mauritianum,4453171,5365133,cc-by,"(c) War Weeds, some rights reserved (CC BY)",2016-10-27,133287,Solanum mauritianum,https://inaturalist-open-data.s3.amazonaws.com/photos/5365133/large.jpg,https://inaturalist-open-data.s3.amazonaws.com/photos/5365133/original.jpg,data/raw/woolly_nightshade/5365133.jpg,736159,4647b77678d4245b50cdbf3287bbf49b,1926,1463,2026-09-11T17:34:48+1200,train
woolly_nightshade,plant,Woolly nightshade,Solanum mauritianum,2819656,3207218,cc-by,"(c) Murray NZ, some rights reserved (CC BY)",2016-03-20,133287,Solanum mauritianum,https://inaturalist-open-data.s3.amazonaws.com/photos/3207218/large.jpg,https://inaturalist-open-data.s3.amazonaws.com/photos/3207218/original.jpg,data/raw/woolly_nightshade/3207218.jpg,414122,cecccebb81b3f8e80df75f0d71712e8b,2048,1536,2026-09-11T17:34:48+1200,train
woolly_nightshade,plant,Woolly nightshade,Solanum mauritianum,391306068,716996171,cc0,no rights reserved,2026-08-15,133287,Solanum mauritianum,https://inaturalist-open-data.s3.amazonaws.com/photos/716996171/large.jpg,https://inaturalist-open-data.s3.amazonaws.com/photos/716996171/original.jpg,data/raw/woolly_nightshade/716996171.jpg,798788,63982d53e543fbb3ca053b2ab7e413d7,1536,2048,2026-09-11T17:34:48+1200,train
woolly_nightshade,plant,Woolly nightshade,Solanum mauritianum,272894779,490960463,cc-by,"(c) Halema J, some rights reserved (CC BY)",2025-04-25,133287,Solanum mauritianum,https://inaturalist-open-data.s3.amazonaws.com/photos/490960463/large.jpg,https://inaturalist-open-data.s3.amazonaws.com/photos/490960463/original.jpg,data/raw/woolly_nightshade/490960463.jpg,518562,0fb5f602a52f3911d42c85f0443c093b,1536,2048,2026-09-11T17:34:48+1200,train
woolly_nightshade,plant,Woolly nightshade,Solanum mauritianum,13448673,19738247,cc0,no rights reserved,2018-06-15,133287,Solanum mauritianum,https://inaturalist-open-data.s3.amazonaws.com/photos/19738247/large.jpeg,https://inaturalist-open-data.s3.amazonaws.com/photos/19738247/original.jpeg,data/raw/woolly_nightshade/19738247.jpg,365776,2c2953c132ca860200cde6c0abf4481c,1536,2048,2026-09-11T17:34:48+1200,train
woolly_nightshade,plant,Woolly nightshade,Solanum mauritianum,9736921,14140172,cc-by,"(c) hjcjim, some rights reserved (CC BY)",2018-02-05,133287,Solanum mauritianum,https://inaturalist-open-data.s3.amazonaws.com/photos/14140172/large.jpg,https://inaturalist-open-data.s3.amazonaws.com/photos/14140172/original.jpg,data/raw/woolly_nightshade/14140172.jpg,358248,9b468734bec267740d8075a3fd4c4010,1536,2048,2026-09-11T17:34:48+1200,train
woolly_nightshade,plant,Woolly nightshade,Solanum mauritianum,22856507,35416343,cc-by,"(c) Callan Bird, some rights reserved (CC BY)",2019-04-21,133287,Solanum mauritianum,https://inaturalist-open-data.s3.amazonaws.com/photos/35416343/large.jpg,https://inaturalist-open-data.s3.amazonaws.com/photos/35416343/original.jpg,data/raw/woolly_nightshade/35416343.jpg,275236,079c3f5806d86c3128519b72167c9e3d,1536,2048,2026-09-11T17:34:48+1200,train
woolly_nightshade,plant,Woolly nightshade,Solanum mauritianum,22804289,35343845,cc-by,"(c) Callan Bird, some rights reserved (CC BY)",2019-04-21,133287,Solanum mauritianum,https://inaturalist-open-data.s3.amazonaws.com/photos/35343845/large.jpg,https://inaturalist-open-data.s3.amazonaws.com/photos/35343845/original.jpg,data/raw/woolly_nightshade/35343845.jpg,209700,83477010cbe5cc75e60e9fb62b261345,1536,2048,2026-09-11T17:34:48+1200,train
woolly_nightshade,plant,Woolly nightshade,Solanum mauritianum,22406073,34704010,cc-by,"(c) Callan Bird, some rights reserved (CC BY)",2019-04-13,133287,Solanum mauritianum,https://inaturalist-open-data.s3.amazonaws.com/photos/34704010/large.jpg,https://inaturalist-open-data.s3.amazonaws.com/photos/34704010/original.jpg,data/raw/woolly_nightshade/34704010.jpg,339268,20e271b6bd78b393b1866876c757f32f,2048,1536,2026-09-11T17:34:48+1200,train
woolly_nightshade,plant,Woolly nightshade,Solanum mauritianum,63848424,102543373,cc-by,"(c) mcstanley, some rights reserved (CC BY)",2020-10-31,133287,Solanum mauritianum,https://inaturalist-open-data.s3.amazonaws.com/photos/102543373/large.jpg,https://inaturalist-open-data.s3.amazonaws.com/photos/102543373/original.jpg,data/raw/woolly_nightshade/102543373.jpg,341410,55bd0dc0f56fba69e1de905909690b7a,1536,2048,2026-09-11T17:34:48+1200,train
woolly_nightshade,plant,Woolly nightshade,Solanum mauritianum,211396924,373758378,cc-by,"(c) Kelvin Perrie, some rights reserved (CC BY)",2024-04-27,133287,Solanum mauritianum,https://inaturalist-open-data.s3.amazonaws.com/photos/373758378/large.jpeg,https://inaturalist-open-data.s3.amazonaws.com/photos/373758378/original.jpeg,data/raw/woolly_nightshade/373758378.jpg,182846,43120300f0fda084f3cb4f0a2e4a5a61,1536,2048,2026-09-11T17:34:48+1200,train
woolly_nightshade,plant,Woolly nightshade,Solanum mauritianum,142992647,245215588,cc-by,"(c) Richard Littauer, some rights reserved (CC BY)",2022-11-21,133287,Solanum mauritianum,https://inaturalist-open-data.s3.amazonaws.com/photos/245215588/large.jpg,https://inaturalist-open-data.s3.amazonaws.com/photos/245215588/original.jpg,data/raw/woolly_nightshade/245215588.jpg,1022499,1600d7b0874db1e21aa8514d6d1bf16e,1536,2048,2026-09-11T17:34:48+1200,train
woolly_nightshade,plant,Woolly nightshade,Solanum mauritianum,230888416,410009437,cc-by,"(c) Leon Perrie, some rights reserved (CC BY)",2024-07-22,133287,Solanum mauritianum,https://inaturalist-open-data.s3.amazonaws.com/photos/410009437/large.jpeg,https://inaturalist-open-data.s3.amazonaws.com/photos/410009437/original.jpeg,data/raw/woolly_nightshade/410009437.jpg,642547,5577cecd3d0b6dda066a13deaf2a9899,1536,2048,2026-09-11T17:34:48+1200,train
woolly_nightshade,plant,Woolly nightshade,Solanum mauritianum,157449429,272238484,cc-by,"(c) jsimons, some rights reserved (CC BY)",2023-04-29,133287,Solanum mauritianum,https://inaturalist-open-data.s3.amazonaws.com/photos/272238484/large.jpg,https://inaturalist-open-data.s3.amazonaws.com/photos/272238484/original.jpg,data/raw/woolly_nightshade/272238484.jpg,340813,ba7c9623b5c853edd0358e7048ddb1f8,1536,2048,2026-09-11T17:34:48+1200,train
wild_ginger,plant,Wild ginger,Hedychium gardnerianum,17271422,26199153,cc0,no rights reserved,2018-10-07,52495,Hedychium gardnerianum,https://inaturalist-open-data.s3.amazonaws.com/photos/26199153/large.jpeg,https://inaturalist-open-data.s3.amazonaws.com/photos/26199153/original.jpeg,data/raw/wild_ginger/26199153.jpg,511103,5391e19ddac766564d9c7e6bbf090681,1536,2048,2026-09-11T17:35:59+1200,train
wild_ginger,plant,Wild ginger,Hedychium gardnerianum,43277463,68689818,cc0,no rights reserved,2019-09-07,52495,Hedychium gardnerianum,https://inaturalist-open-data.s3.amazonaws.com/photos/68689818/large.jpeg,https://inaturalist-open-data.s3.amazonaws.com/photos/68689818/original.jpeg,data/raw/wild_ginger/68689818.jpg,324604,cac5d711c883b3ab5d1d8bd248140af3,2048,1536,2026-09-11T17:35:59+1200,train
wild_ginger,plant,Wild ginger,Hedychium gardnerianum,16789127,25343035,cc0,no rights reserved,2018-09-20,52495,Hedychium gardnerianum,https://inaturalist-open-data.s3.amazonaws.com/photos/25343035/large.jpeg,https://inaturalist-open-data.s3.amazonaws.com/photos/25343035/original.jpeg,data/raw/wild_ginger/25343035.jpg,318093,d8c9382ce2309fdaa9d4d97685db6e04,1536,2048,2026-09-11T17:35:59+1200,train
wild_ginger,plant,Wild ginger,Hedychium gardnerianum,56283738,89680769,cc-by,"(c) Shaun Lee, some rights reserved (CC BY)",2020-08-13,52495,Hedychium gardnerianum,https://inaturalist-open-data.s3.amazonaws.com/photos/89680769/large.jpg,https://inaturalist-open-data.s3.amazonaws.com/photos/89680769/original.jpg,data/raw/wild_ginger/89680769.jpg,596083,65e8f406d3b8b493e2ba1d27e8c2d73d,2048,1365,2026-09-11T17:35:59+1200,train
wild_ginger,plant,Wild ginger,Hedychium gardnerianum,275443905,494951943,cc-by,"(c) Kelvin Perrie, some rights reserved (CC BY)",2025-04-26,52495,Hedychium gardnerianum,https://inaturalist-open-data.s3.amazonaws.com/photos/494951943/large.jpg,https://inaturalist-open-data.s3.amazonaws.com/photos/494951943/original.jpg,data/raw/wild_ginger/494951943.jpg,537893,676209ed6932fb94d226a6392a97c01e,1536,2048,2026-09-11T17:35:59+1200,train
wild_ginger,plant,Wild ginger,Hedychium gardnerianum,21471016,33222245,cc0,no rights reserved,2019-03-19,52495,Hedychium gardnerianum,https://inaturalist-open-data.s3.amazonaws.com/photos/33222245/large.jpg,https://inaturalist-open-data.s3.amazonaws.com/photos/33222245/original.jpg,data/raw/wild_ginger/33222245.jpg,1311692,1ca34164e400b4f832433e351e4e54af,2048,1536,2026-09-11T17:35:59+1200,train
wild_ginger,plant,Wild ginger,Hedychium gardnerianum,20414775,31521195,cc-by,"(c) naturewatchwidow, some rights reserved (CC BY)",2019-02-17,52495,Hedychium gardnerianum,https://inaturalist-open-data.s3.amazonaws.com/photos/31521195/large.jpeg,https://inaturalist-open-data.s3.amazonaws.com/photos/31521195/original.jpeg,data/raw/wild_ginger/31521195.jpg,489916,5081cd489412647191d3b6c48c9dfe22,1152,2048,2026-09-11T17:35:59+1200,train
wild_ginger,plant,Wild ginger,Hedychium gardnerianum,13253598,19394893,cc0,no rights reserved,2018-06-09,52495,Hedychium gardnerianum,https://inaturalist-open-data.s3.amazonaws.com/photos/19394893/large.jpg,https://inaturalist-open-data.s3.amazonaws.com/photos/19394893/original.jpg,data/raw/wild_ginger/19394893.jpg,245248,b813c7895152d81885021556e4ae8cee,2048,1152,2026-09-11T17:35:59+1200,train
wild_ginger,plant,Wild ginger,Hedychium gardnerianum,17580597,26763248,cc0,no rights reserved,2018-10-14,52495,Hedychium gardnerianum,https://inaturalist-open-data.s3.amazonaws.com/photos/26763248/large.jpeg,https://inaturalist-open-data.s3.amazonaws.com/photos/26763248/original.jpeg,data/raw/wild_ginger/26763248.jpg,541865,efc6b0a3db693a17f3e2342633049beb,1536,2048,2026-09-11T17:35:59+1200,train
wild_ginger,plant,Wild ginger,Hedychium gardnerianum,238140226,423920347,cc0,no rights reserved,2024-08-26,52495,Hedychium gardnerianum,https://inaturalist-open-data.s3.amazonaws.com/photos/423920347/large.jpeg,https://inaturalist-open-data.s3.amazonaws.com/photos/423920347/original.jpeg,data/raw/wild_ginger/423920347.jpg,473960,a60d8784d409f2371c3836bed4db397d,1536,2048,2026-09-11T17:35:59+1200,train
wild_ginger,plant,Wild ginger,Hedychium gardnerianum,256250348,459399481,cc-by,"(c) Lisa Bennett, some rights reserved (CC BY)",2024-12-23,52495,Hedychium gardnerianum,https://inaturalist-open-data.s3.amazonaws.com/photos/459399481/large.jpeg,https://inaturalist-open-data.s3.amazonaws.com/photos/459399481/original.jpeg,data/raw/wild_ginger/459399481.jpg,233814,8bc20a487be139fbe3e50c0aec63062b,2048,1536,2026-09-11T17:35:59+1200,train
wild_ginger,plant,Wild ginger,Hedychium gardnerianum,191721770,336404774,cc-by,"(c) Geoff, some rights reserved (CC BY)",2023-11-22,52495,Hedychium gardnerianum,https://inaturalist-open-data.s3.amazonaws.com/photos/336404774/large.jpeg,https://inaturalist-open-data.s3.amazonaws.com/photos/336404774/original.jpeg,data/raw/wild_ginger/336404774.jpg,766309,01dd6e784f106481f672a54c21c8ab49,2048,1536,2026-09-11T17:35:59+1200,train
wild_ginger,plant,Wild ginger,Hedychium gardnerianum,192024161,337010924,cc-by,"(c) Geoff, some rights reserved (CC BY)",2023-11-25,52495,Hedychium gardnerianum,https://inaturalist-open-data.s3.amazonaws.com/photos/337010924/large.jpeg,https://inaturalist-open-data.s3.amazonaws.com/photos/337010924/original.jpeg,data/raw/wild_ginger/337010924.jpg,636384,82e86fe4bcdb014784f7910a38977157,2048,1427,2026-09-11T17:35:59+1200,train
wild_ginger,plant,Wild ginger,Hedychium gardnerianum,190976739,334914344,cc-by,"(c) Geoff, some rights reserved (CC BY)",2023-11-14,52495,Hedychium gardnerianum,https://inaturalist-open-data.s3.amazonaws.com/photos/334914344/large.jpeg,https://inaturalist-open-data.s3.amazonaws.com/photos/334914344/original.jpeg,data/raw/wild_ginger/334914344.jpg,701842,e7b36e57db88e666e6a6945cf93fdb84,1536,2048,2026-09-11T17:35:59+1200,train
wild_ginger,plant,Wild ginger,Hedychium gardnerianum,325766799,589878099,cc-by,"(c) Keith S, some rights reserved (CC BY)",2025-11-10,52495,Hedychium gardnerianum,https://inaturalist-open-data.s3.amazonaws.com/photos/589878099/large.jpg,https://inaturalist-open-data.s3.amazonaws.com/photos/589878099/original.jpg,data/raw/wild_ginger/589878099.jpg,797606,4a5c102278133b0f526ecdf2188bc755,1536,2048,2026-09-11T17:35:59+1200,train
wild_ginger,plant,Wild ginger,Hedychium gardnerianum,176899943,307603033,cc-by,"(c) hazelvalerie, some rights reserved (CC BY)",2023-06-05,52495,Hedychium gardnerianum,https://inaturalist-open-data.s3.amazonaws.com/photos/307603033/large.jpeg,https://inaturalist-open-data.s3.amazonaws.com/photos/307603033/original.jpeg,data/raw/wild_ginger/307603033.jpg,522748,5ac0ffff914295abd375217f0548846c,1155,2048,2026-09-11T17:35:59+1200,train
wild_ginger,plant,Wild ginger,Hedychium gardnerianum,70904672,115353709,cc0,no rights reserved,2018-07-10,52495,Hedychium gardnerianum,https://inaturalist-open-data.s3.amazonaws.com/photos/115353709/large.jpeg,https://inaturalist-open-data.s3.amazonaws.com/photos/115353709/original.jpeg,data/raw/wild_ginger/115353709.jpg,464360,8b3b774502812253b2f260a69f3a6bb2,1536,2048,2026-09-11T17:35:59+1200,train
wild_ginger,plant,Wild ginger,Hedychium gardnerianum,1873493,2281652,cc-by,"(c) Bruce Calvert, some rights reserved (CC BY)",2015-08-19,52495,Hedychium gardnerianum,https://inaturalist-open-data.s3.amazonaws.com/photos/2281652/large.JPG,https://inaturalist-open-data.s3.amazonaws.com/photos/2281652/original.JPG,data/raw/wild_ginger/2281652.jpg,419105,ca8f4f56d1727dab8a3d69db8908b8e6,2048,1536,2026-09-11T17:35:59+1200,train
wild_ginger,plant,Wild ginger,Hedychium gardnerianum,7875472,10380490,cc-by,"(c) Tim Park, some rights reserved (CC BY)",2017-09-10,52495,Hedychium gardnerianum,https://inaturalist-open-data.s3.amazonaws.com/photos/10380490/large.jpg,https://inaturalist-open-data.s3.amazonaws.com/photos/10380490/original.jpg,data/raw/wild_ginger/10380490.jpg,377490,adc3f25dbc97a7c33384818188cb827f,1530,2048,2026-09-11T17:35:59+1200,train
wild_ginger,plant,Wild ginger,Hedychium gardnerianum,4302606,5164223,cc-by,"(c) Bruce Calvert, some rights reserved (CC BY)",2016-10-08,52495,Hedychium gardnerianum,https://inaturalist-open-data.s3.amazonaws.com/photos/5164223/large.jpeg,https://inaturalist-open-data.s3.amazonaws.com/photos/5164223/original.jpeg,data/raw/wild_ginger/5164223.jpg,401239,323a4d4968265f688ede9c9fcdd37967,2048,1536,2026-09-11T17:35:59+1200,train
wild_ginger,plant,Wild ginger,Hedychium gardnerianum,72144215,117577418,cc-by,"(c) naturewatchwidow, some rights reserved (CC BY)",2021-03-27,52495,Hedychium gardnerianum,https://inaturalist-open-data.s3.amazonaws.com/photos/117577418/large.jpeg,https://inaturalist-open-data.s3.amazonaws.com/photos/117577418/original.jpeg,data/raw/wild_ginger/117577418.jpg,825633,b1a8cf9e141e5d772f60792d60d7c46b,1536,2048,2026-09-11T17:35:59+1200,train
wild_ginger,plant,Wild ginger,Hedychium gardnerianum,8585540,11473467,cc-by,"(c) naturewatchwidow, some rights reserved (CC BY)",2017-10-28,52495,Hedychium gardnerianum,https://inaturalist-open-data.s3.amazonaws.com/photos/11473467/large.jpeg,https://inaturalist-open-data.s3.amazonaws.com/photos/11473467/original.jpeg,data/raw/wild_ginger/11473467.jpg,484925,99999c2722c68237ecdc0eefd6b5d831,1152,2048,2026-09-11T17:35:59+1200,train
wild_ginger,plant,Wild ginger,Hedychium gardnerianum,92547351,153253958,cc-by,"(c) wild_wind, some rights reserved (CC BY)",2021-08-25,52495,Hedychium gardnerianum,https://inaturalist-open-data.s3.amazonaws.com/photos/153253958/large.jpeg,https://inaturalist-open-data.s3.amazonaws.com/photos/153253958/original.jpeg,data/raw/wild_ginger/153253958.jpg,387047,635d5fc8f87fa4a06c79e8bd493592ef,2048,2048,2026-09-11T17:35:59+1200,train
wild_ginger,plant,Wild ginger,Hedychium gardnerianum,25182981,38980411,cc0,no rights reserved,2019-05-15,52495,Hedychium gardnerianum,https://inaturalist-open-data.s3.amazonaws.com/photos/38980411/large.jpeg,https://inaturalist-open-data.s3.amazonaws.com/photos/38980411/original.jpeg,data/raw/wild_ginger/38980411.jpg,360879,28f72430591f7ebfa07cfc545a370e2f,1536,2048,2026-09-11T17:35:59+1200,train
wild_ginger,plant,Wild ginger,Hedychium gardnerianum,158571550,274019811,cc-by,"(c) Leon Perrie, some rights reserved (CC BY)",2023-05-01,52495,Hedychium gardnerianum,https://inaturalist-open-data.s3.amazonaws.com/photos/274019811/large.jpeg,https://inaturalist-open-data.s3.amazonaws.com/photos/274019811/original.jpeg,data/raw/wild_ginger/274019811.jpg,326884,218e3eed375f57d3ccfad7c630c2c387,2048,1536,2026-09-11T17:35:59+1200,train
wild_ginger,plant,Wild ginger,Hedychium gardnerianum,90360988,149336240,cc0,no rights reserved,2021-08-07,52495,Hedychium gardnerianum,https://inaturalist-open-data.s3.amazonaws.com/photos/149336240/large.jpeg,https://inaturalist-open-data.s3.amazonaws.com/photos/149336240/original.jpeg,data/raw/wild_ginger/149336240.jpg,571873,de5f9bdffeb7783cdda161471683b067,1152,2048,2026-09-11T17:35:59+1200,train
wild_ginger,plant,Wild ginger,Hedychium gardnerianum,28164420,43886294,cc0,no rights reserved,2019-06-24,52495,Hedychium gardnerianum,https://inaturalist-open-data.s3.amazonaws.com/photos/43886294/large.jpeg,https://inaturalist-open-data.s3.amazonaws.com/photos/43886294/original.jpeg,data/raw/wild_ginger/43886294.jpg,330910,4462294d80414a1e8582ee0b738f3a25,2048,1536,2026-09-11T17:35:59+1200,train
wild_ginger,plant,Wild ginger,Hedychium gardnerianum,209966625,371462345,cc0,no rights reserved,2024-04-27,52495,Hedychium gardnerianum,https://inaturalist-open-data.s3.amazonaws.com/photos/371462345/large.jpg,https://inaturalist-open-data.s3.amazonaws.com/photos/371462345/original.jpg,data/raw/wild_ginger/371462345.jpg,327105,7e0fa5cd0e09188c1a59a80e314bce0b,1536,2048,2026-09-11T17:35:59+1200,train
wild_ginger,plant,Wild ginger,Hedychium gardnerianum,7529137,9819456,cc-by,"(c) Jacqui Geux, some rights reserved (CC BY)",2017-08-17,52495,Hedychium gardnerianum,https://inaturalist-open-data.s3.amazonaws.com/photos/9819456/large.jpeg,https://inaturalist-open-data.s3.amazonaws.com/photos/9819456/original.jpeg,data/raw/wild_ginger/9819456.jpg,396192,5a62c0539eb7e1a97b1bf6e85eb8e38c,1600,1200,2026-09-11T17:35:59+1200,train
wild_ginger,plant,Wild ginger,Hedychium gardnerianum,2450630,2737362,cc-by,"(c) Tim Park, some rights reserved (CC BY)",2015-11-21,52495,Hedychium gardnerianum,https://inaturalist-open-data.s3.amazonaws.com/photos/2737362/large.jpg,https://inaturalist-open-data.s3.amazonaws.com/photos/2737362/original.jpg,data/raw/wild_ginger/2737362.jpg,1129599,bece93c4c0c750ced8c1937f10ef2eb9,2048,1536,2026-09-11T17:35:59+1200,train
wild_ginger,plant,Wild ginger,Hedychium gardnerianum,188331770,329596590,cc-by,"(c) garywwilson, some rights reserved (CC BY)",2023-10-14,52495,Hedychium gardnerianum,https://inaturalist-open-data.s3.amazonaws.com/photos/329596590/large.jpg,https://inaturalist-open-data.s3.amazonaws.com/photos/329596590/original.jpg,data/raw/wild_ginger/329596590.jpg,694235,0f386a51d2c82f913658a6f70856e074,1136,2020,2026-09-11T17:35:59+1200,train
wild_ginger,plant,Wild ginger,Hedychium gardnerianum,322518304,583460101,cc-by,"(c) Tom Beard, some rights reserved (CC BY)",2025-10-03,52495,Hedychium gardnerianum,https://inaturalist-open-data.s3.amazonaws.com/photos/583460101/large.jpg,https://inaturalist-open-data.s3.amazonaws.com/photos/583460101/original.jpg,data/raw/wild_ginger/583460101.jpg,1203795,7a10ebc7c2d73ec902817f9503658481,1536,2048,2026-09-11T17:35:59+1200,train
wild_ginger,plant,Wild ginger,Hedychium gardnerianum,324937213,588228892,cc-by,"(c) Keith S, some rights reserved (CC BY)",2025-11-05,52495,Hedychium gardnerianum,https://inaturalist-open-data.s3.amazonaws.com/photos/588228892/large.jpg,https://inaturalist-open-data.s3.amazonaws.com/photos/588228892/original.jpg,data/raw/wild_ginger/588228892.jpg,596595,f8e99a9270377178957b55ca6f2deba9,1536,2048,2026-09-11T17:35:59+1200,train
wild_ginger,plant,Wild ginger,Hedychium gardnerianum,369407568,674761300,cc0,no rights reserved,2026-05-03,52495,Hedychium gardnerianum,https://inaturalist-open-data.s3.amazonaws.com/photos/674761300/large.jpg,https://inaturalist-open-data.s3.amazonaws.com/photos/674761300/original.jpg,data/raw/wild_ginger/674761300.jpg,565490,b3d7320963768f652d59a3da6093e3ef,2048,1536,2026-09-11T17:35:59+1200,train
wild_ginger,plant,Wild ginger,Hedychium gardnerianum,366242791,668739369,cc-by,"(c) kiwialli, some rights reserved (CC BY)",2026-05-29,52495,Hedychium gardnerianum,https://inaturalist-open-data.s3.amazonaws.com/photos/668739369/large.jpg,https://inaturalist-open-data.s3.amazonaws.com/photos/668739369/original.jpg,data/raw/wild_ginger/668739369.jpg,843812,8561ba70a92468145d9305356a70d3cb,2048,2048,2026-09-11T17:35:59+1200,train
wild_ginger,plant,Wild ginger,Hedychium gardnerianum,26945938,41874407,cc0,no rights reserved,2019-06-04,52495,Hedychium gardnerianum,https://inaturalist-open-data.s3.amazonaws.com/photos/41874407/large.jpeg,https://inaturalist-open-data.s3.amazonaws.com/photos/41874407/original.jpeg,data/raw/wild_ginger/41874407.jpg,398453,d66a1b3f266974f469080ffc766f4523,2048,1536,2026-09-11T17:35:59+1200,train
wild_ginger,plant,Wild ginger,Hedychium gardnerianum,19453091,29928760,cc-by,"(c) Bevan Weir, some rights reserved (CC BY)",2019-01-06,52495,Hedychium gardnerianum,https://inaturalist-open-data.s3.amazonaws.com/photos/29928760/large.jpeg,https://inaturalist-open-data.s3.amazonaws.com/photos/29928760/original.jpeg,data/raw/wild_ginger/29928760.jpg,695435,315e6b1a242e3e1be73db4ee443f7d44,1536,2048,2026-09-11T17:35:59+1200,train
wild_ginger,plant,Wild ginger,Hedychium gardnerianum,17490186,26605068,cc-by,"(c) Jacqui Geux, some rights reserved (CC BY)",2018-10-13,52495,Hedychium gardnerianum,https://inaturalist-open-data.s3.amazonaws.com/photos/26605068/large.jpeg,https://inaturalist-open-data.s3.amazonaws.com/photos/26605068/original.jpeg,data/raw/wild_ginger/26605068.jpg,172865,2dd9d98dfd555eed6b81a61d4387e443,1600,1200,2026-09-11T17:35:59+1200,train
wild_ginger,plant,Wild ginger,Hedychium gardnerianum,17238342,26141895,cc-by,"(c) Jacqui Geux, some rights reserved (CC BY)",2018-10-05,52495,Hedychium gardnerianum,https://inaturalist-open-data.s3.amazonaws.com/photos/26141895/large.jpeg,https://inaturalist-open-data.s3.amazonaws.com/photos/26141895/original.jpeg,data/raw/wild_ginger/26141895.jpg,313576,51c18287a7ec4fa472394be7103893e1,1600,1200,2026-09-11T17:35:59+1200,train
wild_ginger,plant,Wild ginger,Hedychium gardnerianum,13811120,20374300,cc0,no rights reserved,2018-06-18,52495,Hedychium gardnerianum,https://inaturalist-open-data.s3.amazonaws.com/photos/20374300/large.jpeg,https://inaturalist-open-data.s3.amazonaws.com/photos/20374300/original.jpeg,data/raw/wild_ginger/20374300.jpg,532587,e7071c163424c631338be623849a13a0,1536,2048,2026-09-11T17:35:59+1200,train
wild_ginger,plant,Wild ginger,Hedychium gardnerianum,82110037,134730523,cc-by,"(c) Joe Dillon, some rights reserved (CC BY)",2021-06-06,52495,Hedychium gardnerianum,https://inaturalist-open-data.s3.amazonaws.com/photos/134730523/large.jpeg,https://inaturalist-open-data.s3.amazonaws.com/photos/134730523/original.jpeg,data/raw/wild_ginger/134730523.jpg,745523,5bc5ee67c4a5a9f03e8fc98e2a7585b2,2048,1365,2026-09-11T17:35:59+1200,train
wild_ginger,plant,Wild ginger,Hedychium gardnerianum,11724025,16764031,cc-by,"(c) Jacqui Geux, some rights reserved (CC BY)",2018-04-29,52495,Hedychium gardnerianum,https://inaturalist-open-data.s3.amazonaws.com/photos/16764031/large.jpeg,https://inaturalist-open-data.s3.amazonaws.com/photos/16764031/original.jpeg,data/raw/wild_ginger/16764031.jpg,123962,bd8f3067bebe539135c1628e561e3f8e,1600,1200,2026-09-11T17:35:59+1200,train
wild_ginger,plant,Wild ginger,Hedychium gardnerianum,35794641,56485208,cc0,no rights reserved,2019-06-15,52495,Hedychium gardnerianum,https://inaturalist-open-data.s3.amazonaws.com/photos/56485208/large.jpeg,https://inaturalist-open-data.s3.amazonaws.com/photos/56485208/original.jpeg,data/raw/wild_ginger/56485208.jpg,315411,e4155dc733b6dffd967b75b34963b022,2048,1536,2026-09-11T17:35:59+1200,train
wild_ginger,plant,Wild ginger,Hedychium gardnerianum,225418217,399656555,cc-by,"(c) Andy McKay, some rights reserved (CC BY)",2024-06-27,52495,Hedychium gardnerianum,https://inaturalist-open-data.s3.amazonaws.com/photos/399656555/large.jpg,https://inaturalist-open-data.s3.amazonaws.com/photos/399656555/original.jpg,data/raw/wild_ginger/399656555.jpg,524724,ca9c6ed77c4bcc3a8bced65ff0ae7b05,1536,2048,2026-09-11T17:35:59+1200,train
wild_ginger,plant,Wild ginger,Hedychium gardnerianum,54146534,86139750,cc0,no rights reserved,2020-07-16,52495,Hedychium gardnerianum,https://inaturalist-open-data.s3.amazonaws.com/photos/86139750/large.jpeg,https://inaturalist-open-data.s3.amazonaws.com/photos/86139750/original.jpeg,data/raw/wild_ginger/86139750.jpg,464440,992be0720520141dea37adc28237d80f,2048,1536,2026-09-11T17:35:59+1200,train
wild_ginger,plant,Wild ginger,Hedychium gardnerianum,43835509,69521829,cc0,no rights reserved,2019-09-07,52495,Hedychium gardnerianum,https://inaturalist-open-data.s3.amazonaws.com/photos/69521829/large.jpeg,https://inaturalist-open-data.s3.amazonaws.com/photos/69521829/original.jpeg,data/raw/wild_ginger/69521829.jpg,264427,6b2b447be433d9ef1ecc64bc89832731,1536,2048,2026-09-11T17:35:59+1200,train
wild_ginger,plant,Wild ginger,Hedychium gardnerianum,5742871,7125905,cc-by,"(c) naturewatchwidow, some rights reserved (CC BY)",2017-04-16,52495,Hedychium gardnerianum,https://inaturalist-open-data.s3.amazonaws.com/photos/7125905/large.jpeg,https://inaturalist-open-data.s3.amazonaws.com/photos/7125905/original.jpeg,data/raw/wild_ginger/7125905.jpg,554071,5c0d3c779b695dab3c36e3c64b58f18f,1152,2048,2026-09-11T17:35:59+1200,train
wild_ginger,plant,Wild ginger,Hedychium gardnerianum,14160298,20989848,cc0,no rights reserved,2018-07-08,52495,Hedychium gardnerianum,https://inaturalist-open-data.s3.amazonaws.com/photos/20989848/large.jpeg,https://inaturalist-open-data.s3.amazonaws.com/photos/20989848/original.jpeg,data/raw/wild_ginger/20989848.jpg,225731,01798ba9d1d9f8583978b7e4286fb89f,1536,2048,2026-09-11T17:35:59+1200,train
wild_ginger,plant,Wild ginger,Hedychium gardnerianum,15461217,23196048,cc0,no rights reserved,2018-08-12,52495,Hedychium gardnerianum,https://inaturalist-open-data.s3.amazonaws.com/photos/23196048/large.jpeg,https://inaturalist-open-data.s3.amazonaws.com/photos/23196048/original.jpeg,data/raw/wild_ginger/23196048.jpg,428400,1abdb03a86b5bc8b675d74559535f44d,1536,2048,2026-09-11T17:35:59+1200,train
wild_ginger,plant,Wild ginger,Hedychium gardnerianum,13810270,20372520,cc0,no rights reserved,2018-06-18,52495,Hedychium gardnerianum,https://inaturalist-open-data.s3.amazonaws.com/photos/20372520/large.jpeg,https://inaturalist-open-data.s3.amazonaws.com/photos/20372520/original.jpeg,data/raw/wild_ginger/20372520.jpg,496622,a7726e3496e1e16e48ab52004b473ec0,1536,2048,2026-09-11T17:35:59+1200,train
wild_ginger,plant,Wild ginger,Hedychium gardnerianum,13576593,19966475,cc0,no rights reserved,2018-06-15,52495,Hedychium gardnerianum,https://inaturalist-open-data.s3.amazonaws.com/photos/19966475/large.jpeg,https://inaturalist-open-data.s3.amazonaws.com/photos/19966475/original.jpeg,data/raw/wild_ginger/19966475.jpg,543496,728170329a47e19a60b852e17ff3ac50,1536,2048,2026-09-11T17:35:59+1200,train
wild_ginger,plant,Wild ginger,Hedychium gardnerianum,13576594,19966478,cc0,no rights reserved,2018-06-15,52495,Hedychium gardnerianum,https://inaturalist-open-data.s3.amazonaws.com/photos/19966478/large.jpeg,https://inaturalist-open-data.s3.amazonaws.com/photos/19966478/original.jpeg,data/raw/wild_ginger/19966478.jpg,359540,cc2bf9218d59273ec29a9805c166a2e9,1536,2048,2026-09-11T17:35:59+1200,train
wild_ginger,plant,Wild ginger,Hedychium gardnerianum,234641266,417166240,cc0,no rights reserved,2024-07-14,52495,Hedychium gardnerianum,https://inaturalist-open-data.s3.amazonaws.com/photos/417166240/large.jpeg,https://inaturalist-open-data.s3.amazonaws.com/photos/417166240/original.jpeg,data/raw/wild_ginger/417166240.jpg,532160,4f2dd6c76283054f6e15f31a91eb612c,1536,2048,2026-09-11T17:35:59+1200,train
wild_ginger,plant,Wild ginger,Hedychium gardnerianum,175157585,304379609,cc-by,"(c) Michael Berardozzi, some rights reserved (CC BY)",2023-07-27,52495,Hedychium gardnerianum,https://inaturalist-open-data.s3.amazonaws.com/photos/304379609/large.jpg,https://inaturalist-open-data.s3.amazonaws.com/photos/304379609/original.jpg,data/raw/wild_ginger/304379609.jpg,360550,935a1a9a6ad2d39b377d0765b97d4aaa,1536,2048,2026-09-11T17:35:59+1200,train
wild_ginger,plant,Wild ginger,Hedychium gardnerianum,151349625,261119787,cc0,no rights reserved,2023-02-14,52495,Hedychium gardnerianum,https://inaturalist-open-data.s3.amazonaws.com/photos/261119787/large.jpeg,https://inaturalist-open-data.s3.amazonaws.com/photos/261119787/original.jpeg,data/raw/wild_ginger/261119787.jpg,455532,e3f648b903069ba86c85a423767ebaf6,1536,2048,2026-09-11T17:35:59+1200,train
wild_ginger,plant,Wild ginger,Hedychium gardnerianum,158551869,273989615,cc-by,"(c) Emily Roberts, some rights reserved (CC BY)",2023-04-30,52495,Hedychium gardnerianum,https://inaturalist-open-data.s3.amazonaws.com/photos/273989615/large.jpeg,https://inaturalist-open-data.s3.amazonaws.com/photos/273989615/original.jpeg,data/raw/wild_ginger/273989615.jpg,625981,ed34d91cedd463ee9e5a64ffc7ebdc6a,2048,1536,2026-09-11T17:35:59+1200,train
wild_ginger,plant,Wild ginger,Hedychium gardnerianum,158057275,273206767,cc-by,"(c) naturewatchwidow, some rights reserved (CC BY)",2023-04-30,52495,Hedychium gardnerianum,https://inaturalist-open-data.s3.amazonaws.com/photos/273206767/large.jpeg,https://inaturalist-open-data.s3.amazonaws.com/photos/273206767/original.jpeg,data/raw/wild_ginger/273206767.jpg,664820,01ef7f7f930162e38d080fd99d403c50,1536,2048,2026-09-11T17:35:59+1200,train
wild_ginger,plant,Wild ginger,Hedychium gardnerianum,198277081,349432649,cc0,no rights reserved,2024-02-03,52495,Hedychium gardnerianum,https://inaturalist-open-data.s3.amazonaws.com/photos/349432649/large.jpeg,https://inaturalist-open-data.s3.amazonaws.com/photos/349432649/original.jpeg,data/raw/wild_ginger/349432649.jpg,664719,60ee2c007076b9ddf6a92625b77ab563,1536,2048,2026-09-11T17:35:59+1200,train
wild_ginger,plant,Wild ginger,Hedychium gardnerianum,340112762,618864760,cc-by,"(c) Emily Roberts, some rights reserved (CC BY)",2026-02-25,52495,Hedychium gardnerianum,https://inaturalist-open-data.s3.amazonaws.com/photos/618864760/large.jpg,https://inaturalist-open-data.s3.amazonaws.com/photos/618864760/original.jpg,data/raw/wild_ginger/618864760.jpg,447188,48130547ebb84096a4bc709eae927193,2048,1536,2026-09-11T17:35:59+1200,train
wild_ginger,plant,Wild ginger,Hedychium gardnerianum,324273416,586892645,cc-by,"(c) chrystal1914, some rights reserved (CC BY)",2025-11-01,52495,Hedychium gardnerianum,https://inaturalist-open-data.s3.amazonaws.com/photos/586892645/large.jpg,https://inaturalist-open-data.s3.amazonaws.com/photos/586892645/original.jpg,data/raw/wild_ginger/586892645.jpg,558367,3363f6772b67fb4aa24653b598206a44,922,2048,2026-09-11T17:35:59+1200,train
wild_ginger,plant,Wild ginger,Hedychium gardnerianum,395671063,725518205,cc0,no rights reserved,2026-08-30,52495,Hedychium gardnerianum,https://inaturalist-open-data.s3.amazonaws.com/photos/725518205/large.jpg,https://inaturalist-open-data.s3.amazonaws.com/photos/725518205/original.jpg,data/raw/wild_ginger/725518205.jpg,853188,ab8ccc1608c392a3d56f8ea34747961f,1536,2048,2026-09-11T17:35:59+1200,train
wild_ginger,plant,Wild ginger,Hedychium gardnerianum,5196668,6412366,cc-by,"(c) Bruce Calvert, some rights reserved (CC BY)",2017-02-28,52495,Hedychium gardnerianum,https://inaturalist-open-data.s3.amazonaws.com/photos/6412366/large.jpeg,https://inaturalist-open-data.s3.amazonaws.com/photos/6412366/original.jpeg,data/raw/wild_ginger/6412366.jpg,660053,5482a536e6398a95ae8dffa6559bdec3,2048,1536,2026-09-11T17:35:59+1200,train
wild_ginger,plant,Wild ginger,Hedychium gardnerianum,27364071,42567099,cc0,no rights reserved,2019-06-09,52495,Hedychium gardnerianum,https://inaturalist-open-data.s3.amazonaws.com/photos/42567099/large.jpeg,https://inaturalist-open-data.s3.amazonaws.com/photos/42567099/original.jpeg,data/raw/wild_ginger/42567099.jpg,178666,fc29a02d71f17bdb939320b67c31cfac,2048,1536,2026-09-11T17:35:59+1200,train
wild_ginger,plant,Wild ginger,Hedychium gardnerianum,32551655,51065706,cc0,no rights reserved,2019-09-10,52495,Hedychium gardnerianum,https://inaturalist-open-data.s3.amazonaws.com/photos/51065706/large.jpeg,https://inaturalist-open-data.s3.amazonaws.com/photos/51065706/original.jpeg,data/raw/wild_ginger/51065706.jpg,226699,582d5e342f142c89ce22ebef3a64c7df,2048,1536,2026-09-11T17:35:59+1200,train
wild_ginger,plant,Wild ginger,Hedychium gardnerianum,34143895,53694590,cc0,no rights reserved,2019-04-02,52495,Hedychium gardnerianum,https://inaturalist-open-data.s3.amazonaws.com/photos/53694590/large.jpeg,https://inaturalist-open-data.s3.amazonaws.com/photos/53694590/original.jpeg,data/raw/wild_ginger/53694590.jpg,226978,e6bc990ad15c1bd392278120933c06a0,2048,1536,2026-09-11T17:35:59+1200,train
wild_ginger,plant,Wild ginger,Hedychium gardnerianum,34436861,54196603,cc0,no rights reserved,2019-05-01,52495,Hedychium gardnerianum,https://inaturalist-open-data.s3.amazonaws.com/photos/54196603/large.jpeg,https://inaturalist-open-data.s3.amazonaws.com/photos/54196603/original.jpeg,data/raw/wild_ginger/54196603.jpg,330353,d1fa1a8ae2fcdebffee69b1ebeb3aee8,1536,2048,2026-09-11T17:35:59+1200,train
wild_ginger,plant,Wild ginger,Hedychium gardnerianum,34156946,53720515,cc0,no rights reserved,2019-04-09,52495,Hedychium gardnerianum,https://inaturalist-open-data.s3.amazonaws.com/photos/53720515/large.jpeg,https://inaturalist-open-data.s3.amazonaws.com/photos/53720515/original.jpeg,data/raw/wild_ginger/53720515.jpg,394239,32a781914226e22607975a7d47f0e23c,2048,1536,2026-09-11T17:35:59+1200,train
wild_ginger,plant,Wild ginger,Hedychium gardnerianum,104955565,175983635,cc-by,"(c) Joe Dillon, some rights reserved (CC BY)",2022-01-12,52495,Hedychium gardnerianum,https://inaturalist-open-data.s3.amazonaws.com/photos/175983635/large.jpeg,https://inaturalist-open-data.s3.amazonaws.com/photos/175983635/original.jpeg,data/raw/wild_ginger/175983635.jpg,503811,bba6cf06c20bfe41771fbe77858cb6ab,2048,1365,2026-09-11T17:35:59+1200,train
wild_ginger,plant,Wild ginger,Hedychium gardnerianum,201652231,356002099,cc-by,"(c) derek_onley, some rights reserved (CC BY)",2024-03-05,52495,Hedychium gardnerianum,https://inaturalist-open-data.s3.amazonaws.com/photos/356002099/large.jpeg,https://inaturalist-open-data.s3.amazonaws.com/photos/356002099/original.jpeg,data/raw/wild_ginger/356002099.jpg,536941,824471dbe85fd535443c7bb328dde4f9,2048,1365,2026-09-11T17:35:59+1200,train
wild_ginger,plant,Wild ginger,Hedychium gardnerianum,352605961,643518933,cc-by,"(c) naturewatchwidow, some rights reserved (CC BY)",2026-04-24,52495,Hedychium gardnerianum,https://inaturalist-open-data.s3.amazonaws.com/photos/643518933/large.jpg,https://inaturalist-open-data.s3.amazonaws.com/photos/643518933/original.jpg,data/raw/wild_ginger/643518933.jpg,310343,d4eb81920aea76ca47966d25c743a2a5,2048,1536,2026-09-11T17:35:59+1200,train
wild_ginger,plant,Wild ginger,Hedychium gardnerianum,158522800,273959899,cc-by,"(c) Halema J, some rights reserved (CC BY)",2023-05-01,52495,Hedychium gardnerianum,https://inaturalist-open-data.s3.amazonaws.com/photos/273959899/large.jpg,https://inaturalist-open-data.s3.amazonaws.com/photos/273959899/original.jpg,data/raw/wild_ginger/273959899.jpg,395261,5b7ea398c667f3cc1dd5fdee96420555,1152,2048,2026-09-11T17:35:59+1200,train
wild_ginger,plant,Wild ginger,Hedychium gardnerianum,5094468,6259695,cc-by,"(c) Bruce Calvert, some rights reserved (CC BY)",2017-02-12,52495,Hedychium gardnerianum,https://inaturalist-open-data.s3.amazonaws.com/photos/6259695/large.jpeg,https://inaturalist-open-data.s3.amazonaws.com/photos/6259695/original.jpeg,data/raw/wild_ginger/6259695.jpg,556945,854ee0eba7ee1e47baa509c20490e042,1536,2048,2026-09-11T17:35:59+1200,train
wild_ginger,plant,Wild ginger,Hedychium gardnerianum,13810049,20372038,cc0,no rights reserved,2018-06-18,52495,Hedychium gardnerianum,https://inaturalist-open-data.s3.amazonaws.com/photos/20372038/large.jpeg,https://inaturalist-open-data.s3.amazonaws.com/photos/20372038/original.jpeg,data/raw/wild_ginger/20372038.jpg,294734,33de69e6c7556a66ed0754aef6baeada,1536,2048,2026-09-11T17:35:59+1200,train
wild_ginger,plant,Wild ginger,Hedychium gardnerianum,13811104,20373731,cc0,no rights reserved,2018-06-18,52495,Hedychium gardnerianum,https://inaturalist-open-data.s3.amazonaws.com/photos/20373731/large.jpeg,https://inaturalist-open-data.s3.amazonaws.com/photos/20373731/original.jpeg,data/raw/wild_ginger/20373731.jpg,425273,1a9c9abdf1dd49bf8c1bd7a10f31921e,1536,2048,2026-09-11T17:35:59+1200,train
wild_ginger,plant,Wild ginger,Hedychium gardnerianum,14220243,21096356,cc0,no rights reserved,2018-07-10,52495,Hedychium gardnerianum,https://inaturalist-open-data.s3.amazonaws.com/photos/21096356/large.jpeg,https://inaturalist-open-data.s3.amazonaws.com/photos/21096356/original.jpeg,data/raw/wild_ginger/21096356.jpg,346290,16c4abe0db7d2f453537ce33791b7541,1536,2048,2026-09-11T17:35:59+1200,train
wild_ginger,plant,Wild ginger,Hedychium gardnerianum,14220245,114904810,cc0,no rights reserved,2018-07-10,52495,Hedychium gardnerianum,https://inaturalist-open-data.s3.amazonaws.com/photos/114904810/large.jpeg,https://inaturalist-open-data.s3.amazonaws.com/photos/114904810/original.jpeg,data/raw/wild_ginger/114904810.jpg,463864,0669a74d387659b4ac3d9c1574b565e9,1536,2048,2026-09-11T17:35:59+1200,train
wild_ginger,plant,Wild ginger,Hedychium gardnerianum,18084626,27650791,cc-by,"(c) War Weeds, some rights reserved (CC BY)",2018-10-17,52495,Hedychium gardnerianum,https://inaturalist-open-data.s3.amazonaws.com/photos/27650791/large.jpeg,https://inaturalist-open-data.s3.amazonaws.com/photos/27650791/original.jpeg,data/raw/wild_ginger/27650791.jpg,428729,a3af01b17376cc9a4f9d3923e33abc6f,2048,1152,2026-09-11T17:35:59+1200,train
wild_ginger,plant,Wild ginger,Hedychium gardnerianum,207862108,367716666,cc-by,"(c) Halema J, some rights reserved (CC BY)",2024-04-18,52495,Hedychium gardnerianum,https://inaturalist-open-data.s3.amazonaws.com/photos/367716666/large.jpeg,https://inaturalist-open-data.s3.amazonaws.com/photos/367716666/original.jpeg,data/raw/wild_ginger/367716666.jpg,553078,101bf1b81f1aa0b66d03cd807ef11f37,1152,2048,2026-09-11T17:35:59+1200,train
wild_ginger,plant,Wild ginger,Hedychium gardnerianum,44701180,70871861,cc-by,"(c) nick_goldwater, some rights reserved (CC BY)",2020-05-03,52495,Hedychium gardnerianum,https://inaturalist-open-data.s3.amazonaws.com/photos/70871861/large.jpg,https://inaturalist-open-data.s3.amazonaws.com/photos/70871861/original.jpg,data/raw/wild_ginger/70871861.jpg,560529,304989db59fb7a2947cdea7b8d286594,2048,1536,2026-09-11T17:35:59+1200,train
wild_ginger,plant,Wild ginger,Hedychium gardnerianum,40871203,64797570,cc-by,"(c) Tim Park, some rights reserved (CC BY)",2020-03-28,52495,Hedychium gardnerianum,https://inaturalist-open-data.s3.amazonaws.com/photos/64797570/large.jpg,https://inaturalist-open-data.s3.amazonaws.com/photos/64797570/original.jpg,data/raw/wild_ginger/64797570.jpg,454035,73a5dac7521c0b20ff3286c9ea45a7dd,1536,2048,2026-09-11T17:35:59+1200,train
wild_ginger,plant,Wild ginger,Hedychium gardnerianum,41521249,65875719,cc0,no rights reserved,2019-03-24,52495,Hedychium gardnerianum,https://inaturalist-open-data.s3.amazonaws.com/photos/65875719/large.jpeg,https://inaturalist-open-data.s3.amazonaws.com/photos/65875719/original.jpeg,data/raw/wild_ginger/65875719.jpg,287076,6fdb42dc03e6ee56ad9768ebee785693,2048,1536,2026-09-11T17:35:59+1200,train
wild_ginger,plant,Wild ginger,Hedychium gardnerianum,244266271,435705126,cc-by,"(c) Tom Beard, some rights reserved (CC BY)",2024-09-21,52495,Hedychium gardnerianum,https://inaturalist-open-data.s3.amazonaws.com/photos/435705126/large.jpeg,https://inaturalist-open-data.s3.amazonaws.com/photos/435705126/original.jpeg,data/raw/wild_ginger/435705126.jpg,468250,1e21e55e0d746c3bd219dbed5e37b922,1536,2048,2026-09-11T17:35:59+1200,train
wild_ginger,plant,Wild ginger,Hedychium gardnerianum,176566273,306986843,cc-by,"(c) Adrian Kingston, some rights reserved (CC BY)",2023-08-04,52495,Hedychium gardnerianum,https://inaturalist-open-data.s3.amazonaws.com/photos/306986843/large.jpeg,https://inaturalist-open-data.s3.amazonaws.com/photos/306986843/original.jpeg,data/raw/wild_ginger/306986843.jpg,772100,7af8d56b6cb0c7b2fb98b6aa8bda705a,1536,2048,2026-09-11T17:35:59+1200,train
wild_ginger,plant,Wild ginger,Hedychium gardnerianum,237358289,422412703,cc-by,"(c) Lisa Bennett, some rights reserved (CC BY)",2024-08-23,52495,Hedychium gardnerianum,https://inaturalist-open-data.s3.amazonaws.com/photos/422412703/large.jpeg,https://inaturalist-open-data.s3.amazonaws.com/photos/422412703/original.jpeg,data/raw/wild_ginger/422412703.jpg,605616,2ba7694b2a8771f2213c3a485a9c4244,1536,2048,2026-09-11T17:35:59+1200,train
wild_ginger,plant,Wild ginger,Hedychium gardnerianum,179107071,311774329,cc-by,"(c) Leon Perrie, some rights reserved (CC BY)",2023-08-19,52495,Hedychium gardnerianum,https://inaturalist-open-data.s3.amazonaws.com/photos/311774329/large.jpeg,https://inaturalist-open-data.s3.amazonaws.com/photos/311774329/original.jpeg,data/raw/wild_ginger/311774329.jpg,338917,65d67a603340121061f0ed179aa02c54,1536,2048,2026-09-11T17:35:59+1200,train
wild_ginger,plant,Wild ginger,Hedychium gardnerianum,56790812,90525587,cc0,no rights reserved,2019-11-20,52495,Hedychium gardnerianum,https://inaturalist-open-data.s3.amazonaws.com/photos/90525587/large.jpeg,https://inaturalist-open-data.s3.amazonaws.com/photos/90525587/original.jpeg,data/raw/wild_ginger/90525587.jpg,471399,28bab7874f66369f268856a811587d5d,1536,2048,2026-09-11T17:35:59+1200,train
wild_ginger,plant,Wild ginger,Hedychium gardnerianum,65778763,105929453,cc0,no rights reserved,2020-11-29,52495,Hedychium gardnerianum,https://inaturalist-open-data.s3.amazonaws.com/photos/105929453/large.jpeg,https://inaturalist-open-data.s3.amazonaws.com/photos/105929453/original.jpeg,data/raw/wild_ginger/105929453.jpg,685767,d64d1e7070c83e46a85fae9bb96f7a79,1536,2048,2026-09-11T17:35:59+1200,train
wild_ginger,plant,Wild ginger,Hedychium gardnerianum,191727318,336417485,cc-by,"(c) Geoff, some rights reserved (CC BY)",2023-11-22,52495,Hedychium gardnerianum,https://inaturalist-open-data.s3.amazonaws.com/photos/336417485/large.jpeg,https://inaturalist-open-data.s3.amazonaws.com/photos/336417485/original.jpeg,data/raw/wild_ginger/336417485.jpg,621114,30d639958ae9f5e32ab306b44719bdbb,1536,2048,2026-09-11T17:35:59+1200,train
wild_ginger,plant,Wild ginger,Hedychium gardnerianum,357788494,652615642,cc-by,"(c) Nic Charlton, some rights reserved (CC BY)",2026-04-25,52495,Hedychium gardnerianum,https://inaturalist-open-data.s3.amazonaws.com/photos/652615642/large.jpg,https://inaturalist-open-data.s3.amazonaws.com/photos/652615642/original.jpg,data/raw/wild_ginger/652615642.jpg,855815,84ab399fc81a3098cf0026cc2ce78703,2048,2046,2026-09-11T17:35:59+1200,train
wild_ginger,plant,Wild ginger,Hedychium gardnerianum,944696,1181592,cc-by,"(c) Jon Sullivan, some rights reserved (CC BY)",2002-03-10,52495,Hedychium gardnerianum,https://inaturalist-open-data.s3.amazonaws.com/photos/1181592/large.jpg,https://inaturalist-open-data.s3.amazonaws.com/photos/1181592/original.jpg,data/raw/wild_ginger/1181592.jpg,306970,9596ee2e8028e2071bfd3fdaeae16953,1536,2048,2026-09-11T17:35:59+1200,train
wild_ginger,plant,Wild ginger,Hedychium gardnerianum,21896245,33926973,cc0,no rights reserved,2019-03-31,52495,Hedychium gardnerianum,https://inaturalist-open-data.s3.amazonaws.com/photos/33926973/large.jpeg,https://inaturalist-open-data.s3.amazonaws.com/photos/33926973/original.jpeg,data/raw/wild_ginger/33926973.jpg,159395,1b58e4f996797755fee6f1967d3b9932,2048,2029,2026-09-11T17:35:59+1200,train
wild_ginger,plant,Wild ginger,Hedychium gardnerianum,22506265,34867768,cc0,no rights reserved,2019-04-10,52495,Hedychium gardnerianum,https://inaturalist-open-data.s3.amazonaws.com/photos/34867768/large.jpeg,https://inaturalist-open-data.s3.amazonaws.com/photos/34867768/original.jpeg,data/raw/wild_ginger/34867768.jpg,388417,bea861bb717a2b419c0d6ce90fcff359,2048,1536,2026-09-11T17:35:59+1200,train
wild_ginger,plant,Wild ginger,Hedychium gardnerianum,92036507,152325029,cc-by,"(c) Kate McAlpine, some rights reserved (CC BY)",2021-08-22,52495,Hedychium gardnerianum,https://inaturalist-open-data.s3.amazonaws.com/photos/152325029/large.jpeg,https://inaturalist-open-data.s3.amazonaws.com/photos/152325029/original.jpeg,data/raw/wild_ginger/152325029.jpg,676545,e29f3240330eac122c488d1e1b539d83,1536,2048,2026-09-11T17:35:59+1200,train
wild_ginger,plant,Wild ginger,Hedychium gardnerianum,32550597,51063902,cc0,no rights reserved,2019-09-10,52495,Hedychium gardnerianum,https://inaturalist-open-data.s3.amazonaws.com/photos/51063902/large.jpeg,https://inaturalist-open-data.s3.amazonaws.com/photos/51063902/original.jpeg,data/raw/wild_ginger/51063902.jpg,392686,a9e863ec687569a10d992ae7189ef342,2048,1536,2026-09-11T17:35:59+1200,train
wild_ginger,plant,Wild ginger,Hedychium gardnerianum,35398369,55813517,cc0,no rights reserved,2019-07-21,52495,Hedychium gardnerianum,https://inaturalist-open-data.s3.amazonaws.com/photos/55813517/large.jpeg,https://inaturalist-open-data.s3.amazonaws.com/photos/55813517/original.jpeg,data/raw/wild_ginger/55813517.jpg,376459,f8be75497c4225ca3a7e045c086e0ca3,2048,1536,2026-09-11T17:35:59+1200,train
wild_ginger,plant,Wild ginger,Hedychium gardnerianum,35304009,55655576,cc0,no rights reserved,2019-05-15,52495,Hedychium gardnerianum,https://inaturalist-open-data.s3.amazonaws.com/photos/55655576/large.jpeg,https://inaturalist-open-data.s3.amazonaws.com/photos/55655576/original.jpeg,data/raw/wild_ginger/55655576.jpg,337521,c5e4fe2e554ad5763fd06571fd7309d5,2048,1536,2026-09-11T17:35:59+1200,train
wild_ginger,plant,Wild ginger,Hedychium gardnerianum,36285142,57339143,cc0,no rights reserved,2019-06-04,52495,Hedychium gardnerianum,https://inaturalist-open-data.s3.amazonaws.com/photos/57339143/large.jpeg,https://inaturalist-open-data.s3.amazonaws.com/photos/57339143/original.jpeg,data/raw/wild_ginger/57339143.jpg,382210,2e02e7114899973125ef19338e7e0560,2048,1536,2026-09-11T17:35:59+1200,train
wild_ginger,plant,Wild ginger,Hedychium gardnerianum,2826516,3217153,cc-by,"(c) Murray NZ, some rights reserved (CC BY)",2016-03-21,52495,Hedychium gardnerianum,https://inaturalist-open-data.s3.amazonaws.com/photos/3217153/large.jpg,https://inaturalist-open-data.s3.amazonaws.com/photos/3217153/original.jpg,data/raw/wild_ginger/3217153.jpg,391836,2ebc0cdb3a21c4f95852a343e13a8d73,1365,2048,2026-09-11T17:35:59+1200,train
wild_ginger,plant,Wild ginger,Hedychium gardnerianum,4452995,5364893,cc-by,"(c) War Weeds, some rights reserved (CC BY)",2016-10-28,52495,Hedychium gardnerianum,https://inaturalist-open-data.s3.amazonaws.com/photos/5364893/large.jpeg,https://inaturalist-open-data.s3.amazonaws.com/photos/5364893/original.jpeg,data/raw/wild_ginger/5364893.jpg,548203,6a8013be2286ab8e5f4d1c34d801b98e,1152,2048,2026-09-11T17:35:59+1200,train
wild_ginger,plant,Wild ginger,Hedychium gardnerianum,5596619,6913685,cc-by,"(c) Jacqui Geux, some rights reserved (CC BY)",2017-04-06,52495,Hedychium gardnerianum,https://inaturalist-open-data.s3.amazonaws.com/photos/6913685/large.jpeg,https://inaturalist-open-data.s3.amazonaws.com/photos/6913685/original.jpeg,data/raw/wild_ginger/6913685.jpg,160482,3720cbe0bf1b1c64fd70727a61704dd8,1600,1200,2026-09-11T17:35:59+1200,train
wild_ginger,plant,Wild ginger,Hedychium gardnerianum,1141108,1435544,cc-by,"(c) Tim Park, some rights reserved (CC BY)",2014-12-20,52495,Hedychium gardnerianum,https://inaturalist-open-data.s3.amazonaws.com/photos/1435544/large.jpg,https://inaturalist-open-data.s3.amazonaws.com/photos/1435544/original.jpg,data/raw/wild_ginger/1435544.jpg,1100955,1e1777d87eeef34e28c01499037350ef,960,720,2026-09-11T17:35:59+1200,train
wild_ginger,plant,Wild ginger,Hedychium gardnerianum,41726969,66199072,cc0,no rights reserved,2019-07-02,52495,Hedychium gardnerianum,https://inaturalist-open-data.s3.amazonaws.com/photos/66199072/large.jpeg,https://inaturalist-open-data.s3.amazonaws.com/photos/66199072/original.jpeg,data/raw/wild_ginger/66199072.jpg,291228,4844e64fd1b685b939157127b7e189ea,2048,1536,2026-09-11T17:35:59+1200,train
wild_ginger,plant,Wild ginger,Hedychium gardnerianum,46582602,73883598,cc0,no rights reserved,2020-01-18,52495,Hedychium gardnerianum,https://inaturalist-open-data.s3.amazonaws.com/photos/73883598/large.jpeg,https://inaturalist-open-data.s3.amazonaws.com/photos/73883598/original.jpeg,data/raw/wild_ginger/73883598.jpg,546088,ebfec9857ca5344149292dc6c9d1bc40,2048,1536,2026-09-11T17:35:59+1200,train
wild_ginger,plant,Wild ginger,Hedychium gardnerianum,213626875,377548385,cc-by,"(c) catchwords, some rights reserved (CC BY)",2024-04-28,52495,Hedychium gardnerianum,https://inaturalist-open-data.s3.amazonaws.com/photos/377548385/large.jpg,https://inaturalist-open-data.s3.amazonaws.com/photos/377548385/original.jpg,data/raw/wild_ginger/377548385.jpg,448128,d4eefbddb0856af07af2f26e894ee5a3,1536,2048,2026-09-11T17:35:59+1200,train
wild_ginger,plant,Wild ginger,Hedychium gardnerianum,212829245,376108068,cc-by,"(c) catchwords, some rights reserved (CC BY)",2024-04-28,52495,Hedychium gardnerianum,https://inaturalist-open-data.s3.amazonaws.com/photos/376108068/large.jpg,https://inaturalist-open-data.s3.amazonaws.com/photos/376108068/original.jpg,data/raw/wild_ginger/376108068.jpg,400360,cc5289f0d5b377ccfbf9e3701df537ac,2048,1727,2026-09-11T17:35:59+1200,train
wild_ginger,plant,Wild ginger,Hedychium gardnerianum,210372088,372089127,cc-by,"(c) Halema J, some rights reserved (CC BY)",2024-04-27,52495,Hedychium gardnerianum,https://inaturalist-open-data.s3.amazonaws.com/photos/372089127/large.jpeg,https://inaturalist-open-data.s3.amazonaws.com/photos/372089127/original.jpeg,data/raw/wild_ginger/372089127.jpg,491492,333ed7374249177229f39685961d7e9c,2048,1365,2026-09-11T17:35:59+1200,train
moth_plant,plant,Moth plant,Araujia sericifera,339790632,618199611,cc-by,"(c) Keith S, some rights reserved (CC BY)",2026-02-23,75499,Araujia sericifera,https://inaturalist-open-data.s3.amazonaws.com/photos/618199611/large.jpg,https://inaturalist-open-data.s3.amazonaws.com/photos/618199611/original.jpg,data/raw/moth_plant/618199611.jpg,887037,d0da820d27d6095b38fa5495bbcebd1f,2048,1536,2026-09-11T17:37:07+1200,train
moth_plant,plant,Moth plant,Araujia sericifera,339793265,618205094,cc-by,"(c) Keith S, some rights reserved (CC BY)",2026-02-23,75499,Araujia sericifera,https://inaturalist-open-data.s3.amazonaws.com/photos/618205094/large.jpg,https://inaturalist-open-data.s3.amazonaws.com/photos/618205094/original.jpg,data/raw/moth_plant/618205094.jpg,775577,b85b79734aa08c9aa0458f2f63b80835,1536,2048,2026-09-11T17:37:07+1200,train
moth_plant,plant,Moth plant,Araujia sericifera,67297395,108694364,cc0,no rights reserved,2020-12-30,75499,Araujia sericifera,https://inaturalist-open-data.s3.amazonaws.com/photos/108694364/large.jpeg,https://inaturalist-open-data.s3.amazonaws.com/photos/108694364/original.jpeg,data/raw/moth_plant/108694364.jpg,303030,bee08abade449a10113381572cc2f79b,1536,2048,2026-09-11T17:37:07+1200,train
moth_plant,plant,Moth plant,Araujia sericifera,175159352,304383051,cc-by,"(c) Courtney Tregurtha-Nairn, some rights reserved (CC BY)",2023-07-27,75499,Araujia sericifera,https://inaturalist-open-data.s3.amazonaws.com/photos/304383051/large.jpg,https://inaturalist-open-data.s3.amazonaws.com/photos/304383051/original.jpg,data/raw/moth_plant/304383051.jpg,492781,b539f39d60e166f7bd88e9117f6c41ef,1536,2048,2026-09-11T17:37:07+1200,train
moth_plant,plant,Moth plant,Araujia sericifera,18028489,27563545,cc0,no rights reserved,2018-08-26,75499,Araujia sericifera,https://inaturalist-open-data.s3.amazonaws.com/photos/27563545/large.jpeg,https://inaturalist-open-data.s3.amazonaws.com/photos/27563545/original.jpeg,data/raw/moth_plant/27563545.jpg,336251,563d0951d24aec7f6dee3ddd03e94ae3,1536,2048,2026-09-11T17:37:07+1200,train
moth_plant,plant,Moth plant,Araujia sericifera,244872353,436873319,cc-by,"(c) Wesley Webb, some rights reserved (CC BY)",2024-09-30,75499,Araujia sericifera,https://inaturalist-open-data.s3.amazonaws.com/photos/436873319/large.jpeg,https://inaturalist-open-data.s3.amazonaws.com/photos/436873319/original.jpeg,data/raw/moth_plant/436873319.jpg,458969,ecb3aa7c9302f25f0fbfc69a6a637595,946,2048,2026-09-11T17:37:07+1200,train
moth_plant,plant,Moth plant,Araujia sericifera,4919284,5990784,cc-by,"(c) Bruce Calvert, some rights reserved (CC BY)",2017-01-10,75499,Araujia sericifera,https://inaturalist-open-data.s3.amazonaws.com/photos/5990784/large.jpeg,https://inaturalist-open-data.s3.amazonaws.com/photos/5990784/original.jpeg,data/raw/moth_plant/5990784.jpg,291866,44bcae136f11a036d9e1ace4a5ad4c3c,2048,1536,2026-09-11T17:37:07+1200,train
moth_plant,plant,Moth plant,Araujia sericifera,71290260,116044398,cc0,no rights reserved,2021-03-15,75499,Araujia sericifera,https://inaturalist-open-data.s3.amazonaws.com/photos/116044398/large.jpeg,https://inaturalist-open-data.s3.amazonaws.com/photos/116044398/original.jpeg,data/raw/moth_plant/116044398.jpg,564694,39b78c3afc0caa511081e777430160ba,2042,2048,2026-09-11T17:37:07+1200,train
moth_plant,plant,Moth plant,Araujia sericifera,22856582,35417462,cc-by,"(c) Callan Bird, some rights reserved (CC BY)",2019-04-21,75499,Araujia sericifera,https://inaturalist-open-data.s3.amazonaws.com/photos/35417462/large.jpg,https://inaturalist-open-data.s3.amazonaws.com/photos/35417462/original.jpg,data/raw/moth_plant/35417462.jpg,173515,61c10793d7d05459c696e370a4aaf743,1536,2048,2026-09-11T17:37:07+1200,train
moth_plant,plant,Moth plant,Araujia sericifera,22406074,34704013,cc-by,"(c) Callan Bird, some rights reserved (CC BY)",2019-04-13,75499,Araujia sericifera,https://inaturalist-open-data.s3.amazonaws.com/photos/34704013/large.jpg,https://inaturalist-open-data.s3.amazonaws.com/photos/34704013/original.jpg,data/raw/moth_plant/34704013.jpg,98576,73cfe33436bfa9c4b9544405884ccab2,1536,2048,2026-09-11T17:37:07+1200,train
moth_plant,plant,Moth plant,Araujia sericifera,22804281,35343698,cc-by,"(c) Callan Bird, some rights reserved (CC BY)",2019-04-21,75499,Araujia sericifera,https://inaturalist-open-data.s3.amazonaws.com/photos/35343698/large.jpg,https://inaturalist-open-data.s3.amazonaws.com/photos/35343698/original.jpg,data/raw/moth_plant/35343698.jpg,277312,f4d1f2531d4065b63e0f8c64400c6e35,1536,2048,2026-09-11T17:37:07+1200,train
moth_plant,plant,Moth plant,Araujia sericifera,22934152,35550826,cc0,no rights reserved,2019-04-22,75499,Araujia sericifera,https://inaturalist-open-data.s3.amazonaws.com/photos/35550826/large.jpeg,https://inaturalist-open-data.s3.amazonaws.com/photos/35550826/original.jpeg,data/raw/moth_plant/35550826.jpg,386784,6e1342916cdfd2433567ee9e9cbed40e,2048,1536,2026-09-11T17:37:07+1200,train
moth_plant,plant,Moth plant,Araujia sericifera,22879593,35464150,cc0,no rights reserved,2019-04-20,75499,Araujia sericifera,https://inaturalist-open-data.s3.amazonaws.com/photos/35464150/large.jpeg,https://inaturalist-open-data.s3.amazonaws.com/photos/35464150/original.jpeg,data/raw/moth_plant/35464150.jpg,565826,9d4ae044562033f905cf290e009c6e76,1536,2048,2026-09-11T17:37:07+1200,train
moth_plant,plant,Moth plant,Araujia sericifera,273519771,491926291,cc-by,"(c) Keith S, some rights reserved (CC BY)",2025-04-26,75499,Araujia sericifera,https://inaturalist-open-data.s3.amazonaws.com/photos/491926291/large.jpeg,https://inaturalist-open-data.s3.amazonaws.com/photos/491926291/original.jpeg,data/raw/moth_plant/491926291.jpg,590783,e0a0bd7ea48632ed1e190f02158f6a9a,1536,2048,2026-09-11T17:37:07+1200,train
moth_plant,plant,Moth plant,Araujia sericifera,272881733,490939622,cc-by,"(c) prosperosity, some rights reserved (CC BY)",2025-04-25,75499,Araujia sericifera,https://inaturalist-open-data.s3.amazonaws.com/photos/490939622/large.jpeg,https://inaturalist-open-data.s3.amazonaws.com/photos/490939622/original.jpeg,data/raw/moth_plant/490939622.jpg,746967,f6cddfbff60c46afc9eacae24f5abfd0,1536,2048,2026-09-11T17:37:07+1200,train
moth_plant,plant,Moth plant,Araujia sericifera,22856501,35416190,cc-by,"(c) Callan Bird, some rights reserved (CC BY)",2019-04-21,75499,Araujia sericifera,https://inaturalist-open-data.s3.amazonaws.com/photos/35416190/large.jpg,https://inaturalist-open-data.s3.amazonaws.com/photos/35416190/original.jpg,data/raw/moth_plant/35416190.jpg,231868,9d73fe098cea0494b9f975660b68c8d2,1536,2048,2026-09-11T17:37:07+1200,train
moth_plant,plant,Moth plant,Araujia sericifera,64507992,103721783,cc-by,"(c) Javier, some rights reserved (CC BY)",2020-11-09,75499,Araujia sericifera,https://inaturalist-open-data.s3.amazonaws.com/photos/103721783/large.jpeg,https://inaturalist-open-data.s3.amazonaws.com/photos/103721783/original.jpeg,data/raw/moth_plant/103721783.jpg,205079,45ea36cc52bc6f25a62b908f7d39961a,2048,1536,2026-09-11T17:37:07+1200,train
moth_plant,plant,Moth plant,Araujia sericifera,2099752,2514472,cc-by,"(c) Bruce Calvert, some rights reserved (CC BY)",2015-10-12,75499,Araujia sericifera,https://inaturalist-open-data.s3.amazonaws.com/photos/2514472/large.jpg,https://inaturalist-open-data.s3.amazonaws.com/photos/2514472/original.jpg,data/raw/moth_plant/2514472.jpg,1260385,ca644ac9dfff76c1624fbb6fb104b4b8,1529,2048,2026-09-11T17:37:07+1200,train
moth_plant,plant,Moth plant,Araujia sericifera,10090360,13900833,cc-by,"(c) War Weeds, some rights reserved (CC BY)",2018-02-26,75499,Araujia sericifera,https://inaturalist-open-data.s3.amazonaws.com/photos/13900833/large.jpeg,https://inaturalist-open-data.s3.amazonaws.com/photos/13900833/original.jpeg,data/raw/moth_plant/13900833.jpg,322335,97606483cbf72bc84c202229b9555eda,1367,2048,2026-09-11T17:37:07+1200,train
moth_plant,plant,Moth plant,Araujia sericifera,67297662,108695722,cc0,no rights reserved,2020-12-30,75499,Araujia sericifera,https://inaturalist-open-data.s3.amazonaws.com/photos/108695722/large.jpeg,https://inaturalist-open-data.s3.amazonaws.com/photos/108695722/original.jpeg,data/raw/moth_plant/108695722.jpg,410770,56067b6e778fa959b89ab86bc3ba7560,1536,2048,2026-09-11T17:37:07+1200,train
moth_plant,plant,Moth plant,Araujia sericifera,154887895,267671815,cc-by,"(c) M Rutherford, some rights reserved (CC BY)",2023-04-15,75499,Araujia sericifera,https://inaturalist-open-data.s3.amazonaws.com/photos/267671815/large.jpeg,https://inaturalist-open-data.s3.amazonaws.com/photos/267671815/original.jpeg,data/raw/moth_plant/267671815.jpg,544548,b08342e3b8ed78cd761d1ab080a192f2,2048,921,2026-09-11T17:37:07+1200,train
moth_plant,plant,Moth plant,Araujia sericifera,269049487,483696553,cc0,no rights reserved,2025-04-07,75499,Araujia sericifera,https://inaturalist-open-data.s3.amazonaws.com/photos/483696553/large.jpeg,https://inaturalist-open-data.s3.amazonaws.com/photos/483696553/original.jpeg,data/raw/moth_plant/483696553.jpg,569855,24120f2f6b25481f73530edded24c3e8,1536,2048,2026-09-11T17:37:07+1200,train
moth_plant,plant,Moth plant,Araujia sericifera,149025457,256733908,cc-by,"(c) prosperosity, some rights reserved (CC BY)",2023-02-18,75499,Araujia sericifera,https://inaturalist-open-data.s3.amazonaws.com/photos/256733908/large.jpg,https://inaturalist-open-data.s3.amazonaws.com/photos/256733908/original.jpg,data/raw/moth_plant/256733908.jpg,266845,9acc02150b1e6f62e623188d6b06f663,1536,2048,2026-09-11T17:37:07+1200,train
moth_plant,plant,Moth plant,Araujia sericifera,380573339,696267829,cc-by,"(c) Carl Ramirez, some rights reserved (CC BY)",2026-07-12,75499,Araujia sericifera,https://inaturalist-open-data.s3.amazonaws.com/photos/696267829/large.jpg,https://inaturalist-open-data.s3.amazonaws.com/photos/696267829/original.jpg,data/raw/moth_plant/696267829.jpg,739413,78d57797a1c0e4c4eba50d075a62fb6d,1536,2048,2026-09-11T17:37:07+1200,train
moth_plant,plant,Moth plant,Araujia sericifera,20076448,31001503,cc0,no rights reserved,2019-02-04,75499,Araujia sericifera,https://inaturalist-open-data.s3.amazonaws.com/photos/31001503/large.jpeg,https://inaturalist-open-data.s3.amazonaws.com/photos/31001503/original.jpeg,data/raw/moth_plant/31001503.jpg,315989,39996177d96c461d61f19f1f4b3eb989,2048,1536,2026-09-11T17:37:07+1200,train
moth_plant,plant,Moth plant,Araujia sericifera,20273747,31294660,cc0,no rights reserved,2019-01-26,75499,Araujia sericifera,https://inaturalist-open-data.s3.amazonaws.com/photos/31294660/large.jpeg,https://inaturalist-open-data.s3.amazonaws.com/photos/31294660/original.jpeg,data/raw/moth_plant/31294660.jpg,228216,caf03448f1b5dd9c6875ee561dfd8741,2048,1919,2026-09-11T17:37:07+1200,train
moth_plant,plant,Moth plant,Araujia sericifera,22547917,34934219,cc-by,"(c) Callan Bird, some rights reserved (CC BY)",2019-04-16,75499,Araujia sericifera,https://inaturalist-open-data.s3.amazonaws.com/photos/34934219/large.jpg,https://inaturalist-open-data.s3.amazonaws.com/photos/34934219/original.jpg,data/raw/moth_plant/34934219.jpg,377388,24ce5ce59baba5d6acc0a14dc20679dd,2048,1536,2026-09-11T17:37:07+1200,train
moth_plant,plant,Moth plant,Araujia sericifera,18670744,28582330,cc0,no rights reserved,2018-11-27,75499,Araujia sericifera,https://inaturalist-open-data.s3.amazonaws.com/photos/28582330/large.jpeg,https://inaturalist-open-data.s3.amazonaws.com/photos/28582330/original.jpeg,data/raw/moth_plant/28582330.jpg,404980,8cd89f4111babad19fa85f1007853b7a,1536,2048,2026-09-11T17:37:07+1200,train
moth_plant,plant,Moth plant,Araujia sericifera,18670748,28582430,cc0,no rights reserved,2018-11-27,75499,Araujia sericifera,https://inaturalist-open-data.s3.amazonaws.com/photos/28582430/large.jpeg,https://inaturalist-open-data.s3.amazonaws.com/photos/28582430/original.jpeg,data/raw/moth_plant/28582430.jpg,450430,dc17be1259de3194879f34454792c982,1536,2048,2026-09-11T17:37:07+1200,train
moth_plant,plant,Moth plant,Araujia sericifera,22452161,34774898,cc-by,"(c) Callan Bird, some rights reserved (CC BY)",2019-04-14,75499,Araujia sericifera,https://inaturalist-open-data.s3.amazonaws.com/photos/34774898/large.jpg,https://inaturalist-open-data.s3.amazonaws.com/photos/34774898/original.jpg,data/raw/moth_plant/34774898.jpg,164197,e944fa746a35dd06b724e81214f52593,1536,2048,2026-09-11T17:37:07+1200,train
moth_plant,plant,Moth plant,Araujia sericifera,22698811,35173816,cc-by,"(c) Callan Bird, some rights reserved (CC BY)",2019-04-19,75499,Araujia sericifera,https://inaturalist-open-data.s3.amazonaws.com/photos/35173816/large.jpg,https://inaturalist-open-data.s3.amazonaws.com/photos/35173816/original.jpg,data/raw/moth_plant/35173816.jpg,229921,c343df1457e7585b9f15bdcf5da51c7e,2048,1536,2026-09-11T17:37:07+1200,train
moth_plant,plant,Moth plant,Araujia sericifera,22269191,34486040,cc-by,"(c) Paul Bell-Butler, some rights reserved (CC BY)",2019-04-10,75499,Araujia sericifera,https://inaturalist-open-data.s3.amazonaws.com/photos/34486040/large.jpeg,https://inaturalist-open-data.s3.amazonaws.com/photos/34486040/original.jpeg,data/raw/moth_plant/34486040.jpg,685603,447a63681678382c90b3fd7508a19cb2,2048,1536,2026-09-11T17:37:07+1200,train
moth_plant,plant,Moth plant,Araujia sericifera,22808529,35350780,cc0,no rights reserved,2019-04-20,75499,Araujia sericifera,https://inaturalist-open-data.s3.amazonaws.com/photos/35350780/large.jpeg,https://inaturalist-open-data.s3.amazonaws.com/photos/35350780/original.jpeg,data/raw/moth_plant/35350780.jpg,466384,dee43aaa36d04f5c696abf919a8f3c6a,1536,2048,2026-09-11T17:37:07+1200,train
moth_plant,plant,Moth plant,Araujia sericifera,103316097,172884855,cc-by,"(c) Kate McAlpine, some rights reserved (CC BY)",2021-12-19,75499,Araujia sericifera,https://inaturalist-open-data.s3.amazonaws.com/photos/172884855/large.jpeg,https://inaturalist-open-data.s3.amazonaws.com/photos/172884855/original.jpeg,data/raw/moth_plant/172884855.jpg,483797,9f5b7f720a13d9825cab836481d4a2fb,1536,2048,2026-09-11T17:37:07+1200,train
moth_plant,plant,Moth plant,Araujia sericifera,104959951,175989516,cc-by,"(c) prosperosity, some rights reserved (CC BY)",2022-01-15,75499,Araujia sericifera,https://inaturalist-open-data.s3.amazonaws.com/photos/175989516/large.jpg,https://inaturalist-open-data.s3.amazonaws.com/photos/175989516/original.jpg,data/raw/moth_plant/175989516.jpg,399372,549b990957aad2af8a558dd57b578c3f,1536,2048,2026-09-11T17:37:07+1200,train
moth_plant,plant,Moth plant,Araujia sericifera,159078293,274840291,cc-by,"(c) prosperosity, some rights reserved (CC BY)",2023-05-02,75499,Araujia sericifera,https://inaturalist-open-data.s3.amazonaws.com/photos/274840291/large.jpg,https://inaturalist-open-data.s3.amazonaws.com/photos/274840291/original.jpg,data/raw/moth_plant/274840291.jpg,431975,278ca621218d7f4ddc88ff32bf441649,1536,2048,2026-09-11T17:37:07+1200,train
moth_plant,plant,Moth plant,Araujia sericifera,156844776,271250940,cc-by,"(c) M Rutherford, some rights reserved (CC BY)",2023-04-27,75499,Araujia sericifera,https://inaturalist-open-data.s3.amazonaws.com/photos/271250940/large.jpeg,https://inaturalist-open-data.s3.amazonaws.com/photos/271250940/original.jpeg,data/raw/moth_plant/271250940.jpg,460112,3ca8b6638860477204ae65c123c2e0ad,921,2048,2026-09-11T17:37:07+1200,train
moth_plant,plant,Moth plant,Araujia sericifera,83367409,136914062,cc0,no rights reserved,2019-03-31,75499,Araujia sericifera,https://inaturalist-open-data.s3.amazonaws.com/photos/136914062/large.jpeg,https://inaturalist-open-data.s3.amazonaws.com/photos/136914062/original.jpeg,data/raw/moth_plant/136914062.jpg,355456,093611db88a7254e8d45ebc1a1047486,1536,2048,2026-09-11T17:37:07+1200,train
moth_plant,plant,Moth plant,Araujia sericifera,27138634,42194329,cc0,no rights reserved,2019-06-17,75499,Araujia sericifera,https://inaturalist-open-data.s3.amazonaws.com/photos/42194329/large.jpg,https://inaturalist-open-data.s3.amazonaws.com/photos/42194329/original.jpg,data/raw/moth_plant/42194329.jpg,305016,06c7cc353f6a89d82efeb2adbfd59e55,1536,2048,2026-09-11T17:37:07+1200,train
moth_plant,plant,Moth plant,Araujia sericifera,67297384,108694255,cc0,no rights reserved,2020-12-30,75499,Araujia sericifera,https://inaturalist-open-data.s3.amazonaws.com/photos/108694255/large.jpeg,https://inaturalist-open-data.s3.amazonaws.com/photos/108694255/original.jpeg,data/raw/moth_plant/108694255.jpg,395179,dd36fd5b4b5a0440a43f8a16546e5efe,1536,2048,2026-09-11T17:37:07+1200,train
moth_plant,plant,Moth plant,Araujia sericifera,67297658,108695710,cc0,no rights reserved,2020-12-30,75499,Araujia sericifera,https://inaturalist-open-data.s3.amazonaws.com/photos/108695710/large.jpeg,https://inaturalist-open-data.s3.amazonaws.com/photos/108695710/original.jpeg,data/raw/moth_plant/108695710.jpg,575521,8fbb229332e28e6fe1d1d470636e9ce0,2048,1755,2026-09-11T17:37:07+1200,train
moth_plant,plant,Moth plant,Araujia sericifera,67297664,108695730,cc0,no rights reserved,2020-12-30,75499,Araujia sericifera,https://inaturalist-open-data.s3.amazonaws.com/photos/108695730/large.jpeg,https://inaturalist-open-data.s3.amazonaws.com/photos/108695730/original.jpeg,data/raw/moth_plant/108695730.jpg,486956,872a9f90e86b27a84590f048cc191283,1536,2048,2026-09-11T17:37:07+1200,train
moth_plant,plant,Moth plant,Araujia sericifera,264164305,474668835,cc-by,"(c) Keith S, some rights reserved (CC BY)",2025-03-07,75499,Araujia sericifera,https://inaturalist-open-data.s3.amazonaws.com/photos/474668835/large.jpeg,https://inaturalist-open-data.s3.amazonaws.com/photos/474668835/original.jpeg,data/raw/moth_plant/474668835.jpg,778300,d3cd075d0b2a1e3784fb66dc66837bfe,1536,2048,2026-09-11T17:37:07+1200,train
moth_plant,plant,Moth plant,Araujia sericifera,337375643,613289403,cc0,no rights reserved,2026-02-05,75499,Araujia sericifera,https://inaturalist-open-data.s3.amazonaws.com/photos/613289403/large.jpg,https://inaturalist-open-data.s3.amazonaws.com/photos/613289403/original.jpg,data/raw/moth_plant/613289403.jpg,481360,0b0217c825d3f7ece40ce062aa06c8ec,1536,2048,2026-09-11T17:37:07+1200,train
moth_plant,plant,Moth plant,Araujia sericifera,330638075,599641259,cc0,no rights reserved,2025-12-14,75499,Araujia sericifera,https://inaturalist-open-data.s3.amazonaws.com/photos/599641259/large.jpg,https://inaturalist-open-data.s3.amazonaws.com/photos/599641259/original.jpg,data/raw/moth_plant/599641259.jpg,878686,db10d354dd9993080c36f7422e26b6de,1536,2048,2026-09-11T17:37:07+1200,train
moth_plant,plant,Moth plant,Araujia sericifera,357360626,651786023,cc-by,"(c) Keith S, some rights reserved (CC BY)",2026-05-02,75499,Araujia sericifera,https://inaturalist-open-data.s3.amazonaws.com/photos/651786023/large.jpg,https://inaturalist-open-data.s3.amazonaws.com/photos/651786023/original.jpg,data/raw/moth_plant/651786023.jpg,671283,d7f8633686bd7a251ee7e43619b31757,1536,2048,2026-09-11T17:37:07+1200,train
moth_plant,plant,Moth plant,Araujia sericifera,2679345,3010517,cc-by,"(c) Bruce Calvert, some rights reserved (CC BY)",2016-02-14,75499,Araujia sericifera,https://inaturalist-open-data.s3.amazonaws.com/photos/3010517/large.jpg,https://inaturalist-open-data.s3.amazonaws.com/photos/3010517/original.jpg,data/raw/moth_plant/3010517.jpg,1258091,de3a2ea159fcf3989a9a4474ce292870,1529,2048,2026-09-11T17:37:07+1200,train
moth_plant,plant,Moth plant,Araujia sericifera,960036,1211149,cc-by,"(c) Jon Sullivan, some rights reserved (CC BY)",2013-04-23,75499,Araujia sericifera,https://inaturalist-open-data.s3.amazonaws.com/photos/1211149/large.,https://inaturalist-open-data.s3.amazonaws.com/photos/1211149/original.,data/raw/moth_plant/1211149.jpg,199838,3d78a75201e8a1b35600819e37b7be22,1536,2048,2026-09-11T17:37:07+1200,train
moth_plant,plant,Moth plant,Araujia sericifera,3296935,3810733,cc-by,"(c) Jacqui Geux, some rights reserved (CC BY)",2016-05-25,75499,Araujia sericifera,https://inaturalist-open-data.s3.amazonaws.com/photos/3810733/large.JPG,https://inaturalist-open-data.s3.amazonaws.com/photos/3810733/original.JPG,data/raw/moth_plant/3810733.jpg,351246,57d2c3e5aa00500a57b3a03b55cfa5ff,1600,1200,2026-09-11T17:37:07+1200,train
moth_plant,plant,Moth plant,Araujia sericifera,12977839,18870200,cc0,no rights reserved,2018-05-31,75499,Araujia sericifera,https://inaturalist-open-data.s3.amazonaws.com/photos/18870200/large.jpg,https://inaturalist-open-data.s3.amazonaws.com/photos/18870200/original.jpg,data/raw/moth_plant/18870200.jpg,446621,36f785da29533b7c2cd3edde1109a845,1152,2048,2026-09-11T17:37:07+1200,train
moth_plant,plant,Moth plant,Araujia sericifera,14623643,21805733,cc-by,"(c) Jacqui Geux, some rights reserved (CC BY)",2018-07-22,75499,Araujia sericifera,https://inaturalist-open-data.s3.amazonaws.com/photos/21805733/large.jpeg,https://inaturalist-open-data.s3.amazonaws.com/photos/21805733/original.jpeg,data/raw/moth_plant/21805733.jpg,161267,2fd7fad46f78e891cfccef0c612a94ab,1600,1200,2026-09-11T17:37:07+1200,train
moth_plant,plant,Moth plant,Araujia sericifera,14727975,21966317,cc0,no rights reserved,2018-07-25,75499,Araujia sericifera,https://inaturalist-open-data.s3.amazonaws.com/photos/21966317/large.jpeg,https://inaturalist-open-data.s3.amazonaws.com/photos/21966317/original.jpeg,data/raw/moth_plant/21966317.jpg,225128,7ac96cc4cea0e618ab652e5d39d1aba4,1536,2048,2026-09-11T17:37:07+1200,train
moth_plant,plant,Moth plant,Araujia sericifera,19082245,29280087,cc-by,"(c) nick_goldwater, some rights reserved (CC BY)",2018-12-18,75499,Araujia sericifera,https://inaturalist-open-data.s3.amazonaws.com/photos/29280087/large.jpg,https://inaturalist-open-data.s3.amazonaws.com/photos/29280087/original.jpg,data/raw/moth_plant/29280087.jpg,506104,2cb56ad717ecb3f06efb6f8473a2f564,2048,1536,2026-09-11T17:37:07+1200,train
moth_plant,plant,Moth plant,Araujia sericifera,22406071,34704001,cc-by,"(c) Callan Bird, some rights reserved (CC BY)",2019-04-13,75499,Araujia sericifera,https://inaturalist-open-data.s3.amazonaws.com/photos/34704001/large.jpg,https://inaturalist-open-data.s3.amazonaws.com/photos/34704001/original.jpg,data/raw/moth_plant/34704001.jpg,78765,5d28da6142f2b76d6e7a5afe18fe6bdc,2048,1536,2026-09-11T17:37:07+1200,train
moth_plant,plant,Moth plant,Araujia sericifera,22406076,34704022,cc-by,"(c) Callan Bird, some rights reserved (CC BY)",2019-04-13,75499,Araujia sericifera,https://inaturalist-open-data.s3.amazonaws.com/photos/34704022/large.jpg,https://inaturalist-open-data.s3.amazonaws.com/photos/34704022/original.jpg,data/raw/moth_plant/34704022.jpg,321129,f3805712ce71ea20cbc0f89d0f8299cc,1536,2048,2026-09-11T17:37:07+1200,train
moth_plant,plant,Moth plant,Araujia sericifera,22547913,34934201,cc-by,"(c) Callan Bird, some rights reserved (CC BY)",2019-04-16,75499,Araujia sericifera,https://inaturalist-open-data.s3.amazonaws.com/photos/34934201/large.jpg,https://inaturalist-open-data.s3.amazonaws.com/photos/34934201/original.jpg,data/raw/moth_plant/34934201.jpg,176462,bb254ca885ea0848766aa79e17092223,1536,2048,2026-09-11T17:37:07+1200,train
moth_plant,plant,Moth plant,Araujia sericifera,23329330,36144181,cc-by,"(c) Callan Bird, some rights reserved (CC BY)",2019-04-27,75499,Araujia sericifera,https://inaturalist-open-data.s3.amazonaws.com/photos/36144181/large.jpg,https://inaturalist-open-data.s3.amazonaws.com/photos/36144181/original.jpg,data/raw/moth_plant/36144181.jpg,340494,4b6e61ec5d84fc9c347d5de10b996c02,1536,2048,2026-09-11T17:37:07+1200,train
moth_plant,plant,Moth plant,Araujia sericifera,104959956,175989546,cc-by,"(c) prosperosity, some rights reserved (CC BY)",2022-01-15,75499,Araujia sericifera,https://inaturalist-open-data.s3.amazonaws.com/photos/175989546/large.jpg,https://inaturalist-open-data.s3.amazonaws.com/photos/175989546/original.jpg,data/raw/moth_plant/175989546.jpg,359412,69a6cb9cfe2ed10381ec6e209447b3d1,2048,1536,2026-09-11T17:37:07+1200,train
moth_plant,plant,Moth plant,Araujia sericifera,149930741,258434250,cc-by,"(c) Samuel Brown, some rights reserved (CC BY)",2023-02-11,75499,Araujia sericifera,https://inaturalist-open-data.s3.amazonaws.com/photos/258434250/large.jpg,https://inaturalist-open-data.s3.amazonaws.com/photos/258434250/original.jpg,data/raw/moth_plant/258434250.jpg,354307,bd04925efb8fd410a97c9ecd953d1820,1536,2048,2026-09-11T17:37:07+1200,train
moth_plant,plant,Moth plant,Araujia sericifera,231561202,411292038,cc-by,"(c) garywwilson, some rights reserved (CC BY)",2024-07-24,75499,Araujia sericifera,https://inaturalist-open-data.s3.amazonaws.com/photos/411292038/large.jpg,https://inaturalist-open-data.s3.amazonaws.com/photos/411292038/original.jpg,data/raw/moth_plant/411292038.jpg,664426,3d52b67f337d64adb239c4be4506a305,1347,2020,2026-09-11T17:37:07+1200,train
moth_plant,plant,Moth plant,Araujia sericifera,164946724,285464421,cc-by,"(c) Lisa Bennett, some rights reserved (CC BY)",2023-06-01,75499,Araujia sericifera,https://inaturalist-open-data.s3.amazonaws.com/photos/285464421/large.jpeg,https://inaturalist-open-data.s3.amazonaws.com/photos/285464421/original.jpeg,data/raw/moth_plant/285464421.jpg,255465,eeb252d7840fbfeeea85e9efe2470436,2048,1536,2026-09-11T17:37:07+1200,train
moth_plant,plant,Moth plant,Araujia sericifera,2575880,2876118,cc-by,"(c) Bruce Calvert, some rights reserved (CC BY)",2016-01-13,75499,Araujia sericifera,https://inaturalist-open-data.s3.amazonaws.com/photos/2876118/large.jpg,https://inaturalist-open-data.s3.amazonaws.com/photos/2876118/original.jpg,data/raw/moth_plant/2876118.jpg,1065764,84231d0701687ef6d9cd204aa8f85323,1529,2048,2026-09-11T17:37:07+1200,train
moth_plant,plant,Moth plant,Araujia sericifera,13448727,19739285,cc0,no rights reserved,2018-06-15,75499,Araujia sericifera,https://inaturalist-open-data.s3.amazonaws.com/photos/19739285/large.jpeg,https://inaturalist-open-data.s3.amazonaws.com/photos/19739285/original.jpeg,data/raw/moth_plant/19739285.jpg,539648,ec640afcdbff22f4b6444f17de01c5fc,1536,2048,2026-09-11T17:37:07+1200,train
moth_plant,plant,Moth plant,Araujia sericifera,1701940,2060894,cc-by,"(c) Jon Sullivan, some rights reserved (CC BY)",2015-06-26,75499,Araujia sericifera,https://inaturalist-open-data.s3.amazonaws.com/photos/2060894/large.jpg,https://inaturalist-open-data.s3.amazonaws.com/photos/2060894/original.jpg,data/raw/moth_plant/2060894.jpg,235910,4bee1273a847d064a3c7b3415197f1ae,1356,2048,2026-09-11T17:37:07+1200,train
moth_plant,plant,Moth plant,Araujia sericifera,1701973,2060937,cc-by,"(c) Jon Sullivan, some rights reserved (CC BY)",2015-06-26,75499,Araujia sericifera,https://inaturalist-open-data.s3.amazonaws.com/photos/2060937/large.jpg,https://inaturalist-open-data.s3.amazonaws.com/photos/2060937/original.jpg,data/raw/moth_plant/2060937.jpg,241136,d8c78a115cdfce12428fc460255fa400,1356,2048,2026-09-11T17:37:07+1200,train
moth_plant,plant,Moth plant,Araujia sericifera,4683141,5685309,cc-by,"(c) Jon Sullivan, some rights reserved (CC BY)",2016-11-22,75499,Araujia sericifera,https://inaturalist-open-data.s3.amazonaws.com/photos/5685309/large.jpg,https://inaturalist-open-data.s3.amazonaws.com/photos/5685309/original.jpg,data/raw/moth_plant/5685309.jpg,535722,daadcb22e1f4c9c2554c131d3644d789,2048,1536,2026-09-11T17:37:07+1200,train
moth_plant,plant,Moth plant,Araujia sericifera,13765491,20295015,cc0,no rights reserved,2018-06-23,75499,Araujia sericifera,https://inaturalist-open-data.s3.amazonaws.com/photos/20295015/large.jpeg,https://inaturalist-open-data.s3.amazonaws.com/photos/20295015/original.jpeg,data/raw/moth_plant/20295015.jpg,340569,b1743351e11154e01cc80936c3d71537,1536,2048,2026-09-11T17:37:07+1200,train
moth_plant,plant,Moth plant,Araujia sericifera,14537153,21651086,cc-by,"(c) Jacqui Geux, some rights reserved (CC BY)",2018-07-20,75499,Araujia sericifera,https://inaturalist-open-data.s3.amazonaws.com/photos/21651086/large.jpeg,https://inaturalist-open-data.s3.amazonaws.com/photos/21651086/original.jpeg,data/raw/moth_plant/21651086.jpg,85022,ecc2575d1e454756428e18de2bd94bbd,1600,1200,2026-09-11T17:37:07+1200,train
moth_plant,plant,Moth plant,Araujia sericifera,12977842,18870220,cc0,no rights reserved,2018-05-31,75499,Araujia sericifera,https://inaturalist-open-data.s3.amazonaws.com/photos/18870220/large.jpg,https://inaturalist-open-data.s3.amazonaws.com/photos/18870220/original.jpg,data/raw/moth_plant/18870220.jpg,411709,647f8097378720483c08b9527e767e05,1152,2048,2026-09-11T17:37:07+1200,train
moth_plant,plant,Moth plant,Araujia sericifera,272610149,490451754,cc-by,"(c) Irisa Hudson, some rights reserved (CC BY)",2025-04-23,75499,Araujia sericifera,https://inaturalist-open-data.s3.amazonaws.com/photos/490451754/large.jpeg,https://inaturalist-open-data.s3.amazonaws.com/photos/490451754/original.jpeg,data/raw/moth_plant/490451754.jpg,547746,c0344bc6cff842a9a95f71d117bbd985,1536,2048,2026-09-11T17:37:07+1200,train
moth_plant,plant,Moth plant,Araujia sericifera,209472325,370683926,cc-by,"(c) mcstanley, some rights reserved (CC BY)",2024-04-26,75499,Araujia sericifera,https://inaturalist-open-data.s3.amazonaws.com/photos/370683926/large.jpg,https://inaturalist-open-data.s3.amazonaws.com/photos/370683926/original.jpg,data/raw/moth_plant/370683926.jpg,329081,c43f29f8058832b4b0c0f68c5e361ebf,1536,2048,2026-09-11T17:37:07+1200,train
moth_plant,plant,Moth plant,Araujia sericifera,46946159,74453654,cc-by,"(c) Doug Miller, some rights reserved (CC BY)",2020-05-23,75499,Araujia sericifera,https://inaturalist-open-data.s3.amazonaws.com/photos/74453654/large.jpeg,https://inaturalist-open-data.s3.amazonaws.com/photos/74453654/original.jpeg,data/raw/moth_plant/74453654.jpg,625294,60b31d4c4d9fc14e5a9c3d68f038df73,2048,1536,2026-09-11T17:37:07+1200,train
moth_plant,plant,Moth plant,Araujia sericifera,260305430,467444193,cc-by,"(c) prosperosity, some rights reserved (CC BY)",2025-02-01,75499,Araujia sericifera,https://inaturalist-open-data.s3.amazonaws.com/photos/467444193/large.jpeg,https://inaturalist-open-data.s3.amazonaws.com/photos/467444193/original.jpeg,data/raw/moth_plant/467444193.jpg,857328,0c52a000c366f1f339174031c0579184,1536,2048,2026-09-11T17:37:07+1200,train
moth_plant,plant,Moth plant,Araujia sericifera,195868468,344695020,cc-by,"(c) Wesley Webb, some rights reserved (CC BY)",2024-01-06,75499,Araujia sericifera,https://inaturalist-open-data.s3.amazonaws.com/photos/344695020/large.jpeg,https://inaturalist-open-data.s3.amazonaws.com/photos/344695020/original.jpeg,data/raw/moth_plant/344695020.jpg,475088,f223b4a94785242d3eafd56625994570,946,2048,2026-09-11T17:37:07+1200,train
moth_plant,plant,Moth plant,Araujia sericifera,194863203,342648167,cc-by,"(c) garywwilson, some rights reserved (CC BY)",2023-12-25,75499,Araujia sericifera,https://inaturalist-open-data.s3.amazonaws.com/photos/342648167/large.jpg,https://inaturalist-open-data.s3.amazonaws.com/photos/342648167/original.jpg,data/raw/moth_plant/342648167.jpg,507844,c2c039e77f0d1c49c6862237d7f948f6,1135,2020,2026-09-11T17:37:07+1200,train
moth_plant,plant,Moth plant,Araujia sericifera,387084883,708782037,cc-by,"(c) Courtney Tregurtha-Nairn, some rights reserved (CC BY)",2026-08-01,75499,Araujia sericifera,https://inaturalist-open-data.s3.amazonaws.com/photos/708782037/large.jpg,https://inaturalist-open-data.s3.amazonaws.com/photos/708782037/original.jpg,data/raw/moth_plant/708782037.jpg,569051,8ba15cdfdfb1870109f75ebd310dcfcb,1536,2048,2026-09-11T17:37:07+1200,train
moth_plant,plant,Moth plant,Araujia sericifera,384355691,703560489,cc-by,"(c) Wesley Webb, some rights reserved (CC BY)",2026-07-22,75499,Araujia sericifera,https://inaturalist-open-data.s3.amazonaws.com/photos/703560489/large.jpg,https://inaturalist-open-data.s3.amazonaws.com/photos/703560489/original.jpg,data/raw/moth_plant/703560489.jpg,686381,6c0a6585e5419e7048a35cb54e051182,1153,2048,2026-09-11T17:37:07+1200,train
moth_plant,plant,Moth plant,Araujia sericifera,347453155,633521736,cc-by,"(c) Angus Campbell, some rights reserved (CC BY)",2026-04-05,75499,Araujia sericifera,https://inaturalist-open-data.s3.amazonaws.com/photos/633521736/large.jpg,https://inaturalist-open-data.s3.amazonaws.com/photos/633521736/original.jpg,data/raw/moth_plant/633521736.jpg,748773,e8e82e20f803544162b2742cb238bd96,2048,1536,2026-09-11T17:37:07+1200,train
moth_plant,plant,Moth plant,Araujia sericifera,23242243,36003737,cc-by,"(c) Callan Bird, some rights reserved (CC BY)",2019-04-25,75499,Araujia sericifera,https://inaturalist-open-data.s3.amazonaws.com/photos/36003737/large.jpg,https://inaturalist-open-data.s3.amazonaws.com/photos/36003737/original.jpg,data/raw/moth_plant/36003737.jpg,345139,b621c1dd73a47db41e5e77ab084198e9,1536,2048,2026-09-11T17:37:07+1200,train
moth_plant,plant,Moth plant,Araujia sericifera,23242361,36005684,cc-by,"(c) Callan Bird, some rights reserved (CC BY)",2019-04-25,75499,Araujia sericifera,https://inaturalist-open-data.s3.amazonaws.com/photos/36005684/large.jpg,https://inaturalist-open-data.s3.amazonaws.com/photos/36005684/original.jpg,data/raw/moth_plant/36005684.jpg,350915,cd73da18b102ac780b9eb5c4c2ccabcd,1536,2048,2026-09-11T17:37:07+1200,train
moth_plant,plant,Moth plant,Araujia sericifera,20249885,31255363,cc0,no rights reserved,2019-01-26,75499,Araujia sericifera,https://inaturalist-open-data.s3.amazonaws.com/photos/31255363/large.jpeg,https://inaturalist-open-data.s3.amazonaws.com/photos/31255363/original.jpeg,data/raw/moth_plant/31255363.jpg,229799,98ff53ae5dcca3203c7d72b09869d180,1949,2048,2026-09-11T17:37:07+1200,train
moth_plant,plant,Moth plant,Araujia sericifera,20273746,31294565,cc0,no rights reserved,2019-01-26,75499,Araujia sericifera,https://inaturalist-open-data.s3.amazonaws.com/photos/31294565/large.jpeg,https://inaturalist-open-data.s3.amazonaws.com/photos/31294565/original.jpeg,data/raw/moth_plant/31294565.jpg,301805,af69b222263b808a7237a92d82f38765,2048,1536,2026-09-11T17:37:07+1200,train
moth_plant,plant,Moth plant,Araujia sericifera,35099212,55324823,cc0,no rights reserved,2019-03-20,75499,Araujia sericifera,https://inaturalist-open-data.s3.amazonaws.com/photos/55324823/large.jpeg,https://inaturalist-open-data.s3.amazonaws.com/photos/55324823/original.jpeg,data/raw/moth_plant/55324823.jpg,331038,dfe1338c86a0e4b0f81b337ff5d2ffd4,2048,1536,2026-09-11T17:37:07+1200,train
moth_plant,plant,Moth plant,Araujia sericifera,39623812,67022851,cc0,no rights reserved,2020-03-07,75499,Araujia sericifera,https://inaturalist-open-data.s3.amazonaws.com/photos/67022851/large.jpg,https://inaturalist-open-data.s3.amazonaws.com/photos/67022851/original.jpg,data/raw/moth_plant/67022851.jpg,630434,9e88aeb4025b3a8e453243a610e8b5ae,2048,1536,2026-09-11T17:37:07+1200,train
moth_plant,plant,Moth plant,Araujia sericifera,322490544,583403865,cc-by,"(c) Keith S, some rights reserved (CC BY)",2025-10-23,75499,Araujia sericifera,https://inaturalist-open-data.s3.amazonaws.com/photos/583403865/large.jpg,https://inaturalist-open-data.s3.amazonaws.com/photos/583403865/original.jpg,data/raw/moth_plant/583403865.jpg,727130,3b0afedf358a5d4b0971370a0c144fd2,1536,2048,2026-09-11T17:37:07+1200,train
moth_plant,plant,Moth plant,Araujia sericifera,261221896,469239129,cc-by,"(c) Saryu Mae 前 朝琉, some rights reserved (CC BY)",2025-01-27,75499,Araujia sericifera,https://inaturalist-open-data.s3.amazonaws.com/photos/469239129/large.jpeg,https://inaturalist-open-data.s3.amazonaws.com/photos/469239129/original.jpeg,data/raw/moth_plant/469239129.jpg,39879,426be68ed57153a6f7eb5cde83c19269,2048,1364,2026-09-11T17:37:07+1200,train
moth_plant,plant,Moth plant,Araujia sericifera,271105522,487626113,cc-by,"(c) Joe Dillon, some rights reserved (CC BY)",2025-03-21,75499,Araujia sericifera,https://inaturalist-open-data.s3.amazonaws.com/photos/487626113/large.jpeg,https://inaturalist-open-data.s3.amazonaws.com/photos/487626113/original.jpeg,data/raw/moth_plant/487626113.jpg,539019,f700a5d8946a6f8ed4439fb7718852ff,2048,1536,2026-09-11T17:37:07+1200,train
moth_plant,plant,Moth plant,Araujia sericifera,67297660,108695719,cc0,no rights reserved,2020-12-30,75499,Araujia sericifera,https://inaturalist-open-data.s3.amazonaws.com/photos/108695719/large.jpeg,https://inaturalist-open-data.s3.amazonaws.com/photos/108695719/original.jpeg,data/raw/moth_plant/108695719.jpg,485410,9d4114bb96583aa89dd112d77b395355,1536,2048,2026-09-11T17:37:07+1200,train
moth_plant,plant,Moth plant,Araujia sericifera,259319956,465481399,cc-by,"(c) Wesley Webb, some rights reserved (CC BY)",2025-01-23,75499,Araujia sericifera,https://inaturalist-open-data.s3.amazonaws.com/photos/465481399/large.jpeg,https://inaturalist-open-data.s3.amazonaws.com/photos/465481399/original.jpeg,data/raw/moth_plant/465481399.jpg,365440,2bf1c6c45c519779c082c47e296fbda9,1153,2048,2026-09-11T17:37:07+1200,train
moth_plant,plant,Moth plant,Araujia sericifera,247593068,442238487,cc-by,"(c) Taylor Davies-Colley, some rights reserved (CC BY)",2024-10-10,75499,Araujia sericifera,https://inaturalist-open-data.s3.amazonaws.com/photos/442238487/large.jpeg,https://inaturalist-open-data.s3.amazonaws.com/photos/442238487/original.jpeg,data/raw/moth_plant/442238487.jpg,383166,159991f23ff101b60afc85c703591e17,1536,2048,2026-09-11T17:37:07+1200,train
moth_plant,plant,Moth plant,Araujia sericifera,18670733,28581960,cc0,no rights reserved,2018-11-27,75499,Araujia sericifera,https://inaturalist-open-data.s3.amazonaws.com/photos/28581960/large.jpeg,https://inaturalist-open-data.s3.amazonaws.com/photos/28581960/original.jpeg,data/raw/moth_plant/28581960.jpg,406719,44c35cc5c5d1f77e713a7f98323eec0d,1536,2048,2026-09-11T17:37:07+1200,train
moth_plant,plant,Moth plant,Araujia sericifera,18876231,28923109,cc0,no rights reserved,2018-12-05,75499,Araujia sericifera,https://inaturalist-open-data.s3.amazonaws.com/photos/28923109/large.jpeg,https://inaturalist-open-data.s3.amazonaws.com/photos/28923109/original.jpeg,data/raw/moth_plant/28923109.jpg,196189,7b52d11ed61d20138cfc812d135ea626,1536,2048,2026-09-11T17:37:07+1200,train
moth_plant,plant,Moth plant,Araujia sericifera,22406077,34704038,cc-by,"(c) Callan Bird, some rights reserved (CC BY)",2019-04-13,75499,Araujia sericifera,https://inaturalist-open-data.s3.amazonaws.com/photos/34704038/large.jpg,https://inaturalist-open-data.s3.amazonaws.com/photos/34704038/original.jpg,data/raw/moth_plant/34704038.jpg,167565,2b9a172f336d9ac8446accd7d496f3ad,1536,2048,2026-09-11T17:37:07+1200,train
moth_plant,plant,Moth plant,Araujia sericifera,22804255,35343277,cc-by,"(c) Callan Bird, some rights reserved (CC BY)",2019-04-21,75499,Araujia sericifera,https://inaturalist-open-data.s3.amazonaws.com/photos/35343277/large.jpg,https://inaturalist-open-data.s3.amazonaws.com/photos/35343277/original.jpg,data/raw/moth_plant/35343277.jpg,314745,458a548d6bd42c5a90e5bdfbf4bc7b99,2048,1536,2026-09-11T17:37:07+1200,train
moth_plant,plant,Moth plant,Araujia sericifera,148043087,254861285,cc-by,"(c) Sonja Lukaszewicz, some rights reserved (CC BY)",2023-01-25,75499,Araujia sericifera,https://inaturalist-open-data.s3.amazonaws.com/photos/254861285/large.jpeg,https://inaturalist-open-data.s3.amazonaws.com/photos/254861285/original.jpeg,data/raw/moth_plant/254861285.jpg,782529,e926e72a58ea46a12850dc43d6d707fb,1536,2048,2026-09-11T17:37:07+1200,train
moth_plant,plant,Moth plant,Araujia sericifera,269927869,485390922,cc-by,"(c) Wesley Webb, some rights reserved (CC BY)",2025-04-12,75499,Araujia sericifera,https://inaturalist-open-data.s3.amazonaws.com/photos/485390922/large.jpeg,https://inaturalist-open-data.s3.amazonaws.com/photos/485390922/original.jpeg,data/raw/moth_plant/485390922.jpg,571328,ceb7dc016c8e5f9fd266b246d8f8e693,1153,2048,2026-09-11T17:37:07+1200,train
moth_plant,plant,Moth plant,Araujia sericifera,253457142,453848347,cc-by,"(c) Taylor Davies-Colley, some rights reserved (CC BY)",2024-11-29,75499,Araujia sericifera,https://inaturalist-open-data.s3.amazonaws.com/photos/453848347/large.jpeg,https://inaturalist-open-data.s3.amazonaws.com/photos/453848347/original.jpeg,data/raw/moth_plant/453848347.jpg,347388,ac71abd9fcd0cb6d41a860742271c451,1536,2048,2026-09-11T17:37:07+1200,train
moth_plant,plant,Moth plant,Araujia sericifera,257778611,462477849,cc-by,"(c) Wesley Webb, some rights reserved (CC BY)",2025-01-08,75499,Araujia sericifera,https://inaturalist-open-data.s3.amazonaws.com/photos/462477849/large.jpeg,https://inaturalist-open-data.s3.amazonaws.com/photos/462477849/original.jpeg,data/raw/moth_plant/462477849.jpg,491724,94551e639a7242bf0c34a157c3922b9d,2048,1153,2026-09-11T17:37:07+1200,train
moth_plant,plant,Moth plant,Araujia sericifera,22747219,35253100,cc-by,"(c) Tim Park, some rights reserved (CC BY)",2019-04-19,75499,Araujia sericifera,https://inaturalist-open-data.s3.amazonaws.com/photos/35253100/large.jpg,https://inaturalist-open-data.s3.amazonaws.com/photos/35253100/original.jpg,data/raw/moth_plant/35253100.jpg,448279,d665a60a859dc61fa2521e71c8c64de3,1536,2048,2026-09-11T17:37:07+1200,train
moth_plant,plant,Moth plant,Araujia sericifera,31649856,49556632,cc-by,"(c) Jacqui Geux, some rights reserved (CC BY)",2019-08-27,75499,Araujia sericifera,https://inaturalist-open-data.s3.amazonaws.com/photos/49556632/large.jpeg,https://inaturalist-open-data.s3.amazonaws.com/photos/49556632/original.jpeg,data/raw/moth_plant/49556632.jpg,195726,8d05f746bd12776eee393bb8a8b6b580,1600,1200,2026-09-11T17:37:07+1200,train
moth_plant,plant,Moth plant,Araujia sericifera,191921273,336808940,cc-by,"(c) Geoff, some rights reserved (CC BY)",2023-11-24,75499,Araujia sericifera,https://inaturalist-open-data.s3.amazonaws.com/photos/336808940/large.jpeg,https://inaturalist-open-data.s3.amazonaws.com/photos/336808940/original.jpeg,data/raw/moth_plant/336808940.jpg,756570,5ebc706209ddedaf63278354e693b28e,1536,2048,2026-09-11T17:37:07+1200,train
moth_plant,plant,Moth plant,Araujia sericifera,266331512,478516455,cc-by,"(c) prosperosity, some rights reserved (CC BY)",2025-03-22,75499,Araujia sericifera,https://inaturalist-open-data.s3.amazonaws.com/photos/478516455/large.jpeg,https://inaturalist-open-data.s3.amazonaws.com/photos/478516455/original.jpeg,data/raw/moth_plant/478516455.jpg,782681,ea7ad7b316f2a7239fe92407bc0a288b,1536,2048,2026-09-11T17:37:07+1200,train
moth_plant,plant,Moth plant,Araujia sericifera,272804398,490803723,cc-by,"(c) jsimons, some rights reserved (CC BY)",2025-04-25,75499,Araujia sericifera,https://inaturalist-open-data.s3.amazonaws.com/photos/490803723/large.jpg,https://inaturalist-open-data.s3.amazonaws.com/photos/490803723/original.jpg,data/raw/moth_plant/490803723.jpg,382349,9ec451dde9c35367bd93c01d2d4d9c92,1368,2048,2026-09-11T17:37:07+1200,train
moth_plant,plant,Moth plant,Araujia sericifera,330648821,599632822,cc0,no rights reserved,2025-12-14,75499,Araujia sericifera,https://inaturalist-open-data.s3.amazonaws.com/photos/599632822/large.jpg,https://inaturalist-open-data.s3.amazonaws.com/photos/599632822/original.jpg,data/raw/moth_plant/599632822.jpg,723308,3db8317a1d5746daee6e585b1cbf3225,1536,2048,2026-09-11T17:37:07+1200,train
moth_plant,plant,Moth plant,Araujia sericifera,1696181,2053935,cc-by,"(c) Jon Sullivan, some rights reserved (CC BY)",2015-06-26,75499,Araujia sericifera,https://inaturalist-open-data.s3.amazonaws.com/photos/2053935/large.jpg,https://inaturalist-open-data.s3.amazonaws.com/photos/2053935/original.jpg,data/raw/moth_plant/2053935.jpg,207146,4c5233cd0566f26dd70365cb651ce1ba,2048,1356,2026-09-11T17:37:07+1200,train
moth_plant,plant,Moth plant,Araujia sericifera,11102742,15686788,cc-by,"(c) Bruce Calvert, some rights reserved (CC BY)",2018-04-18,75499,Araujia sericifera,https://inaturalist-open-data.s3.amazonaws.com/photos/15686788/large.jpeg,https://inaturalist-open-data.s3.amazonaws.com/photos/15686788/original.jpeg,data/raw/moth_plant/15686788.jpg,700982,b7809fca293f59f7d86c2da0e692f2ca,2048,1536,2026-09-11T17:37:07+1200,train
moth_plant,plant,Moth plant,Araujia sericifera,15443997,23166414,cc0,no rights reserved,2018-08-12,75499,Araujia sericifera,https://inaturalist-open-data.s3.amazonaws.com/photos/23166414/large.jpeg,https://inaturalist-open-data.s3.amazonaws.com/photos/23166414/original.jpeg,data/raw/moth_plant/23166414.jpg,497183,dd85fb1567547f34cd56fbfe9cdc51c6,1536,2048,2026-09-11T17:37:07+1200,train
