photo_id,observation_id,class_slug,group,display_name,list_name,license_code,attribution,observed_on,taxon_id,taxon_name,image_url,image_md5,image_bytes,original_width,original_height,split
331797662,189409683,blackbird,bird,Common blackbird,Turdus merula,cc-by,"(c) Chris Burgess, some rights reserved (CC BY)",2023-10-28,341569,Turdus merula merula,https://inaturalist-open-data.s3.amazonaws.com/photos/331797662/original.jpg,3420ad25a9ff15412f95ffceba920772,265499,1800,945,test
331797930,189409683,blackbird,bird,Common blackbird,Turdus merula,cc-by,"(c) Chris Burgess, some rights reserved (CC BY)",2023-10-28,341569,Turdus merula merula,https://inaturalist-open-data.s3.amazonaws.com/photos/331797930/original.jpg,538b3ffc437d8f79c65375b424bf5dfa,325378,2048,922,test
473861011,263744824,blackbird,bird,Common blackbird,Turdus merula,cc-by,"(c) Saryu Mae 前 朝琉, some rights reserved (CC BY)",2024-12-25,12716,Turdus merula,https://inaturalist-open-data.s3.amazonaws.com/photos/473861011/original.jpeg,44e87029ce919f28d3be247595fa6ea1,619884,2048,1536,test
55073024,34950523,blackbird,bird,Common blackbird,Turdus merula,cc-by,"(c) Jacqui Geux, some rights reserved (CC BY)",2019-10-26,341569,Turdus merula merula,https://inaturalist-open-data.s3.amazonaws.com/photos/55073024/original.jpeg,a8275a6feeca6be2521e1d1dc70be3c0,114673,1600,1200,test
403366486,227379531,common_myna,bird,Common myna,Acridotheres tristis,cc-by,"(c) Shaun Lee, some rights reserved (CC BY)",2024-06-28,629477,Acridotheres tristis tristis,https://inaturalist-open-data.s3.amazonaws.com/photos/403366486/original.jpg,479a9985565f53fe86447b9278d6a8be,876590,2048,1366,test
464195580,258689900,common_myna,bird,Common myna,Acridotheres tristis,cc-by,"(c) Shaun Lee, some rights reserved (CC BY)",2025-01-16,204454,Acridotheres tristis,https://inaturalist-open-data.s3.amazonaws.com/photos/464195580/original.jpg,e2de7675b33f8b1e4566c0b92e2b9c35,488269,2048,1366,test
467059856,260114926,common_myna,bird,Common myna,Acridotheres tristis,cc-by,"(c) Saryu Mae 前 朝琉, some rights reserved (CC BY)",2024-11-09,204454,Acridotheres tristis,https://inaturalist-open-data.s3.amazonaws.com/photos/467059856/original.jpg,0ef18e545b9873d19abe4d536b534d18,386684,2048,1365,test
98210771,61377059,common_myna,bird,Common myna,Acridotheres tristis,cc0,no rights reserved,2020-09-24,629477,Acridotheres tristis tristis,https://inaturalist-open-data.s3.amazonaws.com/photos/98210771/original.jpeg,de90e1148d05899709686392d06b93e2,498087,2048,1536,test
98210774,61377059,common_myna,bird,Common myna,Acridotheres tristis,cc0,no rights reserved,2020-09-24,629477,Acridotheres tristis tristis,https://inaturalist-open-data.s3.amazonaws.com/photos/98210774/original.jpeg,8c032c97b7a06996ae80529ac3d1a3bd,487805,2048,1536,test
98210778,61377059,common_myna,bird,Common myna,Acridotheres tristis,cc0,no rights reserved,2020-09-24,629477,Acridotheres tristis tristis,https://inaturalist-open-data.s3.amazonaws.com/photos/98210778/original.jpeg,2b236f4c4a497a7de63951a46a22b24b,350974,2048,1536,test
98210808,61377059,common_myna,bird,Common myna,Acridotheres tristis,cc0,no rights reserved,2020-09-24,629477,Acridotheres tristis tristis,https://inaturalist-open-data.s3.amazonaws.com/photos/98210808/original.jpeg,8ba925324d14a3ca58d6eab5bc58951f,498080,2048,1536,test
127286804,77850817,harakeke,plant,Harakeke (NZ flax),Phormium tenax,cc-by,"(c) Jon Sullivan, some rights reserved (CC BY)",2021-05-02,51754,Phormium tenax,https://inaturalist-open-data.s3.amazonaws.com/photos/127286804/original.jpg,c7793c3ad71b3db5110e4c07eec12fdd,295286,1365,2048,test
21352313,14364943,harakeke,plant,Harakeke (NZ flax),Phormium tenax,cc-by,"(c) John Barkla, some rights reserved (CC BY)",2018-07-14,51754,Phormium tenax,https://inaturalist-open-data.s3.amazonaws.com/photos/21352313/original.jpg,2fa2e3b9fbfb56d2f412165f8e1d9815,108693,1365,2048,test
21352445,14364943,harakeke,plant,Harakeke (NZ flax),Phormium tenax,cc-by,"(c) John Barkla, some rights reserved (CC BY)",2018-07-14,51754,Phormium tenax,https://inaturalist-open-data.s3.amazonaws.com/photos/21352445/original.jpg,2a96c01413e58c7f662297f844c2a6af,123285,1365,2048,test
335485891,191261901,harakeke,plant,Harakeke (NZ flax),Phormium tenax,cc-by,"(c) Jenny Saito, some rights reserved (CC BY)",2023-11-17,51754,Phormium tenax,https://inaturalist-open-data.s3.amazonaws.com/photos/335485891/original.jpeg,b3a0b2626f2c7acc8477162a3fe63e37,1034271,2048,2048,test
335485907,191261901,harakeke,plant,Harakeke (NZ flax),Phormium tenax,cc-by,"(c) Jenny Saito, some rights reserved (CC BY)",2023-11-17,51754,Phormium tenax,https://inaturalist-open-data.s3.amazonaws.com/photos/335485907/original.jpeg,4afddb2e2ea84074c889dc6974d56d61,1025114,2048,2048,test
341725122,194410678,harakeke,plant,Harakeke (NZ flax),Phormium tenax,cc-by,"(c) Leon Perrie, some rights reserved (CC BY)",2023-12-20,51754,Phormium tenax,https://inaturalist-open-data.s3.amazonaws.com/photos/341725122/original.jpeg,f56e817b056272d33dd289b15c63cee1,223040,1536,2048,test
341725136,194410678,harakeke,plant,Harakeke (NZ flax),Phormium tenax,cc-by,"(c) Leon Perrie, some rights reserved (CC BY)",2023-12-20,51754,Phormium tenax,https://inaturalist-open-data.s3.amazonaws.com/photos/341725136/original.jpeg,7ce6bffbbe6feccac7adcd411b9907b0,331116,2048,1536,test
467530520,260349172,harakeke,plant,Harakeke (NZ flax),Phormium tenax,cc-by,"(c) Jenny Saito, some rights reserved (CC BY)",2025-02-01,51754,Phormium tenax,https://inaturalist-open-data.s3.amazonaws.com/photos/467530520/original.jpeg,c9b7e305b46ded36c8273c2c66807ae3,976972,2048,2048,test
609141973,335324573,harakeke,plant,Harakeke (NZ flax),Phormium tenax,cc-by,"(c) Richard Littauer, some rights reserved (CC BY)",2026-01-02,51754,Phormium tenax,https://inaturalist-open-data.s3.amazonaws.com/photos/609141973/original.jpg,389557a66a45020235e27425267e9646,1116357,2000,1500,test
12121932,8980501,house_sparrow,bird,House sparrow,Passer domesticus,cc0,no rights reserved,2017-11-30,13858,Passer domesticus,https://inaturalist-open-data.s3.amazonaws.com/photos/12121932/original.jpg,19c26532e5ddeaa0964d2f46a4cee642,255714,1536,2048,test
12121937,8980501,house_sparrow,bird,House sparrow,Passer domesticus,cc0,no rights reserved,2017-11-30,13858,Passer domesticus,https://inaturalist-open-data.s3.amazonaws.com/photos/12121937/original.jpg,6d50ca9296dea3a8612b49969ec8b7b8,305430,1536,2048,test
166721567,99942194,house_sparrow,bird,House sparrow,Passer domesticus,cc-by,"(c) Jon Sullivan, some rights reserved (CC BY)",2021-10-22,544795,Passer domesticus domesticus,https://inaturalist-open-data.s3.amazonaws.com/photos/166721567/original.jpg,8cf20378b5b9eec088a4fa2152a35919,372030,2048,1365,test
166721578,99942194,house_sparrow,bird,House sparrow,Passer domesticus,cc-by,"(c) Jon Sullivan, some rights reserved (CC BY)",2021-10-22,544795,Passer domesticus domesticus,https://inaturalist-open-data.s3.amazonaws.com/photos/166721578/original.jpg,4f3c7cbd1689d9bd1f8b2d7b7b41bd9a,266134,2048,1365,test
173358625,103562929,house_sparrow,bird,House sparrow,Passer domesticus,cc-by,"(c) Nathan Odgers, some rights reserved (CC BY)",2021-12-24,544795,Passer domesticus domesticus,https://inaturalist-open-data.s3.amazonaws.com/photos/173358625/original.jpg,ce7f6811beb1009e28fbf8f9ca44b6b2,737578,2048,2048,test
63953135,40257872,house_sparrow,bird,House sparrow,Passer domesticus,cc-by,"(c) wild_wind, some rights reserved (CC BY)",2020-03-20,544795,Passer domesticus domesticus,https://inaturalist-open-data.s3.amazonaws.com/photos/63953135/original.jpeg,d3daa3a6d125227cfddf25b4044200f1,352256,1929,1929,test
63953273,40257872,house_sparrow,bird,House sparrow,Passer domesticus,cc-by,"(c) wild_wind, some rights reserved (CC BY)",2020-03-20,544795,Passer domesticus domesticus,https://inaturalist-open-data.s3.amazonaws.com/photos/63953273/original.jpeg,a9a9aca6cf238722a525cbc0b85a8797,433580,2000,2048,test
63953323,40257872,house_sparrow,bird,House sparrow,Passer domesticus,cc-by,"(c) wild_wind, some rights reserved (CC BY)",2020-03-20,544795,Passer domesticus domesticus,https://inaturalist-open-data.s3.amazonaws.com/photos/63953323/original.jpeg,2058774c4d18af89181814265ad0f881,557041,2048,2020,test
63953377,40257872,house_sparrow,bird,House sparrow,Passer domesticus,cc-by,"(c) wild_wind, some rights reserved (CC BY)",2020-03-20,544795,Passer domesticus domesticus,https://inaturalist-open-data.s3.amazonaws.com/photos/63953377/original.jpeg,987fc7e679ded1d1bf57681f0d3e9374,501849,2048,1955,test
63953426,40257872,house_sparrow,bird,House sparrow,Passer domesticus,cc-by,"(c) wild_wind, some rights reserved (CC BY)",2020-03-20,544795,Passer domesticus domesticus,https://inaturalist-open-data.s3.amazonaws.com/photos/63953426/original.jpeg,59fdd2445591e6af5c2061ab0d04a74b,570069,1825,1777,test
63953465,40257872,house_sparrow,bird,House sparrow,Passer domesticus,cc-by,"(c) wild_wind, some rights reserved (CC BY)",2020-03-20,544795,Passer domesticus domesticus,https://inaturalist-open-data.s3.amazonaws.com/photos/63953465/original.jpeg,cb3de225c59103c3bff689faeb2ff45c,361571,2048,1900,test
63953538,40257872,house_sparrow,bird,House sparrow,Passer domesticus,cc-by,"(c) wild_wind, some rights reserved (CC BY)",2020-03-20,544795,Passer domesticus domesticus,https://inaturalist-open-data.s3.amazonaws.com/photos/63953538/original.jpeg,bf31d56888d109c49f3f5a77d5c1f7e6,347881,2048,2003,test
464211463,258697475,kereru,bird,Kererū,Hemiphaga novaeseelandiae,cc-by,"(c) William Harland, some rights reserved (CC BY)",2025-01-10,413481,Hemiphaga novaeseelandiae novaeseelandiae,https://inaturalist-open-data.s3.amazonaws.com/photos/464211463/original.jpeg,e57e4343df89687c02ba9d48dd540864,57404,2048,1146,test
532772582,295915885,kereru,bird,Kererū,Hemiphaga novaeseelandiae,cc-by,"(c) John Barkla, some rights reserved (CC BY)",2025-07-07,204520,Hemiphaga novaeseelandiae,https://inaturalist-open-data.s3.amazonaws.com/photos/532772582/original.jpg,8ca458fdbcb092b1b4b8c1f9de657630,605996,2048,1542,test
559691510,310127787,kereru,bird,Kererū,Hemiphaga novaeseelandiae,cc-by,"(c) William Harland, some rights reserved (CC BY)",2025-08-23,413481,Hemiphaga novaeseelandiae novaeseelandiae,https://inaturalist-open-data.s3.amazonaws.com/photos/559691510/original.jpg,3705c08433ef7f38b01b9ea93f2ba1d1,147613,2048,1311,test
559691518,310127787,kereru,bird,Kererū,Hemiphaga novaeseelandiae,cc-by,"(c) William Harland, some rights reserved (CC BY)",2025-08-23,413481,Hemiphaga novaeseelandiae novaeseelandiae,https://inaturalist-open-data.s3.amazonaws.com/photos/559691518/original.jpg,4d3d3a14d1148afca1b8fe75cf5cb783,211852,2048,1432,test
61416189,38626301,kereru,bird,Kererū,Hemiphaga novaeseelandiae,cc-by,"(c) Jacqui Geux, some rights reserved (CC BY)",2020-02-14,413481,Hemiphaga novaeseelandiae novaeseelandiae,https://inaturalist-open-data.s3.amazonaws.com/photos/61416189/original.jpeg,893b3f5ddde6853f6656a1251e2715a0,123274,1600,1200,test
61416190,38626301,kereru,bird,Kererū,Hemiphaga novaeseelandiae,cc-by,"(c) Jacqui Geux, some rights reserved (CC BY)",2020-02-14,413481,Hemiphaga novaeseelandiae novaeseelandiae,https://inaturalist-open-data.s3.amazonaws.com/photos/61416190/original.jpeg,3042850f6330870afed769daf3600c5d,139950,1600,1200,test
658245794,360723528,kereru,bird,Kererū,Hemiphaga novaeseelandiae,cc-by,"(c) Nathan Odgers, some rights reserved (CC BY)",2026-05-12,413481,Hemiphaga novaeseelandiae novaeseelandiae,https://inaturalist-open-data.s3.amazonaws.com/photos/658245794/original.jpg,db91dd282f2b032e6172b8d675984e88,1459975,1536,2048,test
128549723,78540028,korimako,bird,Korimako,Anthornis melanura,cc-by,"(c) Mike Bowie, some rights reserved (CC BY)",2021-05-13,413425,Anthornis melanura melanura,https://inaturalist-open-data.s3.amazonaws.com/photos/128549723/original.jpeg,dad3863fc8ec6248083a0d15541901a2,506977,1536,2048,test
128549738,78540028,korimako,bird,Korimako,Anthornis melanura,cc-by,"(c) Mike Bowie, some rights reserved (CC BY)",2021-05-13,413425,Anthornis melanura melanura,https://inaturalist-open-data.s3.amazonaws.com/photos/128549738/original.jpeg,e8cf3eb798f0b53e29f71bded9f24955,617322,1536,2048,test
128549750,78540028,korimako,bird,Korimako,Anthornis melanura,cc-by,"(c) Mike Bowie, some rights reserved (CC BY)",2021-05-13,413425,Anthornis melanura melanura,https://inaturalist-open-data.s3.amazonaws.com/photos/128549750/original.jpeg,9fa5e328618e492a1c9fda3799dc914c,450480,1536,2048,test
235930759,138074789,korimako,bird,Korimako,Anthornis melanura,cc-by,"(c) Jenny Saito, some rights reserved (CC BY)",2022-10-08,413425,Anthornis melanura melanura,https://inaturalist-open-data.s3.amazonaws.com/photos/235930759/original.jpeg,a2652863cda944b80dac11834bb0b4ee,973635,2048,2048,test
27802130,18191110,korimako,bird,Korimako,Anthornis melanura,cc-by,"(c) Possums' End, some rights reserved (CC BY)",2018-11-06,413425,Anthornis melanura melanura,https://inaturalist-open-data.s3.amazonaws.com/photos/27802130/original.jpg,b4135ed14fb3b2a8146424c6144fd54a,1001348,1365,2048,test
27802142,18191110,korimako,bird,Korimako,Anthornis melanura,cc-by,"(c) Possums' End, some rights reserved (CC BY)",2018-11-06,413425,Anthornis melanura melanura,https://inaturalist-open-data.s3.amazonaws.com/photos/27802142/original.jpg,458ff42793a2db2aeeeab53791ae0187,891674,2048,1365,test
27802150,18191110,korimako,bird,Korimako,Anthornis melanura,cc-by,"(c) Possums' End, some rights reserved (CC BY)",2018-11-06,413425,Anthornis melanura melanura,https://inaturalist-open-data.s3.amazonaws.com/photos/27802150/original.jpg,4af15436d14c849e3bc02ce8f18ad5ca,939641,2048,1365,test
27802151,18191110,korimako,bird,Korimako,Anthornis melanura,cc-by,"(c) Possums' End, some rights reserved (CC BY)",2018-11-06,413425,Anthornis melanura melanura,https://inaturalist-open-data.s3.amazonaws.com/photos/27802151/original.jpg,236d72e41c1c3ba44ff5e5b6435d16af,552036,2048,1365,test
27802158,18191110,korimako,bird,Korimako,Anthornis melanura,cc-by,"(c) Possums' End, some rights reserved (CC BY)",2018-11-06,413425,Anthornis melanura melanura,https://inaturalist-open-data.s3.amazonaws.com/photos/27802158/original.jpg,48b5b38ac480c74644d694b1e17da184,1019216,2048,1365,test
27802880,18191110,korimako,bird,Korimako,Anthornis melanura,cc-by,"(c) Possums' End, some rights reserved (CC BY)",2018-11-06,413425,Anthornis melanura melanura,https://inaturalist-open-data.s3.amazonaws.com/photos/27802880/original.jpg,06ca97a9fac2a64ec877b81955ed5508,670278,2048,1365,test
548243222,304136212,korimako,bird,Korimako,Anthornis melanura,cc-by,"(c) William Harland, some rights reserved (CC BY)",2025-08-05,413425,Anthornis melanura melanura,https://inaturalist-open-data.s3.amazonaws.com/photos/548243222/original.jpg,048b1cc1c62ff6ce9db1e3ba9318b7e0,197700,2048,1510,test
548243226,304136212,korimako,bird,Korimako,Anthornis melanura,cc-by,"(c) William Harland, some rights reserved (CC BY)",2025-08-05,413425,Anthornis melanura melanura,https://inaturalist-open-data.s3.amazonaws.com/photos/548243226/original.jpg,c935f60d945aaff43622e341a3312222,175065,2048,1316,test
548243238,304136212,korimako,bird,Korimako,Anthornis melanura,cc-by,"(c) William Harland, some rights reserved (CC BY)",2025-08-05,413425,Anthornis melanura melanura,https://inaturalist-open-data.s3.amazonaws.com/photos/548243238/original.jpg,3495ffc06c9181fd4cebec1e1f0a8665,150086,2048,1160,test
25548285,16910627,kowhai,plant,Kōwhai,Sophora microphylla,cc-by,"(c) Jon Sullivan, some rights reserved (CC BY)",2018-09-18,210947,Sophora microphylla,https://inaturalist-open-data.s3.amazonaws.com/photos/25548285/original.jpg,2f76643cb4a9740c2145db9ad5da6bcd,720123,1536,2048,test
29966006,19476391,kowhai,plant,Kōwhai,Sophora microphylla,cc-by,"(c) John Barkla, some rights reserved (CC BY)",2019-01-03,210947,Sophora microphylla,https://inaturalist-open-data.s3.amazonaws.com/photos/29966006/original.jpg,1a928c9e4ad74ebc31a1979005b2e5e7,219214,2048,1365,test
441091233,247017564,kowhai,plant,Kōwhai,Sophora microphylla,cc-by,"(c) Nicholas Allen, some rights reserved (CC BY)",2024-10-13,210947,Sophora microphylla,https://inaturalist-open-data.s3.amazonaws.com/photos/441091233/original.jpeg,705912bc94cee7b6d6bffd2699016bec,477363,1536,2048,test
441091269,247017564,kowhai,plant,Kōwhai,Sophora microphylla,cc-by,"(c) Nicholas Allen, some rights reserved (CC BY)",2024-10-13,210947,Sophora microphylla,https://inaturalist-open-data.s3.amazonaws.com/photos/441091269/original.jpeg,fa5f66940e8fd96199126e9892a6db0c,506511,1536,2048,test
721483101,393612912,kowhai,plant,Kōwhai,Sophora microphylla,cc-by,"(c) Jon Sullivan, some rights reserved (CC BY)",2026-08-12,210947,Sophora microphylla,https://inaturalist-open-data.s3.amazonaws.com/photos/721483101/original.jpg,6129afeac0d1649f445404ef07e32eda,572927,1365,2048,test
83847882,52734598,kowhai,plant,Kōwhai,Sophora microphylla,cc-by,"(c) John Barkla, some rights reserved (CC BY)",2020-07-11,210947,Sophora microphylla,https://inaturalist-open-data.s3.amazonaws.com/photos/83847882/original.jpg,1103be693444f7dca436d0233a97745d,258422,2048,1365,test
83848154,52734598,kowhai,plant,Kōwhai,Sophora microphylla,cc-by,"(c) John Barkla, some rights reserved (CC BY)",2020-07-11,210947,Sophora microphylla,https://inaturalist-open-data.s3.amazonaws.com/photos/83848154/original.jpg,7de81432fc5b0a3c3cdcdf6e64b3d541,269813,2048,1365,test
83848207,52734598,kowhai,plant,Kōwhai,Sophora microphylla,cc-by,"(c) John Barkla, some rights reserved (CC BY)",2020-07-11,210947,Sophora microphylla,https://inaturalist-open-data.s3.amazonaws.com/photos/83848207/original.jpg,221c53b3e54a78a14a771672c548894b,310129,1365,2048,test
175362405,104630335,moth_plant,plant,Moth plant,Araujia sericifera,cc-by,"(c) Lisa Bennett, some rights reserved (CC BY)",2022-01-07,75499,Araujia sericifera,https://inaturalist-open-data.s3.amazonaws.com/photos/175362405/original.jpeg,cd7d796730242a5f6a265f77b094c214,133195,2048,1536,test
175362410,104630335,moth_plant,plant,Moth plant,Araujia sericifera,cc-by,"(c) Lisa Bennett, some rights reserved (CC BY)",2022-01-07,75499,Araujia sericifera,https://inaturalist-open-data.s3.amazonaws.com/photos/175362410/original.jpeg,8f2167dfa940ffe0ef69f716864717e4,237628,2048,1536,test
175362417,104630335,moth_plant,plant,Moth plant,Araujia sericifera,cc-by,"(c) Lisa Bennett, some rights reserved (CC BY)",2022-01-07,75499,Araujia sericifera,https://inaturalist-open-data.s3.amazonaws.com/photos/175362417/original.jpeg,c40a174a098bcbc258a6a520ef00062b,241957,2048,1536,test
179573102,106841797,moth_plant,plant,Moth plant,Araujia sericifera,cc-by,"(c) Nic Charlton, some rights reserved (CC BY)",2022-02-16,75499,Araujia sericifera,https://inaturalist-open-data.s3.amazonaws.com/photos/179573102/original.jpeg,5f4d914406573a97ac27508955e4387e,504559,2048,2048,test
179573117,106841797,moth_plant,plant,Moth plant,Araujia sericifera,cc-by,"(c) Nic Charlton, some rights reserved (CC BY)",2022-02-16,75499,Araujia sericifera,https://inaturalist-open-data.s3.amazonaws.com/photos/179573117/original.jpeg,e897b14dcc410ce4143aca750f596503,568232,2048,2048,test
179573125,106841797,moth_plant,plant,Moth plant,Araujia sericifera,cc-by,"(c) Nic Charlton, some rights reserved (CC BY)",2022-02-16,75499,Araujia sericifera,https://inaturalist-open-data.s3.amazonaws.com/photos/179573125/original.jpeg,7ad54e6bc55fd178d3cb9cd1e6aee676,697036,2048,2048,test
274008765,158564081,moth_plant,plant,Moth plant,Araujia sericifera,cc-by,"(c) catchwords, some rights reserved (CC BY)",2023-04-29,75499,Araujia sericifera,https://inaturalist-open-data.s3.amazonaws.com/photos/274008765/original.jpg,25fdc657f7e8d2d159ea6481b90efb40,309438,1536,2048,test
274009256,158564081,moth_plant,plant,Moth plant,Araujia sericifera,cc-by,"(c) catchwords, some rights reserved (CC BY)",2023-04-29,75499,Araujia sericifera,https://inaturalist-open-data.s3.amazonaws.com/photos/274009256/original.jpg,f97f6597524ba29698e9bd36f1b4f1a6,276133,1536,2048,test
66615771,41975109,moth_plant,plant,Moth plant,Araujia sericifera,cc-by,"(c) M Rutherford, some rights reserved (CC BY)",2020-04-12,75499,Araujia sericifera,https://inaturalist-open-data.s3.amazonaws.com/photos/66615771/original.jpg,946fe8e508e32fd751676e659c8861e2,200233,1152,2048,test
66615782,41975109,moth_plant,plant,Moth plant,Araujia sericifera,cc-by,"(c) M Rutherford, some rights reserved (CC BY)",2020-04-12,75499,Araujia sericifera,https://inaturalist-open-data.s3.amazonaws.com/photos/66615782/original.jpg,bb49d37ddad057ad77a8162128c8844b,359779,1152,2048,test
464890046,259030760,nikau,plant,Nīkau,Rhopalostylis sapida,cc-by,"(c) Michael Berardozzi, some rights reserved (CC BY)",2025-01-18,85274,Rhopalostylis sapida,https://inaturalist-open-data.s3.amazonaws.com/photos/464890046/original.jpg,27b4306ec6bc9e4d92004aee98e4c5a9,1403320,1536,2048,test
5435949,4497904,nikau,plant,Nīkau,Rhopalostylis sapida,cc-by,"(c) Jacqui Geux, some rights reserved (CC BY)",2016-11-03,85274,Rhopalostylis sapida,https://inaturalist-open-data.s3.amazonaws.com/photos/5435949/original.jpeg,2ebb578f1db9b1e6dde489c3dcee6630,174601,1600,1200,test
5435970,4497904,nikau,plant,Nīkau,Rhopalostylis sapida,cc-by,"(c) Jacqui Geux, some rights reserved (CC BY)",2016-11-03,85274,Rhopalostylis sapida,https://inaturalist-open-data.s3.amazonaws.com/photos/5435970/original.jpeg,e7a855a54b902370dd0d035240a446d3,292114,1600,1200,test
5435971,4497904,nikau,plant,Nīkau,Rhopalostylis sapida,cc-by,"(c) Jacqui Geux, some rights reserved (CC BY)",2016-11-03,85274,Rhopalostylis sapida,https://inaturalist-open-data.s3.amazonaws.com/photos/5435971/original.jpeg,b1eb1b23ce246951c9ae0319e2237e96,383944,1600,1200,test
5435972,4497904,nikau,plant,Nīkau,Rhopalostylis sapida,cc-by,"(c) Jacqui Geux, some rights reserved (CC BY)",2016-11-03,85274,Rhopalostylis sapida,https://inaturalist-open-data.s3.amazonaws.com/photos/5435972/original.jpeg,eabfefdcc2350a27b4834b6a40208823,232433,1600,1200,test
65251913,41148398,nikau,plant,Nīkau,Rhopalostylis sapida,cc-by,"(c) Nic Charlton, some rights reserved (CC BY)",2020-04-01,85274,Rhopalostylis sapida,https://inaturalist-open-data.s3.amazonaws.com/photos/65251913/original.jpeg,19dc20547ee6cfb14143ed701f131931,539423,995,2048,test
65251938,41148398,nikau,plant,Nīkau,Rhopalostylis sapida,cc-by,"(c) Nic Charlton, some rights reserved (CC BY)",2020-04-01,85274,Rhopalostylis sapida,https://inaturalist-open-data.s3.amazonaws.com/photos/65251938/original.jpeg,2f3fade0c71d16fbf0c1bb48ef7e1bc4,492879,995,2048,test
65251956,41148398,nikau,plant,Nīkau,Rhopalostylis sapida,cc-by,"(c) Nic Charlton, some rights reserved (CC BY)",2020-04-01,85274,Rhopalostylis sapida,https://inaturalist-open-data.s3.amazonaws.com/photos/65251956/original.jpeg,06a677208491ef5371f40ee88a09f66e,535800,995,2048,test
6929346,5576508,nikau,plant,Nīkau,Rhopalostylis sapida,cc-by,"(c) Brett Sandford, some rights reserved (CC BY)",2017-04-05,85274,Rhopalostylis sapida,https://inaturalist-open-data.s3.amazonaws.com/photos/6929346/original.jpeg,d47f451e340d807d54297766bdbcf5d7,427443,1536,2048,test
74252034,46817996,nikau,plant,Nīkau,Rhopalostylis sapida,cc-by,"(c) Tim Park, some rights reserved (CC BY)",2020-05-22,85274,Rhopalostylis sapida,https://inaturalist-open-data.s3.amazonaws.com/photos/74252034/original.jpg,36d6ab619bb421352f311030f27981fc,523357,1536,2048,test
432578528,242638674,piwakawaka,bird,Pīwakawaka,Rhipidura fuliginosa,cc-by,"(c) William Harland, some rights reserved (CC BY)",2024-09-16,413533,Rhipidura fuliginosa fuliginosa,https://inaturalist-open-data.s3.amazonaws.com/photos/432578528/original.jpeg,0996c918068a8a5fba4d76c0ace74dac,66221,2048,1106,test
432578530,242638674,piwakawaka,bird,Pīwakawaka,Rhipidura fuliginosa,cc-by,"(c) William Harland, some rights reserved (CC BY)",2024-09-16,413533,Rhipidura fuliginosa fuliginosa,https://inaturalist-open-data.s3.amazonaws.com/photos/432578530/original.jpeg,f55dc9d390bde041884c5f4f9d53233d,80993,2048,1539,test
476197998,265140649,piwakawaka,bird,Pīwakawaka,Rhipidura fuliginosa,cc-by,"(c) William Harland, some rights reserved (CC BY)",2025-03-09,413533,Rhipidura fuliginosa fuliginosa,https://inaturalist-open-data.s3.amazonaws.com/photos/476197998/original.jpeg,ad7a048a8d7473cf2d3ce920bdc72b65,63869,2048,1488,test
476198012,265140649,piwakawaka,bird,Pīwakawaka,Rhipidura fuliginosa,cc-by,"(c) William Harland, some rights reserved (CC BY)",2025-03-09,413533,Rhipidura fuliginosa fuliginosa,https://inaturalist-open-data.s3.amazonaws.com/photos/476198012/original.jpeg,6e253994a174477ba9ddddba319d92ab,55132,2048,1409,test
476198019,265140649,piwakawaka,bird,Pīwakawaka,Rhipidura fuliginosa,cc-by,"(c) William Harland, some rights reserved (CC BY)",2025-03-09,413533,Rhipidura fuliginosa fuliginosa,https://inaturalist-open-data.s3.amazonaws.com/photos/476198019/original.jpeg,748c1f419c9e6a7f2eb10227828a024f,62454,2048,1368,test
479222362,266713650,piwakawaka,bird,Pīwakawaka,Rhipidura fuliginosa,cc-by,"(c) William Harland, some rights reserved (CC BY)",2025-03-22,413533,Rhipidura fuliginosa fuliginosa,https://inaturalist-open-data.s3.amazonaws.com/photos/479222362/original.jpeg,2bb4d08155846c1fcc68130c54a4e2b6,92340,2048,1541,test
479222374,266713650,piwakawaka,bird,Pīwakawaka,Rhipidura fuliginosa,cc-by,"(c) William Harland, some rights reserved (CC BY)",2025-03-22,413533,Rhipidura fuliginosa fuliginosa,https://inaturalist-open-data.s3.amazonaws.com/photos/479222374/original.jpeg,d316e8f17cae6824eed5be66150b2828,97771,2048,1621,test
650001776,356431359,piwakawaka,bird,Pīwakawaka,Rhipidura fuliginosa,cc-by,"(c) William Harland, some rights reserved (CC BY)",2026-04-25,413533,Rhipidura fuliginosa fuliginosa,https://inaturalist-open-data.s3.amazonaws.com/photos/650001776/original.jpg,c87800ab4b69929a41b82c340cdae405,66919,2048,1340,test
650001779,356431359,piwakawaka,bird,Pīwakawaka,Rhipidura fuliginosa,cc-by,"(c) William Harland, some rights reserved (CC BY)",2026-04-25,413533,Rhipidura fuliginosa fuliginosa,https://inaturalist-open-data.s3.amazonaws.com/photos/650001779/original.jpg,036c4277aca699f7f92ce2b826e0a1b1,66178,2048,1329,test
102248552,63683767,pohutukawa,plant,Pōhutukawa,Metrosideros excelsa,cc-by,"(c) wild_wind, some rights reserved (CC BY)",2020-10-28,122905,Metrosideros excelsa,https://inaturalist-open-data.s3.amazonaws.com/photos/102248552/original.jpeg,11ea6a0bac08bc8bd8370d567d4133d9,380904,2048,2048,test
102248556,63683767,pohutukawa,plant,Pōhutukawa,Metrosideros excelsa,cc-by,"(c) wild_wind, some rights reserved (CC BY)",2020-10-28,122905,Metrosideros excelsa,https://inaturalist-open-data.s3.amazonaws.com/photos/102248556/original.jpeg,1a924c1a6e440bac8822f216a2aff6e1,313651,2048,2048,test
102248561,63683767,pohutukawa,plant,Pōhutukawa,Metrosideros excelsa,cc-by,"(c) wild_wind, some rights reserved (CC BY)",2020-10-28,122905,Metrosideros excelsa,https://inaturalist-open-data.s3.amazonaws.com/photos/102248561/original.jpeg,caaf24cfc634a619ad4f0cc2703f6b65,299252,2048,2047,test
102248568,63683767,pohutukawa,plant,Pōhutukawa,Metrosideros excelsa,cc-by,"(c) wild_wind, some rights reserved (CC BY)",2020-10-28,122905,Metrosideros excelsa,https://inaturalist-open-data.s3.amazonaws.com/photos/102248568/original.jpeg,339eca6929e95f005938ae1bd7309635,326171,2048,2048,test
362829531,205217189,pohutukawa,plant,Pōhutukawa,Metrosideros excelsa,cc0,no rights reserved,2024-04-03,122905,Metrosideros excelsa,https://inaturalist-open-data.s3.amazonaws.com/photos/362829531/original.jpg,c733aab9171f2c20bad8e0a34694cf19,519913,2048,1542,test
466055766,259607750,pohutukawa,plant,Pōhutukawa,Metrosideros excelsa,cc-by,"(c) Richard Littauer, some rights reserved (CC BY)",2025-01-26,122905,Metrosideros excelsa,https://inaturalist-open-data.s3.amazonaws.com/photos/466055766/original.jpg,cdaf11e2054be753ae96b3d83755c87b,397589,1536,2048,test
513174055,285498733,pohutukawa,plant,Pōhutukawa,Metrosideros excelsa,cc-by,"(c) Michael Keith, some rights reserved (CC BY)",2025-05-28,122905,Metrosideros excelsa,https://inaturalist-open-data.s3.amazonaws.com/photos/513174055/original.jpg,fd5b3472b216b516187ed43a40d6ca97,1192577,1536,2048,test
69085372,43544779,pohutukawa,plant,Pōhutukawa,Metrosideros excelsa,cc-by,"(c) wild_wind, some rights reserved (CC BY)",2020-04-26,122905,Metrosideros excelsa,https://inaturalist-open-data.s3.amazonaws.com/photos/69085372/original.jpeg,d89911de49ce1b43e3687fabbff31dd3,542335,2048,2016,test
266178923,154069608,silver_fern,plant,Silver fern,Cyathea dealbata,cc-by,"(c) Michael Berardozzi, some rights reserved (CC BY)",2023-04-09,131669,Cyathea dealbata,https://inaturalist-open-data.s3.amazonaws.com/photos/266178923/original.jpg,1d8387adf48ea394ece572b34200a402,496450,1536,2048,test
266178935,154069608,silver_fern,plant,Silver fern,Cyathea dealbata,cc-by,"(c) Michael Berardozzi, some rights reserved (CC BY)",2023-04-09,131669,Cyathea dealbata,https://inaturalist-open-data.s3.amazonaws.com/photos/266178935/original.jpg,0495266013a43bb7d620725384c85136,344896,1536,2048,test
266178949,154069608,silver_fern,plant,Silver fern,Cyathea dealbata,cc-by,"(c) Michael Berardozzi, some rights reserved (CC BY)",2023-04-09,131669,Cyathea dealbata,https://inaturalist-open-data.s3.amazonaws.com/photos/266178949/original.jpg,50e0dd2f04525ded0c7e1ba0cf49629b,542797,1536,2048,test
272033666,157327029,silver_fern,plant,Silver fern,Cyathea dealbata,cc-by,"(c) Kate McAlpine, some rights reserved (CC BY)",2023-04-29,131669,Cyathea dealbata,https://inaturalist-open-data.s3.amazonaws.com/photos/272033666/original.jpeg,c33104f373013a421a5ed08ee9fa44e0,868491,1536,2048,test
272033755,157327029,silver_fern,plant,Silver fern,Cyathea dealbata,cc-by,"(c) Kate McAlpine, some rights reserved (CC BY)",2023-04-29,131669,Cyathea dealbata,https://inaturalist-open-data.s3.amazonaws.com/photos/272033755/original.jpeg,2b3f1dffad2421777c17b94dd835e1bc,714643,1536,2048,test
272033835,157327029,silver_fern,plant,Silver fern,Cyathea dealbata,cc-by,"(c) Kate McAlpine, some rights reserved (CC BY)",2023-04-29,131669,Cyathea dealbata,https://inaturalist-open-data.s3.amazonaws.com/photos/272033835/original.jpeg,86b731df1876a499311a7d98fc8596e4,839894,1536,2048,test
293107226,169089658,silver_fern,plant,Silver fern,Cyathea dealbata,cc-by,"(c) Michael Berardozzi, some rights reserved (CC BY)",2023-06-24,131669,Cyathea dealbata,https://inaturalist-open-data.s3.amazonaws.com/photos/293107226/original.jpeg,ea200129afca3f5324f00b624cd05f2f,450281,1536,2048,test
293107273,169089658,silver_fern,plant,Silver fern,Cyathea dealbata,cc-by,"(c) Michael Berardozzi, some rights reserved (CC BY)",2023-06-24,131669,Cyathea dealbata,https://inaturalist-open-data.s3.amazonaws.com/photos/293107273/original.jpeg,1edc96d6c45540fb6c37c813c771245e,509407,1536,2048,test
293107826,169089658,silver_fern,plant,Silver fern,Cyathea dealbata,cc-by,"(c) Michael Berardozzi, some rights reserved (CC BY)",2023-06-24,131669,Cyathea dealbata,https://inaturalist-open-data.s3.amazonaws.com/photos/293107826/original.jpeg,c6adae37a5e85123b74628f16a5f1678,449879,1536,2048,test
585487123,323563613,silver_fern,plant,Silver fern,Cyathea dealbata,cc-by,"(c) kiwialli, some rights reserved (CC BY)",2025-10-25,131669,Cyathea dealbata,https://inaturalist-open-data.s3.amazonaws.com/photos/585487123/original.jpg,c32a450e02932a67abd065e1ca230e6f,1034228,2048,2048,test
585487149,323563613,silver_fern,plant,Silver fern,Cyathea dealbata,cc-by,"(c) kiwialli, some rights reserved (CC BY)",2025-10-25,131669,Cyathea dealbata,https://inaturalist-open-data.s3.amazonaws.com/photos/585487149/original.jpg,5ad302cec6a7e5cd08ddf7efa9d52327,872880,2048,2048,test
585487179,323563613,silver_fern,plant,Silver fern,Cyathea dealbata,cc-by,"(c) kiwialli, some rights reserved (CC BY)",2025-10-25,131669,Cyathea dealbata,https://inaturalist-open-data.s3.amazonaws.com/photos/585487179/original.jpg,7d2bfbfdf1314bd60799d3537f3ef67c,877382,2048,2048,test
675348727,369716881,silver_fern,plant,Silver fern,Cyathea dealbata,cc0,no rights reserved,2026-05-05,131669,Cyathea dealbata,https://inaturalist-open-data.s3.amazonaws.com/photos/675348727/original.jpg,6bc29a2c74228a5c394b2b6c5fb236d5,249367,2048,1670,test
675348741,369716881,silver_fern,plant,Silver fern,Cyathea dealbata,cc0,no rights reserved,2026-05-05,131669,Cyathea dealbata,https://inaturalist-open-data.s3.amazonaws.com/photos/675348741/original.jpg,24007a8a36a88945ba3f9a437f94bd98,478117,1542,2048,test
138259800,84140171,song_thrush,bird,Song thrush,Turdus philomelos,cc-by,"(c) Svend Hansen, some rights reserved (CC BY)",2021-06-23,702675,Turdus philomelos clarkei,https://inaturalist-open-data.s3.amazonaws.com/photos/138259800/original.jpeg,9ce73198a32d40b81b6acc6fd5e625f1,424711,1152,2048,test
1492191,1181749,song_thrush,bird,Song thrush,Turdus philomelos,cc-by,"(c) Lisa Bennett, some rights reserved (CC BY)",2015-01-05,12748,Turdus philomelos,https://inaturalist-open-data.s3.amazonaws.com/photos/1492191/original.JPG,2436745eccc5c45935ba8c53a02eb9b8,297605,2048,1537,test
1492192,1181749,song_thrush,bird,Song thrush,Turdus philomelos,cc-by,"(c) Lisa Bennett, some rights reserved (CC BY)",2015-01-05,12748,Turdus philomelos,https://inaturalist-open-data.s3.amazonaws.com/photos/1492192/original.JPG,04d2b6f9eab324269561c3a9e9ffe07a,282680,2048,1537,test
341999362,194546003,song_thrush,bird,Song thrush,Turdus philomelos,cc-by,"(c) Eric Knight, some rights reserved (CC BY)",2023-12-09,702675,Turdus philomelos clarkei,https://inaturalist-open-data.s3.amazonaws.com/photos/341999362/original.jpeg,09f070a0f03d573880c7008a0a98f410,374200,2048,1365,test
472209113,262907185,song_thrush,bird,Song thrush,Turdus philomelos,cc-by,"(c) ian_mcallan, some rights reserved (CC BY)",2025-02-15,12748,Turdus philomelos,https://inaturalist-open-data.s3.amazonaws.com/photos/472209113/original.jpeg,4b8fe3466a99f439a17ce9d3ce7fbc95,255138,2048,1536,test
162993515,97954341,starling,bird,Common starling,Sturnus vulgaris,cc-by,"(c) Aalbert Rebergen, some rights reserved (CC BY)",2021-10-11,577950,Sturnus vulgaris vulgaris,https://inaturalist-open-data.s3.amazonaws.com/photos/162993515/original.jpeg,5fcf6ff1b37d3822e1c09981249150c5,286617,2048,1438,test
162993748,97954341,starling,bird,Common starling,Sturnus vulgaris,cc-by,"(c) Aalbert Rebergen, some rights reserved (CC BY)",2021-10-11,577950,Sturnus vulgaris vulgaris,https://inaturalist-open-data.s3.amazonaws.com/photos/162993748/original.jpeg,971a37acd097e7366b98fd4702e73823,283390,2048,1473,test
162993793,97954341,starling,bird,Common starling,Sturnus vulgaris,cc-by,"(c) Aalbert Rebergen, some rights reserved (CC BY)",2021-10-11,577950,Sturnus vulgaris vulgaris,https://inaturalist-open-data.s3.amazonaws.com/photos/162993793/original.jpeg,d3d9b0cc821b6b3d0aa5e5002fcb319f,227501,2048,1313,test
162993800,97954341,starling,bird,Common starling,Sturnus vulgaris,cc-by,"(c) Aalbert Rebergen, some rights reserved (CC BY)",2021-10-11,577950,Sturnus vulgaris vulgaris,https://inaturalist-open-data.s3.amazonaws.com/photos/162993800/original.jpeg,789f78356a3a058b1305429a7c0cf39d,256872,2048,1333,test
170168837,101863584,starling,bird,Common starling,Sturnus vulgaris,cc-by,"(c) Jon Sullivan, some rights reserved (CC BY)",2021-11-15,577950,Sturnus vulgaris vulgaris,https://inaturalist-open-data.s3.amazonaws.com/photos/170168837/original.jpg,90195f2fb3b161f5a16a7f0ab83c6b2a,414957,2048,1536,test
245231515,143000965,starling,bird,Common starling,Sturnus vulgaris,cc-by,"(c) Richard Littauer, some rights reserved (CC BY)",2022-11-23,14850,Sturnus vulgaris,https://inaturalist-open-data.s3.amazonaws.com/photos/245231515/original.jpg,fbbdcb96ece463bd57436e3d39f84f1c,518113,2048,1365,test
32561196,21073078,starling,bird,Common starling,Sturnus vulgaris,cc-by,"(c) Jacqui Geux, some rights reserved (CC BY)",2019-03-08,577950,Sturnus vulgaris vulgaris,https://inaturalist-open-data.s3.amazonaws.com/photos/32561196/original.jpeg,143be4e0ee4c734c74740a1e23304a42,117006,1600,1200,test
32561202,21073078,starling,bird,Common starling,Sturnus vulgaris,cc-by,"(c) Jacqui Geux, some rights reserved (CC BY)",2019-03-08,577950,Sturnus vulgaris vulgaris,https://inaturalist-open-data.s3.amazonaws.com/photos/32561202/original.jpeg,787f9489f0f91a48baae3397746b8f17,89703,1600,1200,test
32561204,21073078,starling,bird,Common starling,Sturnus vulgaris,cc-by,"(c) Jacqui Geux, some rights reserved (CC BY)",2019-03-08,577950,Sturnus vulgaris vulgaris,https://inaturalist-open-data.s3.amazonaws.com/photos/32561204/original.jpeg,0faee0d9d36715942b164bd7ec0f352a,98422,1600,1200,test
721757531,393752272,starling,bird,Common starling,Sturnus vulgaris,cc-by,"(c) Jon Sullivan, some rights reserved (CC BY)",2026-08-14,14850,Sturnus vulgaris,https://inaturalist-open-data.s3.amazonaws.com/photos/721757531/original.jpg,890368a091e371f36c48e5aa791e55ca,251832,1257,838,test
7336857,5886396,starling,bird,Common starling,Sturnus vulgaris,cc-by,"(c) Jacqui Geux, some rights reserved (CC BY)",2017-04-21,14850,Sturnus vulgaris,https://inaturalist-open-data.s3.amazonaws.com/photos/7336857/original.jpeg,068049da069111cd9306d100389d88a7,130102,1600,1200,test
105239507,65390138,tauhou,bird,Tauhou (silvereye),Zosterops lateralis,cc-by,"(c) Jacqui Geux, some rights reserved (CC BY)",2020-11-20,413547,Zosterops lateralis lateralis,https://inaturalist-open-data.s3.amazonaws.com/photos/105239507/original.gif,b565a05399385e8dbca8fb045283c8cb,3301572,1154,866,test
105240581,65390138,tauhou,bird,Tauhou (silvereye),Zosterops lateralis,cc-by,"(c) Jacqui Geux, some rights reserved (CC BY)",2020-11-20,413547,Zosterops lateralis lateralis,https://inaturalist-open-data.s3.amazonaws.com/photos/105240581/original.jpeg,c0a0b42d92b38e579c4736c8586f85c7,88090,1368,1026,test
262362583,152006842,tauhou,bird,Tauhou (silvereye),Zosterops lateralis,cc-by,"(c) William Harland, some rights reserved (CC BY)",2023-03-23,413547,Zosterops lateralis lateralis,https://inaturalist-open-data.s3.amazonaws.com/photos/262362583/original.jpeg,6b47fdb0004c752a36a972f5165ce588,184354,2048,1770,test
449533728,251258745,tauhou,bird,Tauhou (silvereye),Zosterops lateralis,cc-by,"(c) Saryu Mae 前 朝琉, some rights reserved (CC BY)",2024-10-01,413547,Zosterops lateralis lateralis,https://inaturalist-open-data.s3.amazonaws.com/photos/449533728/original.jpeg,4ad5f23edf30c26421ac1b47fa7d801c,71892,2048,1365,test
449543392,251258745,tauhou,bird,Tauhou (silvereye),Zosterops lateralis,cc-by,"(c) Saryu Mae 前 朝琉, some rights reserved (CC BY)",2024-10-01,413547,Zosterops lateralis lateralis,https://inaturalist-open-data.s3.amazonaws.com/photos/449543392/original.jpg,e2d78fba41d96772f9a75324028602ae,467085,2048,1365,test
461334463,257198969,tauhou,bird,Tauhou (silvereye),Zosterops lateralis,cc-by,"(c) William Harland, some rights reserved (CC BY)",2025-01-01,413547,Zosterops lateralis lateralis,https://inaturalist-open-data.s3.amazonaws.com/photos/461334463/original.jpeg,75a41b4e82ea0d9619389cb307eeb169,113162,2048,1360,test
461334465,257198969,tauhou,bird,Tauhou (silvereye),Zosterops lateralis,cc-by,"(c) William Harland, some rights reserved (CC BY)",2025-01-01,413547,Zosterops lateralis lateralis,https://inaturalist-open-data.s3.amazonaws.com/photos/461334465/original.jpeg,e9bddd3c0196d33bd552aea7623bf75c,107559,2048,1290,test
461334475,257198969,tauhou,bird,Tauhou (silvereye),Zosterops lateralis,cc-by,"(c) William Harland, some rights reserved (CC BY)",2025-01-01,413547,Zosterops lateralis lateralis,https://inaturalist-open-data.s3.amazonaws.com/photos/461334475/original.jpeg,86e787445c347f9af218590a60be7faa,107100,2048,1319,test
461334476,257198969,tauhou,bird,Tauhou (silvereye),Zosterops lateralis,cc-by,"(c) William Harland, some rights reserved (CC BY)",2025-01-01,413547,Zosterops lateralis lateralis,https://inaturalist-open-data.s3.amazonaws.com/photos/461334476/original.jpeg,62a8f95351cbdb26b17ae10c204d3d48,91718,2048,1538,test
461334477,257198969,tauhou,bird,Tauhou (silvereye),Zosterops lateralis,cc-by,"(c) William Harland, some rights reserved (CC BY)",2025-01-01,413547,Zosterops lateralis lateralis,https://inaturalist-open-data.s3.amazonaws.com/photos/461334477/original.jpeg,85fd4fdaf5334b0e0623db68307b78c9,94617,2048,1235,test
461334485,257198969,tauhou,bird,Tauhou (silvereye),Zosterops lateralis,cc-by,"(c) William Harland, some rights reserved (CC BY)",2025-01-01,413547,Zosterops lateralis lateralis,https://inaturalist-open-data.s3.amazonaws.com/photos/461334485/original.jpeg,de99169c4cb9d05f178df81e4a40b5e6,114087,2048,1247,test
461334490,257198969,tauhou,bird,Tauhou (silvereye),Zosterops lateralis,cc-by,"(c) William Harland, some rights reserved (CC BY)",2025-01-01,413547,Zosterops lateralis lateralis,https://inaturalist-open-data.s3.amazonaws.com/photos/461334490/original.jpeg,875392d76565c8773cf0dc4ae1a9327b,101286,2048,1314,test
461334495,257198969,tauhou,bird,Tauhou (silvereye),Zosterops lateralis,cc-by,"(c) William Harland, some rights reserved (CC BY)",2025-01-01,413547,Zosterops lateralis lateralis,https://inaturalist-open-data.s3.amazonaws.com/photos/461334495/original.jpeg,0f065f29ca08a89d2c4330d1cc476d97,94172,2048,1347,test
461334501,257198969,tauhou,bird,Tauhou (silvereye),Zosterops lateralis,cc-by,"(c) William Harland, some rights reserved (CC BY)",2025-01-01,413547,Zosterops lateralis lateralis,https://inaturalist-open-data.s3.amazonaws.com/photos/461334501/original.jpeg,3c3686ba69196d319d7c48c3544735ba,104215,2048,1501,test
465157041,259162561,tauhou,bird,Tauhou (silvereye),Zosterops lateralis,cc-by,"(c) Saryu Mae 前 朝琉, some rights reserved (CC BY)",2024-02-25,413547,Zosterops lateralis lateralis,https://inaturalist-open-data.s3.amazonaws.com/photos/465157041/original.jpg,6f06e9d275fe2e69be45231047efb118,457517,2048,1365,test
465157059,259162561,tauhou,bird,Tauhou (silvereye),Zosterops lateralis,cc-by,"(c) Saryu Mae 前 朝琉, some rights reserved (CC BY)",2024-02-25,413547,Zosterops lateralis lateralis,https://inaturalist-open-data.s3.amazonaws.com/photos/465157059/original.jpg,30864f81cb86387e694fdfd2d385f374,698405,2048,1366,test
465219511,259162561,tauhou,bird,Tauhou (silvereye),Zosterops lateralis,cc-by,"(c) Saryu Mae 前 朝琉, some rights reserved (CC BY)",2024-02-25,413547,Zosterops lateralis lateralis,https://inaturalist-open-data.s3.amazonaws.com/photos/465219511/original.jpg,b0f7d73e88c64fb85d56d6df1ddb1d7c,500969,1411,941,test
106821667,66285009,ti_kouka,plant,Tī kōuka (cabbage tree),Cordyline australis,cc-by,"(c) Jacqui Geux, some rights reserved (CC BY)",2020-12-06,50191,Cordyline australis,https://inaturalist-open-data.s3.amazonaws.com/photos/106821667/original.jpeg,c6072e541e3b100f67ee6b2b8b7a2ee8,264623,1600,1200,test
106821672,66285009,ti_kouka,plant,Tī kōuka (cabbage tree),Cordyline australis,cc-by,"(c) Jacqui Geux, some rights reserved (CC BY)",2020-12-06,50191,Cordyline australis,https://inaturalist-open-data.s3.amazonaws.com/photos/106821672/original.jpeg,05fb6f535ba4dce574691841581b0ab5,331328,1600,1200,test
106821673,66285009,ti_kouka,plant,Tī kōuka (cabbage tree),Cordyline australis,cc-by,"(c) Jacqui Geux, some rights reserved (CC BY)",2020-12-06,50191,Cordyline australis,https://inaturalist-open-data.s3.amazonaws.com/photos/106821673/original.jpeg,543da9c788bf6b270b6d7efc8e02ea57,309735,1200,1600,test
11928224,8871084,ti_kouka,plant,Tī kōuka (cabbage tree),Cordyline australis,cc-by,"(c) John Barkla, some rights reserved (CC BY)",2017-11-12,50191,Cordyline australis,https://inaturalist-open-data.s3.amazonaws.com/photos/11928224/original.jpg,0e7ac82218b9c1f8588f9d5d1ab29192,129190,1365,2048,test
273835113,158445656,ti_kouka,plant,Tī kōuka (cabbage tree),Cordyline australis,cc-by,"(c) Kelvin Perrie, some rights reserved (CC BY)",2023-04-29,50191,Cordyline australis,https://inaturalist-open-data.s3.amazonaws.com/photos/273835113/original.jpeg,cc38775feba044645ee2ac4696c71eaa,242966,1536,2048,test
274021820,158571612,ti_kouka,plant,Tī kōuka (cabbage tree),Cordyline australis,cc-by,"(c) Leon Perrie, some rights reserved (CC BY)",2023-05-01,50191,Cordyline australis,https://inaturalist-open-data.s3.amazonaws.com/photos/274021820/original.jpeg,5021eda72f579be2f8b14a7110fdd041,320847,2048,1536,test
489475910,272083770,ti_kouka,plant,Tī kōuka (cabbage tree),Cordyline australis,cc-by,"(c) Jon Sullivan, some rights reserved (CC BY)",2025-04-09,50191,Cordyline australis,https://inaturalist-open-data.s3.amazonaws.com/photos/489475910/original.jpg,3324d46fcb383ef79d9c4748ee4de582,527002,2048,1365,test
676214228,370164650,ti_kouka,plant,Tī kōuka (cabbage tree),Cordyline australis,cc-by,"(c) Colin Meurk, some rights reserved (CC BY)",2026-06-10,50191,Cordyline australis,https://inaturalist-open-data.s3.amazonaws.com/photos/676214228/original.jpg,643a530db25240233413c5b2e956af10,847756,1536,2048,test
676214294,370164650,ti_kouka,plant,Tī kōuka (cabbage tree),Cordyline australis,cc-by,"(c) Colin Meurk, some rights reserved (CC BY)",2026-06-10,50191,Cordyline australis,https://inaturalist-open-data.s3.amazonaws.com/photos/676214294/original.jpg,e739e8bdbe45518bd412b61cbf32bef9,909986,1536,2048,test
135854733,20092424,tradescantia,plant,Tradescantia,Tradescantia fluminensis,cc0,no rights reserved,2019-01-26,79382,Tradescantia fluminensis,https://inaturalist-open-data.s3.amazonaws.com/photos/135854733/original.jpeg,63793443b25e5a489f66abc0f48c2287,235836,2048,1536,test
31027208,20092424,tradescantia,plant,Tradescantia,Tradescantia fluminensis,cc0,no rights reserved,2019-01-26,79382,Tradescantia fluminensis,https://inaturalist-open-data.s3.amazonaws.com/photos/31027208/original.jpg,48f0548eea04f803b49df117c2970192,456394,2048,1657,test
338165945,192611714,tradescantia,plant,Tradescantia,Tradescantia fluminensis,cc-by,"(c) Michael Berardozzi, some rights reserved (CC BY)",2023-11-30,79382,Tradescantia fluminensis,https://inaturalist-open-data.s3.amazonaws.com/photos/338165945/original.jpg,46b23788a09f49b2d8c5d8fef1ddb261,492476,1536,2048,test
370752567,209516188,tradescantia,plant,Tradescantia,Tradescantia fluminensis,cc-by,"(c) kiwialli, some rights reserved (CC BY)",2024-04-26,79382,Tradescantia fluminensis,https://inaturalist-open-data.s3.amazonaws.com/photos/370752567/original.jpeg,640954a46646100afe091cfa38dd5866,1050906,2048,2048,test
462282754,257677085,tradescantia,plant,Tradescantia,Tradescantia fluminensis,cc-by,"(c) Christopher Hynes, some rights reserved (CC BY)",2025-01-07,79382,Tradescantia fluminensis,https://inaturalist-open-data.s3.amazonaws.com/photos/462282754/original.jpg,08c2506b9b9a9f0c9c4e73bd4e843289,365580,1536,2048,test
52398439,33365940,tradescantia,plant,Tradescantia,Tradescantia fluminensis,cc0,no rights reserved,2019-05-01,79382,Tradescantia fluminensis,https://inaturalist-open-data.s3.amazonaws.com/photos/52398439/original.jpeg,01e8dfca676d5f53ba5c0025ac1e6e09,369931,2048,1536,test
52398526,33365940,tradescantia,plant,Tradescantia,Tradescantia fluminensis,cc0,no rights reserved,2019-05-01,79382,Tradescantia fluminensis,https://inaturalist-open-data.s3.amazonaws.com/photos/52398526/original.jpeg,8e14625db18187958c98bc398f5773ce,330960,2048,1536,test
52483611,33416728,tradescantia,plant,Tradescantia,Tradescantia fluminensis,cc0,no rights reserved,2019-05-01,79382,Tradescantia fluminensis,https://inaturalist-open-data.s3.amazonaws.com/photos/52483611/original.jpeg,701ee1ce5a140e4ceb8af293da606a76,436884,2048,1932,test
52854097,33640174,tradescantia,plant,Tradescantia,Tradescantia fluminensis,cc0,no rights reserved,2019-03-20,79382,Tradescantia fluminensis,https://inaturalist-open-data.s3.amazonaws.com/photos/52854097/original.jpeg,cf204030c95eb03c09fe43b6fa590fb3,417557,2048,1920,test
21885930,14680877,tui,bird,Tūī,Prosthemadera novaeseelandiae,cc-by,"(c) Kathy Warburton, some rights reserved (CC BY)",2018-07-24,413522,Prosthemadera novaeseelandiae novaeseelandiae,https://inaturalist-open-data.s3.amazonaws.com/photos/21885930/original.jpeg,5b4e93bb842366e9a74552faf4a7bb17,199534,2048,1536,test
268001504,155070777,tui,bird,Tūī,Prosthemadera novaeseelandiae,cc-by,"(c) Jay Pruett, some rights reserved (CC BY)",2018-10-25,413522,Prosthemadera novaeseelandiae novaeseelandiae,https://inaturalist-open-data.s3.amazonaws.com/photos/268001504/original.jpg,41b5c6b25795934358f0004483d94ba0,108864,2048,1366,test
50814218,32400253,tui,bird,Tūī,Prosthemadera novaeseelandiae,cc-by,"(c) wild_wind, some rights reserved (CC BY)",2019-09-09,413522,Prosthemadera novaeseelandiae novaeseelandiae,https://inaturalist-open-data.s3.amazonaws.com/photos/50814218/original.jpeg,4cd26c0da1f472bca767144a6890909e,329744,2038,2048,test
4001191,3449089,wild_ginger,plant,Wild ginger,Hedychium gardnerianum,cc-by,"(c) Bruce Calvert, some rights reserved (CC BY)",2016-06-13,52495,Hedychium gardnerianum,https://inaturalist-open-data.s3.amazonaws.com/photos/4001191/original.jpg,8d567c5932b55588db69eb755e210042,1329946,1529,2048,test
4001193,3449089,wild_ginger,plant,Wild ginger,Hedychium gardnerianum,cc-by,"(c) Bruce Calvert, some rights reserved (CC BY)",2016-06-13,52495,Hedychium gardnerianum,https://inaturalist-open-data.s3.amazonaws.com/photos/4001193/original.jpg,2212b5a64618222ec9af053b8766917a,1221452,1529,2048,test
4001194,3449089,wild_ginger,plant,Wild ginger,Hedychium gardnerianum,cc-by,"(c) Bruce Calvert, some rights reserved (CC BY)",2016-06-13,52495,Hedychium gardnerianum,https://inaturalist-open-data.s3.amazonaws.com/photos/4001194/original.jpg,ae491c4375c98a9ff772b5fc1f3e8d50,1250465,1529,2048,test
43594374,27985445,wild_ginger,plant,Wild ginger,Hedychium gardnerianum,cc0,no rights reserved,2019-06-28,52495,Hedychium gardnerianum,https://inaturalist-open-data.s3.amazonaws.com/photos/43594374/original.jpeg,5a579b1026e1f82c7abfaad355540aac,259128,2048,1536,test
490876526,272845853,wild_ginger,plant,Wild ginger,Hedychium gardnerianum,cc-by,"(c) Halema J, some rights reserved (CC BY)",2025-04-25,52495,Hedychium gardnerianum,https://inaturalist-open-data.s3.amazonaws.com/photos/490876526/original.jpg,ef6a69f3c3711a77c743ac4313b47688,494592,1536,2048,test
490876579,272845853,wild_ginger,plant,Wild ginger,Hedychium gardnerianum,cc-by,"(c) Halema J, some rights reserved (CC BY)",2025-04-25,52495,Hedychium gardnerianum,https://inaturalist-open-data.s3.amazonaws.com/photos/490876579/original.jpg,11437b70a74c86d954a17cc616d0563e,397597,1536,2048,test
60016985,37811028,wild_ginger,plant,Wild ginger,Hedychium gardnerianum,cc-by,"(c) Jacqui Geux, some rights reserved (CC BY)",2020-01-21,52495,Hedychium gardnerianum,https://inaturalist-open-data.s3.amazonaws.com/photos/60016985/original.jpeg,0e09a1ad105c1db93f7ce140d4e437a8,200014,1600,1200,test
60016988,37811028,wild_ginger,plant,Wild ginger,Hedychium gardnerianum,cc-by,"(c) Jacqui Geux, some rights reserved (CC BY)",2020-01-21,52495,Hedychium gardnerianum,https://inaturalist-open-data.s3.amazonaws.com/photos/60016988/original.jpeg,f039517eb352a21ed934ba5ae6716e61,304571,1600,1200,test
60016989,37811028,wild_ginger,plant,Wild ginger,Hedychium gardnerianum,cc-by,"(c) Jacqui Geux, some rights reserved (CC BY)",2020-01-21,52495,Hedychium gardnerianum,https://inaturalist-open-data.s3.amazonaws.com/photos/60016989/original.jpeg,cd6b411bfa8de911d465497363ed22cb,374858,1600,1200,test
348206230,197667588,woolly_nightshade,plant,Woolly nightshade,Solanum mauritianum,cc-by,"(c) Michael Berardozzi, some rights reserved (CC BY)",2024-01-26,133287,Solanum mauritianum,https://inaturalist-open-data.s3.amazonaws.com/photos/348206230/original.jpeg,57ac8044037ad8c2ded81c9d4efe01fe,224518,1536,2048,test
348206273,197667588,woolly_nightshade,plant,Woolly nightshade,Solanum mauritianum,cc-by,"(c) Michael Berardozzi, some rights reserved (CC BY)",2024-01-26,133287,Solanum mauritianum,https://inaturalist-open-data.s3.amazonaws.com/photos/348206273/original.jpeg,a5312d4603c626ab37a898b631832441,452744,1536,2048,test
393817544,222329100,woolly_nightshade,plant,Woolly nightshade,Solanum mauritianum,cc-by,"(c) garywwilson, some rights reserved (CC BY)",2024-06-10,133287,Solanum mauritianum,https://inaturalist-open-data.s3.amazonaws.com/photos/393817544/original.jpg,c0f91d0a0a71dcff710166e007cb3a57,1002681,2020,1515,test
393817583,222329100,woolly_nightshade,plant,Woolly nightshade,Solanum mauritianum,cc-by,"(c) garywwilson, some rights reserved (CC BY)",2024-06-10,133287,Solanum mauritianum,https://inaturalist-open-data.s3.amazonaws.com/photos/393817583/original.jpg,af2b34923c1451c13b632e32770a8993,900364,1515,2020,test
393817632,222329100,woolly_nightshade,plant,Woolly nightshade,Solanum mauritianum,cc-by,"(c) garywwilson, some rights reserved (CC BY)",2024-06-10,133287,Solanum mauritianum,https://inaturalist-open-data.s3.amazonaws.com/photos/393817632/original.jpg,b7b6f54d285832723ef06cac62398a19,989270,1515,2020,test
393817701,222329100,woolly_nightshade,plant,Woolly nightshade,Solanum mauritianum,cc-by,"(c) garywwilson, some rights reserved (CC BY)",2024-06-10,133287,Solanum mauritianum,https://inaturalist-open-data.s3.amazonaws.com/photos/393817701/original.jpg,487a3a591d20cdcdaf0e2faf8686c345,1019777,2020,1515,test
393817765,222329100,woolly_nightshade,plant,Woolly nightshade,Solanum mauritianum,cc-by,"(c) garywwilson, some rights reserved (CC BY)",2024-06-10,133287,Solanum mauritianum,https://inaturalist-open-data.s3.amazonaws.com/photos/393817765/original.jpg,79af2f44fef013d07b63e031866179cc,1035585,1515,2020,test
393817827,222329100,woolly_nightshade,plant,Woolly nightshade,Solanum mauritianum,cc-by,"(c) garywwilson, some rights reserved (CC BY)",2024-06-10,133287,Solanum mauritianum,https://inaturalist-open-data.s3.amazonaws.com/photos/393817827/original.jpg,916d7dc77691671da0918492ffb4ea6b,1149072,1515,2020,test
483697118,269049873,woolly_nightshade,plant,Woolly nightshade,Solanum mauritianum,cc0,no rights reserved,2025-04-07,133287,Solanum mauritianum,https://inaturalist-open-data.s3.amazonaws.com/photos/483697118/original.jpeg,4ac629dd6095309b88ecc5b82e9885ca,483608,1536,2048,test
483697187,269049873,woolly_nightshade,plant,Woolly nightshade,Solanum mauritianum,cc0,no rights reserved,2025-04-07,133287,Solanum mauritianum,https://inaturalist-open-data.s3.amazonaws.com/photos/483697187/original.jpeg,d8056bc52bddb22f5e63c054d0602835,543616,1536,2048,test
483700318,269049873,woolly_nightshade,plant,Woolly nightshade,Solanum mauritianum,cc0,no rights reserved,2025-04-07,133287,Solanum mauritianum,https://inaturalist-open-data.s3.amazonaws.com/photos/483700318/original.jpeg,34b38bfc32e045b0ce8c180cbecabcae,717788,1536,2048,test
597591691,329649353,woolly_nightshade,plant,Woolly nightshade,Solanum mauritianum,cc0,no rights reserved,2025-12-06,133287,Solanum mauritianum,https://inaturalist-open-data.s3.amazonaws.com/photos/597591691/original.jpg,138ab87dce254aa3726b540afa44d421,556902,1536,2048,test
597591729,329649353,woolly_nightshade,plant,Woolly nightshade,Solanum mauritianum,cc0,no rights reserved,2025-12-06,133287,Solanum mauritianum,https://inaturalist-open-data.s3.amazonaws.com/photos/597591729/original.jpg,10c62ade8a769d351d527be54efa1219,529514,1536,2048,test
163876736,98432588,blackbird,bird,Common blackbird,Turdus merula,cc-by,"(c) catchwords, some rights reserved (CC BY)",2021-10-16,341569,Turdus merula merula,https://inaturalist-open-data.s3.amazonaws.com/photos/163876736/original.jpg,bb148648379766db7c0ce22a57b3bbba,119491,544,363,train
169816284,101676599,blackbird,bird,Common blackbird,Turdus merula,cc-by,"(c) Jacqui Geux, some rights reserved (CC BY)",2021-11-18,341569,Turdus merula merula,https://inaturalist-open-data.s3.amazonaws.com/photos/169816284/original.jpeg,3af7c49b814f4771616bc2c16a9e34cf,139028,1600,1200,train
169816296,101676599,blackbird,bird,Common blackbird,Turdus merula,cc-by,"(c) Jacqui Geux, some rights reserved (CC BY)",2021-11-18,341569,Turdus merula merula,https://inaturalist-open-data.s3.amazonaws.com/photos/169816296/original.jpeg,51876babcb031ab12dda8c6ab9684e59,123796,1600,1200,train
169816304,101676599,blackbird,bird,Common blackbird,Turdus merula,cc-by,"(c) Jacqui Geux, some rights reserved (CC BY)",2021-11-18,341569,Turdus merula merula,https://inaturalist-open-data.s3.amazonaws.com/photos/169816304/original.jpeg,f5dcc334a1aa104c50d046d4d51088d5,107251,1600,1200,train
169816308,101676599,blackbird,bird,Common blackbird,Turdus merula,cc-by,"(c) Jacqui Geux, some rights reserved (CC BY)",2021-11-18,341569,Turdus merula merula,https://inaturalist-open-data.s3.amazonaws.com/photos/169816308/original.jpeg,a7ecd9d345c4642e30ec36ec5a2ca272,117086,1599,1200,train
230833925,135346540,blackbird,bird,Common blackbird,Turdus merula,cc-by,"(c) Krystal, some rights reserved (CC BY)",2022-09-17,341569,Turdus merula merula,https://inaturalist-open-data.s3.amazonaws.com/photos/230833925/original.jpg,f3440f661cac28ff748e9a2d1411dfce,317874,960,1280,train
230833940,135346540,blackbird,bird,Common blackbird,Turdus merula,cc-by,"(c) Krystal, some rights reserved (CC BY)",2022-09-17,341569,Turdus merula merula,https://inaturalist-open-data.s3.amazonaws.com/photos/230833940/original.jpg,772091f6799d915a7c6feed4a590ddf1,162439,946,2048,train
238560671,139475151,blackbird,bird,Common blackbird,Turdus merula,cc-by,"(c) Shaun Lee, some rights reserved (CC BY)",2022-10-21,341569,Turdus merula merula,https://inaturalist-open-data.s3.amazonaws.com/photos/238560671/original.jpg,ac794e5c04681eb09a00997ab9abf4be,145685,2048,1366,train
238560686,139475151,blackbird,bird,Common blackbird,Turdus merula,cc-by,"(c) Shaun Lee, some rights reserved (CC BY)",2022-10-21,341569,Turdus merula merula,https://inaturalist-open-data.s3.amazonaws.com/photos/238560686/original.jpg,6d871db418ef7240af6f40d0a1f76c34,156699,2048,1366,train
238560702,139475151,blackbird,bird,Common blackbird,Turdus merula,cc-by,"(c) Shaun Lee, some rights reserved (CC BY)",2022-10-21,341569,Turdus merula merula,https://inaturalist-open-data.s3.amazonaws.com/photos/238560702/original.jpg,4ce62720c4c372b8be7dc6c361775810,152848,2048,1366,train
238560714,139475151,blackbird,bird,Common blackbird,Turdus merula,cc-by,"(c) Shaun Lee, some rights reserved (CC BY)",2022-10-21,341569,Turdus merula merula,https://inaturalist-open-data.s3.amazonaws.com/photos/238560714/original.jpg,8f46c232bb54ed607b43568dcbb6a2d2,151941,2048,1366,train
29960673,19473155,blackbird,bird,Common blackbird,Turdus merula,cc-by,"(c) Jacqui Geux, some rights reserved (CC BY)",2019-01-07,341569,Turdus merula merula,https://inaturalist-open-data.s3.amazonaws.com/photos/29960673/original.jpeg,d882f0fc8a4370d695151051ec15b49a,125145,1600,1200,train
29960687,19473155,blackbird,bird,Common blackbird,Turdus merula,cc-by,"(c) Jacqui Geux, some rights reserved (CC BY)",2019-01-07,341569,Turdus merula merula,https://inaturalist-open-data.s3.amazonaws.com/photos/29960687/original.jpeg,62b82656ca68fd7d895f8ccd7362cd33,124462,1600,1200,train
29960689,19473155,blackbird,bird,Common blackbird,Turdus merula,cc-by,"(c) Jacqui Geux, some rights reserved (CC BY)",2019-01-07,341569,Turdus merula merula,https://inaturalist-open-data.s3.amazonaws.com/photos/29960689/original.jpeg,b5c44624a5818e150165f7c497961121,75335,1600,1200,train
29960694,19473155,blackbird,bird,Common blackbird,Turdus merula,cc-by,"(c) Jacqui Geux, some rights reserved (CC BY)",2019-01-07,341569,Turdus merula merula,https://inaturalist-open-data.s3.amazonaws.com/photos/29960694/original.jpeg,8afbda3ecc211a25eeec7dca58307b6f,115193,1600,1200,train
30694685,19901930,blackbird,bird,Common blackbird,Turdus merula,cc-by,"(c) Jacqui Geux, some rights reserved (CC BY)",2019-01-26,341569,Turdus merula merula,https://inaturalist-open-data.s3.amazonaws.com/photos/30694685/original.jpeg,85e192e4f01816e53bd9feef4335ac6c,113186,1600,1200,train
30694686,19901930,blackbird,bird,Common blackbird,Turdus merula,cc-by,"(c) Jacqui Geux, some rights reserved (CC BY)",2019-01-26,341569,Turdus merula merula,https://inaturalist-open-data.s3.amazonaws.com/photos/30694686/original.jpeg,efc2a270ff6b8a3a364b6ae0409babac,83754,1600,1200,train
30694689,19901930,blackbird,bird,Common blackbird,Turdus merula,cc-by,"(c) Jacqui Geux, some rights reserved (CC BY)",2019-01-26,341569,Turdus merula merula,https://inaturalist-open-data.s3.amazonaws.com/photos/30694689/original.jpeg,045526743292eacf733d7962b316938d,93946,1600,1200,train
30694691,19901930,blackbird,bird,Common blackbird,Turdus merula,cc-by,"(c) Jacqui Geux, some rights reserved (CC BY)",2019-01-26,341569,Turdus merula merula,https://inaturalist-open-data.s3.amazonaws.com/photos/30694691/original.jpeg,06212bfd84b519c654362226e2d9a1dc,121038,1600,1200,train
30694692,19901930,blackbird,bird,Common blackbird,Turdus merula,cc-by,"(c) Jacqui Geux, some rights reserved (CC BY)",2019-01-26,341569,Turdus merula merula,https://inaturalist-open-data.s3.amazonaws.com/photos/30694692/original.jpeg,78d40d607dd3b3d30ca46463bdd2595b,97069,1600,1200,train
30694694,19901930,blackbird,bird,Common blackbird,Turdus merula,cc-by,"(c) Jacqui Geux, some rights reserved (CC BY)",2019-01-26,341569,Turdus merula merula,https://inaturalist-open-data.s3.amazonaws.com/photos/30694694/original.jpeg,541bffaa9766c42ee7bb6612c0033326,101238,1600,1200,train
30694697,19901930,blackbird,bird,Common blackbird,Turdus merula,cc-by,"(c) Jacqui Geux, some rights reserved (CC BY)",2019-01-26,341569,Turdus merula merula,https://inaturalist-open-data.s3.amazonaws.com/photos/30694697/original.jpeg,6678b618ae13bda0cc5d41dd46a2d8b8,95138,1600,1200,train
30694701,19901930,blackbird,bird,Common blackbird,Turdus merula,cc-by,"(c) Jacqui Geux, some rights reserved (CC BY)",2019-01-26,341569,Turdus merula merula,https://inaturalist-open-data.s3.amazonaws.com/photos/30694701/original.jpeg,74a1970909080cab57e5677af4427649,106916,1600,1200,train
384309548,217249079,blackbird,bird,Common blackbird,Turdus merula,cc-by,"(c) Julia Palmer, some rights reserved (CC BY)",2024-05-20,341569,Turdus merula merula,https://inaturalist-open-data.s3.amazonaws.com/photos/384309548/original.jpeg,0b1a165b3933cd2f1ecba8808876e596,297641,2048,1365,train
431489666,242055615,blackbird,bird,Common blackbird,Turdus merula,cc0,no rights reserved,2024-09-16,341569,Turdus merula merula,https://inaturalist-open-data.s3.amazonaws.com/photos/431489666/original.jpeg,67123d2811d8e664fc3fd3839b74511e,500418,1537,2048,train
431489678,242055615,blackbird,bird,Common blackbird,Turdus merula,cc0,no rights reserved,2024-09-16,341569,Turdus merula merula,https://inaturalist-open-data.s3.amazonaws.com/photos/431489678/original.jpeg,30db336739288268b5cf832a2b8938f9,450934,1537,2048,train
45817134,29359114,blackbird,bird,Common blackbird,Turdus merula,cc-by,"(c) Jacqui Geux, some rights reserved (CC BY)",2019-07-23,341569,Turdus merula merula,https://inaturalist-open-data.s3.amazonaws.com/photos/45817134/original.jpeg,fcdd396169e609a3ea72b9e388e62718,184132,1600,1200,train
562068590,311366441,blackbird,bird,Common blackbird,Turdus merula,cc0,no rights reserved,2025-09-04,12716,Turdus merula,https://inaturalist-open-data.s3.amazonaws.com/photos/562068590/original.jpg,65089cf92ae0aed51bb5894ebc15f982,629965,1534,2048,train
562068640,311366441,blackbird,bird,Common blackbird,Turdus merula,cc0,no rights reserved,2025-09-04,12716,Turdus merula,https://inaturalist-open-data.s3.amazonaws.com/photos/562068640/original.jpg,884b3a9be8f52e0d3b1c15db0ce78d3d,578963,1534,2048,train
562124024,311366441,blackbird,bird,Common blackbird,Turdus merula,cc0,no rights reserved,2025-09-04,12716,Turdus merula,https://inaturalist-open-data.s3.amazonaws.com/photos/562124024/original.jpg,045c06327cc6a06afac2744c21ed3ae8,605778,1534,2048,train
562124049,311366441,blackbird,bird,Common blackbird,Turdus merula,cc0,no rights reserved,2025-09-04,12716,Turdus merula,https://inaturalist-open-data.s3.amazonaws.com/photos/562124049/original.jpg,ba85b8890b6dd6f7658d17fa1c355714,638348,1534,2048,train
562124072,311366441,blackbird,bird,Common blackbird,Turdus merula,cc0,no rights reserved,2025-09-04,12716,Turdus merula,https://inaturalist-open-data.s3.amazonaws.com/photos/562124072/original.jpg,6371ffd6c6291c3f14abd635b76147ec,607909,1534,2048,train
562124097,311366441,blackbird,bird,Common blackbird,Turdus merula,cc0,no rights reserved,2025-09-04,12716,Turdus merula,https://inaturalist-open-data.s3.amazonaws.com/photos/562124097/original.jpg,aa686affeb6839f1f7c93dce02e139f1,614788,1534,2048,train
562124121,311366441,blackbird,bird,Common blackbird,Turdus merula,cc0,no rights reserved,2025-09-04,12716,Turdus merula,https://inaturalist-open-data.s3.amazonaws.com/photos/562124121/original.jpg,ac86267698d091eae4932d11187260c5,667308,1534,2048,train
562124143,311366441,blackbird,bird,Common blackbird,Turdus merula,cc0,no rights reserved,2025-09-04,12716,Turdus merula,https://inaturalist-open-data.s3.amazonaws.com/photos/562124143/original.jpg,b76d2e4a64aa3bf3d1880b1987636b6c,552807,1534,2048,train
562124169,311366441,blackbird,bird,Common blackbird,Turdus merula,cc0,no rights reserved,2025-09-04,12716,Turdus merula,https://inaturalist-open-data.s3.amazonaws.com/photos/562124169/original.jpg,b4823f01814bf52a20aeaadc6ba6e75e,537643,1534,2048,train
562619531,311366441,blackbird,bird,Common blackbird,Turdus merula,cc0,no rights reserved,2025-09-04,12716,Turdus merula,https://inaturalist-open-data.s3.amazonaws.com/photos/562619531/original.jpg,5f1b3a08b415c868156a94e55ff16a94,693371,1534,2048,train
562619557,311366441,blackbird,bird,Common blackbird,Turdus merula,cc0,no rights reserved,2025-09-04,12716,Turdus merula,https://inaturalist-open-data.s3.amazonaws.com/photos/562619557/original.jpg,dbdaa81164aad91209e9708d184af380,692047,1534,2048,train
562619578,311366441,blackbird,bird,Common blackbird,Turdus merula,cc0,no rights reserved,2025-09-04,12716,Turdus merula,https://inaturalist-open-data.s3.amazonaws.com/photos/562619578/original.jpg,63fec0917dc61320fc8718dce0239490,730947,1534,2048,train
562619596,311366441,blackbird,bird,Common blackbird,Turdus merula,cc0,no rights reserved,2025-09-04,12716,Turdus merula,https://inaturalist-open-data.s3.amazonaws.com/photos/562619596/original.jpg,7afe111a71be653ca927fd9ed00c47e0,730995,1534,2048,train
57788992,36548707,blackbird,bird,Common blackbird,Turdus merula,cc-by,"(c) Jacqui Geux, some rights reserved (CC BY)",2019-12-10,341569,Turdus merula merula,https://inaturalist-open-data.s3.amazonaws.com/photos/57788992/original.jpeg,92daf507e1de1c8a9b7f96e74dd09bfd,72859,1600,1200,train
57789002,36548707,blackbird,bird,Common blackbird,Turdus merula,cc-by,"(c) Jacqui Geux, some rights reserved (CC BY)",2019-12-10,341569,Turdus merula merula,https://inaturalist-open-data.s3.amazonaws.com/photos/57789002/original.jpeg,2c97c84b3dd0c2dfc30dd334b9509ab3,77759,1600,1200,train
57789004,36548707,blackbird,bird,Common blackbird,Turdus merula,cc-by,"(c) Jacqui Geux, some rights reserved (CC BY)",2019-12-10,341569,Turdus merula merula,https://inaturalist-open-data.s3.amazonaws.com/photos/57789004/original.jpeg,803181de5d96e88e1bf850ccbb61ca80,67573,1600,1200,train
61297513,38557641,blackbird,bird,Common blackbird,Turdus merula,cc-by,"(c) Jacqui Geux, some rights reserved (CC BY)",2020-02-09,341569,Turdus merula merula,https://inaturalist-open-data.s3.amazonaws.com/photos/61297513/original.jpeg,3cbb1944f0611f1027dd331ec36d8f3a,197886,1200,1600,train
61297521,38557641,blackbird,bird,Common blackbird,Turdus merula,cc-by,"(c) Jacqui Geux, some rights reserved (CC BY)",2020-02-09,341569,Turdus merula merula,https://inaturalist-open-data.s3.amazonaws.com/photos/61297521/original.jpeg,30ba5b8a4b88c0c027e6b13ba8203a3e,177483,1600,1200,train
112682297,69447459,common_myna,bird,Common myna,Acridotheres tristis,cc-by,"(c) Joe Dillon, some rights reserved (CC BY)",2021-02-12,629477,Acridotheres tristis tristis,https://inaturalist-open-data.s3.amazonaws.com/photos/112682297/original.jpeg,38e58442a90f9d7c531f67cb6a2cc537,584836,2048,1365,train
112682306,69447459,common_myna,bird,Common myna,Acridotheres tristis,cc-by,"(c) Joe Dillon, some rights reserved (CC BY)",2021-02-12,629477,Acridotheres tristis tristis,https://inaturalist-open-data.s3.amazonaws.com/photos/112682306/original.jpeg,2db90fec09de1c10fd4f40c24baaf680,605005,2048,1365,train
112682313,69447459,common_myna,bird,Common myna,Acridotheres tristis,cc-by,"(c) Joe Dillon, some rights reserved (CC BY)",2021-02-12,629477,Acridotheres tristis tristis,https://inaturalist-open-data.s3.amazonaws.com/photos/112682313/original.jpeg,53189a6fd886f041f820152b54e1025e,590064,2048,1365,train
112682319,69447459,common_myna,bird,Common myna,Acridotheres tristis,cc-by,"(c) Joe Dillon, some rights reserved (CC BY)",2021-02-12,629477,Acridotheres tristis tristis,https://inaturalist-open-data.s3.amazonaws.com/photos/112682319/original.jpeg,d536e82b207bcb4f4d76babdda3b7496,592443,2048,1365,train
112682322,69447459,common_myna,bird,Common myna,Acridotheres tristis,cc-by,"(c) Joe Dillon, some rights reserved (CC BY)",2021-02-12,629477,Acridotheres tristis tristis,https://inaturalist-open-data.s3.amazonaws.com/photos/112682322/original.jpeg,d6fd2cd93d91a0eaf15e49515adbff90,548236,2048,1365,train
112682329,69447459,common_myna,bird,Common myna,Acridotheres tristis,cc-by,"(c) Joe Dillon, some rights reserved (CC BY)",2021-02-12,629477,Acridotheres tristis tristis,https://inaturalist-open-data.s3.amazonaws.com/photos/112682329/original.jpeg,54072ce8dbcc477b187f92f543bb0619,564619,2048,1365,train
112682336,69447459,common_myna,bird,Common myna,Acridotheres tristis,cc-by,"(c) Joe Dillon, some rights reserved (CC BY)",2021-02-12,629477,Acridotheres tristis tristis,https://inaturalist-open-data.s3.amazonaws.com/photos/112682336/original.jpeg,ba9b8349c5ffd5b7d31e1e9b839ddd0d,572763,2048,1365,train
154079013,93006591,common_myna,bird,Common myna,Acridotheres tristis,cc0,no rights reserved,2021-08-28,629477,Acridotheres tristis tristis,https://inaturalist-open-data.s3.amazonaws.com/photos/154079013/original.jpeg,19964e722db68db8f9772467b3787e6e,555110,1536,2048,train
154079082,93006591,common_myna,bird,Common myna,Acridotheres tristis,cc0,no rights reserved,2021-08-28,629477,Acridotheres tristis tristis,https://inaturalist-open-data.s3.amazonaws.com/photos/154079082/original.jpeg,24957f1f5a4e5b27e7a60992fe2e0a98,408017,2048,1536,train
154079102,93006591,common_myna,bird,Common myna,Acridotheres tristis,cc0,no rights reserved,2021-08-28,629477,Acridotheres tristis tristis,https://inaturalist-open-data.s3.amazonaws.com/photos/154079102/original.jpeg,7639edd0dc34891b23873098ba2c8543,430590,2048,1536,train
193448296,114561765,common_myna,bird,Common myna,Acridotheres tristis,cc-by,"(c) Halema J, some rights reserved (CC BY)",2022-05-02,204454,Acridotheres tristis,https://inaturalist-open-data.s3.amazonaws.com/photos/193448296/original.jpeg,6d362e992853ca0908f7a637567d312b,318570,2048,1365,train
309558495,177944776,common_myna,bird,Common myna,Acridotheres tristis,cc-by,"(c) William Harland, some rights reserved (CC BY)",2018-12-09,629477,Acridotheres tristis tristis,https://inaturalist-open-data.s3.amazonaws.com/photos/309558495/original.jpeg,cf122edf5b42e6040bfa252697d8f480,238700,2048,1229,train
343949070,185477017,common_myna,bird,Common myna,Acridotheres tristis,cc-by,"(c) Joss Carr, some rights reserved (CC BY)",2022-12-09,629477,Acridotheres tristis tristis,https://inaturalist-open-data.s3.amazonaws.com/photos/343949070/original.png,a55a3546171882061b0da271958754eb,435483,1290,1000,train
355620118,201453357,common_myna,bird,Common myna,Acridotheres tristis,cc-by,"(c) Pavel Borodin, some rights reserved (CC BY)",2024-03-06,629477,Acridotheres tristis tristis,https://inaturalist-open-data.s3.amazonaws.com/photos/355620118/original.jpeg,2f22e296ca1644a7e4c5a818ce1cd011,74229,391,495,train
490816156,272811581,common_myna,bird,Common myna,Acridotheres tristis,cc-by,"(c) Svend Hansen, some rights reserved (CC BY)",2025-04-25,629477,Acridotheres tristis tristis,https://inaturalist-open-data.s3.amazonaws.com/photos/490816156/original.jpeg,73eb781969eb6c158e6aecbc82d5b7a3,474719,1152,2048,train
53028493,33742562,common_myna,bird,Common myna,Acridotheres tristis,cc-by,"(c) Jacqui Geux, some rights reserved (CC BY)",2019-10-02,629477,Acridotheres tristis tristis,https://inaturalist-open-data.s3.amazonaws.com/photos/53028493/original.jpeg,057708edc8a2cf4c403cc52119f4aa41,91576,1600,1200,train
53028494,33742562,common_myna,bird,Common myna,Acridotheres tristis,cc-by,"(c) Jacqui Geux, some rights reserved (CC BY)",2019-10-02,629477,Acridotheres tristis tristis,https://inaturalist-open-data.s3.amazonaws.com/photos/53028494/original.jpeg,a39081931f5a44a80249a1bd12e2285b,127042,1600,1200,train
538724610,299042989,common_myna,bird,Common myna,Acridotheres tristis,cc-by,"(c) Charlotte Sutton, some rights reserved (CC BY)",2025-07-04,629477,Acridotheres tristis tristis,https://inaturalist-open-data.s3.amazonaws.com/photos/538724610/original.jpg,589a7b56bff1312fe29976155076b174,521680,2048,1368,train
538724618,299042989,common_myna,bird,Common myna,Acridotheres tristis,cc-by,"(c) Charlotte Sutton, some rights reserved (CC BY)",2025-07-04,629477,Acridotheres tristis tristis,https://inaturalist-open-data.s3.amazonaws.com/photos/538724618/original.jpg,fd8d2f65256771043bae23425cbbc42f,470355,2048,1368,train
538724619,299042989,common_myna,bird,Common myna,Acridotheres tristis,cc-by,"(c) Charlotte Sutton, some rights reserved (CC BY)",2025-07-04,629477,Acridotheres tristis tristis,https://inaturalist-open-data.s3.amazonaws.com/photos/538724619/original.jpg,5ab6f148bccbb725d75e5f9b08a6597a,518329,2048,1368,train
538724639,299042989,common_myna,bird,Common myna,Acridotheres tristis,cc-by,"(c) Charlotte Sutton, some rights reserved (CC BY)",2025-07-04,629477,Acridotheres tristis tristis,https://inaturalist-open-data.s3.amazonaws.com/photos/538724639/original.jpg,c0ee2855cbe163bb9e56633df2179ab7,480012,2048,1368,train
546179881,303042381,common_myna,bird,Common myna,Acridotheres tristis,cc-by,"(c) ian_mcallan, some rights reserved (CC BY)",2025-06-03,204454,Acridotheres tristis,https://inaturalist-open-data.s3.amazonaws.com/photos/546179881/original.jpg,55568a6fdc5b5b8403d18f08c5ddcb1f,211889,2048,1536,train
579130999,320319811,common_myna,bird,Common myna,Acridotheres tristis,cc0,no rights reserved,2025-10-12,204454,Acridotheres tristis,https://inaturalist-open-data.s3.amazonaws.com/photos/579130999/original.jpg,5c88c8733c41996c5dc6e361315c146a,350693,2048,1536,train
579131017,320319811,common_myna,bird,Common myna,Acridotheres tristis,cc0,no rights reserved,2025-10-12,204454,Acridotheres tristis,https://inaturalist-open-data.s3.amazonaws.com/photos/579131017/original.jpg,c4667fb85d2ef40937e3db019c9d2b11,355245,2048,1536,train
579131032,320319811,common_myna,bird,Common myna,Acridotheres tristis,cc0,no rights reserved,2025-10-12,204454,Acridotheres tristis,https://inaturalist-open-data.s3.amazonaws.com/photos/579131032/original.jpg,39e488aba8384b78ab0cae41612a7668,343085,2048,1536,train
579131048,320319811,common_myna,bird,Common myna,Acridotheres tristis,cc0,no rights reserved,2025-10-12,204454,Acridotheres tristis,https://inaturalist-open-data.s3.amazonaws.com/photos/579131048/original.jpg,aa4ca70f48d96184b67b79036cc4f38b,354249,2048,1536,train
579131071,320319811,common_myna,bird,Common myna,Acridotheres tristis,cc0,no rights reserved,2025-10-12,204454,Acridotheres tristis,https://inaturalist-open-data.s3.amazonaws.com/photos/579131071/original.jpg,979acb63b6e2625cf8639adb600d1696,321275,2048,1536,train
579131089,320319811,common_myna,bird,Common myna,Acridotheres tristis,cc0,no rights reserved,2025-10-12,204454,Acridotheres tristis,https://inaturalist-open-data.s3.amazonaws.com/photos/579131089/original.jpg,1ab1e127600fe2f5df8c85640706a553,304505,2048,1536,train
579131112,320319811,common_myna,bird,Common myna,Acridotheres tristis,cc0,no rights reserved,2025-10-12,204454,Acridotheres tristis,https://inaturalist-open-data.s3.amazonaws.com/photos/579131112/original.jpg,c1e42bf42520cb5d6322dda7799faa09,311262,2048,1536,train
579131136,320319811,common_myna,bird,Common myna,Acridotheres tristis,cc0,no rights reserved,2025-10-12,204454,Acridotheres tristis,https://inaturalist-open-data.s3.amazonaws.com/photos/579131136/original.jpg,01e466c0a657a443b2172079fe5bab5a,308898,2048,1536,train
579131162,320319811,common_myna,bird,Common myna,Acridotheres tristis,cc0,no rights reserved,2025-10-12,204454,Acridotheres tristis,https://inaturalist-open-data.s3.amazonaws.com/photos/579131162/original.jpg,26e65b732ca5d34fdada553ca2027006,317019,2048,1536,train
579131188,320319811,common_myna,bird,Common myna,Acridotheres tristis,cc0,no rights reserved,2025-10-12,204454,Acridotheres tristis,https://inaturalist-open-data.s3.amazonaws.com/photos/579131188/original.jpg,6700ff50bd62737f1c86be2e5d7a09b3,315511,2048,1536,train
579131212,320319811,common_myna,bird,Common myna,Acridotheres tristis,cc0,no rights reserved,2025-10-12,204454,Acridotheres tristis,https://inaturalist-open-data.s3.amazonaws.com/photos/579131212/original.jpg,0bd610d25691dfa8271e2c591710e51a,283042,2048,1536,train
579131249,320319811,common_myna,bird,Common myna,Acridotheres tristis,cc0,no rights reserved,2025-10-12,204454,Acridotheres tristis,https://inaturalist-open-data.s3.amazonaws.com/photos/579131249/original.jpg,92c76d6b05fcefd81f92b1de89079fbf,294379,2048,1536,train
579131270,320319811,common_myna,bird,Common myna,Acridotheres tristis,cc0,no rights reserved,2025-10-12,204454,Acridotheres tristis,https://inaturalist-open-data.s3.amazonaws.com/photos/579131270/original.jpg,11f7e8e41dd80728211f994a4a75f0a5,382337,2048,1536,train
579131296,320319811,common_myna,bird,Common myna,Acridotheres tristis,cc0,no rights reserved,2025-10-12,204454,Acridotheres tristis,https://inaturalist-open-data.s3.amazonaws.com/photos/579131296/original.jpg,291a30749876f76f05d803a83b57245d,392054,2048,1536,train
579131323,320319811,common_myna,bird,Common myna,Acridotheres tristis,cc0,no rights reserved,2025-10-12,204454,Acridotheres tristis,https://inaturalist-open-data.s3.amazonaws.com/photos/579131323/original.jpg,b0f40646552163df8b1a67161cc1e29e,360970,2048,1536,train
579131338,320319811,common_myna,bird,Common myna,Acridotheres tristis,cc0,no rights reserved,2025-10-12,204454,Acridotheres tristis,https://inaturalist-open-data.s3.amazonaws.com/photos/579131338/original.jpg,d8e52c0a144e9b63c13e995b18ae0a14,368494,2048,1536,train
591680022,326670626,common_myna,bird,Common myna,Acridotheres tristis,cc-by,"(c) Mirko Bliinn, some rights reserved (CC BY)",2025-11-16,204454,Acridotheres tristis,https://inaturalist-open-data.s3.amazonaws.com/photos/591680022/original.jpg,15f086cc37bfd60b2ffed4f31ddc80c2,159346,1536,2048,train
606077801,333818665,common_myna,bird,Common myna,Acridotheres tristis,cc0,no rights reserved,2026-01-07,204454,Acridotheres tristis,https://inaturalist-open-data.s3.amazonaws.com/photos/606077801/original.jpg,c6aa3b3a3185b43a8d3a9ca4891efee7,539147,969,1134,train
611742189,336615415,common_myna,bird,Common myna,Acridotheres tristis,cc0,no rights reserved,2026-01-30,204454,Acridotheres tristis,https://inaturalist-open-data.s3.amazonaws.com/photos/611742189/original.jpg,8e5e67433834dd5b4484f68aa073c22a,622468,1188,2048,train
613825086,337635571,common_myna,bird,Common myna,Acridotheres tristis,cc-by,"(c) Nic Charlton, some rights reserved (CC BY)",2026-02-07,204454,Acridotheres tristis,https://inaturalist-open-data.s3.amazonaws.com/photos/613825086/original.jpg,da60ddaac8752c4035f34d823bb5504f,72099,1163,872,train
648408124,355549301,common_myna,bird,Common myna,Acridotheres tristis,cc-by,"(c) Halema J, some rights reserved (CC BY)",2026-04-27,204454,Acridotheres tristis,https://inaturalist-open-data.s3.amazonaws.com/photos/648408124/original.jpg,3e1f7aef83c37e0f0a20e0648194aac6,192964,2048,1365,train
648408141,355549301,common_myna,bird,Common myna,Acridotheres tristis,cc-by,"(c) Halema J, some rights reserved (CC BY)",2026-04-27,204454,Acridotheres tristis,https://inaturalist-open-data.s3.amazonaws.com/photos/648408141/original.jpg,f40a9c62b643ed2a11e08c9c2c7d439b,382214,2048,1365,train
69060110,43527669,common_myna,bird,Common myna,Acridotheres tristis,cc-by,"(c) Kate Marshall, some rights reserved (CC BY)",2020-04-26,629477,Acridotheres tristis tristis,https://inaturalist-open-data.s3.amazonaws.com/photos/69060110/original.jpg,1c8976f1c1d2f611be2c99b88a4f1587,516563,1536,2048,train
723439218,394604655,common_myna,bird,Common myna,Acridotheres tristis,cc-by,"(c) Bevan Weir, some rights reserved (CC BY)",2026-08-26,204454,Acridotheres tristis,https://inaturalist-open-data.s3.amazonaws.com/photos/723439218/original.jpg,ded3bd40ec07acbe657993a80be74b27,382006,1255,837,train
101997291,63544466,harakeke,plant,Harakeke (NZ flax),Phormium tenax,cc-by,"(c) Jenny Saito, some rights reserved (CC BY)",2020-10-25,51754,Phormium tenax,https://inaturalist-open-data.s3.amazonaws.com/photos/101997291/original.jpg,c8624986c1a4383fd6afa6c5aa3c4c81,483084,1536,2048,train
112980233,69607493,harakeke,plant,Harakeke (NZ flax),Phormium tenax,cc0,no rights reserved,2021-02-15,51754,Phormium tenax,https://inaturalist-open-data.s3.amazonaws.com/photos/112980233/original.jpeg,6f3a7be4f62d5bb2bb77ae587c91dc61,150206,1536,2048,train
127622747,78029929,harakeke,plant,Harakeke (NZ flax),Phormium tenax,cc-by,"(c) Jon Sullivan, some rights reserved (CC BY)",2021-05-02,51754,Phormium tenax,https://inaturalist-open-data.s3.amazonaws.com/photos/127622747/original.jpg,26c9950de885e409f37c9e0c587938c2,379696,1365,2048,train
16558769,11592086,harakeke,plant,Harakeke (NZ flax),Phormium tenax,cc-by,"(c) Arnim Littek, some rights reserved (CC BY)",2018-04-28,51754,Phormium tenax,https://inaturalist-open-data.s3.amazonaws.com/photos/16558769/original.jpeg,bbb5b17208fe5515a606ddf527589478,241799,2048,1536,train
16558770,11592086,harakeke,plant,Harakeke (NZ flax),Phormium tenax,cc-by,"(c) Arnim Littek, some rights reserved (CC BY)",2018-04-28,51754,Phormium tenax,https://inaturalist-open-data.s3.amazonaws.com/photos/16558770/original.jpeg,309404b16254b4f703971f2ef188ea96,243793,1536,2048,train
247427508,144190392,harakeke,plant,Harakeke (NZ flax),Phormium tenax,cc-by,"(c) strewick, some rights reserved (CC BY)",2022-12-06,51754,Phormium tenax,https://inaturalist-open-data.s3.amazonaws.com/photos/247427508/original.jpg,de0d61490d7d7a59164401006b86b5cc,713729,1664,1210,train
247464472,144190392,harakeke,plant,Harakeke (NZ flax),Phormium tenax,cc-by,"(c) strewick, some rights reserved (CC BY)",2022-12-06,51754,Phormium tenax,https://inaturalist-open-data.s3.amazonaws.com/photos/247464472/original.jpeg,07df8be26ad532c795d7a765a5e28f68,176672,2048,1365,train
248051261,144190392,harakeke,plant,Harakeke (NZ flax),Phormium tenax,cc-by,"(c) strewick, some rights reserved (CC BY)",2022-12-06,51754,Phormium tenax,https://inaturalist-open-data.s3.amazonaws.com/photos/248051261/original.jpg,c41390f897a400442bc10b82d9ff992b,33085,2048,1536,train
249654380,145356536,harakeke,plant,Harakeke (NZ flax),Phormium tenax,cc-by,"(c) Richard Littauer, some rights reserved (CC BY)",2022-12-14,51754,Phormium tenax,https://inaturalist-open-data.s3.amazonaws.com/photos/249654380/original.jpg,f70541981883faab48ed10aea6881b8f,502580,2048,1365,train
2768995,2473147,harakeke,plant,Harakeke (NZ flax),Phormium tenax,cc0,no rights reserved,2015-12-13,51754,Phormium tenax,https://inaturalist-open-data.s3.amazonaws.com/photos/2768995/original.jpeg,2869c4f47518e0d11da848be32061e59,579649,1152,2048,train
284812542,164597510,harakeke,plant,Harakeke (NZ flax),Phormium tenax,cc-by,"(c) Arnim Littek, some rights reserved (CC BY)",2023-05-27,51754,Phormium tenax,https://inaturalist-open-data.s3.amazonaws.com/photos/284812542/original.jpeg,9e2022d70f6b0cce92929650021b37ae,220165,1536,2048,train
284812663,164597510,harakeke,plant,Harakeke (NZ flax),Phormium tenax,cc-by,"(c) Arnim Littek, some rights reserved (CC BY)",2023-05-27,51754,Phormium tenax,https://inaturalist-open-data.s3.amazonaws.com/photos/284812663/original.jpeg,d37ca2b74f0e155f43c2c0354e60b50a,273558,2048,1536,train
29933921,19456092,harakeke,plant,Harakeke (NZ flax),Phormium tenax,cc-by,"(c) Arnim Littek, some rights reserved (CC BY)",2019-01-05,51754,Phormium tenax,https://inaturalist-open-data.s3.amazonaws.com/photos/29933921/original.jpeg,5df502a9a1bc09d80ce4ad7d005b44bc,192599,2048,1536,train
29933998,19456092,harakeke,plant,Harakeke (NZ flax),Phormium tenax,cc-by,"(c) Arnim Littek, some rights reserved (CC BY)",2019-01-05,51754,Phormium tenax,https://inaturalist-open-data.s3.amazonaws.com/photos/29933998/original.jpeg,4afbab9353ad4398ef43ad849d3477ac,321294,1536,2048,train
3103784,2746899,harakeke,plant,Harakeke (NZ flax),Phormium tenax,cc-by,"(c) Joe Potter Butler, some rights reserved (CC BY)",2015-12-25,51754,Phormium tenax,https://inaturalist-open-data.s3.amazonaws.com/photos/3103784/original.JPG,c4ce48cc7098f3a6d700b84a3ffefe09,627618,1365,2048,train
337575311,192313299,harakeke,plant,Harakeke (NZ flax),Phormium tenax,cc-by,"(c) Duncan Cunningham, some rights reserved (CC BY)",2023-11-18,51754,Phormium tenax,https://inaturalist-open-data.s3.amazonaws.com/photos/337575311/original.jpg,bf798253a9f700bf274c153fa083cc59,439692,2048,1537,train
337575913,192313299,harakeke,plant,Harakeke (NZ flax),Phormium tenax,cc-by,"(c) Duncan Cunningham, some rights reserved (CC BY)",2023-11-18,51754,Phormium tenax,https://inaturalist-open-data.s3.amazonaws.com/photos/337575913/original.jpg,74789c335fcdc987ec6cdccf61894dba,302395,1365,2048,train
337575914,192313299,harakeke,plant,Harakeke (NZ flax),Phormium tenax,cc-by,"(c) Duncan Cunningham, some rights reserved (CC BY)",2023-11-18,51754,Phormium tenax,https://inaturalist-open-data.s3.amazonaws.com/photos/337575914/original.jpg,0677625d1ec7f1499198e6e3bffed4c4,347579,1365,2048,train
337575933,192313299,harakeke,plant,Harakeke (NZ flax),Phormium tenax,cc-by,"(c) Duncan Cunningham, some rights reserved (CC BY)",2023-11-18,51754,Phormium tenax,https://inaturalist-open-data.s3.amazonaws.com/photos/337575933/original.jpg,e013e82d61ccfba5e6eb3a911687a57f,353963,1365,2048,train
340764238,193936066,harakeke,plant,Harakeke (NZ flax),Phormium tenax,cc-by,"(c) John Barkla, some rights reserved (CC BY)",2023-12-14,51754,Phormium tenax,https://inaturalist-open-data.s3.amazonaws.com/photos/340764238/original.jpeg,e4347925a3f30f7ca66be39802d5a0be,790741,2048,1542,train
350619772,198879061,harakeke,plant,Harakeke (NZ flax),Phormium tenax,cc-by,"(c) Richard Littauer, some rights reserved (CC BY)",2024-02-10,51754,Phormium tenax,https://inaturalist-open-data.s3.amazonaws.com/photos/350619772/original.jpeg,1896f37e9b2afa14a22ce9bdd381815c,275450,1536,2048,train
373793499,211422943,harakeke,plant,Harakeke (NZ flax),Phormium tenax,cc-by,"(c) Emily Roberts, some rights reserved (CC BY)",2024-04-29,51754,Phormium tenax,https://inaturalist-open-data.s3.amazonaws.com/photos/373793499/original.jpg,7a9ef99b8ed3f7e0648a4b5d7fb263f4,361787,1536,2048,train
444182604,248576355,harakeke,plant,Harakeke (NZ flax),Phormium tenax,cc-by,"(c) Genevieve Early, some rights reserved (CC BY)",2024-10-22,51754,Phormium tenax,https://inaturalist-open-data.s3.amazonaws.com/photos/444182604/original.jpg,ea5d98953306c265406bbd6818c16625,1330062,2048,1536,train
4541374,3872453,harakeke,plant,Harakeke (NZ flax),Phormium tenax,cc-by,"(c) Jon Sullivan, some rights reserved (CC BY)",2016-06-26,51754,Phormium tenax,https://inaturalist-open-data.s3.amazonaws.com/photos/4541374/original.jpg,aaaefa3683b0a61e7cdaf5cbf07f90c9,90700,2048,1367,train
4541375,3872453,harakeke,plant,Harakeke (NZ flax),Phormium tenax,cc-by,"(c) Jon Sullivan, some rights reserved (CC BY)",2016-06-26,51754,Phormium tenax,https://inaturalist-open-data.s3.amazonaws.com/photos/4541375/original.jpg,f6ddb02d0f7f519cb5a3526db32ca63f,67660,1367,2048,train
463004131,258092857,harakeke,plant,Harakeke (NZ flax),Phormium tenax,cc-by,"(c) Julia Palmer, some rights reserved (CC BY)",2025-01-02,51754,Phormium tenax,https://inaturalist-open-data.s3.amazonaws.com/photos/463004131/original.jpeg,5cdfcb257e559328ea5856a8562d729e,588968,2048,1365,train
469463243,261325484,harakeke,plant,Harakeke (NZ flax),Phormium tenax,cc0,no rights reserved,2025-02-09,51754,Phormium tenax,https://inaturalist-open-data.s3.amazonaws.com/photos/469463243/original.jpg,8b9089c212d905c4597b5437280d2c36,554298,1536,2048,train
471244179,262302429,harakeke,plant,Harakeke (NZ flax),Phormium tenax,cc-by,"(c) Arnim Littek, some rights reserved (CC BY)",2025-02-19,51754,Phormium tenax,https://inaturalist-open-data.s3.amazonaws.com/photos/471244179/original.jpeg,e15a4f6144881cdb92189f30cf03db4b,240656,2048,1536,train
471244196,262302429,harakeke,plant,Harakeke (NZ flax),Phormium tenax,cc-by,"(c) Arnim Littek, some rights reserved (CC BY)",2025-02-19,51754,Phormium tenax,https://inaturalist-open-data.s3.amazonaws.com/photos/471244196/original.jpeg,422a5dff8067ac87938cc2e671736cc1,242336,2048,1536,train
471244198,262302429,harakeke,plant,Harakeke (NZ flax),Phormium tenax,cc-by,"(c) Arnim Littek, some rights reserved (CC BY)",2025-02-19,51754,Phormium tenax,https://inaturalist-open-data.s3.amazonaws.com/photos/471244198/original.jpeg,d60f90d82b9e004ad0e6b5ccc2844f13,295251,1536,2048,train
483335331,268862343,harakeke,plant,Harakeke (NZ flax),Phormium tenax,cc0,no rights reserved,2025-04-06,51754,Phormium tenax,https://inaturalist-open-data.s3.amazonaws.com/photos/483335331/original.jpeg,cb79ab942227deef82cc4c4489d8f843,702627,1291,2048,train
490305326,272528977,harakeke,plant,Harakeke (NZ flax),Phormium tenax,cc-by,"(c) Frank Ashwood, some rights reserved (CC BY)",2025-04-24,51754,Phormium tenax,https://inaturalist-open-data.s3.amazonaws.com/photos/490305326/original.jpg,bec5cf584a4c30178a553f675db94664,669306,1152,2048,train
498984541,277895413,harakeke,plant,Harakeke (NZ flax),Phormium tenax,cc-by,"(c) Brett Sandford, some rights reserved (CC BY)",2025-05-03,51754,Phormium tenax,https://inaturalist-open-data.s3.amazonaws.com/photos/498984541/original.jpeg,9ff0b20da6d6cb19e8fdaf75672e26a2,687492,1536,2048,train
498984726,277895413,harakeke,plant,Harakeke (NZ flax),Phormium tenax,cc-by,"(c) Brett Sandford, some rights reserved (CC BY)",2025-05-03,51754,Phormium tenax,https://inaturalist-open-data.s3.amazonaws.com/photos/498984726/original.jpeg,d5ddc2f170eddca0691436f5cdef9702,592759,1536,2048,train
583773315,322676115,harakeke,plant,Harakeke (NZ flax),Phormium tenax,cc-by,"(c) Arnim Littek, some rights reserved (CC BY)",2025-10-23,51754,Phormium tenax,https://inaturalist-open-data.s3.amazonaws.com/photos/583773315/original.jpg,0269735fa62b14c183e709ca42cda997,287803,2048,1536,train
583773320,322676115,harakeke,plant,Harakeke (NZ flax),Phormium tenax,cc-by,"(c) Arnim Littek, some rights reserved (CC BY)",2025-10-23,51754,Phormium tenax,https://inaturalist-open-data.s3.amazonaws.com/photos/583773320/original.jpg,f20a5e891c6b5ba6c3e76d2adaabebf0,252259,2048,1536,train
583773339,322676115,harakeke,plant,Harakeke (NZ flax),Phormium tenax,cc-by,"(c) Arnim Littek, some rights reserved (CC BY)",2025-10-23,51754,Phormium tenax,https://inaturalist-open-data.s3.amazonaws.com/photos/583773339/original.jpg,74db3920bb134473fe72f135c1e77555,230708,1536,2048,train
614416507,337923756,harakeke,plant,Harakeke (NZ flax),Phormium tenax,cc0,no rights reserved,2026-02-04,51754,Phormium tenax,https://inaturalist-open-data.s3.amazonaws.com/photos/614416507/original.jpg,7795905a3e27a2b914b2e2ac63873787,589989,2048,1152,train
617696063,339539892,harakeke,plant,Harakeke (NZ flax),Phormium tenax,cc0,no rights reserved,2026-02-21,51754,Phormium tenax,https://inaturalist-open-data.s3.amazonaws.com/photos/617696063/original.jpg,f362ab87eb0c955c7f629b54fadacfc6,885509,2048,1152,train
625587123,343427998,harakeke,plant,Harakeke (NZ flax),Phormium tenax,cc-by,"(c) Corin, some rights reserved (CC BY)",2026-03-17,51754,Phormium tenax,https://inaturalist-open-data.s3.amazonaws.com/photos/625587123/original.jpg,91bae669b64689bbeccf2944b18cc6f7,869823,1542,2048,train
625587210,343427998,harakeke,plant,Harakeke (NZ flax),Phormium tenax,cc-by,"(c) Corin, some rights reserved (CC BY)",2026-03-17,51754,Phormium tenax,https://inaturalist-open-data.s3.amazonaws.com/photos/625587210/original.jpg,c792821e52702630a56c21418e5d628b,851300,1542,2048,train
684506418,374490894,harakeke,plant,Harakeke (NZ flax),Phormium tenax,cc0,no rights reserved,2026-01-31,51754,Phormium tenax,https://inaturalist-open-data.s3.amazonaws.com/photos/684506418/original.jpg,4718f3ba7179c837a526e1f43bc93422,768171,1536,2048,train
704226496,384699889,harakeke,plant,Harakeke (NZ flax),Phormium tenax,cc-by,"(c) Tom Beard, some rights reserved (CC BY)",2026-07-16,51754,Phormium tenax,https://inaturalist-open-data.s3.amazonaws.com/photos/704226496/original.jpg,daf909cd55e355e92a2e9676a13e22b0,1360985,2048,2048,train
20448228,13854404,house_sparrow,bird,House sparrow,Passer domesticus,cc-by,"(c) Jacqui Geux, some rights reserved (CC BY)",2018-06-28,544795,Passer domesticus domesticus,https://inaturalist-open-data.s3.amazonaws.com/photos/20448228/original.jpeg,01bf9de3ec3bdc327c6025c4cdc3cf5d,140413,1600,1200,train
20448229,13854404,house_sparrow,bird,House sparrow,Passer domesticus,cc-by,"(c) Jacqui Geux, some rights reserved (CC BY)",2018-06-28,544795,Passer domesticus domesticus,https://inaturalist-open-data.s3.amazonaws.com/photos/20448229/original.jpeg,6df8ad9b5b3cb59d47ff4750ad4d0109,164251,1600,1200,train
20448231,13854404,house_sparrow,bird,House sparrow,Passer domesticus,cc-by,"(c) Jacqui Geux, some rights reserved (CC BY)",2018-06-28,544795,Passer domesticus domesticus,https://inaturalist-open-data.s3.amazonaws.com/photos/20448231/original.jpeg,6e073dd80952a2c3a5ddb9f6e7131116,143923,1600,1200,train
211605269,124819869,house_sparrow,bird,House sparrow,Passer domesticus,cc-by,"(c) bythepark, some rights reserved (CC BY)",2022-07-05,544795,Passer domesticus domesticus,https://inaturalist-open-data.s3.amazonaws.com/photos/211605269/original.jpeg,c552e92453898fb8470c430b17392764,387441,1152,2048,train
211605296,124819869,house_sparrow,bird,House sparrow,Passer domesticus,cc-by,"(c) bythepark, some rights reserved (CC BY)",2022-07-05,544795,Passer domesticus domesticus,https://inaturalist-open-data.s3.amazonaws.com/photos/211605296/original.jpeg,8e24d81e6e0137d9fc161e47eb4a925f,458265,2048,1152,train
25373218,16806282,house_sparrow,bird,House sparrow,Passer domesticus,cc0,no rights reserved,2018-09-23,13858,Passer domesticus,https://inaturalist-open-data.s3.amazonaws.com/photos/25373218/original.jpeg,7c5ea27bc276706af41e0f6702e66dcd,293455,1152,2048,train
2844646,2553234,house_sparrow,bird,House sparrow,Passer domesticus,cc-by,"(c) Jacqui Geux, some rights reserved (CC BY)",2016-01-01,13858,Passer domesticus,https://inaturalist-open-data.s3.amazonaws.com/photos/2844646/original.JPG,ed31f3fecef21f28468dbce32086e2fe,141788,2048,1536,train
2844647,2553234,house_sparrow,bird,House sparrow,Passer domesticus,cc-by,"(c) Jacqui Geux, some rights reserved (CC BY)",2016-01-01,13858,Passer domesticus,https://inaturalist-open-data.s3.amazonaws.com/photos/2844647/original.JPG,9a755aee67615580c87eaf46230df834,197435,2048,1536,train
297185254,171274569,house_sparrow,bird,House sparrow,Passer domesticus,cc-by,"(c) Heidi Meudt, some rights reserved (CC BY)",2023-07-06,544795,Passer domesticus domesticus,https://inaturalist-open-data.s3.amazonaws.com/photos/297185254/original.jpeg,84cc2bfe824e8dad466e6aa53c4eaba1,615304,1536,2048,train
297185303,171274569,house_sparrow,bird,House sparrow,Passer domesticus,cc-by,"(c) Heidi Meudt, some rights reserved (CC BY)",2023-07-06,544795,Passer domesticus domesticus,https://inaturalist-open-data.s3.amazonaws.com/photos/297185303/original.jpeg,011402dfb7a22ff44eee0c310a4aa205,489466,1536,2048,train
3790896,3278442,house_sparrow,bird,House sparrow,Passer domesticus,cc-by,"(c) Jacqui Geux, some rights reserved (CC BY)",2016-05-22,13858,Passer domesticus,https://inaturalist-open-data.s3.amazonaws.com/photos/3790896/original.JPG,a2cf1cd98c168f452e6d2ce3f7688f2f,143643,1600,1200,train
438892127,245909660,house_sparrow,bird,House sparrow,Passer domesticus,cc-by,"(c) wild_wind, some rights reserved (CC BY)",2024-09-23,13858,Passer domesticus,https://inaturalist-open-data.s3.amazonaws.com/photos/438892127/original.jpeg,b1f5815d03b9f6e2cf87ba903608beac,324522,1350,1350,train
4447651,3806473,house_sparrow,bird,House sparrow,Passer domesticus,cc-by,"(c) Jacqui Geux, some rights reserved (CC BY)",2016-08-05,13858,Passer domesticus,https://inaturalist-open-data.s3.amazonaws.com/photos/4447651/original.jpeg,9c159c9ff6af021e4b6cb312506cdc5d,108989,1600,1184,train
4447669,3806473,house_sparrow,bird,House sparrow,Passer domesticus,cc-by,"(c) Jacqui Geux, some rights reserved (CC BY)",2016-08-05,13858,Passer domesticus,https://inaturalist-open-data.s3.amazonaws.com/photos/4447669/original.jpeg,ee25f45992118198b9d3a26c6e8844ed,85839,1600,1200,train
4447670,3806473,house_sparrow,bird,House sparrow,Passer domesticus,cc-by,"(c) Jacqui Geux, some rights reserved (CC BY)",2016-08-05,13858,Passer domesticus,https://inaturalist-open-data.s3.amazonaws.com/photos/4447670/original.jpeg,176d82bbfcbdc7e558848df9690e5b21,69233,1600,1200,train
4447671,3806473,house_sparrow,bird,House sparrow,Passer domesticus,cc-by,"(c) Jacqui Geux, some rights reserved (CC BY)",2016-08-05,13858,Passer domesticus,https://inaturalist-open-data.s3.amazonaws.com/photos/4447671/original.jpeg,2e9e4611894eb285d9a1ac5e5b6cc4e8,115563,1600,1200,train
4447675,3806473,house_sparrow,bird,House sparrow,Passer domesticus,cc-by,"(c) Jacqui Geux, some rights reserved (CC BY)",2016-08-05,13858,Passer domesticus,https://inaturalist-open-data.s3.amazonaws.com/photos/4447675/original.jpeg,219a163a9351bf261f867fa6b5f2ce6b,98368,1600,1200,train
449838461,251406996,house_sparrow,bird,House sparrow,Passer domesticus,cc-by,"(c) William Harland, some rights reserved (CC BY)",2024-11-10,544795,Passer domesticus domesticus,https://inaturalist-open-data.s3.amazonaws.com/photos/449838461/original.jpeg,0375c1bd334a48bddb6735738ad456fb,100433,2048,1111,train
456962369,255039941,house_sparrow,bird,House sparrow,Passer domesticus,cc-by,"(c) William Harland, some rights reserved (CC BY)",2024-12-07,544795,Passer domesticus domesticus,https://inaturalist-open-data.s3.amazonaws.com/photos/456962369/original.jpeg,e04078d3dbf5c0a1969f6001fbc633fe,88913,2048,1141,train
467543990,260356186,house_sparrow,bird,House sparrow,Passer domesticus,cc-by,"(c) William Harland, some rights reserved (CC BY)",2025-01-27,544795,Passer domesticus domesticus,https://inaturalist-open-data.s3.amazonaws.com/photos/467543990/original.jpeg,14b7483d08851206cd52a8b4a645530f,75094,2048,1148,train
467543991,260356186,house_sparrow,bird,House sparrow,Passer domesticus,cc-by,"(c) William Harland, some rights reserved (CC BY)",2025-01-27,544795,Passer domesticus domesticus,https://inaturalist-open-data.s3.amazonaws.com/photos/467543991/original.jpeg,b9d6b6777d6f7919adfc68c0baa6c7ac,93950,2048,1377,train
467543992,260356186,house_sparrow,bird,House sparrow,Passer domesticus,cc-by,"(c) William Harland, some rights reserved (CC BY)",2025-01-27,544795,Passer domesticus domesticus,https://inaturalist-open-data.s3.amazonaws.com/photos/467543992/original.jpeg,3b4f9d65763c17673cf600da1049c3d0,77628,2048,1286,train
491031895,272953082,house_sparrow,bird,House sparrow,Passer domesticus,cc-by,"(c) sam-rajnikant, some rights reserved (CC BY)",2025-04-25,544795,Passer domesticus domesticus,https://inaturalist-open-data.s3.amazonaws.com/photos/491031895/original.jpeg,b0c136b1b2b4adc8c3688b1d255b7fc4,451885,2048,1365,train
491031902,272953082,house_sparrow,bird,House sparrow,Passer domesticus,cc-by,"(c) sam-rajnikant, some rights reserved (CC BY)",2025-04-25,544795,Passer domesticus domesticus,https://inaturalist-open-data.s3.amazonaws.com/photos/491031902/original.jpeg,fdb7a4fa6a8faeb4c35c38c25694a47a,373862,2048,1365,train
491031925,272953082,house_sparrow,bird,House sparrow,Passer domesticus,cc-by,"(c) sam-rajnikant, some rights reserved (CC BY)",2025-04-25,544795,Passer domesticus domesticus,https://inaturalist-open-data.s3.amazonaws.com/photos/491031925/original.jpeg,064a6f297ffa24af2b9800f121ce07a3,310015,2048,1365,train
491031931,272953082,house_sparrow,bird,House sparrow,Passer domesticus,cc-by,"(c) sam-rajnikant, some rights reserved (CC BY)",2025-04-25,544795,Passer domesticus domesticus,https://inaturalist-open-data.s3.amazonaws.com/photos/491031931/original.jpeg,0debdcb4bf7796593a8779b9e4c42959,499915,2048,1365,train
491031932,272953082,house_sparrow,bird,House sparrow,Passer domesticus,cc-by,"(c) sam-rajnikant, some rights reserved (CC BY)",2025-04-25,544795,Passer domesticus domesticus,https://inaturalist-open-data.s3.amazonaws.com/photos/491031932/original.jpg,8dc34b869ec638b340b2cf538927ea51,235530,2048,1365,train
492184248,273682832,house_sparrow,bird,House sparrow,Passer domesticus,cc-by,"(c) rempson, some rights reserved (CC BY)",2025-04-26,13858,Passer domesticus,https://inaturalist-open-data.s3.amazonaws.com/photos/492184248/original.jpeg,6cdee8a204900b1895eb5a57c41ae086,481990,2048,1536,train
499670213,278278807,house_sparrow,bird,House sparrow,Passer domesticus,cc-by,"(c) Richard Littauer, some rights reserved (CC BY)",2025-04-25,13858,Passer domesticus,https://inaturalist-open-data.s3.amazonaws.com/photos/499670213/original.jpg,04932043e13d217ac089daa1cb6f15b1,765399,2000,1333,train
499670221,278278807,house_sparrow,bird,House sparrow,Passer domesticus,cc-by,"(c) Richard Littauer, some rights reserved (CC BY)",2025-04-25,13858,Passer domesticus,https://inaturalist-open-data.s3.amazonaws.com/photos/499670221/original.jpg,f607482128fbb8bff709482f06cffe7f,917579,2000,1333,train
519662436,288940885,house_sparrow,bird,House sparrow,Passer domesticus,cc-by,"(c) William Harland, some rights reserved (CC BY)",2025-05-26,13858,Passer domesticus,https://inaturalist-open-data.s3.amazonaws.com/photos/519662436/original.jpg,13216b05b85e6bb28dc18404d2e9a284,106163,2048,1285,train
523825563,291152082,house_sparrow,bird,House sparrow,Passer domesticus,cc-by,"(c) naturalist132890, some rights reserved (CC BY)",2025-06-19,544795,Passer domesticus domesticus,https://inaturalist-open-data.s3.amazonaws.com/photos/523825563/original.jpg,dfa26232456528f019d5894824728eb1,153223,2048,1365,train
523825564,291152082,house_sparrow,bird,House sparrow,Passer domesticus,cc-by,"(c) naturalist132890, some rights reserved (CC BY)",2025-06-19,544795,Passer domesticus domesticus,https://inaturalist-open-data.s3.amazonaws.com/photos/523825564/original.jpg,6555707cd10ef6479444298fe0c3348a,155296,2048,1365,train
52534701,33448654,house_sparrow,bird,House sparrow,Passer domesticus,cc-by,"(c) wild_wind, some rights reserved (CC BY)",2019-07-07,544795,Passer domesticus domesticus,https://inaturalist-open-data.s3.amazonaws.com/photos/52534701/original.jpeg,1fd13538510a1ef6097fcfbf88295f33,166748,2048,1922,train
56091004,35564100,house_sparrow,bird,House sparrow,Passer domesticus,cc-by,"(c) Jacqui Geux, some rights reserved (CC BY)",2019-11-11,544795,Passer domesticus domesticus,https://inaturalist-open-data.s3.amazonaws.com/photos/56091004/original.jpeg,23ee19fe9c90aae9a4e383d57e912baf,165027,1057,792,train
56091007,35564100,house_sparrow,bird,House sparrow,Passer domesticus,cc-by,"(c) Jacqui Geux, some rights reserved (CC BY)",2019-11-11,544795,Passer domesticus domesticus,https://inaturalist-open-data.s3.amazonaws.com/photos/56091007/original.jpeg,a18f6fc568b5d103f39b9adb400d181d,249959,1600,1200,train
56091008,35564100,house_sparrow,bird,House sparrow,Passer domesticus,cc-by,"(c) Jacqui Geux, some rights reserved (CC BY)",2019-11-11,544795,Passer domesticus domesticus,https://inaturalist-open-data.s3.amazonaws.com/photos/56091008/original.jpeg,f7121225bbc07737f473bbee5833480e,292790,1600,1200,train
56258350,35661999,house_sparrow,bird,House sparrow,Passer domesticus,cc-by,"(c) wild_wind, some rights reserved (CC BY)",2019-11-14,544795,Passer domesticus domesticus,https://inaturalist-open-data.s3.amazonaws.com/photos/56258350/original.jpeg,5492153ce3958af310acb4d98f9b12c7,328988,2048,2009,train
56762144,35940282,house_sparrow,bird,House sparrow,Passer domesticus,cc-by,"(c) Mike Dickison, some rights reserved (CC BY)",2019-11-22,544795,Passer domesticus domesticus,https://inaturalist-open-data.s3.amazonaws.com/photos/56762144/original.jpg,57790c96f2f72abcb4f0f3f0524b2fec,273060,1536,2048,train
647794082,355151478,house_sparrow,bird,House sparrow,Passer domesticus,cc-by,"(c) Sebastian Doak, some rights reserved (CC BY)",2026-04-27,544795,Passer domesticus domesticus,https://inaturalist-open-data.s3.amazonaws.com/photos/647794082/original.jpg,98fb3b86a7843860e5db472c0d9e4b9a,151533,2048,1366,train
647794084,355151478,house_sparrow,bird,House sparrow,Passer domesticus,cc-by,"(c) Sebastian Doak, some rights reserved (CC BY)",2026-04-27,544795,Passer domesticus domesticus,https://inaturalist-open-data.s3.amazonaws.com/photos/647794084/original.jpg,bd9b0ab42097b2959298793ac7d9c7be,164152,2048,1366,train
647794086,355151478,house_sparrow,bird,House sparrow,Passer domesticus,cc-by,"(c) Sebastian Doak, some rights reserved (CC BY)",2026-04-27,544795,Passer domesticus domesticus,https://inaturalist-open-data.s3.amazonaws.com/photos/647794086/original.jpg,377bfa3806b1efb606bb2f30b46fdbc7,165262,2048,1366,train
647794141,355151478,house_sparrow,bird,House sparrow,Passer domesticus,cc-by,"(c) Sebastian Doak, some rights reserved (CC BY)",2026-04-27,544795,Passer domesticus domesticus,https://inaturalist-open-data.s3.amazonaws.com/photos/647794141/original.jpg,5b9d04a6fbd6af0a3f5db05cd072178b,155894,2048,1366,train
647794142,355151478,house_sparrow,bird,House sparrow,Passer domesticus,cc-by,"(c) Sebastian Doak, some rights reserved (CC BY)",2026-04-27,544795,Passer domesticus domesticus,https://inaturalist-open-data.s3.amazonaws.com/photos/647794142/original.jpg,3fe3b1bd1e9aa1cbe366321f906f8cc6,173924,2048,1366,train
113268208,69759135,kereru,bird,Kererū,Hemiphaga novaeseelandiae,cc-by,"(c) John Barkla, some rights reserved (CC BY)",2021-02-16,413481,Hemiphaga novaeseelandiae novaeseelandiae,https://inaturalist-open-data.s3.amazonaws.com/photos/113268208/original.jpg,abf63c4a0082a381cda0aba2afbce754,273367,2048,1364,train
113268283,69759135,kereru,bird,Kererū,Hemiphaga novaeseelandiae,cc-by,"(c) John Barkla, some rights reserved (CC BY)",2021-02-16,413481,Hemiphaga novaeseelandiae novaeseelandiae,https://inaturalist-open-data.s3.amazonaws.com/photos/113268283/original.jpg,6da5181c6a543c5676bd5684241240e6,242162,2048,1365,train
113268295,69759135,kereru,bird,Kererū,Hemiphaga novaeseelandiae,cc-by,"(c) John Barkla, some rights reserved (CC BY)",2021-02-16,413481,Hemiphaga novaeseelandiae novaeseelandiae,https://inaturalist-open-data.s3.amazonaws.com/photos/113268295/original.jpg,2912ddfbeb256b304a73daddfcf91a4c,226803,2048,1368,train
1196415,1000000,kereru,bird,Kererū,Hemiphaga novaeseelandiae,cc-by,"(c) Jon Sullivan, some rights reserved (CC BY)",2014-05-11,204520,Hemiphaga novaeseelandiae,https://inaturalist-open-data.s3.amazonaws.com/photos/1196415/original.jpg,2e8e71d131615a71962fff1fcf076fd9,190563,1277,1915,train
1235857,979163,kereru,bird,Kererū,Hemiphaga novaeseelandiae,cc-by,"(c) Tim Park, some rights reserved (CC BY)",2013-11-29,204520,Hemiphaga novaeseelandiae,https://inaturalist-open-data.s3.amazonaws.com/photos/1235857/original.,8d2486adde9980ee4733820464d28952,1012583,960,720,train
269131100,155679141,kereru,bird,Kererū,Hemiphaga novaeseelandiae,cc-by,"(c) Michael Berardozzi, some rights reserved (CC BY)",2009-12-31,413481,Hemiphaga novaeseelandiae novaeseelandiae,https://inaturalist-open-data.s3.amazonaws.com/photos/269131100/original.jpeg,dfa809b9efc13a17cec72fc127e436d4,281466,2048,1536,train
278017745,160869135,kereru,bird,Kererū,Hemiphaga novaeseelandiae,cc-by,"(c) Saryu Mae 前 朝琉, some rights reserved (CC BY)",2023-04-28,413481,Hemiphaga novaeseelandiae novaeseelandiae,https://inaturalist-open-data.s3.amazonaws.com/photos/278017745/original.jpeg,f28e3806adc21c5cfca7266396eccabc,515525,2048,1536,train
278017748,160869135,kereru,bird,Kererū,Hemiphaga novaeseelandiae,cc-by,"(c) Saryu Mae 前 朝琉, some rights reserved (CC BY)",2023-04-28,413481,Hemiphaga novaeseelandiae novaeseelandiae,https://inaturalist-open-data.s3.amazonaws.com/photos/278017748/original.jpeg,41faf742fcec6de8dafda017e21e31ba,488616,2048,1536,train
278017792,160869135,kereru,bird,Kererū,Hemiphaga novaeseelandiae,cc-by,"(c) Saryu Mae 前 朝琉, some rights reserved (CC BY)",2023-04-28,413481,Hemiphaga novaeseelandiae novaeseelandiae,https://inaturalist-open-data.s3.amazonaws.com/photos/278017792/original.jpeg,1227dd2902f08109eb6f5e7ebdcb507b,555483,2048,1536,train
314779698,180818597,kereru,bird,Kererū,Hemiphaga novaeseelandiae,cc-by,"(c) Saryu Mae 前 朝琉, some rights reserved (CC BY)",2023-08-15,413481,Hemiphaga novaeseelandiae novaeseelandiae,https://inaturalist-open-data.s3.amazonaws.com/photos/314779698/original.jpg,f621149a9408e58a30b287e1fb875a4a,166493,1529,2048,train
339116870,193084637,kereru,bird,Kererū,Hemiphaga novaeseelandiae,cc-by,"(c) Jon Sullivan, some rights reserved (CC BY)",2023-12-04,413481,Hemiphaga novaeseelandiae novaeseelandiae,https://inaturalist-open-data.s3.amazonaws.com/photos/339116870/original.jpg,e65fdc36c021e22cba0b298b9b515551,882561,2048,1536,train
339116872,193084637,kereru,bird,Kererū,Hemiphaga novaeseelandiae,cc-by,"(c) Jon Sullivan, some rights reserved (CC BY)",2023-12-04,413481,Hemiphaga novaeseelandiae novaeseelandiae,https://inaturalist-open-data.s3.amazonaws.com/photos/339116872/original.jpg,b5d2855064bbed4b8c36f4bac9d5de7f,1065322,2048,1536,train
412464779,232182117,kereru,bird,Kererū,Hemiphaga novaeseelandiae,cc-by,"(c) John Barkla, some rights reserved (CC BY)",2024-07-28,413481,Hemiphaga novaeseelandiae novaeseelandiae,https://inaturalist-open-data.s3.amazonaws.com/photos/412464779/original.jpeg,f050a56478d432837d6fa6b18fc54326,194193,2048,1365,train
463718223,258457561,kereru,bird,Kererū,Hemiphaga novaeseelandiae,cc-by,"(c) Saryu Mae 前 朝琉, some rights reserved (CC BY)",2024-02-15,144558,Hemiphaga chathamensis,https://inaturalist-open-data.s3.amazonaws.com/photos/463718223/original.jpg,0f4bb7d7eb2227c271bbded6f861e021,554840,1716,1144,train
465746678,259452792,kereru,bird,Kererū,Hemiphaga novaeseelandiae,cc0,no rights reserved,2024-12-28,413481,Hemiphaga novaeseelandiae novaeseelandiae,https://inaturalist-open-data.s3.amazonaws.com/photos/465746678/original.jpeg,8dd0ca779fb3b8385c44d8aed723d63e,158439,1627,1627,train
507707421,282583206,kereru,bird,Kererū,Hemiphaga novaeseelandiae,cc0,no rights reserved,2025-05-20,413481,Hemiphaga novaeseelandiae novaeseelandiae,https://inaturalist-open-data.s3.amazonaws.com/photos/507707421/original.jpg,60d0733b32011a321a232bd70e3db03e,512740,1153,2048,train
512264959,285009319,kereru,bird,Kererū,Hemiphaga novaeseelandiae,cc-by,"(c) Patrick Lam, some rights reserved (CC BY)",2024-06-23,413481,Hemiphaga novaeseelandiae novaeseelandiae,https://inaturalist-open-data.s3.amazonaws.com/photos/512264959/original.jpg,f8dd96f970b2dc161438fbb431144352,97237,2048,1365,train
543223148,301463299,kereru,bird,Kererū,Hemiphaga novaeseelandiae,cc-by,"(c) Saryu Mae 前 朝琉, some rights reserved (CC BY)",2025-03-25,204520,Hemiphaga novaeseelandiae,https://inaturalist-open-data.s3.amazonaws.com/photos/543223148/original.jpg,dbd418f9e7f1a6396cb07d1fd7e43ecf,222200,2048,1365,train
543223150,301463299,kereru,bird,Kererū,Hemiphaga novaeseelandiae,cc-by,"(c) Saryu Mae 前 朝琉, some rights reserved (CC BY)",2025-03-25,204520,Hemiphaga novaeseelandiae,https://inaturalist-open-data.s3.amazonaws.com/photos/543223150/original.jpg,9428b6c933342749c1c495d862227c14,206714,2048,1364,train
550802876,305483690,kereru,bird,Kererū,Hemiphaga novaeseelandiae,cc-by,"(c) Jon Sullivan, some rights reserved (CC BY)",2025-08-11,204520,Hemiphaga novaeseelandiae,https://inaturalist-open-data.s3.amazonaws.com/photos/550802876/original.jpg,b894a753c1283b3d151105d77253bed3,403621,2048,1365,train
550802884,305483690,kereru,bird,Kererū,Hemiphaga novaeseelandiae,cc-by,"(c) Jon Sullivan, some rights reserved (CC BY)",2025-08-11,204520,Hemiphaga novaeseelandiae,https://inaturalist-open-data.s3.amazonaws.com/photos/550802884/original.jpg,f213faa28af72a750b99a724dbc58db3,400227,2048,1365,train
566636577,313758884,kereru,bird,Kererū,Hemiphaga novaeseelandiae,cc-by,"(c) John Barkla, some rights reserved (CC BY)",2025-09-13,204520,Hemiphaga novaeseelandiae,https://inaturalist-open-data.s3.amazonaws.com/photos/566636577/original.jpg,5d6ba897e174c7e788dca9516c4863f7,170474,2048,1511,train
57628904,36456456,kereru,bird,Kererū,Hemiphaga novaeseelandiae,cc-by,"(c) Jacqui Geux, some rights reserved (CC BY)",2019-12-04,413481,Hemiphaga novaeseelandiae novaeseelandiae,https://inaturalist-open-data.s3.amazonaws.com/photos/57628904/original.jpeg,c896565639c0f12da9f1dcb9a363bc69,121423,1600,1200,train
57628910,36456456,kereru,bird,Kererū,Hemiphaga novaeseelandiae,cc-by,"(c) Jacqui Geux, some rights reserved (CC BY)",2019-12-04,413481,Hemiphaga novaeseelandiae novaeseelandiae,https://inaturalist-open-data.s3.amazonaws.com/photos/57628910/original.jpeg,cffede47136ee252788b5a35f83dcb75,125139,1600,1200,train
57628915,36456456,kereru,bird,Kererū,Hemiphaga novaeseelandiae,cc-by,"(c) Jacqui Geux, some rights reserved (CC BY)",2019-12-04,413481,Hemiphaga novaeseelandiae novaeseelandiae,https://inaturalist-open-data.s3.amazonaws.com/photos/57628915/original.jpeg,6332c0ba06b03f65c7f47b7c58a57f0b,122524,1600,1200,train
57628927,36456456,kereru,bird,Kererū,Hemiphaga novaeseelandiae,cc-by,"(c) Jacqui Geux, some rights reserved (CC BY)",2019-12-04,413481,Hemiphaga novaeseelandiae novaeseelandiae,https://inaturalist-open-data.s3.amazonaws.com/photos/57628927/original.jpeg,3234ebdaed6de42d159f640db4b38768,109626,1599,1200,train
57628931,36456456,kereru,bird,Kererū,Hemiphaga novaeseelandiae,cc-by,"(c) Jacqui Geux, some rights reserved (CC BY)",2019-12-04,413481,Hemiphaga novaeseelandiae novaeseelandiae,https://inaturalist-open-data.s3.amazonaws.com/photos/57628931/original.jpeg,65a87519a57a3f9e12a2b474af8e8c41,163954,1600,1200,train
57629081,36456551,kereru,bird,Kererū,Hemiphaga novaeseelandiae,cc-by,"(c) Jacqui Geux, some rights reserved (CC BY)",2019-12-04,413481,Hemiphaga novaeseelandiae novaeseelandiae,https://inaturalist-open-data.s3.amazonaws.com/photos/57629081/original.jpeg,66a7477ae41d40cc80b4a7b25368d71f,149890,1600,1200,train
57629086,36456551,kereru,bird,Kererū,Hemiphaga novaeseelandiae,cc-by,"(c) Jacqui Geux, some rights reserved (CC BY)",2019-12-04,413481,Hemiphaga novaeseelandiae novaeseelandiae,https://inaturalist-open-data.s3.amazonaws.com/photos/57629086/original.jpeg,1f77a6d2ab3341b3097e63b9778d4fcd,133764,1600,1200,train
57629771,36456551,kereru,bird,Kererū,Hemiphaga novaeseelandiae,cc-by,"(c) Jacqui Geux, some rights reserved (CC BY)",2019-12-04,413481,Hemiphaga novaeseelandiae novaeseelandiae,https://inaturalist-open-data.s3.amazonaws.com/photos/57629771/original.jpeg,330e8c4b8ab23810097ea099cfc568af,217929,1600,1200,train
59653832,37609501,kereru,bird,Kererū,Hemiphaga novaeseelandiae,cc-by,"(c) Jacqui Geux, some rights reserved (CC BY)",2020-01-15,413481,Hemiphaga novaeseelandiae novaeseelandiae,https://inaturalist-open-data.s3.amazonaws.com/photos/59653832/original.jpeg,a8822075919aba2fee635b89780b0fd1,188484,1600,1200,train
59653834,37609501,kereru,bird,Kererū,Hemiphaga novaeseelandiae,cc-by,"(c) Jacqui Geux, some rights reserved (CC BY)",2020-01-15,413481,Hemiphaga novaeseelandiae novaeseelandiae,https://inaturalist-open-data.s3.amazonaws.com/photos/59653834/original.jpeg,6dfdf122ff1d9f2d7b673e265309d9b1,179724,1600,1199,train
59653836,37609501,kereru,bird,Kererū,Hemiphaga novaeseelandiae,cc-by,"(c) Jacqui Geux, some rights reserved (CC BY)",2020-01-15,413481,Hemiphaga novaeseelandiae novaeseelandiae,https://inaturalist-open-data.s3.amazonaws.com/photos/59653836/original.jpeg,576b9873bb57e132bb6ea51f5559db69,165714,1600,1200,train
611393707,336447943,kereru,bird,Kererū,Hemiphaga novaeseelandiae,cc-by,"(c) Saryu Mae 前 朝琉, some rights reserved (CC BY)",2025-01-08,413481,Hemiphaga novaeseelandiae novaeseelandiae,https://inaturalist-open-data.s3.amazonaws.com/photos/611393707/original.jpg,bd685721930315814052a61f1658a58d,134590,2048,1365,train
611393712,336447943,kereru,bird,Kererū,Hemiphaga novaeseelandiae,cc-by,"(c) Saryu Mae 前 朝琉, some rights reserved (CC BY)",2025-01-08,413481,Hemiphaga novaeseelandiae novaeseelandiae,https://inaturalist-open-data.s3.amazonaws.com/photos/611393712/original.jpg,fa3e24f400a158e8a5af098b72c4260a,120995,2048,1365,train
611393713,336447943,kereru,bird,Kererū,Hemiphaga novaeseelandiae,cc-by,"(c) Saryu Mae 前 朝琉, some rights reserved (CC BY)",2025-01-08,413481,Hemiphaga novaeseelandiae novaeseelandiae,https://inaturalist-open-data.s3.amazonaws.com/photos/611393713/original.jpg,2b87e8f565d41a767a56f9949736a52f,122525,2048,1365,train
79792281,50247912,kereru,bird,Kererū,Hemiphaga novaeseelandiae,cc-by,"(c) Mike Bowie, some rights reserved (CC BY)",2020-06-18,413481,Hemiphaga novaeseelandiae novaeseelandiae,https://inaturalist-open-data.s3.amazonaws.com/photos/79792281/original.jpeg,b894def2b197e6fedc1a92ab0f4e4be6,264175,2048,1356,train
79792318,50247912,kereru,bird,Kererū,Hemiphaga novaeseelandiae,cc-by,"(c) Mike Bowie, some rights reserved (CC BY)",2020-06-18,413481,Hemiphaga novaeseelandiae novaeseelandiae,https://inaturalist-open-data.s3.amazonaws.com/photos/79792318/original.jpeg,76f67a9b9cd3b216aef7169b597b0f88,229479,2048,1356,train
91726641,57503271,kereru,bird,Kererū,Hemiphaga novaeseelandiae,cc-by,"(c) Jacqui Geux, some rights reserved (CC BY)",2020-08-25,413481,Hemiphaga novaeseelandiae novaeseelandiae,https://inaturalist-open-data.s3.amazonaws.com/photos/91726641/original.jpeg,3e5345f56cfa3b2e655af794a8706c15,128304,1600,1200,train
91726655,57503271,kereru,bird,Kererū,Hemiphaga novaeseelandiae,cc-by,"(c) Jacqui Geux, some rights reserved (CC BY)",2020-08-25,413481,Hemiphaga novaeseelandiae novaeseelandiae,https://inaturalist-open-data.s3.amazonaws.com/photos/91726655/original.jpeg,ea727927f82151e99691244470fcd3eb,134477,1600,1200,train
9723742,7470750,kereru,bird,Kererū,Hemiphaga novaeseelandiae,cc-by,"(c) John Barkla, some rights reserved (CC BY)",2017-08-12,204520,Hemiphaga novaeseelandiae,https://inaturalist-open-data.s3.amazonaws.com/photos/9723742/original.jpg,37e2414826a68a38209d648e2c2e7769,239928,2048,1365,train
9723792,7470750,kereru,bird,Kererū,Hemiphaga novaeseelandiae,cc-by,"(c) John Barkla, some rights reserved (CC BY)",2017-08-12,204520,Hemiphaga novaeseelandiae,https://inaturalist-open-data.s3.amazonaws.com/photos/9723792/original.jpg,baa7b26e35913ef43684187cc8667e6d,274858,2048,1364,train
9723820,7470750,kereru,bird,Kererū,Hemiphaga novaeseelandiae,cc-by,"(c) John Barkla, some rights reserved (CC BY)",2017-08-12,204520,Hemiphaga novaeseelandiae,https://inaturalist-open-data.s3.amazonaws.com/photos/9723820/original.jpg,54e8e65e110b5d3fb8b17418c2fc80b0,168948,2048,1365,train
194919544,115493394,korimako,bird,Korimako,Anthornis melanura,cc-by,"(c) Jon Sullivan, some rights reserved (CC BY)",2022-05-02,12612,Anthornis melanura,https://inaturalist-open-data.s3.amazonaws.com/photos/194919544/original.jpg,c0197021744a5708aabb8dc3ed293d9d,238724,2048,1367,train
234633009,137384279,korimako,bird,Korimako,Anthornis melanura,cc-by,"(c) BIHNZ, some rights reserved (CC BY)",2022-10-02,413425,Anthornis melanura melanura,https://inaturalist-open-data.s3.amazonaws.com/photos/234633009/original.jpg,a66da35a156f8d1f33dfb40a22c81763,308042,1494,996,train
243324033,141969883,korimako,bird,Korimako,Anthornis melanura,cc-by,"(c) Michael Berardozzi, some rights reserved (CC BY)",2018-12-18,12612,Anthornis melanura,https://inaturalist-open-data.s3.amazonaws.com/photos/243324033/original.jpg,2d601fdd4958df1665a8f3f074db48b2,257707,2048,1793,train
268002710,155071356,korimako,bird,Korimako,Anthornis melanura,cc-by,"(c) Jay Pruett, some rights reserved (CC BY)",2018-10-25,413425,Anthornis melanura melanura,https://inaturalist-open-data.s3.amazonaws.com/photos/268002710/original.jpg,f4306612682185e6e0ed4e2f80046217,756193,1931,1287,train
314781198,180818594,korimako,bird,Korimako,Anthornis melanura,cc-by,"(c) Saryu Mae 前 朝琉, some rights reserved (CC BY)",2023-08-15,413425,Anthornis melanura melanura,https://inaturalist-open-data.s3.amazonaws.com/photos/314781198/original.jpg,39db60c0c07792adf6818586bc30ac08,1107677,2048,1529,train
371623687,210064376,korimako,bird,Korimako,Anthornis melanura,cc-by,"(c) Patrick Lam, some rights reserved (CC BY)",2024-04-27,12612,Anthornis melanura,https://inaturalist-open-data.s3.amazonaws.com/photos/371623687/original.jpeg,b4be8764c6a34255ed78caab71538c3a,188561,2048,1365,train
403908524,227666072,korimako,bird,Korimako,Anthornis melanura,cc-by,"(c) Jon Sullivan, some rights reserved (CC BY)",2024-07-07,413425,Anthornis melanura melanura,https://inaturalist-open-data.s3.amazonaws.com/photos/403908524/original.jpg,ef731e555fa6251e9930081300f89a85,296895,659,988,train
403908550,227666072,korimako,bird,Korimako,Anthornis melanura,cc-by,"(c) Jon Sullivan, some rights reserved (CC BY)",2024-07-07,413425,Anthornis melanura melanura,https://inaturalist-open-data.s3.amazonaws.com/photos/403908550/original.jpg,f332cd47572ac98a5aee7d3665f3162f,208543,819,546,train
467539851,260354173,korimako,bird,Korimako,Anthornis melanura,cc-by,"(c) Jon Sullivan, some rights reserved (CC BY)",2025-02-01,413425,Anthornis melanura melanura,https://inaturalist-open-data.s3.amazonaws.com/photos/467539851/original.jpg,659cb989494f27b5676d03322a0493e8,281034,2048,1366,train
467539852,260354173,korimako,bird,Korimako,Anthornis melanura,cc-by,"(c) Jon Sullivan, some rights reserved (CC BY)",2025-02-01,413425,Anthornis melanura melanura,https://inaturalist-open-data.s3.amazonaws.com/photos/467539852/original.jpg,0ce034f78dd68cc8778f4baebb5131a5,299761,2048,1367,train
467539853,260354173,korimako,bird,Korimako,Anthornis melanura,cc-by,"(c) Jon Sullivan, some rights reserved (CC BY)",2025-02-01,413425,Anthornis melanura melanura,https://inaturalist-open-data.s3.amazonaws.com/photos/467539853/original.jpg,d0c8a212eff0a2bbcc70a03fc99ca343,290428,2048,1366,train
467539878,260354173,korimako,bird,Korimako,Anthornis melanura,cc-by,"(c) Jon Sullivan, some rights reserved (CC BY)",2025-02-01,413425,Anthornis melanura melanura,https://inaturalist-open-data.s3.amazonaws.com/photos/467539878/original.jpg,1da2fec0d5a90a608895ebb149e0aaad,302276,2048,1366,train
498839635,277817024,korimako,bird,Korimako,Anthornis melanura,cc-by,"(c) Emma Naylor, some rights reserved (CC BY)",2025-05-03,12612,Anthornis melanura,https://inaturalist-open-data.s3.amazonaws.com/photos/498839635/original.jpg,4c9f60e32699ed9267950e7e05cda1e7,522292,1536,2048,train
498839728,277817024,korimako,bird,Korimako,Anthornis melanura,cc-by,"(c) Emma Naylor, some rights reserved (CC BY)",2025-05-03,12612,Anthornis melanura,https://inaturalist-open-data.s3.amazonaws.com/photos/498839728/original.jpg,a528edcc8338a0c1e7f3d48700ea2ee3,522926,1536,2048,train
498839834,277817024,korimako,bird,Korimako,Anthornis melanura,cc-by,"(c) Emma Naylor, some rights reserved (CC BY)",2025-05-03,12612,Anthornis melanura,https://inaturalist-open-data.s3.amazonaws.com/photos/498839834/original.jpg,e9c9cf46051bb07c0b08caab80ef57b3,561447,1536,2048,train
52630355,33507173,korimako,bird,Korimako,Anthornis melanura,cc-by,"(c) Steve Kerr, some rights reserved (CC BY)",2019-09-28,413425,Anthornis melanura melanura,https://inaturalist-open-data.s3.amazonaws.com/photos/52630355/original.jpg,f8c866b5c383ef3bc4f39bfe381d6487,170999,2048,1510,train
52630360,33507173,korimako,bird,Korimako,Anthornis melanura,cc-by,"(c) Steve Kerr, some rights reserved (CC BY)",2019-09-28,413425,Anthornis melanura melanura,https://inaturalist-open-data.s3.amazonaws.com/photos/52630360/original.jpg,913fffc9142ef10c5b9fe42e71bfb187,169669,2048,1493,train
579688844,320603832,korimako,bird,Korimako,Anthornis melanura,cc-by,"(c) William Harland, some rights reserved (CC BY)",2025-09-20,413425,Anthornis melanura melanura,https://inaturalist-open-data.s3.amazonaws.com/photos/579688844/original.jpg,5b439441fd36491298e3c03f01f4b758,138299,2048,1505,train
579688857,320603832,korimako,bird,Korimako,Anthornis melanura,cc-by,"(c) William Harland, some rights reserved (CC BY)",2025-09-20,413425,Anthornis melanura melanura,https://inaturalist-open-data.s3.amazonaws.com/photos/579688857/original.jpg,4be3197532ac5bdb7c99586a1c729ceb,111233,2048,1401,train
579688858,320603832,korimako,bird,Korimako,Anthornis melanura,cc-by,"(c) William Harland, some rights reserved (CC BY)",2025-09-20,413425,Anthornis melanura melanura,https://inaturalist-open-data.s3.amazonaws.com/photos/579688858/original.jpg,4a38f4fa2a25e42e5405322a7876596c,120007,2048,1413,train
579688860,320603832,korimako,bird,Korimako,Anthornis melanura,cc-by,"(c) William Harland, some rights reserved (CC BY)",2025-09-20,413425,Anthornis melanura melanura,https://inaturalist-open-data.s3.amazonaws.com/photos/579688860/original.jpg,2bc209c1a250f6beae79a188903255da,127316,2048,1335,train
579688874,320603832,korimako,bird,Korimako,Anthornis melanura,cc-by,"(c) William Harland, some rights reserved (CC BY)",2025-09-20,413425,Anthornis melanura melanura,https://inaturalist-open-data.s3.amazonaws.com/photos/579688874/original.jpg,e6b01c7b2935ba2666d5d9ba274fdb6f,81683,2048,1152,train
579688877,320603832,korimako,bird,Korimako,Anthornis melanura,cc-by,"(c) William Harland, some rights reserved (CC BY)",2025-09-20,413425,Anthornis melanura melanura,https://inaturalist-open-data.s3.amazonaws.com/photos/579688877/original.jpg,8d1cc8465eea0dcd31a0a65a24dee694,97183,2048,1294,train
579688881,320603832,korimako,bird,Korimako,Anthornis melanura,cc-by,"(c) William Harland, some rights reserved (CC BY)",2025-09-20,413425,Anthornis melanura melanura,https://inaturalist-open-data.s3.amazonaws.com/photos/579688881/original.jpg,b5df13477261b10a76589a2350ff4dba,93935,2048,1441,train
653370342,358179112,korimako,bird,Korimako,Anthornis melanura,cc-by,"(c) William Harland, some rights reserved (CC BY)",2026-04-26,413425,Anthornis melanura melanura,https://inaturalist-open-data.s3.amazonaws.com/photos/653370342/original.jpg,eda6476fb1f5f8d5444872ec2d944193,90597,2048,1290,train
653370361,358179112,korimako,bird,Korimako,Anthornis melanura,cc-by,"(c) William Harland, some rights reserved (CC BY)",2026-04-26,413425,Anthornis melanura melanura,https://inaturalist-open-data.s3.amazonaws.com/photos/653370361/original.jpg,34950f479c4212f7b7ffd39acf94e0af,90406,2048,1415,train
675862070,369978646,korimako,bird,Korimako,Anthornis melanura,cc-by,"(c) Jon Sullivan, some rights reserved (CC BY)",2026-06-09,413425,Anthornis melanura melanura,https://inaturalist-open-data.s3.amazonaws.com/photos/675862070/original.jpg,384cc2d6a1f7f2fa6e20318f3c8d7bf5,539809,1596,1064,train
675862079,369978646,korimako,bird,Korimako,Anthornis melanura,cc-by,"(c) Jon Sullivan, some rights reserved (CC BY)",2026-06-09,413425,Anthornis melanura melanura,https://inaturalist-open-data.s3.amazonaws.com/photos/675862079/original.jpg,cca4c9750f217a636ebd56e66e2789ba,414583,2048,1363,train
675862090,369978646,korimako,bird,Korimako,Anthornis melanura,cc-by,"(c) Jon Sullivan, some rights reserved (CC BY)",2026-06-09,413425,Anthornis melanura melanura,https://inaturalist-open-data.s3.amazonaws.com/photos/675862090/original.jpg,ccd176437c087dc8cfcf6299283ee682,443085,2048,1365,train
675862099,369978646,korimako,bird,Korimako,Anthornis melanura,cc-by,"(c) Jon Sullivan, some rights reserved (CC BY)",2026-06-09,413425,Anthornis melanura melanura,https://inaturalist-open-data.s3.amazonaws.com/photos/675862099/original.jpg,99b543b8171298670901189d3831a4a7,413892,2048,1365,train
716489583,391046446,korimako,bird,Korimako,Anthornis melanura,cc-by,"(c) William Harland, some rights reserved (CC BY)",2026-08-11,413425,Anthornis melanura melanura,https://inaturalist-open-data.s3.amazonaws.com/photos/716489583/original.jpg,436338920810d6bad11f684b71a84a06,108335,2048,1551,train
721711736,393730963,korimako,bird,Korimako,Anthornis melanura,cc-by,"(c) sam-rajnikant, some rights reserved (CC BY)",2026-08-14,12612,Anthornis melanura,https://inaturalist-open-data.s3.amazonaws.com/photos/721711736/original.jpg,1aecb5da23c093cdca7ebab9810190fb,230532,1995,1330,train
721711745,393730963,korimako,bird,Korimako,Anthornis melanura,cc-by,"(c) sam-rajnikant, some rights reserved (CC BY)",2026-08-14,12612,Anthornis melanura,https://inaturalist-open-data.s3.amazonaws.com/photos/721711745/original.jpg,90f9dc3daeeab143f612e90920ec7613,255076,1992,1328,train
721711748,393730963,korimako,bird,Korimako,Anthornis melanura,cc-by,"(c) sam-rajnikant, some rights reserved (CC BY)",2026-08-14,12612,Anthornis melanura,https://inaturalist-open-data.s3.amazonaws.com/photos/721711748/original.jpg,7cc6aa44c568810a70a99afcc047f3ac,254212,2048,1366,train
721711756,393730963,korimako,bird,Korimako,Anthornis melanura,cc-by,"(c) sam-rajnikant, some rights reserved (CC BY)",2026-08-14,12612,Anthornis melanura,https://inaturalist-open-data.s3.amazonaws.com/photos/721711756/original.jpg,1993dc4ba28627c88d1c72294e29f3ab,227429,1705,1137,train
721711757,393730963,korimako,bird,Korimako,Anthornis melanura,cc-by,"(c) sam-rajnikant, some rights reserved (CC BY)",2026-08-14,12612,Anthornis melanura,https://inaturalist-open-data.s3.amazonaws.com/photos/721711757/original.jpg,1033718d293265dfc22cabe442baef8c,349400,2048,1365,train
724391402,395090241,korimako,bird,Korimako,Anthornis melanura,cc0,no rights reserved,2026-08-28,12612,Anthornis melanura,https://inaturalist-open-data.s3.amazonaws.com/photos/724391402/original.jpg,afdef5b920770ccbb352dbf48234535a,241105,947,1263,train
724391443,395090241,korimako,bird,Korimako,Anthornis melanura,cc0,no rights reserved,2026-08-28,12612,Anthornis melanura,https://inaturalist-open-data.s3.amazonaws.com/photos/724391443/original.jpg,9aa5436275f58e53997a5a8da2834d53,417955,1536,2048,train
110814610,68437913,kowhai,plant,Kōwhai,Sophora microphylla,cc-by,"(c) janicelord, some rights reserved (CC BY)",2021-01-22,210947,Sophora microphylla,https://inaturalist-open-data.s3.amazonaws.com/photos/110814610/original.jpeg,5caf2d3e2173f190772e3c33a0266180,935283,1536,2048,train
136428403,83086289,kowhai,plant,Kōwhai,Sophora microphylla,cc0,no rights reserved,2021-06-15,210947,Sophora microphylla,https://inaturalist-open-data.s3.amazonaws.com/photos/136428403/original.jpg,cc2167d2f4c592259bee3e386509a399,594782,1536,2048,train
136429620,83086289,kowhai,plant,Kōwhai,Sophora microphylla,cc0,no rights reserved,2021-06-15,210947,Sophora microphylla,https://inaturalist-open-data.s3.amazonaws.com/photos/136429620/original.jpg,f5f99bfcbb42deb76eec336ec09a6ddf,523207,1536,2048,train
173364882,103565714,kowhai,plant,Kōwhai,Sophora microphylla,cc-by,"(c) Jenny Saito, some rights reserved (CC BY)",2021-12-23,210947,Sophora microphylla,https://inaturalist-open-data.s3.amazonaws.com/photos/173364882/original.jpeg,58325b04245f2cc8fe4732db9552c9dc,1086196,2048,2048,train
173364892,103565714,kowhai,plant,Kōwhai,Sophora microphylla,cc-by,"(c) Jenny Saito, some rights reserved (CC BY)",2021-12-23,210947,Sophora microphylla,https://inaturalist-open-data.s3.amazonaws.com/photos/173364892/original.jpeg,7d9a87597afade41cfc43c6cdd6f9340,1089414,2048,2048,train
181735671,107993207,kowhai,plant,Kōwhai,Sophora microphylla,cc0,no rights reserved,2022-03-06,210947,Sophora microphylla,https://inaturalist-open-data.s3.amazonaws.com/photos/181735671/original.jpg,28b51f519dc4918c9ad82cfdf3a7046b,516259,1536,2048,train
181735696,107993207,kowhai,plant,Kōwhai,Sophora microphylla,cc0,no rights reserved,2022-03-06,210947,Sophora microphylla,https://inaturalist-open-data.s3.amazonaws.com/photos/181735696/original.jpg,b761c21a2b5ccb80cfd441526298df28,541492,1536,2048,train
181735726,107993207,kowhai,plant,Kōwhai,Sophora microphylla,cc0,no rights reserved,2022-03-06,210947,Sophora microphylla,https://inaturalist-open-data.s3.amazonaws.com/photos/181735726/original.jpg,02189a27d1817aab40067de8db81844a,566417,1536,2048,train
186838110,110726586,kowhai,plant,Kōwhai,Sophora microphylla,cc0,no rights reserved,2022-04-08,210947,Sophora microphylla,https://inaturalist-open-data.s3.amazonaws.com/photos/186838110/original.jpg,00daa2bd5d981869b675fe0875340e45,343285,1536,2048,train
2294929,1882941,kowhai,plant,Kōwhai,Sophora microphylla,cc-by,"(c) Jon Sullivan, some rights reserved (CC BY)",2015-08-21,210947,Sophora microphylla,https://inaturalist-open-data.s3.amazonaws.com/photos/2294929/original.jpg,95bd18a65b6dbf9528e60f651febd492,335509,1536,2048,train
233877165,136985950,kowhai,plant,Kōwhai,Sophora microphylla,cc-by,"(c) John Barkla, some rights reserved (CC BY)",2022-09-29,210947,Sophora microphylla,https://inaturalist-open-data.s3.amazonaws.com/photos/233877165/original.jpeg,25d31fa873861029ee16beb6010949d8,223587,1773,1182,train
234129279,137121579,kowhai,plant,Kōwhai,Sophora microphylla,cc-by,"(c) Joe Potter Butler, some rights reserved (CC BY)",2022-10-01,210947,Sophora microphylla,https://inaturalist-open-data.s3.amazonaws.com/photos/234129279/original.jpeg,68dbc4d739fdecd4c8b32c2a9fddbbba,382271,2048,1365,train
234129421,137121579,kowhai,plant,Kōwhai,Sophora microphylla,cc-by,"(c) Joe Potter Butler, some rights reserved (CC BY)",2022-10-01,210947,Sophora microphylla,https://inaturalist-open-data.s3.amazonaws.com/photos/234129421/original.jpeg,d686255d73bdc3e2612fcd1419b9dd17,709036,2048,1365,train
234129431,137121579,kowhai,plant,Kōwhai,Sophora microphylla,cc-by,"(c) Joe Potter Butler, some rights reserved (CC BY)",2022-10-01,210947,Sophora microphylla,https://inaturalist-open-data.s3.amazonaws.com/photos/234129431/original.jpeg,c775178695f91f06d8e5929687b779ed,759497,2048,1365,train
234129441,137121579,kowhai,plant,Kōwhai,Sophora microphylla,cc-by,"(c) Joe Potter Butler, some rights reserved (CC BY)",2022-10-01,210947,Sophora microphylla,https://inaturalist-open-data.s3.amazonaws.com/photos/234129441/original.jpeg,d77fa613e8dea8df2b35dbf617cc4664,305605,2048,1365,train
234129450,137121579,kowhai,plant,Kōwhai,Sophora microphylla,cc-by,"(c) Joe Potter Butler, some rights reserved (CC BY)",2022-10-01,210947,Sophora microphylla,https://inaturalist-open-data.s3.amazonaws.com/photos/234129450/original.jpeg,66c2513d4e8d54c40f300da757baf30c,770128,2048,1365,train
234129466,137121579,kowhai,plant,Kōwhai,Sophora microphylla,cc-by,"(c) Joe Potter Butler, some rights reserved (CC BY)",2022-10-01,210947,Sophora microphylla,https://inaturalist-open-data.s3.amazonaws.com/photos/234129466/original.jpeg,ba930da4e546ddbb6764ede99c546b12,719792,2048,1365,train
2978252,2651543,kowhai,plant,Kōwhai,Sophora microphylla,cc-by,"(c) Jon Sullivan, some rights reserved (CC BY)",2016-01-07,210947,Sophora microphylla,https://inaturalist-open-data.s3.amazonaws.com/photos/2978252/original.jpg,02bce903c07b3e7defcdaafb7a2828ed,281991,2048,1367,train
2978253,2651543,kowhai,plant,Kōwhai,Sophora microphylla,cc-by,"(c) Jon Sullivan, some rights reserved (CC BY)",2016-01-07,210947,Sophora microphylla,https://inaturalist-open-data.s3.amazonaws.com/photos/2978253/original.jpg,8f02c09521f0f183d0866167bcdc5c6a,303572,2048,1367,train
2980195,2651543,kowhai,plant,Kōwhai,Sophora microphylla,cc-by,"(c) Jon Sullivan, some rights reserved (CC BY)",2016-01-07,210947,Sophora microphylla,https://inaturalist-open-data.s3.amazonaws.com/photos/2980195/original.jpg,3c58d269e6c3a1f150c097e647e48664,215434,2048,1367,train
314864041,180726395,kowhai,plant,Kōwhai,Sophora microphylla,cc0,no rights reserved,2023-08-29,210947,Sophora microphylla,https://inaturalist-open-data.s3.amazonaws.com/photos/314864041/original.jpg,4d253ebc397815454f5f668ee482a130,537507,1536,2048,train
314877877,180733774,kowhai,plant,Kōwhai,Sophora microphylla,cc-by,"(c) Nicholas Allen, some rights reserved (CC BY)",2023-08-27,210947,Sophora microphylla,https://inaturalist-open-data.s3.amazonaws.com/photos/314877877/original.jpg,42e386c98188afa9a99ce75b5ccd9d18,510651,1536,2048,train
340668813,193887264,kowhai,plant,Kōwhai,Sophora microphylla,cc-by,"(c) Mark Richman, some rights reserved (CC BY)",2023-12-13,210947,Sophora microphylla,https://inaturalist-open-data.s3.amazonaws.com/photos/340668813/original.jpg,4b5b52822370f4b13b96622152e62278,397448,1536,2048,train
340668830,193887264,kowhai,plant,Kōwhai,Sophora microphylla,cc-by,"(c) Mark Richman, some rights reserved (CC BY)",2023-12-13,210947,Sophora microphylla,https://inaturalist-open-data.s3.amazonaws.com/photos/340668830/original.jpg,55a8aacf5feb2679e0d2771ad798f2a1,418129,1536,2048,train
344435425,195739776,kowhai,plant,Kōwhai,Sophora microphylla,cc-by,"(c) Eric Knight, some rights reserved (CC BY)",2023-12-12,210947,Sophora microphylla,https://inaturalist-open-data.s3.amazonaws.com/photos/344435425/original.jpg,a7f86f37029883ac80d07d3af8b245f9,351500,1536,2048,train
344435431,195739776,kowhai,plant,Kōwhai,Sophora microphylla,cc-by,"(c) Eric Knight, some rights reserved (CC BY)",2023-12-12,210947,Sophora microphylla,https://inaturalist-open-data.s3.amazonaws.com/photos/344435431/original.jpg,2d50eee311528207e3c549d43e4ac826,544953,1536,2048,train
473108429,263359786,kowhai,plant,Kōwhai,Sophora microphylla,cc-by,"(c) Benjamin Lavin, some rights reserved (CC BY)",2025-01-27,210947,Sophora microphylla,https://inaturalist-open-data.s3.amazonaws.com/photos/473108429/original.jpeg,bc0806ac7a2eade436effbb8772b9f57,532844,1536,2048,train
473108445,263359786,kowhai,plant,Kōwhai,Sophora microphylla,cc-by,"(c) Benjamin Lavin, some rights reserved (CC BY)",2025-01-27,210947,Sophora microphylla,https://inaturalist-open-data.s3.amazonaws.com/photos/473108445/original.jpeg,a0a64d47015449c31e1798631b6c66cf,527184,2048,1536,train
473108470,263359786,kowhai,plant,Kōwhai,Sophora microphylla,cc-by,"(c) Benjamin Lavin, some rights reserved (CC BY)",2025-01-27,210947,Sophora microphylla,https://inaturalist-open-data.s3.amazonaws.com/photos/473108470/original.jpeg,e2f5bd052d578910df9c3d0755849cc8,552392,2048,1536,train
473108484,263359786,kowhai,plant,Kōwhai,Sophora microphylla,cc-by,"(c) Benjamin Lavin, some rights reserved (CC BY)",2025-01-27,210947,Sophora microphylla,https://inaturalist-open-data.s3.amazonaws.com/photos/473108484/original.jpeg,88ec116da880a901954b4ebced3f1503,378089,2048,1536,train
473108523,263359786,kowhai,plant,Kōwhai,Sophora microphylla,cc-by,"(c) Benjamin Lavin, some rights reserved (CC BY)",2025-01-27,210947,Sophora microphylla,https://inaturalist-open-data.s3.amazonaws.com/photos/473108523/original.jpeg,4eadac0fc7262cb3c557e6acebf102f6,430857,2048,1536,train
473108532,263359786,kowhai,plant,Kōwhai,Sophora microphylla,cc-by,"(c) Benjamin Lavin, some rights reserved (CC BY)",2025-01-27,210947,Sophora microphylla,https://inaturalist-open-data.s3.amazonaws.com/photos/473108532/original.jpeg,6c1ac7fba0f180a8bfe70c81418ca5c3,484086,1536,2048,train
479506951,266862326,kowhai,plant,Kōwhai,Sophora microphylla,cc0,no rights reserved,2025-03-25,210947,Sophora microphylla,https://inaturalist-open-data.s3.amazonaws.com/photos/479506951/original.jpg,b464214c06a207c4c93303197d5ab9e8,439733,1536,2048,train
489611609,272151920,kowhai,plant,Kōwhai,Sophora microphylla,cc-by,"(c) Jon Sullivan, some rights reserved (CC BY)",2025-04-09,210947,Sophora microphylla,https://inaturalist-open-data.s3.amazonaws.com/photos/489611609/original.jpg,43c9fe50c46388af7ce569291ecb7257,733547,2048,1367,train
493096258,274263385,kowhai,plant,Kōwhai,Sophora microphylla,cc-by,"(c) boytouchgrass, some rights reserved (CC BY)",2025-04-27,210947,Sophora microphylla,https://inaturalist-open-data.s3.amazonaws.com/photos/493096258/original.jpg,621bc4add0e13a32ca107988d08e408e,1194602,1536,2048,train
519119095,288649979,kowhai,plant,Kōwhai,Sophora microphylla,cc0,no rights reserved,2025-06-11,210947,Sophora microphylla,https://inaturalist-open-data.s3.amazonaws.com/photos/519119095/original.jpg,4f65e4dc8bd18d233e789122e35e9b2c,280750,1536,2048,train
519119117,288649979,kowhai,plant,Kōwhai,Sophora microphylla,cc0,no rights reserved,2025-06-11,210947,Sophora microphylla,https://inaturalist-open-data.s3.amazonaws.com/photos/519119117/original.jpg,a21e6252c0a89cecc0e28b99791c26de,162969,1536,2048,train
519119138,288649979,kowhai,plant,Kōwhai,Sophora microphylla,cc0,no rights reserved,2025-06-11,210947,Sophora microphylla,https://inaturalist-open-data.s3.amazonaws.com/photos/519119138/original.jpg,18add537aebef9cc12205cc6184f08c8,490128,1536,2048,train
519119153,288649979,kowhai,plant,Kōwhai,Sophora microphylla,cc0,no rights reserved,2025-06-11,210947,Sophora microphylla,https://inaturalist-open-data.s3.amazonaws.com/photos/519119153/original.jpg,d975bc6aec3c2b5baf8d0d0ae244443d,264057,1536,2048,train
551594755,305900838,kowhai,plant,Kōwhai,Sophora microphylla,cc-by,"(c) John Davey, some rights reserved (CC BY)",2025-08-13,413230,Sophora microphylla microphylla,https://inaturalist-open-data.s3.amazonaws.com/photos/551594755/original.jpg,2b47e3777aa305e4086c44207e7318d5,1541698,2048,2048,train
551594802,305900838,kowhai,plant,Kōwhai,Sophora microphylla,cc-by,"(c) John Davey, some rights reserved (CC BY)",2025-08-13,413230,Sophora microphylla microphylla,https://inaturalist-open-data.s3.amazonaws.com/photos/551594802/original.jpg,81188e6fda88846b5c90cdb2e958c268,2037453,2048,2048,train
6094369,4988277,kowhai,plant,Kōwhai,Sophora microphylla,cc-by,"(c) John Barkla, some rights reserved (CC BY)",2017-01-19,210947,Sophora microphylla,https://inaturalist-open-data.s3.amazonaws.com/photos/6094369/original.jpg,75aef8715656cfafd1504a8053828d23,203960,2048,1366,train
621376135,341342665,kowhai,plant,Kōwhai,Sophora microphylla,cc-by,"(c) Jeff Young, some rights reserved (CC BY)",2026-02-07,210947,Sophora microphylla,https://inaturalist-open-data.s3.amazonaws.com/photos/621376135/original.jpg,c808f00fe7045e736d4ad82db8db927f,693470,1152,2048,train
687705466,376139429,kowhai,plant,Kōwhai,Sophora microphylla,cc-by,"(c) 謝麗霦, some rights reserved (CC BY)",2026-01-04,210947,Sophora microphylla,https://inaturalist-open-data.s3.amazonaws.com/photos/687705466/original.jpg,cb3d91bd7219c6274fe7c7d0ce31e947,483812,1536,2048,train
7125951,5742884,kowhai,plant,Kōwhai,Sophora microphylla,cc-by,"(c) naturewatchwidow, some rights reserved (CC BY)",2017-04-16,210947,Sophora microphylla,https://inaturalist-open-data.s3.amazonaws.com/photos/7125951/original.jpeg,3ae89d91d1de871ebabed34c9c1a092e,546079,1152,2048,train
106737587,66240509,moth_plant,plant,Moth plant,Araujia sericifera,cc-by,"(c) Jacqui Geux, some rights reserved (CC BY)",2020-12-06,75499,Araujia sericifera,https://inaturalist-open-data.s3.amazonaws.com/photos/106737587/original.jpeg,1884687a03811a3f5a28fbe95c2e6764,107078,1600,1200,train
106737592,66240509,moth_plant,plant,Moth plant,Araujia sericifera,cc-by,"(c) Jacqui Geux, some rights reserved (CC BY)",2020-12-06,75499,Araujia sericifera,https://inaturalist-open-data.s3.amazonaws.com/photos/106737592/original.jpeg,9dd9aad61fee4ebbe0d80f1c97bfcf7d,244906,1600,1200,train
106737597,66240509,moth_plant,plant,Moth plant,Araujia sericifera,cc-by,"(c) Jacqui Geux, some rights reserved (CC BY)",2020-12-06,75499,Araujia sericifera,https://inaturalist-open-data.s3.amazonaws.com/photos/106737597/original.jpeg,88d1ac4ef09d967a86f75dbc99cb8fef,193229,1600,1200,train
106737613,66240509,moth_plant,plant,Moth plant,Araujia sericifera,cc-by,"(c) Jacqui Geux, some rights reserved (CC BY)",2020-12-06,75499,Araujia sericifera,https://inaturalist-open-data.s3.amazonaws.com/photos/106737613/original.jpeg,30a5f1ebc6541df0722f44a9bcfffa5a,370479,1600,1200,train
108694283,67297388,moth_plant,plant,Moth plant,Araujia sericifera,cc0,no rights reserved,2020-12-30,75499,Araujia sericifera,https://inaturalist-open-data.s3.amazonaws.com/photos/108694283/original.jpeg,54cab19a54dd04f2ec57c2084cf46ef7,487712,1536,2048,train
108694287,67297388,moth_plant,plant,Moth plant,Araujia sericifera,cc0,no rights reserved,2020-12-30,75499,Araujia sericifera,https://inaturalist-open-data.s3.amazonaws.com/photos/108694287/original.jpeg,ccdfb2c6f8fc3b41e7f97b01bf3fca29,469775,1536,2048,train
1179924,941300,moth_plant,plant,Moth plant,Araujia sericifera,cc-by,"(c) Jon Sullivan, some rights reserved (CC BY)",2005-05-29,75499,Araujia sericifera,https://inaturalist-open-data.s3.amazonaws.com/photos/1179924/original.jpg,a4a9bad375026449fa81a1a3561f3c9a,392110,1536,2048,train
1179925,941300,moth_plant,plant,Moth plant,Araujia sericifera,cc-by,"(c) Jon Sullivan, some rights reserved (CC BY)",2005-05-29,75499,Araujia sericifera,https://inaturalist-open-data.s3.amazonaws.com/photos/1179925/original.jpg,36004708390b86b45029a0e8b1a7792a,363773,1024,768,train
180748604,107463806,moth_plant,plant,Moth plant,Araujia sericifera,cc-by,"(c) Nic Charlton, some rights reserved (CC BY)",2022-02-25,75499,Araujia sericifera,https://inaturalist-open-data.s3.amazonaws.com/photos/180748604/original.jpeg,17425f6abf2f75eb73fa1ed03cf69918,671244,2048,2048,train
180748617,107463806,moth_plant,plant,Moth plant,Araujia sericifera,cc-by,"(c) Nic Charlton, some rights reserved (CC BY)",2022-02-25,75499,Araujia sericifera,https://inaturalist-open-data.s3.amazonaws.com/photos/180748617/original.jpeg,a493e0a5c9972f3ce78e57ae9c435574,646352,2048,2048,train
180748629,107463806,moth_plant,plant,Moth plant,Araujia sericifera,cc-by,"(c) Nic Charlton, some rights reserved (CC BY)",2022-02-25,75499,Araujia sericifera,https://inaturalist-open-data.s3.amazonaws.com/photos/180748629/original.jpeg,2a50e347bfd9e9fed3417c993184c63f,645046,2048,2048,train
180748635,107463806,moth_plant,plant,Moth plant,Araujia sericifera,cc-by,"(c) Nic Charlton, some rights reserved (CC BY)",2022-02-25,75499,Araujia sericifera,https://inaturalist-open-data.s3.amazonaws.com/photos/180748635/original.jpeg,367d8d9a480da3a720670156f0389563,800288,2048,2048,train
23626092,15806340,moth_plant,plant,Moth plant,Araujia sericifera,cc0,no rights reserved,2018-08-23,75499,Araujia sericifera,https://inaturalist-open-data.s3.amazonaws.com/photos/23626092/original.jpeg,2d99a158c2f98dc99687bef63c6aa08c,245018,1536,2048,train
23626101,15806340,moth_plant,plant,Moth plant,Araujia sericifera,cc0,no rights reserved,2018-08-23,75499,Araujia sericifera,https://inaturalist-open-data.s3.amazonaws.com/photos/23626101/original.jpeg,edb5a2194cc92ce45d58b303d660cf0e,318583,2048,1536,train
23626102,15806340,moth_plant,plant,Moth plant,Araujia sericifera,cc0,no rights reserved,2018-08-23,75499,Araujia sericifera,https://inaturalist-open-data.s3.amazonaws.com/photos/23626102/original.jpeg,ccff2ed18bda359c4783c752ce6bd94d,243646,1536,2048,train
261557340,151577917,moth_plant,plant,Moth plant,Araujia sericifera,cc-by,"(c) prosperosity, some rights reserved (CC BY)",2023-03-19,75499,Araujia sericifera,https://inaturalist-open-data.s3.amazonaws.com/photos/261557340/original.jpg,a2ca5709200b9bac1345504ba3742545,519398,1536,2048,train
27102572,17766981,moth_plant,plant,Moth plant,Araujia sericifera,cc-by,"(c) Murray NZ, some rights reserved (CC BY)",2018-10-18,75499,Araujia sericifera,https://inaturalist-open-data.s3.amazonaws.com/photos/27102572/original.jpg,10b08ee41266048190e5d435d7e622c4,452792,1534,2048,train
27102573,17766981,moth_plant,plant,Moth plant,Araujia sericifera,cc-by,"(c) Murray NZ, some rights reserved (CC BY)",2018-10-18,75499,Araujia sericifera,https://inaturalist-open-data.s3.amazonaws.com/photos/27102573/original.jpg,abef87a7fd0243525d722ada658a293f,407603,1365,2048,train
27394616,17930344,moth_plant,plant,Moth plant,Araujia sericifera,cc0,no rights reserved,2018-10-28,75499,Araujia sericifera,https://inaturalist-open-data.s3.amazonaws.com/photos/27394616/original.jpeg,2b38aad752ae7a1469444edbb78714ed,364835,1536,2048,train
27394617,17930344,moth_plant,plant,Moth plant,Araujia sericifera,cc0,no rights reserved,2018-10-28,75499,Araujia sericifera,https://inaturalist-open-data.s3.amazonaws.com/photos/27394617/original.jpeg,a9dac05c907d63ee7f2a249105aafec2,314949,1536,2048,train
34697213,22401571,moth_plant,plant,Moth plant,Araujia sericifera,cc0,no rights reserved,2019-04-13,75499,Araujia sericifera,https://inaturalist-open-data.s3.amazonaws.com/photos/34697213/original.jpg,93a58b7dbee9aa407b42428fce89c65d,321809,1536,2048,train
350555871,198847084,moth_plant,plant,Moth plant,Araujia sericifera,cc-by,"(c) Leon Perrie, some rights reserved (CC BY)",2024-01-28,75499,Araujia sericifera,https://inaturalist-open-data.s3.amazonaws.com/photos/350555871/original.jpeg,c5be0fa5d252dd6a0ba490938ee9f211,227717,2048,1536,train
36003958,23242262,moth_plant,plant,Moth plant,Araujia sericifera,cc-by,"(c) Callan Bird, some rights reserved (CC BY)",2019-04-25,75499,Araujia sericifera,https://inaturalist-open-data.s3.amazonaws.com/photos/36003958/original.jpg,a64460913b93e07a2f256f207cf8669c,161858,1536,2048,train
36004100,23242262,moth_plant,plant,Moth plant,Araujia sericifera,cc-by,"(c) Callan Bird, some rights reserved (CC BY)",2019-04-25,75499,Araujia sericifera,https://inaturalist-open-data.s3.amazonaws.com/photos/36004100/original.jpg,ee823d5c9a735649e44a2d7aa36997ff,116961,1536,2048,train
36004154,23242262,moth_plant,plant,Moth plant,Araujia sericifera,cc-by,"(c) Callan Bird, some rights reserved (CC BY)",2019-04-25,75499,Araujia sericifera,https://inaturalist-open-data.s3.amazonaws.com/photos/36004154/original.jpg,62ce1ac4f8c8ce4515760c48c4ec8edb,373857,1536,2048,train
370583142,209406669,moth_plant,plant,Moth plant,Araujia sericifera,cc-by,"(c) jsimons, some rights reserved (CC BY)",2024-04-26,75499,Araujia sericifera,https://inaturalist-open-data.s3.amazonaws.com/photos/370583142/original.jpg,f960cc1eae3321ba35c52da5b343571c,286259,1536,2048,train
370656174,209454604,moth_plant,plant,Moth plant,Araujia sericifera,cc-by,"(c) mcstanley, some rights reserved (CC BY)",2024-04-26,75499,Araujia sericifera,https://inaturalist-open-data.s3.amazonaws.com/photos/370656174/original.jpg,90a2fe14f8bdb8df0bc9401c1249ef20,470259,1536,2048,train
466452750,259805040,moth_plant,plant,Moth plant,Araujia sericifera,cc-by,"(c) Wesley Webb, some rights reserved (CC BY)",2025-01-28,75499,Araujia sericifera,https://inaturalist-open-data.s3.amazonaws.com/photos/466452750/original.jpeg,2bfa3f9df5f17e238ccbfed0227a3069,559845,2048,1153,train
577446502,319446306,moth_plant,plant,Moth plant,Araujia sericifera,cc-by,"(c) Keith S, some rights reserved (CC BY)",2025-10-08,75499,Araujia sericifera,https://inaturalist-open-data.s3.amazonaws.com/photos/577446502/original.jpg,162abcb690e9cf1f96f2d7f5de203011,705218,1536,2048,train
616144986,338773598,moth_plant,plant,Moth plant,Araujia sericifera,cc-by,"(c) Keith S, some rights reserved (CC BY)",2026-02-16,75499,Araujia sericifera,https://inaturalist-open-data.s3.amazonaws.com/photos/616144986/original.jpg,b8a4d5651b7d40b4a2746d854836c4f4,649420,1536,2048,train
63537481,40009992,moth_plant,plant,Moth plant,Araujia sericifera,cc-by,"(c) Jacqui Geux, some rights reserved (CC BY)",2020-03-15,75499,Araujia sericifera,https://inaturalist-open-data.s3.amazonaws.com/photos/63537481/original.jpeg,bf13dca5cac1bb97a4603532bfcdc0a7,269513,1600,1200,train
63537483,40009992,moth_plant,plant,Moth plant,Araujia sericifera,cc-by,"(c) Jacqui Geux, some rights reserved (CC BY)",2020-03-15,75499,Araujia sericifera,https://inaturalist-open-data.s3.amazonaws.com/photos/63537483/original.jpeg,4914116e10a54c4bf69e927f58e4d8bc,106468,1600,1200,train
63537488,40009992,moth_plant,plant,Moth plant,Araujia sericifera,cc-by,"(c) Jacqui Geux, some rights reserved (CC BY)",2020-03-15,75499,Araujia sericifera,https://inaturalist-open-data.s3.amazonaws.com/photos/63537488/original.jpeg,59c8df084da43798a03d1f8b2207e22d,166372,1600,1200,train
86516776,54373968,moth_plant,plant,Moth plant,Araujia sericifera,cc0,no rights reserved,2019-07-19,75499,Araujia sericifera,https://inaturalist-open-data.s3.amazonaws.com/photos/86516776/original.jpeg,faa8aad1b45a4748e9aac2eeec3f4e4c,426039,1806,2048,train
86516791,54373968,moth_plant,plant,Moth plant,Araujia sericifera,cc0,no rights reserved,2019-07-19,75499,Araujia sericifera,https://inaturalist-open-data.s3.amazonaws.com/photos/86516791/original.jpeg,b9d1f64374be3dffeb42f19fe4176f0e,377227,1536,2048,train
86516804,54373968,moth_plant,plant,Moth plant,Araujia sericifera,cc0,no rights reserved,2019-07-19,75499,Araujia sericifera,https://inaturalist-open-data.s3.amazonaws.com/photos/86516804/original.jpeg,ddfd45ae0ab33108c5b23a222e478e84,385947,1536,2048,train
86516849,54373968,moth_plant,plant,Moth plant,Araujia sericifera,cc0,no rights reserved,2019-07-19,75499,Araujia sericifera,https://inaturalist-open-data.s3.amazonaws.com/photos/86516849/original.jpeg,c030234db2cdfc6725c2562caa58cd11,339731,1536,2048,train
86516886,54373968,moth_plant,plant,Moth plant,Araujia sericifera,cc0,no rights reserved,2019-07-19,75499,Araujia sericifera,https://inaturalist-open-data.s3.amazonaws.com/photos/86516886/original.jpeg,370e4a0f803ff6b4eaf5a3a82ac070fa,327293,1536,2048,train
86516904,54373968,moth_plant,plant,Moth plant,Araujia sericifera,cc0,no rights reserved,2019-07-19,75499,Araujia sericifera,https://inaturalist-open-data.s3.amazonaws.com/photos/86516904/original.jpeg,07bab0b1cafd548e62d9dc008469169c,412897,2048,1536,train
86516936,54373968,moth_plant,plant,Moth plant,Araujia sericifera,cc0,no rights reserved,2019-07-19,75499,Araujia sericifera,https://inaturalist-open-data.s3.amazonaws.com/photos/86516936/original.jpeg,92c9207a051a2d91bac39295c52cb55f,309087,2048,1703,train
86516951,54373968,moth_plant,plant,Moth plant,Araujia sericifera,cc0,no rights reserved,2019-07-19,75499,Araujia sericifera,https://inaturalist-open-data.s3.amazonaws.com/photos/86516951/original.jpeg,a0955225fdf7f4c549e342890d5a6dd5,310686,1780,2048,train
86516956,54373968,moth_plant,plant,Moth plant,Araujia sericifera,cc0,no rights reserved,2019-07-19,75499,Araujia sericifera,https://inaturalist-open-data.s3.amazonaws.com/photos/86516956/original.jpeg,882fbcb1546437e0ffa940d08c20fdb4,338413,2048,1527,train
86516995,54373968,moth_plant,plant,Moth plant,Araujia sericifera,cc0,no rights reserved,2019-07-19,75499,Araujia sericifera,https://inaturalist-open-data.s3.amazonaws.com/photos/86516995/original.jpeg,9f048f026a963bd482e1b48d99718634,336030,2048,1536,train
1462191,1159928,nikau,plant,Nīkau,Rhopalostylis sapida,cc-by,"(c) Lisa Bennett, some rights reserved (CC BY)",2014-12-20,85274,Rhopalostylis sapida,https://inaturalist-open-data.s3.amazonaws.com/photos/1462191/original.JPG,1ac825a26a24199da3b93184185014cc,400639,1536,2048,train
1705747,1380400,nikau,plant,Nīkau,Rhopalostylis sapida,cc0,no rights reserved,2015-04-05,85274,Rhopalostylis sapida,https://inaturalist-open-data.s3.amazonaws.com/photos/1705747/original.jpg,37c41f57ba6cc4967ad828e8cc015761,1362245,2048,2012,train
18849549,12965851,nikau,plant,Nīkau,Rhopalostylis sapida,cc0,no rights reserved,1999-06-18,85274,Rhopalostylis sapida,https://inaturalist-open-data.s3.amazonaws.com/photos/18849549/original.jpg,c1ef6d701e3a15d1eb97fd5918234963,60149,640,480,train
190503814,112772872,nikau,plant,Nīkau,Rhopalostylis sapida,cc-by,"(c) Kate McAlpine, some rights reserved (CC BY)",2022-04-25,85274,Rhopalostylis sapida,https://inaturalist-open-data.s3.amazonaws.com/photos/190503814/original.jpeg,5f0d468e6c9b39f9d300e085310d82cc,872234,1536,2048,train
191486153,113324672,nikau,plant,Nīkau,Rhopalostylis sapida,cc-by,"(c) Emily Roberts, some rights reserved (CC BY)",2022-04-29,85274,Rhopalostylis sapida,https://inaturalist-open-data.s3.amazonaws.com/photos/191486153/original.jpg,2e16850f92560c328b88415b590f82a6,337337,1536,2048,train
1916510,1547146,nikau,plant,Nīkau,Rhopalostylis sapida,cc0,no rights reserved,2006-01-13,85274,Rhopalostylis sapida,https://inaturalist-open-data.s3.amazonaws.com/photos/1916510/original.jpg,d7e1f309838efc51336d1985a71b72c6,373160,709,1070,train
1916511,1547146,nikau,plant,Nīkau,Rhopalostylis sapida,cc0,no rights reserved,2006-01-13,85274,Rhopalostylis sapida,https://inaturalist-open-data.s3.amazonaws.com/photos/1916511/original.jpg,4c4dc2f7e76f5b0fe060e466c20a34e8,504966,709,945,train
1916512,1547146,nikau,plant,Nīkau,Rhopalostylis sapida,cc0,no rights reserved,2006-01-13,85274,Rhopalostylis sapida,https://inaturalist-open-data.s3.amazonaws.com/photos/1916512/original.jpg,14134093790382644ed72de326e432d1,528214,709,945,train
191916937,113603536,nikau,plant,Nīkau,Rhopalostylis sapida,cc0,no rights reserved,2022-04-30,85274,Rhopalostylis sapida,https://inaturalist-open-data.s3.amazonaws.com/photos/191916937/original.jpeg,d5b3f2908c5a4f7cf7c9b18c3bb74cb0,605651,1152,2048,train
20001055,13596152,nikau,plant,Nīkau,Rhopalostylis sapida,cc0,no rights reserved,2018-06-15,85274,Rhopalostylis sapida,https://inaturalist-open-data.s3.amazonaws.com/photos/20001055/original.jpeg,c5a1e435f5fd09d1a7ad078d9b95d34a,422874,1536,2048,train
226790228,133167266,nikau,plant,Nīkau,Rhopalostylis sapida,cc-by,"(c) Mike Bowie, some rights reserved (CC BY)",2022-09-01,85274,Rhopalostylis sapida,https://inaturalist-open-data.s3.amazonaws.com/photos/226790228/original.jpeg,a103a3e0ecb2315994bbc383874c43f9,884176,2048,1536,train
23837994,15934216,nikau,plant,Nīkau,Rhopalostylis sapida,cc0,no rights reserved,2018-08-22,85274,Rhopalostylis sapida,https://inaturalist-open-data.s3.amazonaws.com/photos/23837994/original.jpeg,3cb98d2f9b95c958f86dbe58d18849d5,396156,2048,1536,train
23838166,15934216,nikau,plant,Nīkau,Rhopalostylis sapida,cc0,no rights reserved,2018-08-22,85274,Rhopalostylis sapida,https://inaturalist-open-data.s3.amazonaws.com/photos/23838166/original.jpeg,1fb5749a64506aa0d68ee8e8558a5b4f,403062,1536,2048,train
2883333,2582376,nikau,plant,Nīkau,Rhopalostylis sapida,cc-by,"(c) Bruce Calvert, some rights reserved (CC BY)",2016-01-15,85274,Rhopalostylis sapida,https://inaturalist-open-data.s3.amazonaws.com/photos/2883333/original.jpg,ff469a5151e2e6b88618d8e28ca25a52,1194735,1529,2048,train
2883334,2582376,nikau,plant,Nīkau,Rhopalostylis sapida,cc-by,"(c) Bruce Calvert, some rights reserved (CC BY)",2016-01-15,85274,Rhopalostylis sapida,https://inaturalist-open-data.s3.amazonaws.com/photos/2883334/original.jpg,e597779894086eeb0bd5cd8f9ab6bceb,990417,1529,2048,train
30994322,20072524,nikau,plant,Nīkau,Rhopalostylis sapida,cc0,no rights reserved,2019-02-03,85274,Rhopalostylis sapida,https://inaturalist-open-data.s3.amazonaws.com/photos/30994322/original.jpeg,25eeb043a0063ef804336ce5af72e20d,313936,2048,1536,train
30994328,20072524,nikau,plant,Nīkau,Rhopalostylis sapida,cc0,no rights reserved,2019-02-03,85274,Rhopalostylis sapida,https://inaturalist-open-data.s3.amazonaws.com/photos/30994328/original.jpeg,ddf04ac3fbaffe5468ddfd21b2c9f061,227461,1536,2048,train
30994330,20072524,nikau,plant,Nīkau,Rhopalostylis sapida,cc0,no rights reserved,2019-02-03,85274,Rhopalostylis sapida,https://inaturalist-open-data.s3.amazonaws.com/photos/30994330/original.jpeg,7f91330ce956c27c505e34b60de73732,226683,1536,2048,train
30994338,20072524,nikau,plant,Nīkau,Rhopalostylis sapida,cc0,no rights reserved,2019-02-03,85274,Rhopalostylis sapida,https://inaturalist-open-data.s3.amazonaws.com/photos/30994338/original.jpeg,1e38ce5ab7eb7dc42eccdea561f9796d,208445,1536,2048,train
30994349,20072524,nikau,plant,Nīkau,Rhopalostylis sapida,cc0,no rights reserved,2019-02-03,85274,Rhopalostylis sapida,https://inaturalist-open-data.s3.amazonaws.com/photos/30994349/original.jpeg,3c1c78f93adf8a9d37ab61e044a031de,198691,1536,2048,train
30994361,20072524,nikau,plant,Nīkau,Rhopalostylis sapida,cc0,no rights reserved,2019-02-03,85274,Rhopalostylis sapida,https://inaturalist-open-data.s3.amazonaws.com/photos/30994361/original.jpeg,8c82cfdecd50cd18a001d8ab2fcc1047,172578,2048,1536,train
30994367,20072524,nikau,plant,Nīkau,Rhopalostylis sapida,cc0,no rights reserved,2019-02-03,85274,Rhopalostylis sapida,https://inaturalist-open-data.s3.amazonaws.com/photos/30994367/original.jpeg,d0699e4dded48c209c9b69fb02d70b80,268286,1536,2048,train
30994368,20072524,nikau,plant,Nīkau,Rhopalostylis sapida,cc0,no rights reserved,2019-02-03,85274,Rhopalostylis sapida,https://inaturalist-open-data.s3.amazonaws.com/photos/30994368/original.jpeg,4044b05f5bed3109eec6ac9b8ff5ca7a,266737,1536,2048,train
30994374,20072524,nikau,plant,Nīkau,Rhopalostylis sapida,cc0,no rights reserved,2019-02-03,85274,Rhopalostylis sapida,https://inaturalist-open-data.s3.amazonaws.com/photos/30994374/original.jpeg,b95a54efc9b6f461a8d237f884376131,204965,1536,2048,train
30994585,20072524,nikau,plant,Nīkau,Rhopalostylis sapida,cc0,no rights reserved,2019-02-03,85274,Rhopalostylis sapida,https://inaturalist-open-data.s3.amazonaws.com/photos/30994585/original.jpeg,7dfc466067843e7c7d977cbd16781746,379564,2048,1536,train
439104501,246029606,nikau,plant,Nīkau,Rhopalostylis sapida,cc-by,"(c) Saryu Mae 前 朝琉, some rights reserved (CC BY)",2024-09-23,85274,Rhopalostylis sapida,https://inaturalist-open-data.s3.amazonaws.com/photos/439104501/original.jpeg,0c90e05a1531388d855c3d0200ce8d84,137343,2048,1365,train
441612449,247278549,nikau,plant,Nīkau,Rhopalostylis sapida,cc0,no rights reserved,2024-07-23,85274,Rhopalostylis sapida,https://inaturalist-open-data.s3.amazonaws.com/photos/441612449/original.jpeg,ba83821d51d809f41b64864fdcd6d091,402133,1536,2048,train
441612458,247278549,nikau,plant,Nīkau,Rhopalostylis sapida,cc0,no rights reserved,2024-07-23,85274,Rhopalostylis sapida,https://inaturalist-open-data.s3.amazonaws.com/photos/441612458/original.jpeg,31eaef4a2fa0e6e1d124bcdf54784f8f,458868,1536,2048,train
441612462,247278549,nikau,plant,Nīkau,Rhopalostylis sapida,cc0,no rights reserved,2024-07-23,85274,Rhopalostylis sapida,https://inaturalist-open-data.s3.amazonaws.com/photos/441612462/original.jpeg,fbf3d96309ac10225b5455f5633f3b54,439245,1536,2048,train
451649355,252314500,nikau,plant,Nīkau,Rhopalostylis sapida,cc-by,"(c) Alice Shanks, some rights reserved (CC BY)",2024-11-19,85274,Rhopalostylis sapida,https://inaturalist-open-data.s3.amazonaws.com/photos/451649355/original.jpeg,7943e19ace6964f256c6335671211a78,629774,2048,1538,train
457638516,255372628,nikau,plant,Nīkau,Rhopalostylis sapida,cc0,no rights reserved,2024-12-17,85274,Rhopalostylis sapida,https://inaturalist-open-data.s3.amazonaws.com/photos/457638516/original.jpeg,c4d7a383150bec45d65af99ec210b911,436576,1536,2048,train
54831093,34810409,nikau,plant,Nīkau,Rhopalostylis sapida,cc0,no rights reserved,2019-07-21,85274,Rhopalostylis sapida,https://inaturalist-open-data.s3.amazonaws.com/photos/54831093/original.jpeg,d592901000e345fe88a72c882d34e7f3,374210,2048,1679,train
596813172,329264998,nikau,plant,Nīkau,Rhopalostylis sapida,cc-by,"(c) Archie, some rights reserved (CC BY)",2025-12-02,85274,Rhopalostylis sapida,https://inaturalist-open-data.s3.amazonaws.com/photos/596813172/original.jpg,23fd6ab4ffd8f0baf13d8187f0262bf2,796902,1536,2048,train
596813193,329264998,nikau,plant,Nīkau,Rhopalostylis sapida,cc-by,"(c) Archie, some rights reserved (CC BY)",2025-12-02,85274,Rhopalostylis sapida,https://inaturalist-open-data.s3.amazonaws.com/photos/596813193/original.jpg,d1eda15d944d3a716cfa9bc15d137f2c,872138,1536,2048,train
625571289,343420310,nikau,plant,Nīkau,Rhopalostylis sapida,cc0,no rights reserved,2026-03-17,85274,Rhopalostylis sapida,https://inaturalist-open-data.s3.amazonaws.com/photos/625571289/original.jpg,2c186632e9f7d1b3d8beccc6c5ee1fad,527941,1536,2048,train
64206886,40515622,nikau,plant,Nīkau,Rhopalostylis sapida,cc-by,"(c) Danielle, some rights reserved (CC BY)",2020-03-22,85274,Rhopalostylis sapida,https://inaturalist-open-data.s3.amazonaws.com/photos/64206886/original.jpg,0b0db1de2c7d6d2a863e7aa67331eef9,307565,1024,768,train
64206893,40515622,nikau,plant,Nīkau,Rhopalostylis sapida,cc-by,"(c) Danielle, some rights reserved (CC BY)",2020-03-22,85274,Rhopalostylis sapida,https://inaturalist-open-data.s3.amazonaws.com/photos/64206893/original.jpg,82cca10b7fe530fb60590923eb7e328f,262639,768,1024,train
75320757,47490605,nikau,plant,Nīkau,Rhopalostylis sapida,cc0,no rights reserved,2020-01-18,85274,Rhopalostylis sapida,https://inaturalist-open-data.s3.amazonaws.com/photos/75320757/original.jpeg,16a4e2b3b517528c74a88eddc21b24c0,571068,2048,1368,train
75321447,47490605,nikau,plant,Nīkau,Rhopalostylis sapida,cc0,no rights reserved,2020-01-18,85274,Rhopalostylis sapida,https://inaturalist-open-data.s3.amazonaws.com/photos/75321447/original.jpeg,cc2d00f7154664701cf97516cda68a47,839189,2048,1913,train
75321587,47490605,nikau,plant,Nīkau,Rhopalostylis sapida,cc0,no rights reserved,2020-01-18,85274,Rhopalostylis sapida,https://inaturalist-open-data.s3.amazonaws.com/photos/75321587/original.jpeg,054bb628f48b17866889f954117f405a,691837,2048,1368,train
75322548,47490605,nikau,plant,Nīkau,Rhopalostylis sapida,cc0,no rights reserved,2020-01-18,85274,Rhopalostylis sapida,https://inaturalist-open-data.s3.amazonaws.com/photos/75322548/original.jpeg,55121fd8103546ecc7a83ce218a514b0,549080,2048,1536,train
167841357,100552854,piwakawaka,bird,Pīwakawaka,Rhipidura fuliginosa,cc0,no rights reserved,2019-04-26,413533,Rhipidura fuliginosa fuliginosa,https://inaturalist-open-data.s3.amazonaws.com/photos/167841357/original.jpeg,050d95f37428304ec7319fb5a3535902,205333,2048,1536,train
24166457,16126399,piwakawaka,bird,Pīwakawaka,Rhipidura fuliginosa,cc-by,"(c) BIHNZ, some rights reserved (CC BY)",2018-08-27,413533,Rhipidura fuliginosa fuliginosa,https://inaturalist-open-data.s3.amazonaws.com/photos/24166457/original.jpg,d01e6e378130a8676475d4c82ded6fa4,125253,2048,1371,train
243626060,142129090,piwakawaka,bird,Pīwakawaka,Rhipidura fuliginosa,cc-by,"(c) Michael Berardozzi, some rights reserved (CC BY)",2018-12-09,413543,Rhipidura fuliginosa placabilis,https://inaturalist-open-data.s3.amazonaws.com/photos/243626060/original.jpg,ce88259bc1fdd76787f6c64fe93231a5,153065,1894,2048,train
278017680,160869132,piwakawaka,bird,Pīwakawaka,Rhipidura fuliginosa,cc-by,"(c) Saryu Mae 前 朝琉, some rights reserved (CC BY)",2023-04-28,413543,Rhipidura fuliginosa placabilis,https://inaturalist-open-data.s3.amazonaws.com/photos/278017680/original.jpeg,7437f83d5946fc6844fbdd37828859e1,828868,2048,1536,train
278017682,160869132,piwakawaka,bird,Pīwakawaka,Rhipidura fuliginosa,cc-by,"(c) Saryu Mae 前 朝琉, some rights reserved (CC BY)",2023-04-28,413543,Rhipidura fuliginosa placabilis,https://inaturalist-open-data.s3.amazonaws.com/photos/278017682/original.jpeg,28f768203791571e30a1d586be86d034,438497,2048,1536,train
30858254,19993834,piwakawaka,bird,Pīwakawaka,Rhipidura fuliginosa,cc-by,"(c) Sebastian Doak, some rights reserved (CC BY)",2019-01-31,413533,Rhipidura fuliginosa fuliginosa,https://inaturalist-open-data.s3.amazonaws.com/photos/30858254/original.jpg,8ae3f87f8c139fadb8d02bcc7c5df578,312405,1080,810,train
341428896,194265438,piwakawaka,bird,Pīwakawaka,Rhipidura fuliginosa,cc-by,"(c) William Harland, some rights reserved (CC BY)",2023-12-17,413533,Rhipidura fuliginosa fuliginosa,https://inaturalist-open-data.s3.amazonaws.com/photos/341428896/original.jpeg,5ffe8354801fcbff203e784d388b2d46,452348,2048,1506,train
341428927,194265438,piwakawaka,bird,Pīwakawaka,Rhipidura fuliginosa,cc-by,"(c) William Harland, some rights reserved (CC BY)",2023-12-17,413533,Rhipidura fuliginosa fuliginosa,https://inaturalist-open-data.s3.amazonaws.com/photos/341428927/original.jpeg,be89075c60947f8f95b4a8128d62d25a,389778,2048,1314,train
35165423,22693488,piwakawaka,bird,Pīwakawaka,Rhipidura fuliginosa,cc-by,"(c) Jenny Saito, some rights reserved (CC BY)",2019-04-18,413533,Rhipidura fuliginosa fuliginosa,https://inaturalist-open-data.s3.amazonaws.com/photos/35165423/original.jpeg,7ba9f3e08a6438e628fddf25a9e536e9,767545,1536,2048,train
35165430,22693488,piwakawaka,bird,Pīwakawaka,Rhipidura fuliginosa,cc-by,"(c) Jenny Saito, some rights reserved (CC BY)",2019-04-18,413533,Rhipidura fuliginosa fuliginosa,https://inaturalist-open-data.s3.amazonaws.com/photos/35165430/original.jpeg,298b5cb92451ba7decdbf5053d3a7f5d,580432,1536,2048,train
35165436,22693488,piwakawaka,bird,Pīwakawaka,Rhipidura fuliginosa,cc-by,"(c) Jenny Saito, some rights reserved (CC BY)",2019-04-18,413533,Rhipidura fuliginosa fuliginosa,https://inaturalist-open-data.s3.amazonaws.com/photos/35165436/original.jpeg,a88ca723ff820c4dc8ba8e58a8d9da85,790636,1536,2048,train
38761984,25048772,piwakawaka,bird,Pīwakawaka,Rhipidura fuliginosa,cc-by,"(c) M Rutherford, some rights reserved (CC BY)",2019-05-13,413543,Rhipidura fuliginosa placabilis,https://inaturalist-open-data.s3.amazonaws.com/photos/38761984/original.jpg,4d93dc9d00591442dadda4f04e60e77e,384637,2048,1365,train
400357960,225810926,piwakawaka,bird,Pīwakawaka,Rhipidura fuliginosa,cc-by,"(c) Saryu Mae 前 朝琉, some rights reserved (CC BY)",2024-02-09,413534,Rhipidura fuliginosa penita,https://inaturalist-open-data.s3.amazonaws.com/photos/400357960/original.jpg,1eec06e8a1cb859136b205a5d89a8c22,425610,2048,1365,train
400358016,225810926,piwakawaka,bird,Pīwakawaka,Rhipidura fuliginosa,cc-by,"(c) Saryu Mae 前 朝琉, some rights reserved (CC BY)",2024-02-09,413534,Rhipidura fuliginosa penita,https://inaturalist-open-data.s3.amazonaws.com/photos/400358016/original.jpg,cef14129e8a308ca9f98a63567a51a2a,359728,2048,1365,train
400358017,225810926,piwakawaka,bird,Pīwakawaka,Rhipidura fuliginosa,cc-by,"(c) Saryu Mae 前 朝琉, some rights reserved (CC BY)",2024-02-09,413534,Rhipidura fuliginosa penita,https://inaturalist-open-data.s3.amazonaws.com/photos/400358017/original.jpg,8df6959678416039d3668d0dce35ac17,368770,2048,1365,train
400358044,225810926,piwakawaka,bird,Pīwakawaka,Rhipidura fuliginosa,cc-by,"(c) Saryu Mae 前 朝琉, some rights reserved (CC BY)",2024-02-09,413534,Rhipidura fuliginosa penita,https://inaturalist-open-data.s3.amazonaws.com/photos/400358044/original.jpg,f2ff18d89cb43eb583f65194685d1c08,387128,2048,1366,train
400358059,225810926,piwakawaka,bird,Pīwakawaka,Rhipidura fuliginosa,cc-by,"(c) Saryu Mae 前 朝琉, some rights reserved (CC BY)",2024-02-09,413534,Rhipidura fuliginosa penita,https://inaturalist-open-data.s3.amazonaws.com/photos/400358059/original.jpg,caa0159a48ffcf2b2c9b213fca18a74c,331795,2048,1366,train
428405436,240459270,piwakawaka,bird,Pīwakawaka,Rhipidura fuliginosa,cc-by,"(c) Saryu Mae 前 朝琉, some rights reserved (CC BY)",2024-02-11,413534,Rhipidura fuliginosa penita,https://inaturalist-open-data.s3.amazonaws.com/photos/428405436/original.jpg,52f02fb9bd600202eb1158e19d21dc86,349175,2048,1365,train
428405623,240459270,piwakawaka,bird,Pīwakawaka,Rhipidura fuliginosa,cc-by,"(c) Saryu Mae 前 朝琉, some rights reserved (CC BY)",2024-02-11,413534,Rhipidura fuliginosa penita,https://inaturalist-open-data.s3.amazonaws.com/photos/428405623/original.jpg,3022695ac025f445a8787c01dd672fde,346155,2048,1365,train
463717267,258457555,piwakawaka,bird,Pīwakawaka,Rhipidura fuliginosa,cc-by,"(c) Saryu Mae 前 朝琉, some rights reserved (CC BY)",2024-02-15,413534,Rhipidura fuliginosa penita,https://inaturalist-open-data.s3.amazonaws.com/photos/463717267/original.jpeg,1464324143e0801aa971904695883028,177951,1365,2048,train
463717313,258457555,piwakawaka,bird,Pīwakawaka,Rhipidura fuliginosa,cc-by,"(c) Saryu Mae 前 朝琉, some rights reserved (CC BY)",2024-02-15,413534,Rhipidura fuliginosa penita,https://inaturalist-open-data.s3.amazonaws.com/photos/463717313/original.jpeg,1a92d961d821ed77de1dd533a7fcfd0a,189813,2048,1365,train
463718218,258457555,piwakawaka,bird,Pīwakawaka,Rhipidura fuliginosa,cc-by,"(c) Saryu Mae 前 朝琉, some rights reserved (CC BY)",2024-02-15,413534,Rhipidura fuliginosa penita,https://inaturalist-open-data.s3.amazonaws.com/photos/463718218/original.jpg,a0722cb63dd3d9a737e0086ef1c71b50,530979,2048,1365,train
480635417,267450447,piwakawaka,bird,Pīwakawaka,Rhipidura fuliginosa,cc-by,"(c) William Harland, some rights reserved (CC BY)",2025-03-22,413533,Rhipidura fuliginosa fuliginosa,https://inaturalist-open-data.s3.amazonaws.com/photos/480635417/original.jpeg,c2dbf9529a4243a2c615854bda58b0af,63323,2048,1281,train
480635419,267450447,piwakawaka,bird,Pīwakawaka,Rhipidura fuliginosa,cc-by,"(c) William Harland, some rights reserved (CC BY)",2025-03-22,413533,Rhipidura fuliginosa fuliginosa,https://inaturalist-open-data.s3.amazonaws.com/photos/480635419/original.jpeg,27df2f33926d2b177c42a6ed4cbb6c7f,67916,2048,1372,train
488188524,271399434,piwakawaka,bird,Pīwakawaka,Rhipidura fuliginosa,cc-by,"(c) Jon Sullivan, some rights reserved (CC BY)",2025-04-19,413533,Rhipidura fuliginosa fuliginosa,https://inaturalist-open-data.s3.amazonaws.com/photos/488188524/original.jpg,7d1c36fd79e62a148d2a8d9372ad799f,571810,2048,1365,train
493359226,274426514,piwakawaka,bird,Pīwakawaka,Rhipidura fuliginosa,cc-by,"(c) Halema J, some rights reserved (CC BY)",2025-04-27,244276,Rhipidura fuliginosa,https://inaturalist-open-data.s3.amazonaws.com/photos/493359226/original.jpeg,e07db17fd9b3774a631b9c4c8051b697,318816,2048,1365,train
493359282,274426514,piwakawaka,bird,Pīwakawaka,Rhipidura fuliginosa,cc-by,"(c) Halema J, some rights reserved (CC BY)",2025-04-27,244276,Rhipidura fuliginosa,https://inaturalist-open-data.s3.amazonaws.com/photos/493359282/original.jpeg,686b262c8a7f0a02d71518691b01ce4a,365679,2048,1365,train
52625951,33504554,piwakawaka,bird,Pīwakawaka,Rhipidura fuliginosa,cc-by,"(c) Jacqui Geux, some rights reserved (CC BY)",2019-09-26,413543,Rhipidura fuliginosa placabilis,https://inaturalist-open-data.s3.amazonaws.com/photos/52625951/original.jpeg,6c135ed00c87c843e692c7c951130b2a,165701,1600,1199,train
52625961,33504554,piwakawaka,bird,Pīwakawaka,Rhipidura fuliginosa,cc-by,"(c) Jacqui Geux, some rights reserved (CC BY)",2019-09-26,413543,Rhipidura fuliginosa placabilis,https://inaturalist-open-data.s3.amazonaws.com/photos/52625961/original.jpeg,507a8c97f1322a8d1c904122c0d1ae0c,150182,1600,1200,train
52625971,33504554,piwakawaka,bird,Pīwakawaka,Rhipidura fuliginosa,cc-by,"(c) Jacqui Geux, some rights reserved (CC BY)",2019-09-26,413543,Rhipidura fuliginosa placabilis,https://inaturalist-open-data.s3.amazonaws.com/photos/52625971/original.jpeg,d8a6a25ab7e324aeea02d4cdedb809fd,335593,1600,1200,train
52626174,33504554,piwakawaka,bird,Pīwakawaka,Rhipidura fuliginosa,cc-by,"(c) Jacqui Geux, some rights reserved (CC BY)",2019-09-26,413543,Rhipidura fuliginosa placabilis,https://inaturalist-open-data.s3.amazonaws.com/photos/52626174/original.jpeg,c3457a334a9b80b540b209d3a556e944,303535,1600,1200,train
584256348,322922392,piwakawaka,bird,Pīwakawaka,Rhipidura fuliginosa,cc-by,"(c) Damon H, some rights reserved (CC BY)",2025-10-25,413543,Rhipidura fuliginosa placabilis,https://inaturalist-open-data.s3.amazonaws.com/photos/584256348/original.jpg,0a49e9859b798324186ff2a44c151e72,920648,2048,1536,train
64462180,40665972,piwakawaka,bird,Pīwakawaka,Rhipidura fuliginosa,cc0,no rights reserved,2020-03-17,413543,Rhipidura fuliginosa placabilis,https://inaturalist-open-data.s3.amazonaws.com/photos/64462180/original.jpg,7f6658ecb408b55f6fd20ed7684da9e1,561545,2048,1536,train
653865678,358432031,piwakawaka,bird,Pīwakawaka,Rhipidura fuliginosa,cc-by,"(c) Beaulah, some rights reserved (CC BY)",2026-05-05,413533,Rhipidura fuliginosa fuliginosa,https://inaturalist-open-data.s3.amazonaws.com/photos/653865678/original.jpg,5f57ced1850b73c5e528497260827133,701027,1080,827,train
685855288,375189573,piwakawaka,bird,Pīwakawaka,Rhipidura fuliginosa,cc0,no rights reserved,2026-06-25,244276,Rhipidura fuliginosa,https://inaturalist-open-data.s3.amazonaws.com/photos/685855288/original.jpg,645ed483b5e048adf22bae1cb201086f,465309,1536,2048,train
71280815,44961389,piwakawaka,bird,Pīwakawaka,Rhipidura fuliginosa,cc-by,"(c) Roy Lowry, some rights reserved (CC BY)",2016-11-19,413533,Rhipidura fuliginosa fuliginosa,https://inaturalist-open-data.s3.amazonaws.com/photos/71280815/original.jpg,a1ccdd39837c803bc9985abb86d68ec8,374530,2048,1365,train
721483053,393612898,piwakawaka,bird,Pīwakawaka,Rhipidura fuliginosa,cc-by,"(c) Jon Sullivan, some rights reserved (CC BY)",2026-08-12,413533,Rhipidura fuliginosa fuliginosa,https://inaturalist-open-data.s3.amazonaws.com/photos/721483053/original.jpg,56aa2a201c0866b2434395b4a8859c84,478445,2048,1365,train
102129940,63617027,pohutukawa,plant,Pōhutukawa,Metrosideros excelsa,cc-by,"(c) wild_wind, some rights reserved (CC BY)",2020-01-03,122905,Metrosideros excelsa,https://inaturalist-open-data.s3.amazonaws.com/photos/102129940/original.jpg,e69c5e57550a20303a0960399bc52237,233515,2048,2048,train
102565090,63861063,pohutukawa,plant,Pōhutukawa,Metrosideros excelsa,cc-by,"(c) wild_wind, some rights reserved (CC BY)",2020-10-31,122905,Metrosideros excelsa,https://inaturalist-open-data.s3.amazonaws.com/photos/102565090/original.jpeg,4bf8eabcecd78b7ffa2276347f4535d6,180404,2048,2048,train
102565098,63861063,pohutukawa,plant,Pōhutukawa,Metrosideros excelsa,cc-by,"(c) wild_wind, some rights reserved (CC BY)",2020-10-31,122905,Metrosideros excelsa,https://inaturalist-open-data.s3.amazonaws.com/photos/102565098/original.jpeg,3eeef5cd432dab5e24b6dfa9ab55d61c,165303,2048,2048,train
102565107,63861063,pohutukawa,plant,Pōhutukawa,Metrosideros excelsa,cc-by,"(c) wild_wind, some rights reserved (CC BY)",2020-10-31,122905,Metrosideros excelsa,https://inaturalist-open-data.s3.amazonaws.com/photos/102565107/original.jpeg,57ea9afbe1320c2fccc3d300a2d30fac,238468,2048,2048,train
102565116,63861063,pohutukawa,plant,Pōhutukawa,Metrosideros excelsa,cc-by,"(c) wild_wind, some rights reserved (CC BY)",2020-10-31,122905,Metrosideros excelsa,https://inaturalist-open-data.s3.amazonaws.com/photos/102565116/original.jpeg,bef707adc38edc8a135fd88ecca02fa9,253213,2048,2048,train
102565126,63861063,pohutukawa,plant,Pōhutukawa,Metrosideros excelsa,cc-by,"(c) wild_wind, some rights reserved (CC BY)",2020-10-31,122905,Metrosideros excelsa,https://inaturalist-open-data.s3.amazonaws.com/photos/102565126/original.jpeg,34196eb1fc5e7c64ab0c929fe593ef14,182131,2048,2048,train
102829930,64010500,pohutukawa,plant,Pōhutukawa,Metrosideros excelsa,cc-by,"(c) wild_wind, some rights reserved (CC BY)",2020-11-02,122905,Metrosideros excelsa,https://inaturalist-open-data.s3.amazonaws.com/photos/102829930/original.jpeg,0812f5940eede520964e53358903880e,298569,2048,2048,train
102829943,64010500,pohutukawa,plant,Pōhutukawa,Metrosideros excelsa,cc-by,"(c) wild_wind, some rights reserved (CC BY)",2020-11-02,122905,Metrosideros excelsa,https://inaturalist-open-data.s3.amazonaws.com/photos/102829943/original.jpeg,3a2aa56f20ebda5a5e5ac7659d9b0b77,236073,2048,2048,train
104861024,65176794,pohutukawa,plant,Pōhutukawa,Metrosideros excelsa,cc-by,"(c) wild_wind, some rights reserved (CC BY)",2020-11-19,122905,Metrosideros excelsa,https://inaturalist-open-data.s3.amazonaws.com/photos/104861024/original.jpg,dde91ad5bd4ee0eed1fbf119d0748ce0,493081,1536,2048,train
104861030,65176794,pohutukawa,plant,Pōhutukawa,Metrosideros excelsa,cc-by,"(c) wild_wind, some rights reserved (CC BY)",2020-11-19,122905,Metrosideros excelsa,https://inaturalist-open-data.s3.amazonaws.com/photos/104861030/original.jpg,36cbcc045726c3946745f572e1d8d0cf,493468,1536,2048,train
104865817,65176924,pohutukawa,plant,Pōhutukawa,Metrosideros excelsa,cc-by,"(c) wild_wind, some rights reserved (CC BY)",2020-11-19,122905,Metrosideros excelsa,https://inaturalist-open-data.s3.amazonaws.com/photos/104865817/original.jpg,1b75d3c0b306d17dd588d52cbeeca2ae,525675,1536,2048,train
104865825,65176924,pohutukawa,plant,Pōhutukawa,Metrosideros excelsa,cc-by,"(c) wild_wind, some rights reserved (CC BY)",2020-11-19,122905,Metrosideros excelsa,https://inaturalist-open-data.s3.amazonaws.com/photos/104865825/original.jpg,5568b11e0cb2fea6fd542e9e10f1144a,518938,1536,2048,train
1226415,972281,pohutukawa,plant,Pōhutukawa,Metrosideros excelsa,cc-by,"(c) Alice Shanks, some rights reserved (CC BY)",2013-09-21,122905,Metrosideros excelsa,https://inaturalist-open-data.s3.amazonaws.com/photos/1226415/original.,86434e7133672ad2c4ed8e75d29bcf42,217037,1508,2048,train
175107613,104514817,pohutukawa,plant,Pōhutukawa,Metrosideros excelsa,cc-by,"(c) Saryu Mae 前 朝琉, some rights reserved (CC BY)",2022-01-06,122905,Metrosideros excelsa,https://inaturalist-open-data.s3.amazonaws.com/photos/175107613/original.jpeg,a6b1acaeb7b623be7dde89320198d768,236594,2048,1536,train
175107691,104514817,pohutukawa,plant,Pōhutukawa,Metrosideros excelsa,cc-by,"(c) Saryu Mae 前 朝琉, some rights reserved (CC BY)",2022-01-06,122905,Metrosideros excelsa,https://inaturalist-open-data.s3.amazonaws.com/photos/175107691/original.jpeg,dca1b917a40d741f38a66fb46e2f04e4,435133,2048,1536,train
175108191,104514817,pohutukawa,plant,Pōhutukawa,Metrosideros excelsa,cc-by,"(c) Saryu Mae 前 朝琉, some rights reserved (CC BY)",2022-01-06,122905,Metrosideros excelsa,https://inaturalist-open-data.s3.amazonaws.com/photos/175108191/original.jpeg,ae9a84f0d6af87bca54a04ac26ebb0b2,232047,2048,1536,train
175936080,104929781,pohutukawa,plant,Pōhutukawa,Metrosideros excelsa,cc-by,"(c) Joe Dillon, some rights reserved (CC BY)",2022-01-07,122905,Metrosideros excelsa,https://inaturalist-open-data.s3.amazonaws.com/photos/175936080/original.jpeg,647b4e7965e0734eff2a6717b8eb6e31,711786,2048,1365,train
365317282,206581950,pohutukawa,plant,Pōhutukawa,Metrosideros excelsa,cc-by,"(c) Genevieve Early, some rights reserved (CC BY)",2024-04-11,122905,Metrosideros excelsa,https://inaturalist-open-data.s3.amazonaws.com/photos/365317282/original.jpeg,1d98bd598b8a581cf48e84bf5c88ebdf,831260,1536,2048,train
393480285,222149035,pohutukawa,plant,Pōhutukawa,Metrosideros excelsa,cc-by,"(c) Halema J, some rights reserved (CC BY)",2024-05-30,122905,Metrosideros excelsa,https://inaturalist-open-data.s3.amazonaws.com/photos/393480285/original.jpeg,23852ec19c2ab4705eaca4534d5834c3,609927,2048,1152,train
464028070,258608143,pohutukawa,plant,Pōhutukawa,Metrosideros excelsa,cc-by,"(c) Richard Littauer, some rights reserved (CC BY)",2024-11-28,122905,Metrosideros excelsa,https://inaturalist-open-data.s3.amazonaws.com/photos/464028070/original.jpg,0f89e522dde9b5abcab964e9fa3a29bf,988716,2000,1333,train
473851251,263737545,pohutukawa,plant,Pōhutukawa,Metrosideros excelsa,cc-by,"(c) Ian Adams, some rights reserved (CC BY)",2025-03-03,122905,Metrosideros excelsa,https://inaturalist-open-data.s3.amazonaws.com/photos/473851251/original.jpeg,6b4c24e8184b073812d5b97b955f895b,741315,2048,1536,train
473851261,263737545,pohutukawa,plant,Pōhutukawa,Metrosideros excelsa,cc-by,"(c) Ian Adams, some rights reserved (CC BY)",2025-03-03,122905,Metrosideros excelsa,https://inaturalist-open-data.s3.amazonaws.com/photos/473851261/original.jpeg,d6a6abec1a5737ed03ab38c6981bce28,517828,1536,2048,train
473851271,263737545,pohutukawa,plant,Pōhutukawa,Metrosideros excelsa,cc-by,"(c) Ian Adams, some rights reserved (CC BY)",2025-03-03,122905,Metrosideros excelsa,https://inaturalist-open-data.s3.amazonaws.com/photos/473851271/original.jpeg,c47529cdb8524ca465a1c6bcd02be8d3,551068,1536,2048,train
473851277,263737545,pohutukawa,plant,Pōhutukawa,Metrosideros excelsa,cc-by,"(c) Ian Adams, some rights reserved (CC BY)",2025-03-03,122905,Metrosideros excelsa,https://inaturalist-open-data.s3.amazonaws.com/photos/473851277/original.jpeg,1c81d05423c7562c8b189a362b319887,736659,2048,1335,train
494895910,275400785,pohutukawa,plant,Pōhutukawa,Metrosideros excelsa,cc-by,"(c) boytouchgrass, some rights reserved (CC BY)",2025-04-28,122905,Metrosideros excelsa,https://inaturalist-open-data.s3.amazonaws.com/photos/494895910/original.jpg,0fbc7f7b1f8248c1dcf3affd7a25268d,1127409,1536,2048,train
514943294,286437045,pohutukawa,plant,Pōhutukawa,Metrosideros excelsa,cc-by,"(c) Michael Keith, some rights reserved (CC BY)",2025-06-03,122905,Metrosideros excelsa,https://inaturalist-open-data.s3.amazonaws.com/photos/514943294/original.jpg,9eb795eda5e5f14ecdd0a1e0e867e4a0,1553825,1536,2048,train
514943299,286437045,pohutukawa,plant,Pōhutukawa,Metrosideros excelsa,cc-by,"(c) Michael Keith, some rights reserved (CC BY)",2025-06-03,122905,Metrosideros excelsa,https://inaturalist-open-data.s3.amazonaws.com/photos/514943299/original.jpg,3dc53a1bdd5f7f9a1ead0825a4c9f869,1347123,1536,2048,train
54633813,34699092,pohutukawa,plant,Pōhutukawa,Metrosideros excelsa,cc-by,"(c) Karen Eichholz, some rights reserved (CC BY)",2009-12-17,122905,Metrosideros excelsa,https://inaturalist-open-data.s3.amazonaws.com/photos/54633813/original.jpeg,d92cbc9e9f48788b8864cda5ff7f3ddb,322060,800,602,train
54633821,34699092,pohutukawa,plant,Pōhutukawa,Metrosideros excelsa,cc-by,"(c) Karen Eichholz, some rights reserved (CC BY)",2009-12-17,122905,Metrosideros excelsa,https://inaturalist-open-data.s3.amazonaws.com/photos/54633821/original.jpeg,a6b93a8066d39cfda1f0c68651f4668a,282697,800,602,train
54633832,34699092,pohutukawa,plant,Pōhutukawa,Metrosideros excelsa,cc-by,"(c) Karen Eichholz, some rights reserved (CC BY)",2009-12-17,122905,Metrosideros excelsa,https://inaturalist-open-data.s3.amazonaws.com/photos/54633832/original.jpeg,a4641c9aa61065eef451fc4de23290d5,248519,800,602,train
5784578,4755057,pohutukawa,plant,Pōhutukawa,Metrosideros excelsa,cc0,no rights reserved,2016-12-10,1452937,Metrosideros × subtomentosa,https://inaturalist-open-data.s3.amazonaws.com/photos/5784578/original.jpg,7d1b6caa2278fe98f0f7a8c3e6503d52,420598,2048,1557,train
5784620,4755073,pohutukawa,plant,Pōhutukawa,Metrosideros excelsa,cc0,no rights reserved,2016-12-10,122905,Metrosideros excelsa,https://inaturalist-open-data.s3.amazonaws.com/photos/5784620/original.jpg,adaec0aaadbeaf0ab82c416512e9d297,399058,1536,2048,train
58133601,36744965,pohutukawa,plant,Pōhutukawa,Metrosideros excelsa,cc-by,"(c) Leon Perrie, some rights reserved (CC BY)",2019-12-18,122905,Metrosideros excelsa,https://inaturalist-open-data.s3.amazonaws.com/photos/58133601/original.jpeg,7fff2830f9ddd3591a2caa758e3d657d,499512,2048,1536,train
58133610,36744965,pohutukawa,plant,Pōhutukawa,Metrosideros excelsa,cc-by,"(c) Leon Perrie, some rights reserved (CC BY)",2019-12-18,122905,Metrosideros excelsa,https://inaturalist-open-data.s3.amazonaws.com/photos/58133610/original.jpeg,cf8349165c6cbb394ae519b7d5297447,519957,2048,1536,train
582444744,322009734,pohutukawa,plant,Pōhutukawa,Metrosideros excelsa,cc-by,"(c) catchwords, some rights reserved (CC BY)",2025-09-22,122905,Metrosideros excelsa,https://inaturalist-open-data.s3.amazonaws.com/photos/582444744/original.jpg,2885b5325f16c5243f4394a4ebb60cee,364789,1536,2048,train
586166365,323909816,pohutukawa,plant,Pōhutukawa,Metrosideros excelsa,cc-by,"(c) Martin Kalfatovic, some rights reserved (CC BY)",2025-10-29,122905,Metrosideros excelsa,https://inaturalist-open-data.s3.amazonaws.com/photos/586166365/original.jpg,d6048237e7fbf7f0be7e75d083ed6ec7,276309,1542,2048,train
649987795,356422907,pohutukawa,plant,Pōhutukawa,Metrosideros excelsa,cc-by,"(c) Melanie Newfield, some rights reserved (CC BY)",2026-04-24,122905,Metrosideros excelsa,https://inaturalist-open-data.s3.amazonaws.com/photos/649987795/original.jpg,766a25895ba96e56dc620022d67475d9,362091,1536,2048,train
69477335,43808005,pohutukawa,plant,Pōhutukawa,Metrosideros excelsa,cc-by,"(c) wild_wind, some rights reserved (CC BY)",2020-04-27,122905,Metrosideros excelsa,https://inaturalist-open-data.s3.amazonaws.com/photos/69477335/original.jpeg,743f977dffb26169022d595bdb7974dc,305109,2048,1834,train
69480118,43808005,pohutukawa,plant,Pōhutukawa,Metrosideros excelsa,cc-by,"(c) wild_wind, some rights reserved (CC BY)",2020-04-27,122905,Metrosideros excelsa,https://inaturalist-open-data.s3.amazonaws.com/photos/69480118/original.jpeg,bb5ebc000b13f3b4b775873588bb290c,529749,2048,2029,train
69480123,43808005,pohutukawa,plant,Pōhutukawa,Metrosideros excelsa,cc-by,"(c) wild_wind, some rights reserved (CC BY)",2020-04-27,122905,Metrosideros excelsa,https://inaturalist-open-data.s3.amazonaws.com/photos/69480123/original.jpeg,d0035abed43106b776c6807c362c9949,339955,2048,1938,train
69480275,43808005,pohutukawa,plant,Pōhutukawa,Metrosideros excelsa,cc-by,"(c) wild_wind, some rights reserved (CC BY)",2020-04-27,122905,Metrosideros excelsa,https://inaturalist-open-data.s3.amazonaws.com/photos/69480275/original.jpeg,2da11f26978eb5bd7d221f60264d39c9,429357,2048,1963,train
70300157,44341557,pohutukawa,plant,Pōhutukawa,Metrosideros excelsa,cc-by,"(c) wild_wind, some rights reserved (CC BY)",2020-04-30,122905,Metrosideros excelsa,https://inaturalist-open-data.s3.amazonaws.com/photos/70300157/original.jpeg,46121bfa8bf5301d00e73c701820ff97,328246,2048,2048,train
72351635,45627366,pohutukawa,plant,Pōhutukawa,Metrosideros excelsa,cc-by,"(c) wild_wind, some rights reserved (CC BY)",2020-05-11,122905,Metrosideros excelsa,https://inaturalist-open-data.s3.amazonaws.com/photos/72351635/original.jpeg,4f1098fe959e12da01aac3fe2e36d328,291459,2048,1925,train
72358656,45627366,pohutukawa,plant,Pōhutukawa,Metrosideros excelsa,cc-by,"(c) wild_wind, some rights reserved (CC BY)",2020-05-11,122905,Metrosideros excelsa,https://inaturalist-open-data.s3.amazonaws.com/photos/72358656/original.jpeg,a91034453adeeb254d12b712bf4b4354,240912,2048,1976,train
72358714,45627366,pohutukawa,plant,Pōhutukawa,Metrosideros excelsa,cc-by,"(c) wild_wind, some rights reserved (CC BY)",2020-05-11,122905,Metrosideros excelsa,https://inaturalist-open-data.s3.amazonaws.com/photos/72358714/original.jpeg,b5937a85cba94b791c18c106457ba76a,278573,1786,1713,train
102682118,63926280,silver_fern,plant,Silver fern,Cyathea dealbata,cc-by,"(c) Jacqui Geux, some rights reserved (CC BY)",2020-10-31,131669,Cyathea dealbata,https://inaturalist-open-data.s3.amazonaws.com/photos/102682118/original.jpeg,8d424a381e7cc3155afe957799ad2bfa,260506,1600,1067,train
102682132,63926280,silver_fern,plant,Silver fern,Cyathea dealbata,cc-by,"(c) Jacqui Geux, some rights reserved (CC BY)",2020-10-31,131669,Cyathea dealbata,https://inaturalist-open-data.s3.amazonaws.com/photos/102682132/original.jpeg,f0d83d9a871177f5dd9bc8e9ac51ad3b,297500,1600,1067,train
107193300,66487962,silver_fern,plant,Silver fern,Cyathea dealbata,cc-by,"(c) Jacqui Geux, some rights reserved (CC BY)",2020-12-12,131669,Cyathea dealbata,https://inaturalist-open-data.s3.amazonaws.com/photos/107193300/original.jpeg,7dec0ec0a654c9aaa7667fec69d23941,237433,1600,1200,train
107193308,66487962,silver_fern,plant,Silver fern,Cyathea dealbata,cc-by,"(c) Jacqui Geux, some rights reserved (CC BY)",2020-12-12,131669,Cyathea dealbata,https://inaturalist-open-data.s3.amazonaws.com/photos/107193308/original.jpeg,7c6c8e5f2061c95333d875c80546e353,318507,1600,1200,train
107193767,66487962,silver_fern,plant,Silver fern,Cyathea dealbata,cc-by,"(c) Jacqui Geux, some rights reserved (CC BY)",2020-12-12,131669,Cyathea dealbata,https://inaturalist-open-data.s3.amazonaws.com/photos/107193767/original.jpeg,335a02a5240e1eb6864848a09ba72e1c,322689,1600,1200,train
1181138,943789,silver_fern,plant,Silver fern,Cyathea dealbata,cc-by,"(c) Jon Sullivan, some rights reserved (CC BY)",2011-12-22,131669,Cyathea dealbata,https://inaturalist-open-data.s3.amazonaws.com/photos/1181138/original.jpg,2cb88b30c3709726749b54f2c211575c,428228,2048,1371,train
1181139,943789,silver_fern,plant,Silver fern,Cyathea dealbata,cc-by,"(c) Jon Sullivan, some rights reserved (CC BY)",2011-12-22,131669,Cyathea dealbata,https://inaturalist-open-data.s3.amazonaws.com/photos/1181139/original.jpg,770dc3a1dd0932bc3fa8ffd7efa0d796,426598,1371,2048,train
174928419,104403343,silver_fern,plant,Silver fern,Cyathea dealbata,cc-by,"(c) Saryu Mae 前 朝琉, some rights reserved (CC BY)",2022-01-05,131669,Cyathea dealbata,https://inaturalist-open-data.s3.amazonaws.com/photos/174928419/original.jpeg,bdb09f63588bfff6e5d5441ddb1cbe9f,276224,2048,1536,train
2032367,1662589,silver_fern,plant,Silver fern,Cyathea dealbata,cc-by,"(c) Ian Armitage, some rights reserved (CC BY)",2015-06-22,131669,Cyathea dealbata,https://inaturalist-open-data.s3.amazonaws.com/photos/2032367/original.JPG,9e2f78c87f9227c709e941b2c300e8ce,274055,2048,1536,train
2032368,1662589,silver_fern,plant,Silver fern,Cyathea dealbata,cc-by,"(c) Ian Armitage, some rights reserved (CC BY)",2015-06-22,131669,Cyathea dealbata,https://inaturalist-open-data.s3.amazonaws.com/photos/2032368/original.JPG,cd18864e80fff7894e10ca2dbc513fe0,273609,2048,1536,train
209972860,123913797,silver_fern,plant,Silver fern,Cyathea dealbata,cc-by,"(c) eyrezer, some rights reserved (CC BY)",2022-06-29,131669,Cyathea dealbata,https://inaturalist-open-data.s3.amazonaws.com/photos/209972860/original.jpg,08c87e1c0e31a3874246cc3b83e5c7f5,355980,1536,2048,train
209972892,123913797,silver_fern,plant,Silver fern,Cyathea dealbata,cc-by,"(c) eyrezer, some rights reserved (CC BY)",2022-06-29,131669,Cyathea dealbata,https://inaturalist-open-data.s3.amazonaws.com/photos/209972892/original.jpg,9a3e4b8a03029e5d8c68e6266cfbb7a1,433700,1536,2048,train
209972931,123913797,silver_fern,plant,Silver fern,Cyathea dealbata,cc-by,"(c) eyrezer, some rights reserved (CC BY)",2022-06-29,131669,Cyathea dealbata,https://inaturalist-open-data.s3.amazonaws.com/photos/209972931/original.jpg,ac7f50e3560e7d89f547b91ffeb6b0c6,544161,1536,2048,train
21434723,14408890,silver_fern,plant,Silver fern,Cyathea dealbata,cc-by,"(c) Jacqui Geux, some rights reserved (CC BY)",2018-07-16,131669,Cyathea dealbata,https://inaturalist-open-data.s3.amazonaws.com/photos/21434723/original.jpeg,ab185958f598a3ff52342b36447ce5ec,256631,1600,1200,train
21434725,14408890,silver_fern,plant,Silver fern,Cyathea dealbata,cc-by,"(c) Jacqui Geux, some rights reserved (CC BY)",2018-07-16,131669,Cyathea dealbata,https://inaturalist-open-data.s3.amazonaws.com/photos/21434725/original.jpeg,15ff1a05dd944351f845ef1fac84e68d,367245,1600,1200,train
245618306,143232489,silver_fern,plant,Silver fern,Cyathea dealbata,cc-by,"(c) Richard Littauer, some rights reserved (CC BY)",2022-11-25,131669,Cyathea dealbata,https://inaturalist-open-data.s3.amazonaws.com/photos/245618306/original.jpg,c740d920c34b01d57fc6eb6af123f0ed,948833,2048,1365,train
272301342,157509077,silver_fern,plant,Silver fern,Cyathea dealbata,cc-by,"(c) Halema J, some rights reserved (CC BY)",2023-04-29,131669,Cyathea dealbata,https://inaturalist-open-data.s3.amazonaws.com/photos/272301342/original.jpg,03f57b840f1c20fef54bb3360b65aee1,308034,1152,2048,train
272301355,157509077,silver_fern,plant,Silver fern,Cyathea dealbata,cc-by,"(c) Halema J, some rights reserved (CC BY)",2023-04-29,131669,Cyathea dealbata,https://inaturalist-open-data.s3.amazonaws.com/photos/272301355/original.jpg,03bebf19bed70981ad44c0bf2cf02ee4,336313,1152,2048,train
272301380,157509077,silver_fern,plant,Silver fern,Cyathea dealbata,cc-by,"(c) Halema J, some rights reserved (CC BY)",2023-04-29,131669,Cyathea dealbata,https://inaturalist-open-data.s3.amazonaws.com/photos/272301380/original.jpg,01d64a21ab3dc9eae9f6a54fa85f58ca,373140,1152,2048,train
272983647,157916826,silver_fern,plant,Silver fern,Cyathea dealbata,cc-by,"(c) Squid Wizard, some rights reserved (CC BY)",2023-04-30,131669,Cyathea dealbata,https://inaturalist-open-data.s3.amazonaws.com/photos/272983647/original.jpeg,3ea4f224f4a65be7630c545a8096ca0a,785036,1536,2048,train
284698471,164538508,silver_fern,plant,Silver fern,Cyathea dealbata,cc-by,"(c) Ian Armitage, some rights reserved (CC BY)",2023-05-22,131669,Cyathea dealbata,https://inaturalist-open-data.s3.amazonaws.com/photos/284698471/original.jpg,2202ee2f6eea64153c3d0b99d44f4ebb,487059,2048,1536,train
284698482,164538508,silver_fern,plant,Silver fern,Cyathea dealbata,cc-by,"(c) Ian Armitage, some rights reserved (CC BY)",2023-05-22,131669,Cyathea dealbata,https://inaturalist-open-data.s3.amazonaws.com/photos/284698482/original.jpg,668c515a9f45391b4ee6753523dfd62c,447383,2048,1848,train
301949203,173846997,silver_fern,plant,Silver fern,Cyathea dealbata,cc-by,"(c) Kelvin Perrie, some rights reserved (CC BY)",2023-07-19,131669,Cyathea dealbata,https://inaturalist-open-data.s3.amazonaws.com/photos/301949203/original.jpeg,37788e00bb3ab70797de639b04325b62,337091,1536,2048,train
326269110,186667875,silver_fern,plant,Silver fern,Cyathea dealbata,cc0,no rights reserved,2020-09-20,131669,Cyathea dealbata,https://inaturalist-open-data.s3.amazonaws.com/photos/326269110/original.jpeg,ffcf7f00b94d94d6ffba754cccbec4b7,544693,2048,1536,train
358953224,203184943,silver_fern,plant,Silver fern,Cyathea dealbata,cc-by,"(c) Mark Richman, some rights reserved (CC BY)",2023-12-04,131669,Cyathea dealbata,https://inaturalist-open-data.s3.amazonaws.com/photos/358953224/original.jpg,724e3b1200bfb4e6c68b7365d508636e,552878,1536,2048,train
358953260,203184943,silver_fern,plant,Silver fern,Cyathea dealbata,cc-by,"(c) Mark Richman, some rights reserved (CC BY)",2023-12-04,131669,Cyathea dealbata,https://inaturalist-open-data.s3.amazonaws.com/photos/358953260/original.jpg,8a870d395f287b8cc3e6fee37b57be1a,513394,1536,2048,train
37378029,24172152,silver_fern,plant,Silver fern,Cyathea dealbata,cc0,no rights reserved,1999-03-22,131669,Cyathea dealbata,https://inaturalist-open-data.s3.amazonaws.com/photos/37378029/original.jpg,0aa1b7f4e92a2662823ec1e5aec87b90,52719,640,480,train
428297217,240407874,silver_fern,plant,Silver fern,Cyathea dealbata,cc0,no rights reserved,2024-09-03,131669,Cyathea dealbata,https://inaturalist-open-data.s3.amazonaws.com/photos/428297217/original.jpeg,3a24a5ea70f0710b089711373003eb4e,440192,1536,2048,train
428302563,240407874,silver_fern,plant,Silver fern,Cyathea dealbata,cc0,no rights reserved,2024-09-03,131669,Cyathea dealbata,https://inaturalist-open-data.s3.amazonaws.com/photos/428302563/original.jpeg,abd3d12c70ad2ded37149f14ed4dbfe2,468180,2048,1536,train
4392624,3768901,silver_fern,plant,Silver fern,Cyathea dealbata,cc-by,"(c) Bruce Calvert, some rights reserved (CC BY)",2016-07-30,131669,Cyathea dealbata,https://inaturalist-open-data.s3.amazonaws.com/photos/4392624/original.jpg,0fa672eccf5a634efed71cb012275ae4,911925,764,1024,train
4392627,3768901,silver_fern,plant,Silver fern,Cyathea dealbata,cc-by,"(c) Bruce Calvert, some rights reserved (CC BY)",2016-07-30,131669,Cyathea dealbata,https://inaturalist-open-data.s3.amazonaws.com/photos/4392627/original.jpeg,f4bce9d007287f7fdf6f8137577d061f,397234,2048,1536,train
445534808,249257614,silver_fern,plant,Silver fern,Cyathea dealbata,cc0,no rights reserved,2024-10-27,131669,Cyathea dealbata,https://inaturalist-open-data.s3.amazonaws.com/photos/445534808/original.jpeg,8cee60d7e0f1bda955f58129d8bab583,689282,1536,2048,train
445534851,249257614,silver_fern,plant,Silver fern,Cyathea dealbata,cc0,no rights reserved,2024-10-27,131669,Cyathea dealbata,https://inaturalist-open-data.s3.amazonaws.com/photos/445534851/original.jpeg,f2c3523553beb76a6f000180a02b28f9,860537,1536,2048,train
445535344,249257614,silver_fern,plant,Silver fern,Cyathea dealbata,cc0,no rights reserved,2024-10-27,131669,Cyathea dealbata,https://inaturalist-open-data.s3.amazonaws.com/photos/445535344/original.jpeg,e50e632c7ee3b590bac2930041004be0,708473,1536,2048,train
449271823,251123358,silver_fern,plant,Silver fern,Cyathea dealbata,cc0,no rights reserved,2024-11-07,131669,Cyathea dealbata,https://inaturalist-open-data.s3.amazonaws.com/photos/449271823/original.jpeg,1099c1d78408c65256a1fa3110d6a334,414567,2048,1536,train
449536249,251258773,silver_fern,plant,Silver fern,Cyathea dealbata,cc-by,"(c) Saryu Mae 前 朝琉, some rights reserved (CC BY)",2024-10-01,131669,Cyathea dealbata,https://inaturalist-open-data.s3.amazonaws.com/photos/449536249/original.jpeg,338f38bba646a1a00ad0d935f26df861,169656,1365,2048,train
449536252,251258773,silver_fern,plant,Silver fern,Cyathea dealbata,cc-by,"(c) Saryu Mae 前 朝琉, some rights reserved (CC BY)",2024-10-01,131669,Cyathea dealbata,https://inaturalist-open-data.s3.amazonaws.com/photos/449536252/original.jpeg,46fe6ef5af999f542c86649d3fb4c80f,179527,2048,1365,train
490904345,272861452,silver_fern,plant,Silver fern,Cyathea dealbata,cc0,no rights reserved,2025-04-25,131669,Cyathea dealbata,https://inaturalist-open-data.s3.amazonaws.com/photos/490904345/original.jpeg,5a32f6de6c3c65d299cd40e3f6cb2a18,695144,1536,2048,train
533285703,296182227,silver_fern,plant,Silver fern,Cyathea dealbata,cc0,no rights reserved,2025-07-08,131669,Cyathea dealbata,https://inaturalist-open-data.s3.amazonaws.com/photos/533285703/original.jpg,34c78752fb16f4e67b4a3d0085d80ea1,665060,1153,2048,train
533285724,296182227,silver_fern,plant,Silver fern,Cyathea dealbata,cc0,no rights reserved,2025-07-08,131669,Cyathea dealbata,https://inaturalist-open-data.s3.amazonaws.com/photos/533285724/original.jpg,df3fd4b1800e378f5ac9a873fbb7dcaa,627909,1153,2048,train
6226011,5072495,silver_fern,plant,Silver fern,Cyathea dealbata,cc-by,"(c) Bruce Calvert, some rights reserved (CC BY)",2017-02-08,131669,Cyathea dealbata,https://inaturalist-open-data.s3.amazonaws.com/photos/6226011/original.jpeg,ad62190907d52d96aa5abe259b26ad37,676884,2048,1536,train
106180763,65920825,song_thrush,bird,Song thrush,Turdus philomelos,cc-by,"(c) Nathan Odgers, some rights reserved (CC BY)",2020-12-01,702675,Turdus philomelos clarkei,https://inaturalist-open-data.s3.amazonaws.com/photos/106180763/original.jpg,b30501fd1c8bd01ab8d5b7fc6d6e11b3,375979,1536,2048,train
167519353,100375516,song_thrush,bird,Song thrush,Turdus philomelos,cc-by,"(c) Lisa Bennett, some rights reserved (CC BY)",2021-11-06,702675,Turdus philomelos clarkei,https://inaturalist-open-data.s3.amazonaws.com/photos/167519353/original.jpg,a7b8b8ad79fccfdd16993489635d9a00,188507,1536,2048,train
173774309,103779162,song_thrush,bird,Song thrush,Turdus philomelos,cc-by,"(c) Svend Hansen, some rights reserved (CC BY)",2021-12-28,702675,Turdus philomelos clarkei,https://inaturalist-open-data.s3.amazonaws.com/photos/173774309/original.jpeg,2e9d1278027319c11393ce81a09795ac,518624,1152,2048,train
18768278,12919481,song_thrush,bird,Song thrush,Turdus philomelos,cc-by,"(c) Jacqui Geux, some rights reserved (CC BY)",2018-05-28,702675,Turdus philomelos clarkei,https://inaturalist-open-data.s3.amazonaws.com/photos/18768278/original.jpeg,0463c0d3525b51d49a033a73a18d18f0,187534,1600,1200,train
227264370,133423343,song_thrush,bird,Song thrush,Turdus philomelos,cc-by,"(c) Aalbert Rebergen, some rights reserved (CC BY)",2022-08-06,702675,Turdus philomelos clarkei,https://inaturalist-open-data.s3.amazonaws.com/photos/227264370/original.jpeg,913711196663d911ae167a37d9100244,144338,1989,1326,train
227264446,133423343,song_thrush,bird,Song thrush,Turdus philomelos,cc-by,"(c) Aalbert Rebergen, some rights reserved (CC BY)",2022-08-06,702675,Turdus philomelos clarkei,https://inaturalist-open-data.s3.amazonaws.com/photos/227264446/original.jpeg,888f700fbdbbc754e8ca6ef57b4f9b39,154063,2048,1368,train
247033208,143984887,song_thrush,bird,Song thrush,Turdus philomelos,cc0,no rights reserved,2022-12-09,12748,Turdus philomelos,https://inaturalist-open-data.s3.amazonaws.com/photos/247033208/original.jpeg,29bf0a326d4ec316cc5ebaa61a458f0d,556468,1187,1121,train
247033219,143984887,song_thrush,bird,Song thrush,Turdus philomelos,cc0,no rights reserved,2022-12-09,12748,Turdus philomelos,https://inaturalist-open-data.s3.amazonaws.com/photos/247033219/original.jpeg,63b744001a2aa7bc67a2a9545ed4e458,613293,972,1391,train
252055730,146588982,song_thrush,bird,Song thrush,Turdus philomelos,cc-by,"(c) Jenny Saito, some rights reserved (CC BY)",2023-01-15,12748,Turdus philomelos,https://inaturalist-open-data.s3.amazonaws.com/photos/252055730/original.jpeg,d6c836d18b5dcd3aa0c1c79f8672e64d,898029,2048,2048,train
26828068,17615739,song_thrush,bird,Song thrush,Turdus philomelos,cc-by,"(c) wild_wind, some rights reserved (CC BY)",2018-10-18,702675,Turdus philomelos clarkei,https://inaturalist-open-data.s3.amazonaws.com/photos/26828068/original.jpg,d38f258807a780b7d3aae942ec1b5faf,434804,2047,2048,train
32033124,20772042,song_thrush,bird,Song thrush,Turdus philomelos,cc0,no rights reserved,2019-02-10,12748,Turdus philomelos,https://inaturalist-open-data.s3.amazonaws.com/photos/32033124/original.jpg,230242fa9afb6647165dcf230dac49e6,825794,2048,1326,train
32033191,20772042,song_thrush,bird,Song thrush,Turdus philomelos,cc0,no rights reserved,2019-02-10,12748,Turdus philomelos,https://inaturalist-open-data.s3.amazonaws.com/photos/32033191/original.jpg,17f8e00b68da7fee41d8478ec3c9f9ed,808196,2048,1374,train
32033359,20772042,song_thrush,bird,Song thrush,Turdus philomelos,cc0,no rights reserved,2019-02-10,12748,Turdus philomelos,https://inaturalist-open-data.s3.amazonaws.com/photos/32033359/original.jpg,da3ff116881692a21a1d88d14985a34c,1039010,2048,1826,train
32033395,20772042,song_thrush,bird,Song thrush,Turdus philomelos,cc0,no rights reserved,2019-02-10,12748,Turdus philomelos,https://inaturalist-open-data.s3.amazonaws.com/photos/32033395/original.jpg,4e4d17035ede2a2d0f708adb0767b962,247922,2048,1368,train
32033489,20772042,song_thrush,bird,Song thrush,Turdus philomelos,cc0,no rights reserved,2019-02-10,12748,Turdus philomelos,https://inaturalist-open-data.s3.amazonaws.com/photos/32033489/original.jpg,b357ed93e399676354383810b839d78b,608678,2048,1368,train
32033581,20772042,song_thrush,bird,Song thrush,Turdus philomelos,cc0,no rights reserved,2019-02-10,12748,Turdus philomelos,https://inaturalist-open-data.s3.amazonaws.com/photos/32033581/original.jpg,608731313506d36dc20e6871f4dfa279,683742,2048,1368,train
331619023,189322430,song_thrush,bird,Song thrush,Turdus philomelos,cc-by,"(c) Jenny Saito, some rights reserved (CC BY)",2023-10-29,702675,Turdus philomelos clarkei,https://inaturalist-open-data.s3.amazonaws.com/photos/331619023/original.jpeg,1b88ce04ea00d78495867dc55dae6b92,1104077,2048,2048,train
331619041,189322430,song_thrush,bird,Song thrush,Turdus philomelos,cc-by,"(c) Jenny Saito, some rights reserved (CC BY)",2023-10-29,702675,Turdus philomelos clarkei,https://inaturalist-open-data.s3.amazonaws.com/photos/331619041/original.jpeg,24e7118a4cac37c46e70d8b49e60bc3c,992359,2048,2048,train
443044817,248003370,song_thrush,bird,Song thrush,Turdus philomelos,cc-by,"(c) Stewart Armstrong, some rights reserved (CC BY)",2024-10-17,702675,Turdus philomelos clarkei,https://inaturalist-open-data.s3.amazonaws.com/photos/443044817/original.jpeg,b8b016e0829ee216485b94b9b9ba7de4,686031,1024,768,train
468887353,261035855,song_thrush,bird,Song thrush,Turdus philomelos,cc-by,"(c) Andy McKay, some rights reserved (CC BY)",2025-02-09,702675,Turdus philomelos clarkei,https://inaturalist-open-data.s3.amazonaws.com/photos/468887353/original.jpeg,52b45e09b8f44251b84818807c912811,696163,1536,2048,train
468887390,261035855,song_thrush,bird,Song thrush,Turdus philomelos,cc-by,"(c) Andy McKay, some rights reserved (CC BY)",2025-02-09,702675,Turdus philomelos clarkei,https://inaturalist-open-data.s3.amazonaws.com/photos/468887390/original.jpeg,d5eddb79996b47635e6a0837f8655fd6,659991,1536,2048,train
476666008,265378500,song_thrush,bird,Song thrush,Turdus philomelos,cc-by,"(c) John Lyden, some rights reserved (CC BY)",2025-01-28,12748,Turdus philomelos,https://inaturalist-open-data.s3.amazonaws.com/photos/476666008/original.jpeg,112bf2d964ed9ebc3e4e74ef7b46983a,153048,1759,1319,train
499131182,277995129,song_thrush,bird,Song thrush,Turdus philomelos,cc-by,"(c) Jon Sullivan, some rights reserved (CC BY)",2025-04-27,12748,Turdus philomelos,https://inaturalist-open-data.s3.amazonaws.com/photos/499131182/original.jpg,1dd69ca330654c5f1ad39fcf2936e337,423986,2048,1366,train
597385335,329547172,song_thrush,bird,Song thrush,Turdus philomelos,cc0,no rights reserved,2025-12-03,12748,Turdus philomelos,https://inaturalist-open-data.s3.amazonaws.com/photos/597385335/original.jpg,33f07b7508daea51f84cf3dddb4d6eb5,759134,2048,1536,train
597385339,329547172,song_thrush,bird,Song thrush,Turdus philomelos,cc0,no rights reserved,2025-12-03,12748,Turdus philomelos,https://inaturalist-open-data.s3.amazonaws.com/photos/597385339/original.jpg,ee6fb7bf299906330eb8b423b0b74141,760793,2048,1536,train
597385340,329547172,song_thrush,bird,Song thrush,Turdus philomelos,cc0,no rights reserved,2025-12-03,12748,Turdus philomelos,https://inaturalist-open-data.s3.amazonaws.com/photos/597385340/original.jpg,f8257c44373b2913142ada3fddbeb95e,922784,2048,1536,train
597385390,329547172,song_thrush,bird,Song thrush,Turdus philomelos,cc0,no rights reserved,2025-12-03,12748,Turdus philomelos,https://inaturalist-open-data.s3.amazonaws.com/photos/597385390/original.jpg,4d6da92c150952f2c8fd6ad7d8a04fe4,852505,2048,1536,train
597385396,329547172,song_thrush,bird,Song thrush,Turdus philomelos,cc0,no rights reserved,2025-12-03,12748,Turdus philomelos,https://inaturalist-open-data.s3.amazonaws.com/photos/597385396/original.jpg,0b3dad1dbf7a287daf2d486ef988876b,797993,2048,1536,train
597385407,329547172,song_thrush,bird,Song thrush,Turdus philomelos,cc0,no rights reserved,2025-12-03,12748,Turdus philomelos,https://inaturalist-open-data.s3.amazonaws.com/photos/597385407/original.jpg,94349d045e272d49b75ae82dbe741520,756672,2048,1536,train
597385429,329547172,song_thrush,bird,Song thrush,Turdus philomelos,cc0,no rights reserved,2025-12-03,12748,Turdus philomelos,https://inaturalist-open-data.s3.amazonaws.com/photos/597385429/original.jpg,41f35b9c825737d168311ac689a58fe2,819388,2048,1536,train
597385437,329547172,song_thrush,bird,Song thrush,Turdus philomelos,cc0,no rights reserved,2025-12-03,12748,Turdus philomelos,https://inaturalist-open-data.s3.amazonaws.com/photos/597385437/original.jpg,268ef9980bacc87e7f0cd79187fda971,788876,2048,1536,train
597385438,329547172,song_thrush,bird,Song thrush,Turdus philomelos,cc0,no rights reserved,2025-12-03,12748,Turdus philomelos,https://inaturalist-open-data.s3.amazonaws.com/photos/597385438/original.jpg,5160c23d26254be2723cf4d5b0d6314a,811194,2048,1536,train
597385453,329547172,song_thrush,bird,Song thrush,Turdus philomelos,cc0,no rights reserved,2025-12-03,12748,Turdus philomelos,https://inaturalist-open-data.s3.amazonaws.com/photos/597385453/original.jpg,29fe84e4a038459d07102e7e7cb254aa,887991,2048,1536,train
597385459,329547172,song_thrush,bird,Song thrush,Turdus philomelos,cc0,no rights reserved,2025-12-03,12748,Turdus philomelos,https://inaturalist-open-data.s3.amazonaws.com/photos/597385459/original.jpg,bc9dcdfaeb6c919a728c67b3831ecd17,813289,2048,1536,train
60367390,38021570,song_thrush,bird,Song thrush,Turdus philomelos,cc-by,"(c) wild_wind, some rights reserved (CC BY)",2019-11-11,702675,Turdus philomelos clarkei,https://inaturalist-open-data.s3.amazonaws.com/photos/60367390/original.jpeg,0d56324ed2b7132f63eca431a3d12ec6,435489,2048,2025,train
613372859,337414195,song_thrush,bird,Song thrush,Turdus philomelos,cc-by,"(c) Mike Bowie, some rights reserved (CC BY)",2026-01-15,12748,Turdus philomelos,https://inaturalist-open-data.s3.amazonaws.com/photos/613372859/original.jpg,ab826d6983f4f4305960b9d87c588504,161315,2048,1365,train
613372890,337414195,song_thrush,bird,Song thrush,Turdus philomelos,cc-by,"(c) Mike Bowie, some rights reserved (CC BY)",2026-01-15,12748,Turdus philomelos,https://inaturalist-open-data.s3.amazonaws.com/photos/613372890/original.jpg,a1219cf3d83c174c8533c71753efaa1b,318715,2048,1365,train
617123838,339259571,song_thrush,bird,Song thrush,Turdus philomelos,cc0,no rights reserved,2026-02-19,12748,Turdus philomelos,https://inaturalist-open-data.s3.amazonaws.com/photos/617123838/original.jpg,fdea9c423fda06c2414be89479ce4ebc,618813,2048,2048,train
617123857,339259571,song_thrush,bird,Song thrush,Turdus philomelos,cc0,no rights reserved,2026-02-19,12748,Turdus philomelos,https://inaturalist-open-data.s3.amazonaws.com/photos/617123857/original.jpg,e41748b14df09d8ee7fa80dbf3d133d6,461392,2048,1365,train
617123873,339259571,song_thrush,bird,Song thrush,Turdus philomelos,cc0,no rights reserved,2026-02-19,12748,Turdus philomelos,https://inaturalist-open-data.s3.amazonaws.com/photos/617123873/original.jpg,c64f768a6244ab570d3cf08e113f0b59,461208,2048,1365,train
7384304,5918827,song_thrush,bird,Song thrush,Turdus philomelos,cc-by,"(c) Jacqui Geux, some rights reserved (CC BY)",2017-04-23,12748,Turdus philomelos,https://inaturalist-open-data.s3.amazonaws.com/photos/7384304/original.jpeg,1c9cf4bbdafddea8a06f2308b81a230c,147916,1600,1200,train
79765483,50230726,song_thrush,bird,Song thrush,Turdus philomelos,cc0,no rights reserved,2020-06-19,702675,Turdus philomelos clarkei,https://inaturalist-open-data.s3.amazonaws.com/photos/79765483/original.jpg,022fc67d0f69578deae763297b85e443,961781,1483,1178,train
79765595,50230726,song_thrush,bird,Song thrush,Turdus philomelos,cc0,no rights reserved,2020-06-19,702675,Turdus philomelos clarkei,https://inaturalist-open-data.s3.amazonaws.com/photos/79765595/original.jpg,3f291890441aa88e62c1f187f08d109e,854738,2048,1405,train
79765668,50230726,song_thrush,bird,Song thrush,Turdus philomelos,cc0,no rights reserved,2020-06-19,702675,Turdus philomelos clarkei,https://inaturalist-open-data.s3.amazonaws.com/photos/79765668/original.jpg,c2771a98d05fc93b00f2caaaf2d90de5,812700,2048,1365,train
79765722,50230726,song_thrush,bird,Song thrush,Turdus philomelos,cc0,no rights reserved,2020-06-19,702675,Turdus philomelos clarkei,https://inaturalist-open-data.s3.amazonaws.com/photos/79765722/original.jpg,63b026972db44890902f356e72d60c11,699236,2048,1254,train
8298075,6546124,song_thrush,bird,Song thrush,Turdus philomelos,cc-by,"(c) Wendy Bailey, some rights reserved (CC BY)",2017-06-03,12748,Turdus philomelos,https://inaturalist-open-data.s3.amazonaws.com/photos/8298075/original.jpeg,38a892d8b891b0b797abf994e368d6bf,132532,884,546,train
8298076,6546124,song_thrush,bird,Song thrush,Turdus philomelos,cc-by,"(c) Wendy Bailey, some rights reserved (CC BY)",2017-06-03,12748,Turdus philomelos,https://inaturalist-open-data.s3.amazonaws.com/photos/8298076/original.jpeg,df2a29b610f5e096f08519b5be4ab1dc,115939,537,617,train
99576639,62169983,song_thrush,bird,Song thrush,Turdus philomelos,cc-by,"(c) wild_wind, some rights reserved (CC BY)",2020-10-10,702675,Turdus philomelos clarkei,https://inaturalist-open-data.s3.amazonaws.com/photos/99576639/original.jpeg,238fd3cb5f49ef96af657f90ac38f587,216905,1796,1796,train
108846581,67378239,starling,bird,Common starling,Sturnus vulgaris,cc-by,"(c) Svend Hansen, some rights reserved (CC BY)",2021-01-01,577950,Sturnus vulgaris vulgaris,https://inaturalist-open-data.s3.amazonaws.com/photos/108846581/original.jpeg,7fd882a6fc1e67fad5c56bdf0e42decf,477183,2048,1152,train
108846599,67378239,starling,bird,Common starling,Sturnus vulgaris,cc-by,"(c) Svend Hansen, some rights reserved (CC BY)",2021-01-01,577950,Sturnus vulgaris vulgaris,https://inaturalist-open-data.s3.amazonaws.com/photos/108846599/original.jpeg,cec091284adc645442712020005d91f9,455607,2048,1152,train
1188107,967611,starling,bird,Common starling,Sturnus vulgaris,cc-by,"(c) Jon Sullivan, some rights reserved (CC BY)",2013-07-14,14850,Sturnus vulgaris,https://inaturalist-open-data.s3.amazonaws.com/photos/1188107/original.jpg,8417ff251a854cb680a8006c6de0af89,179712,2048,1364,train
1188108,967611,starling,bird,Common starling,Sturnus vulgaris,cc-by,"(c) Jon Sullivan, some rights reserved (CC BY)",2013-07-14,14850,Sturnus vulgaris,https://inaturalist-open-data.s3.amazonaws.com/photos/1188108/original.jpg,c465c8a812059a30a7cb3751d9118ffb,296518,2048,2048,train
1188109,967611,starling,bird,Common starling,Sturnus vulgaris,cc-by,"(c) Jon Sullivan, some rights reserved (CC BY)",2013-07-14,14850,Sturnus vulgaris,https://inaturalist-open-data.s3.amazonaws.com/photos/1188109/original.jpg,7d40a59ed718339c2e6cc2a4f349478b,188999,2048,1365,train
1197466,1008336,starling,bird,Common starling,Sturnus vulgaris,cc-by,"(c) Jon Sullivan, some rights reserved (CC BY)",2014-06-28,14850,Sturnus vulgaris,https://inaturalist-open-data.s3.amazonaws.com/photos/1197466/original.jpg,3b2205214640338f21ff82c407d4aa77,393380,1823,1215,train
13696776,9970254,starling,bird,Common starling,Sturnus vulgaris,cc-by,"(c) Jon Sullivan, some rights reserved (CC BY)",2018-02-01,14850,Sturnus vulgaris,https://inaturalist-open-data.s3.amazonaws.com/photos/13696776/original.jpg,fee69a80459873aa48dacccf2c40d86b,556967,2048,1536,train
186491706,110542146,starling,bird,Common starling,Sturnus vulgaris,cc-by,"(c) Joss Simpson, some rights reserved (CC BY)",2022-04-06,577950,Sturnus vulgaris vulgaris,https://inaturalist-open-data.s3.amazonaws.com/photos/186491706/original.jpeg,1e7cd59bfa9eb639c7dffae9b0ef20a2,746843,1536,2048,train
191766453,113511848,starling,bird,Common starling,Sturnus vulgaris,cc-by,"(c) Heidi Meudt, some rights reserved (CC BY)",2022-04-30,577950,Sturnus vulgaris vulgaris,https://inaturalist-open-data.s3.amazonaws.com/photos/191766453/original.jpeg,84cf07172852c2a09a45d2f669496600,369630,2048,1536,train
191766554,113511848,starling,bird,Common starling,Sturnus vulgaris,cc-by,"(c) Heidi Meudt, some rights reserved (CC BY)",2022-04-30,577950,Sturnus vulgaris vulgaris,https://inaturalist-open-data.s3.amazonaws.com/photos/191766554/original.jpeg,7218df2e662f95ba32b2bdbe304e0543,395699,1536,2048,train
256469954,148884849,starling,bird,Common starling,Sturnus vulgaris,cc-by,"(c) Jon Sullivan, some rights reserved (CC BY)",2023-02-16,14850,Sturnus vulgaris,https://inaturalist-open-data.s3.amazonaws.com/photos/256469954/original.jpg,7f30f7fd21608ff48541fe2482c1fa02,346450,2048,1367,train
277996125,160858790,starling,bird,Common starling,Sturnus vulgaris,cc-by,"(c) Saryu Mae 前 朝琉, some rights reserved (CC BY)",2023-04-19,577950,Sturnus vulgaris vulgaris,https://inaturalist-open-data.s3.amazonaws.com/photos/277996125/original.jpeg,35804facc7c902d4e62792947383f8eb,488354,2048,1536,train
307648696,176923739,starling,bird,Common starling,Sturnus vulgaris,cc-by,"(c) William Harland, some rights reserved (CC BY)",2023-08-06,577950,Sturnus vulgaris vulgaris,https://inaturalist-open-data.s3.amazonaws.com/photos/307648696/original.jpeg,1fc8e60e091bb8d8d1ddb70d4b8e00c4,187358,2048,1581,train
338982308,193018557,starling,bird,Common starling,Sturnus vulgaris,cc-by,"(c) William Harland, some rights reserved (CC BY)",2023-12-04,577950,Sturnus vulgaris vulgaris,https://inaturalist-open-data.s3.amazonaws.com/photos/338982308/original.jpeg,00f4a6b17fdbeb75bcb6e926c19491b9,224302,2048,1230,train
375610772,212548384,starling,bird,Common starling,Sturnus vulgaris,cc-by,"(c) Huey, some rights reserved (CC BY)",2024-04-19,577950,Sturnus vulgaris vulgaris,https://inaturalist-open-data.s3.amazonaws.com/photos/375610772/original.jpeg,4262fb523f90bbaaab6f03eaee2d46cf,286886,1082,1082,train
375610797,212548384,starling,bird,Common starling,Sturnus vulgaris,cc-by,"(c) Huey, some rights reserved (CC BY)",2024-04-19,577950,Sturnus vulgaris vulgaris,https://inaturalist-open-data.s3.amazonaws.com/photos/375610797/original.jpeg,cdc7fdfc451d99df7a5afe1552f453b0,302212,2048,1365,train
375611207,212548384,starling,bird,Common starling,Sturnus vulgaris,cc-by,"(c) Huey, some rights reserved (CC BY)",2024-04-19,577950,Sturnus vulgaris vulgaris,https://inaturalist-open-data.s3.amazonaws.com/photos/375611207/original.jpeg,a27757b43f16cb7fd53b97c0ae1c3beb,522231,2048,1365,train
377051513,213352245,starling,bird,Common starling,Sturnus vulgaris,cc-by,"(c) Jon Sullivan, some rights reserved (CC BY)",2024-04-29,577950,Sturnus vulgaris vulgaris,https://inaturalist-open-data.s3.amazonaws.com/photos/377051513/original.jpg,c36c9e6ab8c96b73bb53f79e58923219,60311,2048,1368,train
377052136,213352295,starling,bird,Common starling,Sturnus vulgaris,cc-by,"(c) Jon Sullivan, some rights reserved (CC BY)",2024-04-29,577950,Sturnus vulgaris vulgaris,https://inaturalist-open-data.s3.amazonaws.com/photos/377052136/original.jpg,cef7bef23e9c606eae39c825b1c7a226,121675,2048,1368,train
466286815,259722445,starling,bird,Common starling,Sturnus vulgaris,cc0,no rights reserved,2024-12-28,14850,Sturnus vulgaris,https://inaturalist-open-data.s3.amazonaws.com/photos/466286815/original.jpeg,86cfbc09615631c1022d661a1c12b236,226257,1194,1194,train
466286816,259722445,starling,bird,Common starling,Sturnus vulgaris,cc0,no rights reserved,2024-12-28,14850,Sturnus vulgaris,https://inaturalist-open-data.s3.amazonaws.com/photos/466286816/original.jpeg,e7b1a899baafa17ae8971e77c7792cd8,122881,1299,1299,train
467302581,260235719,starling,bird,Common starling,Sturnus vulgaris,cc-by,"(c) Doug Miller, some rights reserved (CC BY)",2025-02-01,14850,Sturnus vulgaris,https://inaturalist-open-data.s3.amazonaws.com/photos/467302581/original.jpeg,e4cc7959aa1b4eaf363a54be6e73feea,560467,2048,1536,train
467302627,260235719,starling,bird,Common starling,Sturnus vulgaris,cc-by,"(c) Doug Miller, some rights reserved (CC BY)",2025-02-01,14850,Sturnus vulgaris,https://inaturalist-open-data.s3.amazonaws.com/photos/467302627/original.jpeg,737a98d77ae470a69422650f933a8e06,519060,2048,1536,train
470420939,261807026,starling,bird,Common starling,Sturnus vulgaris,cc-by,"(c) ian_mcallan, some rights reserved (CC BY)",2025-02-12,14850,Sturnus vulgaris,https://inaturalist-open-data.s3.amazonaws.com/photos/470420939/original.jpg,7eb4c0bd825e0a61322f73e6fd819f36,62264,2048,1536,train
476186054,265134636,starling,bird,Common starling,Sturnus vulgaris,cc-by,"(c) russelljsmith, some rights reserved (CC BY)",2025-03-13,14850,Sturnus vulgaris,https://inaturalist-open-data.s3.amazonaws.com/photos/476186054/original.jpg,788f1dbefa9facfaaebd69dbcc57e83a,153799,1536,2048,train
476186068,265134636,starling,bird,Common starling,Sturnus vulgaris,cc-by,"(c) russelljsmith, some rights reserved (CC BY)",2025-03-13,14850,Sturnus vulgaris,https://inaturalist-open-data.s3.amazonaws.com/photos/476186068/original.jpg,0a36f8000a82075f4b169f97ae158929,124416,1536,2048,train
476186077,265134636,starling,bird,Common starling,Sturnus vulgaris,cc-by,"(c) russelljsmith, some rights reserved (CC BY)",2025-03-13,14850,Sturnus vulgaris,https://inaturalist-open-data.s3.amazonaws.com/photos/476186077/original.jpg,53a2b839e88c0459b35c7a3300ae13f2,127729,1536,2048,train
519662390,288940884,starling,bird,Common starling,Sturnus vulgaris,cc-by,"(c) William Harland, some rights reserved (CC BY)",2025-05-26,14850,Sturnus vulgaris,https://inaturalist-open-data.s3.amazonaws.com/photos/519662390/original.jpg,81f248b62a6b3b0eea591c7fcf47f632,57162,2048,1416,train
536950614,298112802,starling,bird,Common starling,Sturnus vulgaris,cc-by,"(c) Jon Sullivan, some rights reserved (CC BY)",2025-07-15,14850,Sturnus vulgaris,https://inaturalist-open-data.s3.amazonaws.com/photos/536950614/original.jpg,59f6f5e7a513dfc8c9d16fc66f231dcd,369439,1147,764,train
596826758,329273448,starling,bird,Common starling,Sturnus vulgaris,cc0,no rights reserved,2025-12-03,14850,Sturnus vulgaris,https://inaturalist-open-data.s3.amazonaws.com/photos/596826758/original.jpg,4833e4d5142f620149e96de17c67c12d,489991,2048,1365,train
596827000,329273448,starling,bird,Common starling,Sturnus vulgaris,cc0,no rights reserved,2025-12-03,14850,Sturnus vulgaris,https://inaturalist-open-data.s3.amazonaws.com/photos/596827000/original.jpg,2d6a94bf5bae82ff74bda40c64c5a263,455520,2048,1365,train
601104738,331361559,starling,bird,Common starling,Sturnus vulgaris,cc0,no rights reserved,2025-11-01,14850,Sturnus vulgaris,https://inaturalist-open-data.s3.amazonaws.com/photos/601104738/original.jpg,28bd014d04b3c9a2b9068c5ce90c80a5,417655,2048,1366,train
610038424,335769253,starling,bird,Common starling,Sturnus vulgaris,cc-by,"(c) spacegecko, some rights reserved (CC BY)",2025-12-11,14850,Sturnus vulgaris,https://inaturalist-open-data.s3.amazonaws.com/photos/610038424/original.jpg,35bd133a42f19fd766b191bba8bcf860,304572,2048,1365,train
618313698,339845295,starling,bird,Common starling,Sturnus vulgaris,cc0,no rights reserved,2026-02-23,14850,Sturnus vulgaris,https://inaturalist-open-data.s3.amazonaws.com/photos/618313698/original.jpg,ba969c5f744d97a3b4f16de38832b3bc,825071,1152,2048,train
626618294,343941503,starling,bird,Common starling,Sturnus vulgaris,cc-by,"(c) Lea Reeves, some rights reserved (CC BY)",2026-03-16,14850,Sturnus vulgaris,https://inaturalist-open-data.s3.amazonaws.com/photos/626618294/original.jpg,e1003917ca8cbf432ee2878c3366c6ec,535579,2048,1371,train
626618298,343941503,starling,bird,Common starling,Sturnus vulgaris,cc-by,"(c) Lea Reeves, some rights reserved (CC BY)",2026-03-16,14850,Sturnus vulgaris,https://inaturalist-open-data.s3.amazonaws.com/photos/626618298/original.jpg,bc70ac4a9421dae6d93ab4309b9415f2,531070,2048,1371,train
626618300,343941503,starling,bird,Common starling,Sturnus vulgaris,cc-by,"(c) Lea Reeves, some rights reserved (CC BY)",2026-03-16,14850,Sturnus vulgaris,https://inaturalist-open-data.s3.amazonaws.com/photos/626618300/original.jpg,733a28a100cb5140fabaf278965059d5,529114,2048,1371,train
69816497,44030826,starling,bird,Common starling,Sturnus vulgaris,cc-by,"(c) eyrezer, some rights reserved (CC BY)",2020-04-28,577950,Sturnus vulgaris vulgaris,https://inaturalist-open-data.s3.amazonaws.com/photos/69816497/original.jpeg,7d0f7bda6ddbbe7d8736d806a5ca90cd,261232,1359,1359,train
69816558,44030826,starling,bird,Common starling,Sturnus vulgaris,cc-by,"(c) eyrezer, some rights reserved (CC BY)",2020-04-28,577950,Sturnus vulgaris vulgaris,https://inaturalist-open-data.s3.amazonaws.com/photos/69816558/original.jpg,31083de082fab4501f9fa5e320365b73,421346,1536,2048,train
716489486,391046426,starling,bird,Common starling,Sturnus vulgaris,cc-by,"(c) William Harland, some rights reserved (CC BY)",2026-08-11,14850,Sturnus vulgaris,https://inaturalist-open-data.s3.amazonaws.com/photos/716489486/original.jpg,4579ae17dae61670c71cfb09641c6273,113409,2048,1185,train
71896710,45341943,starling,bird,Common starling,Sturnus vulgaris,cc-by,"(c) Jacqui Geux, some rights reserved (CC BY)",2020-05-07,577950,Sturnus vulgaris vulgaris,https://inaturalist-open-data.s3.amazonaws.com/photos/71896710/original.jpeg,13854264511af8a95daee97b9a8711dd,188083,1600,1200,train
82286758,51778698,starling,bird,Common starling,Sturnus vulgaris,cc-by,"(c) wild_wind, some rights reserved (CC BY)",2020-07-03,577950,Sturnus vulgaris vulgaris,https://inaturalist-open-data.s3.amazonaws.com/photos/82286758/original.jpeg,44275af8b865d3c37913f036f7f73f89,189469,1876,1875,train
18530052,12783410,tauhou,bird,Tauhou (silvereye),Zosterops lateralis,cc-by,"(c) Jacqui Geux, some rights reserved (CC BY)",2018-05-24,413547,Zosterops lateralis lateralis,https://inaturalist-open-data.s3.amazonaws.com/photos/18530052/original.jpeg,9a2d96a06ca2ea31fd1e7fa7fcad700d,164776,1600,1200,train
195868684,116053068,tauhou,bird,Tauhou (silvereye),Zosterops lateralis,cc-by,"(c) Jon Sullivan, some rights reserved (CC BY)",2022-04-29,413547,Zosterops lateralis lateralis,https://inaturalist-open-data.s3.amazonaws.com/photos/195868684/original.jpg,207aaac34c3a554e42aba9b981ca8794,663157,2048,1536,train
204042194,120625368,tauhou,bird,Tauhou (silvereye),Zosterops lateralis,cc-by,"(c) Tom, some rights reserved (CC BY)",2022-06-04,413547,Zosterops lateralis lateralis,https://inaturalist-open-data.s3.amazonaws.com/photos/204042194/original.jpeg,c76607bdeb4ab5dc1e4daa790c35ee22,291121,2000,1500,train
206456229,121969051,tauhou,bird,Tauhou (silvereye),Zosterops lateralis,cc-by,"(c) Svend Hansen, some rights reserved (CC BY)",2022-06-16,413547,Zosterops lateralis lateralis,https://inaturalist-open-data.s3.amazonaws.com/photos/206456229/original.jpeg,3129f1ac68836d782b60cd30b7e6974e,510864,1152,2048,train
206456253,121969051,tauhou,bird,Tauhou (silvereye),Zosterops lateralis,cc-by,"(c) Svend Hansen, some rights reserved (CC BY)",2022-06-16,413547,Zosterops lateralis lateralis,https://inaturalist-open-data.s3.amazonaws.com/photos/206456253/original.jpeg,573f8765b53253e2f775ff82ba0d037b,560416,1152,2048,train
28580879,18669782,tauhou,bird,Tauhou (silvereye),Zosterops lateralis,cc-by,"(c) Jacqui Geux, some rights reserved (CC BY)",2018-11-27,413547,Zosterops lateralis lateralis,https://inaturalist-open-data.s3.amazonaws.com/photos/28580879/original.jpeg,73e4395f31c3dfb45a1e5f5edae25eee,181107,1600,1200,train
28580881,18669782,tauhou,bird,Tauhou (silvereye),Zosterops lateralis,cc-by,"(c) Jacqui Geux, some rights reserved (CC BY)",2018-11-27,413547,Zosterops lateralis lateralis,https://inaturalist-open-data.s3.amazonaws.com/photos/28580881/original.jpeg,08a2e566bf4c45e60b63de97bc5237d4,216929,1600,1200,train
28580885,18669782,tauhou,bird,Tauhou (silvereye),Zosterops lateralis,cc-by,"(c) Jacqui Geux, some rights reserved (CC BY)",2018-11-27,413547,Zosterops lateralis lateralis,https://inaturalist-open-data.s3.amazonaws.com/photos/28580885/original.jpeg,cb7e7b45764f8876b1208043a30b5bc8,208368,1600,1200,train
304656733,175309185,tauhou,bird,Tauhou (silvereye),Zosterops lateralis,cc-by,"(c) William Harland, some rights reserved (CC BY)",2023-07-26,413547,Zosterops lateralis lateralis,https://inaturalist-open-data.s3.amazonaws.com/photos/304656733/original.jpeg,d5b6f2b2b84e943882002620a2552f7f,196564,2048,1832,train
309196442,177752681,tauhou,bird,Tauhou (silvereye),Zosterops lateralis,cc-by,"(c) BIHNZ, some rights reserved (CC BY)",2023-08-11,413547,Zosterops lateralis lateralis,https://inaturalist-open-data.s3.amazonaws.com/photos/309196442/original.jpeg,674ce760ffe7739ea5e9f97cde101f13,199327,2025,1350,train
309517650,177924065,tauhou,bird,Tauhou (silvereye),Zosterops lateralis,cc-by,"(c) William Harland, some rights reserved (CC BY)",2023-08-08,413547,Zosterops lateralis lateralis,https://inaturalist-open-data.s3.amazonaws.com/photos/309517650/original.jpeg,7faca709d5cb675afe60056197d9fb70,195426,2048,1472,train
309517886,177924065,tauhou,bird,Tauhou (silvereye),Zosterops lateralis,cc-by,"(c) William Harland, some rights reserved (CC BY)",2023-08-08,413547,Zosterops lateralis lateralis,https://inaturalist-open-data.s3.amazonaws.com/photos/309517886/original.jpeg,eb89b58365f431e16a0f90c907b61f9e,209401,2048,1540,train
312454770,179482133,tauhou,bird,Tauhou (silvereye),Zosterops lateralis,cc-by,"(c) Saryu Mae 前 朝琉, some rights reserved (CC BY)",2023-08-04,413547,Zosterops lateralis lateralis,https://inaturalist-open-data.s3.amazonaws.com/photos/312454770/original.jpg,032dc4aa4463de59399ee9f5dee93040,261419,2048,1536,train
371600831,210051234,tauhou,bird,Tauhou (silvereye),Zosterops lateralis,cc-by,"(c) wild_wind, some rights reserved (CC BY)",2024-04-26,413547,Zosterops lateralis lateralis,https://inaturalist-open-data.s3.amazonaws.com/photos/371600831/original.jpeg,a5444e1957e0f1d0a3cfbc1c605e492b,274960,1591,1607,train
377052146,213352298,tauhou,bird,Tauhou (silvereye),Zosterops lateralis,cc-by,"(c) Jon Sullivan, some rights reserved (CC BY)",2024-04-29,202505,Zosterops lateralis,https://inaturalist-open-data.s3.amazonaws.com/photos/377052146/original.jpg,d51556c762eb7ae59e19e8797d95ed62,77498,2048,1368,train
377052184,213352298,tauhou,bird,Tauhou (silvereye),Zosterops lateralis,cc-by,"(c) Jon Sullivan, some rights reserved (CC BY)",2024-04-29,202505,Zosterops lateralis,https://inaturalist-open-data.s3.amazonaws.com/photos/377052184/original.jpg,e5a4b3af14fd6676cf3fef458c0c50e8,80098,2048,1368,train
377052199,213352298,tauhou,bird,Tauhou (silvereye),Zosterops lateralis,cc-by,"(c) Jon Sullivan, some rights reserved (CC BY)",2024-04-29,202505,Zosterops lateralis,https://inaturalist-open-data.s3.amazonaws.com/photos/377052199/original.jpg,9918bbe9af6f21a9f7a46375c8206963,80694,2048,1368,train
400487090,225856315,tauhou,bird,Tauhou (silvereye),Zosterops lateralis,cc-by,"(c) William Harland, some rights reserved (CC BY)",2024-06-28,413547,Zosterops lateralis lateralis,https://inaturalist-open-data.s3.amazonaws.com/photos/400487090/original.jpeg,9838941489d9283b241bcc0644856694,112053,2048,1186,train
400487095,225856316,tauhou,bird,Tauhou (silvereye),Zosterops lateralis,cc-by,"(c) William Harland, some rights reserved (CC BY)",2024-06-28,413547,Zosterops lateralis lateralis,https://inaturalist-open-data.s3.amazonaws.com/photos/400487095/original.jpeg,e82b35c2811f31c5a020a3fc92f6e898,118239,2048,1322,train
430239654,241463029,tauhou,bird,Tauhou (silvereye),Zosterops lateralis,cc-by,"(c) Saryu Mae 前 朝琉, some rights reserved (CC BY)",2024-02-12,413547,Zosterops lateralis lateralis,https://inaturalist-open-data.s3.amazonaws.com/photos/430239654/original.jpg,e68199d1fe64747d579d15334ab2be74,621301,842,1122,train
430239667,241463029,tauhou,bird,Tauhou (silvereye),Zosterops lateralis,cc-by,"(c) Saryu Mae 前 朝琉, some rights reserved (CC BY)",2024-02-12,413547,Zosterops lateralis lateralis,https://inaturalist-open-data.s3.amazonaws.com/photos/430239667/original.jpg,5a7bed64c1161ad26e654ad78276f735,301637,515,686,train
430239683,241463029,tauhou,bird,Tauhou (silvereye),Zosterops lateralis,cc-by,"(c) Saryu Mae 前 朝琉, some rights reserved (CC BY)",2024-02-12,413547,Zosterops lateralis lateralis,https://inaturalist-open-data.s3.amazonaws.com/photos/430239683/original.jpg,be3cec8a34159311c6a1177e263d8355,504362,1536,2048,train
430239721,241463029,tauhou,bird,Tauhou (silvereye),Zosterops lateralis,cc-by,"(c) Saryu Mae 前 朝琉, some rights reserved (CC BY)",2024-02-12,413547,Zosterops lateralis lateralis,https://inaturalist-open-data.s3.amazonaws.com/photos/430239721/original.jpg,ae7e01992449cfe8c25529ba073d2438,717252,2048,1365,train
438741620,245830501,tauhou,bird,Tauhou (silvereye),Zosterops lateralis,cc-by,"(c) Jon Sullivan, some rights reserved (CC BY)",2024-09-21,413547,Zosterops lateralis lateralis,https://inaturalist-open-data.s3.amazonaws.com/photos/438741620/original.jpg,c9274590abf28c05396b533d7df0e4ae,600933,2048,1536,train
451244564,252113548,tauhou,bird,Tauhou (silvereye),Zosterops lateralis,cc-by,"(c) William Harland, some rights reserved (CC BY)",2024-11-17,413547,Zosterops lateralis lateralis,https://inaturalist-open-data.s3.amazonaws.com/photos/451244564/original.jpeg,c482222c4e5fd7653d2d0e8915fbe656,87215,2048,1121,train
451244569,252113548,tauhou,bird,Tauhou (silvereye),Zosterops lateralis,cc-by,"(c) William Harland, some rights reserved (CC BY)",2024-11-17,413547,Zosterops lateralis lateralis,https://inaturalist-open-data.s3.amazonaws.com/photos/451244569/original.jpeg,b7328fe949c4829be5ec18a41263a02d,154523,2048,1214,train
52272485,33288152,tauhou,bird,Tauhou (silvereye),Zosterops lateralis,cc-by,"(c) Jacqui Geux, some rights reserved (CC BY)",2019-09-23,413547,Zosterops lateralis lateralis,https://inaturalist-open-data.s3.amazonaws.com/photos/52272485/original.jpeg,c2040a7df6c28b2766a851fae3948d4e,189675,1600,1200,train
556863610,308648110,tauhou,bird,Tauhou (silvereye),Zosterops lateralis,cc-by,"(c) William Harland, some rights reserved (CC BY)",2025-08-22,413547,Zosterops lateralis lateralis,https://inaturalist-open-data.s3.amazonaws.com/photos/556863610/original.jpg,54b144e0396138d3115c222d7779340c,111862,2048,1268,train
6508102,5259220,tauhou,bird,Tauhou (silvereye),Zosterops lateralis,cc-by,"(c) Brett Sandford, some rights reserved (CC BY)",2017-03-10,413547,Zosterops lateralis lateralis,https://inaturalist-open-data.s3.amazonaws.com/photos/6508102/original.jpeg,087505a3b9382d2f8580186c0a779652,495030,2048,1536,train
6508105,5259220,tauhou,bird,Tauhou (silvereye),Zosterops lateralis,cc-by,"(c) Brett Sandford, some rights reserved (CC BY)",2017-03-10,413547,Zosterops lateralis lateralis,https://inaturalist-open-data.s3.amazonaws.com/photos/6508105/original.jpeg,b07e2c5c4004c2d738a26fca9690a144,483880,2048,1536,train
709368396,387388111,tauhou,bird,Tauhou (silvereye),Zosterops lateralis,cc-by,"(c) Colin Meurk, some rights reserved (CC BY)",2026-08-02,202505,Zosterops lateralis,https://inaturalist-open-data.s3.amazonaws.com/photos/709368396/original.jpg,93ef2f326e23f14ca3e6acec113abb5b,713014,1536,2048,train
726247748,396038624,tauhou,bird,Tauhou (silvereye),Zosterops lateralis,cc-by,"(c) William Harland, some rights reserved (CC BY)",2026-07-26,413547,Zosterops lateralis lateralis,https://inaturalist-open-data.s3.amazonaws.com/photos/726247748/original.jpg,79f5663bcbdec6a3bf8e1e624341c92d,130617,2048,1415,train
726247752,396038624,tauhou,bird,Tauhou (silvereye),Zosterops lateralis,cc-by,"(c) William Harland, some rights reserved (CC BY)",2026-07-26,413547,Zosterops lateralis lateralis,https://inaturalist-open-data.s3.amazonaws.com/photos/726247752/original.jpg,083d2d72cac05ab703132ccb0b4218f2,130624,2048,1433,train
78624515,49527672,tauhou,bird,Tauhou (silvereye),Zosterops lateralis,cc-by,"(c) Andy Bell, some rights reserved (CC BY)",2020-06-14,413547,Zosterops lateralis lateralis,https://inaturalist-open-data.s3.amazonaws.com/photos/78624515/original.jpg,d637a454b56ebf3d9f62fa930c76b8f1,338050,1536,2048,train
78624540,49527672,tauhou,bird,Tauhou (silvereye),Zosterops lateralis,cc-by,"(c) Andy Bell, some rights reserved (CC BY)",2020-06-14,413547,Zosterops lateralis lateralis,https://inaturalist-open-data.s3.amazonaws.com/photos/78624540/original.jpg,3bab419432978c7f41a59a38b11cb054,336386,1536,2048,train
78624574,49527672,tauhou,bird,Tauhou (silvereye),Zosterops lateralis,cc-by,"(c) Andy Bell, some rights reserved (CC BY)",2020-06-14,413547,Zosterops lateralis lateralis,https://inaturalist-open-data.s3.amazonaws.com/photos/78624574/original.jpg,17805baa69338e1553ed6613ec3221cd,401476,1536,2048,train
10243787,7791975,ti_kouka,plant,Tī kōuka (cabbage tree),Cordyline australis,cc-by,"(c) Jon Sullivan, some rights reserved (CC BY)",2017-04-23,50191,Cordyline australis,https://inaturalist-open-data.s3.amazonaws.com/photos/10243787/original.jpg,a23f28501fde8f3e87f6ff4bbffbe6b8,691394,2048,1536,train
10546299,7977278,ti_kouka,plant,Tī kōuka (cabbage tree),Cordyline australis,cc-by,"(c) Jon Sullivan, some rights reserved (CC BY)",2017-09-17,50191,Cordyline australis,https://inaturalist-open-data.s3.amazonaws.com/photos/10546299/original.jpg,cd92cbc2f3ed3abba6207d95f476ec59,378614,2048,1536,train
107299861,66546129,ti_kouka,plant,Tī kōuka (cabbage tree),Cordyline australis,cc-by,"(c) eyrezer, some rights reserved (CC BY)",2020-12-14,50191,Cordyline australis,https://inaturalist-open-data.s3.amazonaws.com/photos/107299861/original.jpg,52cdfe0ef0a18f27afca768fcbc46f3c,526441,1536,2048,train
107299885,66546129,ti_kouka,plant,Tī kōuka (cabbage tree),Cordyline australis,cc-by,"(c) eyrezer, some rights reserved (CC BY)",2020-12-14,50191,Cordyline australis,https://inaturalist-open-data.s3.amazonaws.com/photos/107299885/original.jpg,f14d154375263d04acbc484b056849b1,569587,1536,2048,train
11482937,8591355,ti_kouka,plant,Tī kōuka (cabbage tree),Cordyline australis,cc-by,"(c) Jon Sullivan, some rights reserved (CC BY)",2017-10-28,50191,Cordyline australis,https://inaturalist-open-data.s3.amazonaws.com/photos/11482937/original.jpg,ccb6feea4148f63bedfeb93fb7f1f552,698991,1536,2048,train
12070239,8955366,ti_kouka,plant,Tī kōuka (cabbage tree),Cordyline australis,cc-by,"(c) Jon Sullivan, some rights reserved (CC BY)",2017-11-17,50191,Cordyline australis,https://inaturalist-open-data.s3.amazonaws.com/photos/12070239/original.jpg,20afdd71f4c1814349ed532a55afb124,668765,1367,2048,train
126885552,77578630,ti_kouka,plant,Tī kōuka (cabbage tree),Cordyline australis,cc-by,"(c) Jon Sullivan, some rights reserved (CC BY)",2021-05-03,50191,Cordyline australis,https://inaturalist-open-data.s3.amazonaws.com/photos/126885552/original.jpg,a3d69040ba61ee5c8d95afa62133f272,270240,1367,2048,train
126885560,77578630,ti_kouka,plant,Tī kōuka (cabbage tree),Cordyline australis,cc-by,"(c) Jon Sullivan, some rights reserved (CC BY)",2021-05-03,50191,Cordyline australis,https://inaturalist-open-data.s3.amazonaws.com/photos/126885560/original.jpg,204e1a32eebae46b426395ddadd2deba,158115,1367,2048,train
126903672,77657143,ti_kouka,plant,Tī kōuka (cabbage tree),Cordyline australis,cc-by,"(c) Jon Sullivan, some rights reserved (CC BY)",2021-05-03,50191,Cordyline australis,https://inaturalist-open-data.s3.amazonaws.com/photos/126903672/original.jpg,ce7cb150b0bdb105783b0e0bfa03fa29,215405,1367,2048,train
127141615,77800665,ti_kouka,plant,Tī kōuka (cabbage tree),Cordyline australis,cc-by,"(c) Jon Sullivan, some rights reserved (CC BY)",2021-05-01,50191,Cordyline australis,https://inaturalist-open-data.s3.amazonaws.com/photos/127141615/original.jpg,c43dfce8011e1db301e93f4e57eefb79,407333,2048,1365,train
127285795,77850792,ti_kouka,plant,Tī kōuka (cabbage tree),Cordyline australis,cc-by,"(c) Jon Sullivan, some rights reserved (CC BY)",2021-05-02,50191,Cordyline australis,https://inaturalist-open-data.s3.amazonaws.com/photos/127285795/original.jpg,e63c0f27df689bacc212721fa6989566,230373,1367,2048,train
276878822,160231488,ti_kouka,plant,Tī kōuka (cabbage tree),Cordyline australis,cc-by,"(c) Joe Potter Butler, some rights reserved (CC BY)",2023-05-06,50191,Cordyline australis,https://inaturalist-open-data.s3.amazonaws.com/photos/276878822/original.jpeg,6f7ac8a521f7c05b6aa5b7de656f98a5,434610,1152,2048,train
28191860,18440652,ti_kouka,plant,Tī kōuka (cabbage tree),Cordyline australis,cc-by,"(c) Katja Schulz, some rights reserved (CC BY)",2018-09-05,50191,Cordyline australis,https://inaturalist-open-data.s3.amazonaws.com/photos/28191860/original.jpg,80acd545f54b04b58ce0333b07191509,570903,1536,2048,train
342023652,194556844,ti_kouka,plant,Tī kōuka (cabbage tree),Cordyline australis,cc-by,"(c) Nathan Odgers, some rights reserved (CC BY)",2023-12-22,50191,Cordyline australis,https://inaturalist-open-data.s3.amazonaws.com/photos/342023652/original.jpg,b91c9e9618cddfae0333cf829acc2344,497231,1536,2048,train
346510492,196829924,ti_kouka,plant,Tī kōuka (cabbage tree),Cordyline australis,cc0,no rights reserved,2024-01-16,50191,Cordyline australis,https://inaturalist-open-data.s3.amazonaws.com/photos/346510492/original.jpeg,e8f18d48f79f4141b6cf45a96f4870c4,325609,2048,1536,train
346792917,196969169,ti_kouka,plant,Tī kōuka (cabbage tree),Cordyline australis,cc0,no rights reserved,2021-05-13,50191,Cordyline australis,https://inaturalist-open-data.s3.amazonaws.com/photos/346792917/original.jpeg,f9a65d1a45b32c8bbc4d2dbba5d66858,587073,2048,1536,train
354666809,200964688,ti_kouka,plant,Tī kōuka (cabbage tree),Cordyline australis,cc-by,"(c) prosperosity, some rights reserved (CC BY)",2024-02-27,50191,Cordyline australis,https://inaturalist-open-data.s3.amazonaws.com/photos/354666809/original.jpg,ec586de4095b73d7e5d78b103318db9c,465517,1536,2048,train
354666814,200964688,ti_kouka,plant,Tī kōuka (cabbage tree),Cordyline australis,cc-by,"(c) prosperosity, some rights reserved (CC BY)",2024-02-27,50191,Cordyline australis,https://inaturalist-open-data.s3.amazonaws.com/photos/354666814/original.jpg,ea8c1b977d833a3ef2a91f9700eddf3a,437824,1536,2048,train
354666824,200964688,ti_kouka,plant,Tī kōuka (cabbage tree),Cordyline australis,cc-by,"(c) prosperosity, some rights reserved (CC BY)",2024-02-27,50191,Cordyline australis,https://inaturalist-open-data.s3.amazonaws.com/photos/354666824/original.jpg,f57b2308b20716bc2a6c88cb32e05e3d,201498,1536,2048,train
377080641,213374351,ti_kouka,plant,Tī kōuka (cabbage tree),Cordyline australis,cc-by,"(c) Jon Sullivan, some rights reserved (CC BY)",2024-04-28,50191,Cordyline australis,https://inaturalist-open-data.s3.amazonaws.com/photos/377080641/original.jpg,7babd0e122388cb86cbba7b42b87897b,215656,1365,2048,train
377080677,213374351,ti_kouka,plant,Tī kōuka (cabbage tree),Cordyline australis,cc-by,"(c) Jon Sullivan, some rights reserved (CC BY)",2024-04-28,50191,Cordyline australis,https://inaturalist-open-data.s3.amazonaws.com/photos/377080677/original.jpg,ec3dc68a1a84348c12be276d75dde232,308123,1365,2048,train
433743783,243253582,ti_kouka,plant,Tī kōuka (cabbage tree),Cordyline australis,cc-by,"(c) kiwialli, some rights reserved (CC BY)",2024-09-22,50191,Cordyline australis,https://inaturalist-open-data.s3.amazonaws.com/photos/433743783/original.jpeg,4622ead5c05ac20b82d62683fc41900c,1135357,2048,2048,train
458987049,256050996,ti_kouka,plant,Tī kōuka (cabbage tree),Cordyline australis,cc-by,"(c) Colin Meurk, some rights reserved (CC BY)",2024-12-24,50191,Cordyline australis,https://inaturalist-open-data.s3.amazonaws.com/photos/458987049/original.jpeg,81b1fbdd655056a66aec9b778a8bcf09,664237,1536,2048,train
458987063,256050996,ti_kouka,plant,Tī kōuka (cabbage tree),Cordyline australis,cc-by,"(c) Colin Meurk, some rights reserved (CC BY)",2024-12-24,50191,Cordyline australis,https://inaturalist-open-data.s3.amazonaws.com/photos/458987063/original.jpeg,7007bb713bc74bf55dcdaafa15553dbb,658592,1536,2048,train
488150459,271378955,ti_kouka,plant,Tī kōuka (cabbage tree),Cordyline australis,cc-by,"(c) boytouchgrass, some rights reserved (CC BY)",2025-04-18,50191,Cordyline australis,https://inaturalist-open-data.s3.amazonaws.com/photos/488150459/original.jpg,473f5f397f7e446b4561bbe9dae68220,993735,1536,2048,train
51153394,32606546,ti_kouka,plant,Tī kōuka (cabbage tree),Cordyline australis,cc0,no rights reserved,2019-08-07,50191,Cordyline australis,https://inaturalist-open-data.s3.amazonaws.com/photos/51153394/original.jpeg,73eb42bc54aa8374b87038e9ab37234a,342228,2048,1536,train
51153413,32606546,ti_kouka,plant,Tī kōuka (cabbage tree),Cordyline australis,cc0,no rights reserved,2019-08-07,50191,Cordyline australis,https://inaturalist-open-data.s3.amazonaws.com/photos/51153413/original.jpeg,d726021203b88621bb19f80a6256b3b4,344475,2048,1536,train
51792455,32997460,ti_kouka,plant,Tī kōuka (cabbage tree),Cordyline australis,cc0,no rights reserved,2019-04-11,50191,Cordyline australis,https://inaturalist-open-data.s3.amazonaws.com/photos/51792455/original.jpeg,6991058b802d33805e3bdf657a282bcc,559659,2026,2048,train
51792459,32997460,ti_kouka,plant,Tī kōuka (cabbage tree),Cordyline australis,cc0,no rights reserved,2019-04-11,50191,Cordyline australis,https://inaturalist-open-data.s3.amazonaws.com/photos/51792459/original.jpeg,fe1b2e1a9e8b6a872a0d61935d794262,350584,2048,1899,train
51792588,32997461,ti_kouka,plant,Tī kōuka (cabbage tree),Cordyline australis,cc0,no rights reserved,2019-04-11,50191,Cordyline australis,https://inaturalist-open-data.s3.amazonaws.com/photos/51792588/original.jpeg,d1bc1015d49246160dd0c82e2a313a2d,357383,2048,1357,train
51792614,32997461,ti_kouka,plant,Tī kōuka (cabbage tree),Cordyline australis,cc0,no rights reserved,2019-04-11,50191,Cordyline australis,https://inaturalist-open-data.s3.amazonaws.com/photos/51792614/original.jpeg,4a3e59dd5409fcb389b8810bb4ab8be9,368530,1536,2048,train
55075062,34951733,ti_kouka,plant,Tī kōuka (cabbage tree),Cordyline australis,cc-by,"(c) Jacqui Geux, some rights reserved (CC BY)",2019-10-25,50191,Cordyline australis,https://inaturalist-open-data.s3.amazonaws.com/photos/55075062/original.jpeg,39d9b0dac89bb30f696e376dff481323,188391,1600,1200,train
55075066,34951733,ti_kouka,plant,Tī kōuka (cabbage tree),Cordyline australis,cc-by,"(c) Jacqui Geux, some rights reserved (CC BY)",2019-10-25,50191,Cordyline australis,https://inaturalist-open-data.s3.amazonaws.com/photos/55075066/original.jpeg,f50192cc3b5e054896dca1f2d9168499,316210,1600,1200,train
55075069,34951733,ti_kouka,plant,Tī kōuka (cabbage tree),Cordyline australis,cc-by,"(c) Jacqui Geux, some rights reserved (CC BY)",2019-10-25,50191,Cordyline australis,https://inaturalist-open-data.s3.amazonaws.com/photos/55075069/original.jpeg,568a1aa0f290cbd52d6899747040ab0f,205097,1600,1200,train
56900445,36037192,ti_kouka,plant,Tī kōuka (cabbage tree),Cordyline australis,cc0,no rights reserved,2019-03-19,50191,Cordyline australis,https://inaturalist-open-data.s3.amazonaws.com/photos/56900445/original.jpeg,ddeb7cc9174e06c3be1529395cadba2d,329090,1536,2048,train
694912179,379873113,ti_kouka,plant,Tī kōuka (cabbage tree),Cordyline australis,cc0,no rights reserved,2026-07-08,50191,Cordyline australis,https://inaturalist-open-data.s3.amazonaws.com/photos/694912179/original.jpg,28a36cccd26e323033e44d2d9acd8bb1,664632,1536,2048,train
123576782,75527375,tradescantia,plant,Tradescantia,Tradescantia fluminensis,cc0,no rights reserved,2021-04-27,79382,Tradescantia fluminensis,https://inaturalist-open-data.s3.amazonaws.com/photos/123576782/original.jpeg,f4d06b055fe72ecd51ae2d394fc28f6d,234867,2048,1536,train
123576867,75527375,tradescantia,plant,Tradescantia,Tradescantia fluminensis,cc0,no rights reserved,2021-04-27,79382,Tradescantia fluminensis,https://inaturalist-open-data.s3.amazonaws.com/photos/123576867/original.jpeg,301ba1d37f8c0b613498915679cad127,257058,1536,2048,train
123576879,75527375,tradescantia,plant,Tradescantia,Tradescantia fluminensis,cc0,no rights reserved,2021-04-27,79382,Tradescantia fluminensis,https://inaturalist-open-data.s3.amazonaws.com/photos/123576879/original.jpeg,6809d67d8cf12657f3bd46f9f17a4d32,250965,1536,2048,train
123579381,75527375,tradescantia,plant,Tradescantia,Tradescantia fluminensis,cc0,no rights reserved,2021-04-27,79382,Tradescantia fluminensis,https://inaturalist-open-data.s3.amazonaws.com/photos/123579381/original.jpeg,5e30542ca24702b54fda694c3618193a,271649,2048,1536,train
124019993,75790145,tradescantia,plant,Tradescantia,Tradescantia fluminensis,cc-by,"(c) Joe Dillon, some rights reserved (CC BY)",2021-04-30,79382,Tradescantia fluminensis,https://inaturalist-open-data.s3.amazonaws.com/photos/124019993/original.jpeg,92eb6706ad1b81b25a628f37484e4ae8,345638,2048,1365,train
126611721,77418607,tradescantia,plant,Tradescantia,Tradescantia fluminensis,cc-by,"(c) Jon Sullivan, some rights reserved (CC BY)",2021-05-03,79382,Tradescantia fluminensis,https://inaturalist-open-data.s3.amazonaws.com/photos/126611721/original.jpg,4d63cbbb4bc60c1656657172382bef9d,384353,2048,1367,train
174576259,103604710,tradescantia,plant,Tradescantia,Tradescantia fluminensis,cc-by,"(c) Mark, some rights reserved (CC BY)",2021-12-19,79382,Tradescantia fluminensis,https://inaturalist-open-data.s3.amazonaws.com/photos/174576259/original.jpg,fd1f40a1dc6033aaf31ad86d0cf27006,407818,1536,2048,train
1989956,1620702,tradescantia,plant,Tradescantia,Tradescantia fluminensis,cc-by,"(c) Jon Sullivan, some rights reserved (CC BY)",2015-06-12,79382,Tradescantia fluminensis,https://inaturalist-open-data.s3.amazonaws.com/photos/1989956/original.jpg,f88fa3129ae44e38c26faeff2379bc66,175401,1536,2048,train
26816815,17609673,tradescantia,plant,Tradescantia,Tradescantia fluminensis,cc0,no rights reserved,2018-10-10,79382,Tradescantia fluminensis,https://inaturalist-open-data.s3.amazonaws.com/photos/26816815/original.jpeg,9c1b6d9e685d788185710175ba8aa8ff,436839,1536,2048,train
276911433,160254183,tradescantia,plant,Tradescantia,Tradescantia fluminensis,cc-by,"(c) Jon Sullivan, some rights reserved (CC BY)",2023-04-30,79382,Tradescantia fluminensis,https://inaturalist-open-data.s3.amazonaws.com/photos/276911433/original.jpg,266a3fc0067a32a768a4d6a02f510878,515254,2048,1365,train
340613680,193859893,tradescantia,plant,Tradescantia,Tradescantia fluminensis,cc-by,"(c) Michael Berardozzi, some rights reserved (CC BY)",2023-12-13,79382,Tradescantia fluminensis,https://inaturalist-open-data.s3.amazonaws.com/photos/340613680/original.jpeg,9ae31d51646dd1abfc655bf46e1fb215,218375,1536,2048,train
359669695,203557908,tradescantia,plant,Tradescantia,Tradescantia fluminensis,cc-by,"(c) Saryu Mae 前 朝琉, some rights reserved (CC BY)",2023-12-01,79382,Tradescantia fluminensis,https://inaturalist-open-data.s3.amazonaws.com/photos/359669695/original.jpeg,2c800aa8bf33988332d1930b5331bf5a,99941,2048,1536,train
440551015,246742301,tradescantia,plant,Tradescantia,Tradescantia fluminensis,cc-by,"(c) Joe Dillon, some rights reserved (CC BY)",2024-10-06,79382,Tradescantia fluminensis,https://inaturalist-open-data.s3.amazonaws.com/photos/440551015/original.jpeg,475dc6290761bd753fd406b7840566e4,366423,2048,1365,train
492066649,273605751,tradescantia,plant,Tradescantia,Tradescantia fluminensis,cc-by,"(c) John Davey, some rights reserved (CC BY)",2025-04-26,79382,Tradescantia fluminensis,https://inaturalist-open-data.s3.amazonaws.com/photos/492066649/original.jpg,349cb7cdab71c9df81f2cc8d01e69e12,1472591,2048,2048,train
498948315,277892534,tradescantia,plant,Tradescantia,Tradescantia fluminensis,cc-by,"(c) Jon Sullivan, some rights reserved (CC BY)",2025-04-26,79382,Tradescantia fluminensis,https://inaturalist-open-data.s3.amazonaws.com/photos/498948315/original.jpg,67af5574c3d869e247300325c7c13e21,487635,2048,1365,train
499645788,278285663,tradescantia,plant,Tradescantia,Tradescantia fluminensis,cc-by,"(c) Jon Sullivan, some rights reserved (CC BY)",2025-04-27,79382,Tradescantia fluminensis,https://inaturalist-open-data.s3.amazonaws.com/photos/499645788/original.jpg,c241427bd131f9207038a55d57896a4f,537496,2048,1536,train
505138454,273605751,tradescantia,plant,Tradescantia,Tradescantia fluminensis,cc-by,"(c) John Davey, some rights reserved (CC BY)",2025-04-26,79382,Tradescantia fluminensis,https://inaturalist-open-data.s3.amazonaws.com/photos/505138454/original.jpg,3ffc3460278150238f757fb8deff7f8e,1227637,1884,1884,train
5058281,4234287,tradescantia,plant,Tradescantia,Tradescantia fluminensis,cc-by,"(c) Jon Sullivan, some rights reserved (CC BY)",2016-09-17,79382,Tradescantia fluminensis,https://inaturalist-open-data.s3.amazonaws.com/photos/5058281/original.jpg,9364a088071cd455ab1ab033d5bc626c,507403,2048,1536,train
51007900,32516652,tradescantia,plant,Tradescantia,Tradescantia fluminensis,cc0,no rights reserved,2019-07-05,79382,Tradescantia fluminensis,https://inaturalist-open-data.s3.amazonaws.com/photos/51007900/original.jpeg,69c4ac166076c413009cf5070db6952d,418924,2048,1536,train
51073889,32556894,tradescantia,plant,Tradescantia,Tradescantia fluminensis,cc0,no rights reserved,2019-07-05,79382,Tradescantia fluminensis,https://inaturalist-open-data.s3.amazonaws.com/photos/51073889/original.jpeg,f56b2ce5016359ced00f7ff62428f0b1,400474,2048,1536,train
51153151,32606527,tradescantia,plant,Tradescantia,Tradescantia fluminensis,cc0,no rights reserved,2019-08-07,79382,Tradescantia fluminensis,https://inaturalist-open-data.s3.amazonaws.com/photos/51153151/original.jpeg,4266583015b95603b4f1226676753a85,302274,2048,1536,train
51187383,32626122,tradescantia,plant,Tradescantia,Tradescantia fluminensis,cc0,no rights reserved,2019-03-19,79382,Tradescantia fluminensis,https://inaturalist-open-data.s3.amazonaws.com/photos/51187383/original.jpeg,7c5f56088d0cc15a456d96fb235ba86a,343378,2048,1536,train
51187430,32626122,tradescantia,plant,Tradescantia,Tradescantia fluminensis,cc0,no rights reserved,2019-03-19,79382,Tradescantia fluminensis,https://inaturalist-open-data.s3.amazonaws.com/photos/51187430/original.jpeg,2374cd1d5980bd13a5ea25a60fc3f9c7,384534,2048,1536,train
51575117,32863241,tradescantia,plant,Tradescantia,Tradescantia fluminensis,cc0,no rights reserved,2019-06-04,79382,Tradescantia fluminensis,https://inaturalist-open-data.s3.amazonaws.com/photos/51575117/original.jpeg,d683978c3d2f3a101fe094bfb40b4ab5,405987,2048,1536,train
51575274,32863241,tradescantia,plant,Tradescantia,Tradescantia fluminensis,cc0,no rights reserved,2019-06-04,79382,Tradescantia fluminensis,https://inaturalist-open-data.s3.amazonaws.com/photos/51575274/original.jpeg,7a6f9b0e5b8049532d678a944deadef2,443204,1536,2048,train
52201660,33246356,tradescantia,plant,Tradescantia,Tradescantia fluminensis,cc0,no rights reserved,2019-04-09,79382,Tradescantia fluminensis,https://inaturalist-open-data.s3.amazonaws.com/photos/52201660/original.jpeg,1b3c3c6eecf98e8ebb37dabb3a8d74f6,383449,2048,1536,train
52201661,33246356,tradescantia,plant,Tradescantia,Tradescantia fluminensis,cc0,no rights reserved,2019-04-09,79382,Tradescantia fluminensis,https://inaturalist-open-data.s3.amazonaws.com/photos/52201661/original.jpeg,6c570ad1de80f1cb8400100c14cc4e4d,376181,2048,1536,train
54356183,34530731,tradescantia,plant,Tradescantia,Tradescantia fluminensis,cc0,no rights reserved,2019-10-18,79382,Tradescantia fluminensis,https://inaturalist-open-data.s3.amazonaws.com/photos/54356183/original.jpeg,3bd8d5d5edd3a20924bc41b22912fe71,411177,2048,1596,train
54740143,34757898,tradescantia,plant,Tradescantia,Tradescantia fluminensis,cc0,no rights reserved,2019-09-24,79382,Tradescantia fluminensis,https://inaturalist-open-data.s3.amazonaws.com/photos/54740143/original.jpeg,0960ea2d99ad6538bf53224f235aa547,326724,2048,1536,train
54740388,34757898,tradescantia,plant,Tradescantia,Tradescantia fluminensis,cc0,no rights reserved,2019-09-24,79382,Tradescantia fluminensis,https://inaturalist-open-data.s3.amazonaws.com/photos/54740388/original.jpeg,1cc596b240ef939d0bcd216f9af40228,267252,2048,1536,train
55351039,35113944,tradescantia,plant,Tradescantia,Tradescantia fluminensis,cc0,no rights reserved,2019-04-20,79382,Tradescantia fluminensis,https://inaturalist-open-data.s3.amazonaws.com/photos/55351039/original.jpeg,55966e59991aee08e8fe94d3151f2e41,588062,1828,2048,train
55406221,35157356,tradescantia,plant,Tradescantia,Tradescantia fluminensis,cc0,no rights reserved,2019-07-30,79382,Tradescantia fluminensis,https://inaturalist-open-data.s3.amazonaws.com/photos/55406221/original.jpeg,00dc04a7c467cc271e01ef6df270eddb,520484,2048,1881,train
55683470,35320063,tradescantia,plant,Tradescantia,Tradescantia fluminensis,cc0,no rights reserved,2019-04-02,79382,Tradescantia fluminensis,https://inaturalist-open-data.s3.amazonaws.com/photos/55683470/original.jpeg,c1abc96483912cdd20ee60aa9e697269,350057,1536,2048,train
55683480,35320063,tradescantia,plant,Tradescantia,Tradescantia fluminensis,cc0,no rights reserved,2019-04-02,79382,Tradescantia fluminensis,https://inaturalist-open-data.s3.amazonaws.com/photos/55683480/original.jpeg,2c066e3de32fb28d270afa2ede33bbb6,339559,2048,1536,train
5683840,4682352,tradescantia,plant,Tradescantia,Tradescantia fluminensis,cc-by,"(c) War Weeds, some rights reserved (CC BY)",2016-12-01,79382,Tradescantia fluminensis,https://inaturalist-open-data.s3.amazonaws.com/photos/5683840/original.jpeg,43d757baa087b051a404ad83c96bd8b6,583554,1152,2048,train
56995532,36086931,tradescantia,plant,Tradescantia,Tradescantia fluminensis,cc0,no rights reserved,2019-07-05,79382,Tradescantia fluminensis,https://inaturalist-open-data.s3.amazonaws.com/photos/56995532/original.jpeg,a6de62c8aa79104304d4a7ff09082316,245832,2048,1536,train
57035451,36108146,tradescantia,plant,Tradescantia,Tradescantia fluminensis,cc0,no rights reserved,2019-03-19,79382,Tradescantia fluminensis,https://inaturalist-open-data.s3.amazonaws.com/photos/57035451/original.jpeg,61a326422c77031ed13343841a91fd12,316749,2048,1536,train
57138385,36167701,tradescantia,plant,Tradescantia,Tradescantia fluminensis,cc0,no rights reserved,2019-08-25,79382,Tradescantia fluminensis,https://inaturalist-open-data.s3.amazonaws.com/photos/57138385/original.jpeg,a2772b4576faa2fb09203ab9c4aa850c,279388,2048,1536,train
68653850,43254018,tradescantia,plant,Tradescantia,Tradescantia fluminensis,cc-by,"(c) Taylor Davies-Colley, some rights reserved (CC BY)",2020-04-25,79382,Tradescantia fluminensis,https://inaturalist-open-data.s3.amazonaws.com/photos/68653850/original.jpeg,242eb096f490c100faa5519a42bf4e6e,479711,1536,2048,train
68653881,43254018,tradescantia,plant,Tradescantia,Tradescantia fluminensis,cc-by,"(c) Taylor Davies-Colley, some rights reserved (CC BY)",2020-04-25,79382,Tradescantia fluminensis,https://inaturalist-open-data.s3.amazonaws.com/photos/68653881/original.jpeg,a5c329a5cc2958d256e14dfbd038ebdc,405429,1536,2048,train
7005369,5657743,tradescantia,plant,Tradescantia,Tradescantia fluminensis,cc-by,"(c) Brett Sandford, some rights reserved (CC BY)",2017-04-12,79382,Tradescantia fluminensis,https://inaturalist-open-data.s3.amazonaws.com/photos/7005369/original.jpeg,5d6032d07f33840794bef588812b6003,399565,2048,1536,train
7005650,5657743,tradescantia,plant,Tradescantia,Tradescantia fluminensis,cc-by,"(c) Brett Sandford, some rights reserved (CC BY)",2017-04-12,79382,Tradescantia fluminensis,https://inaturalist-open-data.s3.amazonaws.com/photos/7005650/original.jpg,44584e34a5d5d12502a339b54f8c5280,295293,2048,1536,train
1789444,1445299,tui,bird,Tūī,Prosthemadera novaeseelandiae,cc-by,"(c) Jon Sullivan, some rights reserved (CC BY)",2015-05-02,12580,Prosthemadera novaeseelandiae,https://inaturalist-open-data.s3.amazonaws.com/photos/1789444/original.jpg,7b4628c9619a5c98e727666aa9c45398,210417,1875,1250,train
267266671,154663860,tui,bird,Tūī,Prosthemadera novaeseelandiae,cc-by,"(c) Jon Sullivan, some rights reserved (CC BY)",2023-04-13,413522,Prosthemadera novaeseelandiae novaeseelandiae,https://inaturalist-open-data.s3.amazonaws.com/photos/267266671/original.jpg,06700f8a7b9d709442b8d49c9db7d8aa,219376,2048,1367,train
267266677,154663860,tui,bird,Tūī,Prosthemadera novaeseelandiae,cc-by,"(c) Jon Sullivan, some rights reserved (CC BY)",2023-04-13,413522,Prosthemadera novaeseelandiae novaeseelandiae,https://inaturalist-open-data.s3.amazonaws.com/photos/267266677/original.jpg,bd8b22ee63b404a2f914ba00973f1229,207822,2048,1367,train
268712704,155449919,tui,bird,Tūī,Prosthemadera novaeseelandiae,cc-by,"(c) Michael Berardozzi, some rights reserved (CC BY)",2018-12-02,413522,Prosthemadera novaeseelandiae novaeseelandiae,https://inaturalist-open-data.s3.amazonaws.com/photos/268712704/original.jpeg,cf19b1d87da98762e632629c44d47c08,188535,2048,1536,train
268712720,155449919,tui,bird,Tūī,Prosthemadera novaeseelandiae,cc-by,"(c) Michael Berardozzi, some rights reserved (CC BY)",2018-12-02,413522,Prosthemadera novaeseelandiae novaeseelandiae,https://inaturalist-open-data.s3.amazonaws.com/photos/268712720/original.jpeg,5cb5c6155f5d018e97a94e04ef111f70,286303,2048,1536,train
268712738,155449919,tui,bird,Tūī,Prosthemadera novaeseelandiae,cc-by,"(c) Michael Berardozzi, some rights reserved (CC BY)",2018-12-02,413522,Prosthemadera novaeseelandiae novaeseelandiae,https://inaturalist-open-data.s3.amazonaws.com/photos/268712738/original.jpeg,91cdc5bd86e1f9fafd057f19ae191e3a,265717,2048,1536,train
268712747,155449919,tui,bird,Tūī,Prosthemadera novaeseelandiae,cc-by,"(c) Michael Berardozzi, some rights reserved (CC BY)",2018-12-02,413522,Prosthemadera novaeseelandiae novaeseelandiae,https://inaturalist-open-data.s3.amazonaws.com/photos/268712747/original.jpeg,db2f552b52e33afffb4605efd7bd7ec6,239054,2048,1536,train
331602745,189315617,tui,bird,Tūī,Prosthemadera novaeseelandiae,cc-by,"(c) Tom Beard, some rights reserved (CC BY)",2023-10-24,413522,Prosthemadera novaeseelandiae novaeseelandiae,https://inaturalist-open-data.s3.amazonaws.com/photos/331602745/original.jpg,a3e9b2b6bc5a0f9f445bc8ae191f429c,435046,1578,1614,train
331602759,189315617,tui,bird,Tūī,Prosthemadera novaeseelandiae,cc-by,"(c) Tom Beard, some rights reserved (CC BY)",2023-10-24,413522,Prosthemadera novaeseelandiae novaeseelandiae,https://inaturalist-open-data.s3.amazonaws.com/photos/331602759/original.jpg,03ec56e736d55fada3d046b9036e3e0f,524316,2019,1824,train
385456220,217856564,tui,bird,Tūī,Prosthemadera novaeseelandiae,cc-by,"(c) Jon Sullivan, some rights reserved (CC BY)",2024-05-24,413522,Prosthemadera novaeseelandiae novaeseelandiae,https://inaturalist-open-data.s3.amazonaws.com/photos/385456220/original.jpg,211c301e68cecc5c35e3573ada616b71,425502,1534,1150,train
385456222,217856564,tui,bird,Tūī,Prosthemadera novaeseelandiae,cc-by,"(c) Jon Sullivan, some rights reserved (CC BY)",2024-05-24,413522,Prosthemadera novaeseelandiae novaeseelandiae,https://inaturalist-open-data.s3.amazonaws.com/photos/385456222/original.jpg,1e78f15e6fecdceafbc44822800435ec,495500,1536,2048,train
385456243,217856564,tui,bird,Tūī,Prosthemadera novaeseelandiae,cc-by,"(c) Jon Sullivan, some rights reserved (CC BY)",2024-05-24,413522,Prosthemadera novaeseelandiae novaeseelandiae,https://inaturalist-open-data.s3.amazonaws.com/photos/385456243/original.jpg,528da851ddc9cb1790497a733f162fef,534440,1536,2048,train
406784353,229180886,tui,bird,Tūī,Prosthemadera novaeseelandiae,cc-by,"(c) William Harland, some rights reserved (CC BY)",2014-01-17,413522,Prosthemadera novaeseelandiae novaeseelandiae,https://inaturalist-open-data.s3.amazonaws.com/photos/406784353/original.jpeg,c67a4221d64ca9ccb1603eb9dafaabcb,197153,2048,2036,train
430979162,241791944,tui,bird,Tūī,Prosthemadera novaeseelandiae,cc-by,"(c) Svend Hansen, some rights reserved (CC BY)",2024-09-15,413522,Prosthemadera novaeseelandiae novaeseelandiae,https://inaturalist-open-data.s3.amazonaws.com/photos/430979162/original.jpeg,305e53470c37f852d6a91b4e2beeb052,378962,1152,2048,train
430979193,241791944,tui,bird,Tūī,Prosthemadera novaeseelandiae,cc-by,"(c) Svend Hansen, some rights reserved (CC BY)",2024-09-15,413522,Prosthemadera novaeseelandiae novaeseelandiae,https://inaturalist-open-data.s3.amazonaws.com/photos/430979193/original.jpeg,6d5f3c02f7ae763b5ab6e3923230a2a7,374904,1152,2048,train
464218187,258700430,tui,bird,Tūī,Prosthemadera novaeseelandiae,cc-by,"(c) William Harland, some rights reserved (CC BY)",2025-01-10,413522,Prosthemadera novaeseelandiae novaeseelandiae,https://inaturalist-open-data.s3.amazonaws.com/photos/464218187/original.jpeg,034ff7b4c844818e18fd905ba3eb883f,112714,2048,1220,train
464218189,258700430,tui,bird,Tūī,Prosthemadera novaeseelandiae,cc-by,"(c) William Harland, some rights reserved (CC BY)",2025-01-10,413522,Prosthemadera novaeseelandiae novaeseelandiae,https://inaturalist-open-data.s3.amazonaws.com/photos/464218189/original.jpeg,bc288e0e5aeb44c59005f3adf2ddae20,129629,2048,1284,train
46781423,29957487,tui,bird,Tūī,Prosthemadera novaeseelandiae,cc-by,"(c) Aalbert Rebergen, some rights reserved (CC BY)",2019-07-28,413522,Prosthemadera novaeseelandiae novaeseelandiae,https://inaturalist-open-data.s3.amazonaws.com/photos/46781423/original.jpg,84a1377ca0d5decd4ebb9c389f4e3c1d,285240,2048,1623,train
47785555,30582784,tui,bird,Tūī,Prosthemadera novaeseelandiae,cc-by,"(c) Jacqui Geux, some rights reserved (CC BY)",2019-08-09,413522,Prosthemadera novaeseelandiae novaeseelandiae,https://inaturalist-open-data.s3.amazonaws.com/photos/47785555/original.jpeg,7e9f5befafac8883165685de4cf051b2,153886,2048,1536,train
47785556,30582784,tui,bird,Tūī,Prosthemadera novaeseelandiae,cc-by,"(c) Jacqui Geux, some rights reserved (CC BY)",2019-08-09,413522,Prosthemadera novaeseelandiae novaeseelandiae,https://inaturalist-open-data.s3.amazonaws.com/photos/47785556/original.jpeg,09f7e5935c8156aa9d2685f8203c7ef0,165271,2048,1536,train
47785565,30582784,tui,bird,Tūī,Prosthemadera novaeseelandiae,cc-by,"(c) Jacqui Geux, some rights reserved (CC BY)",2019-08-09,413522,Prosthemadera novaeseelandiae novaeseelandiae,https://inaturalist-open-data.s3.amazonaws.com/photos/47785565/original.jpeg,a369e447141c83f2239f4df87d4f0a77,181589,2048,1536,train
47785580,30582784,tui,bird,Tūī,Prosthemadera novaeseelandiae,cc-by,"(c) Jacqui Geux, some rights reserved (CC BY)",2019-08-09,413522,Prosthemadera novaeseelandiae novaeseelandiae,https://inaturalist-open-data.s3.amazonaws.com/photos/47785580/original.jpeg,ba86b7d9394537217120dcc6a4bae00e,183705,2048,1536,train
47785594,30582784,tui,bird,Tūī,Prosthemadera novaeseelandiae,cc-by,"(c) Jacqui Geux, some rights reserved (CC BY)",2019-08-09,413522,Prosthemadera novaeseelandiae novaeseelandiae,https://inaturalist-open-data.s3.amazonaws.com/photos/47785594/original.jpeg,6cd401510e2b8a1208d8d1523848fa37,183941,2048,1536,train
490893512,272855084,tui,bird,Tūī,Prosthemadera novaeseelandiae,cc0,no rights reserved,2025-04-25,413522,Prosthemadera novaeseelandiae novaeseelandiae,https://inaturalist-open-data.s3.amazonaws.com/photos/490893512/original.jpeg,0f3c1dba46eb4871d19756c126bc6fda,224243,2034,2048,train
54772529,34775896,tui,bird,Tūī,Prosthemadera novaeseelandiae,cc-by,"(c) Jacqui Geux, some rights reserved (CC BY)",2019-10-22,413522,Prosthemadera novaeseelandiae novaeseelandiae,https://inaturalist-open-data.s3.amazonaws.com/photos/54772529/original.jpeg,929cec1c2564e273778d69c9d2ba0253,151685,1600,1200,train
54772532,34775896,tui,bird,Tūī,Prosthemadera novaeseelandiae,cc-by,"(c) Jacqui Geux, some rights reserved (CC BY)",2019-10-22,413522,Prosthemadera novaeseelandiae novaeseelandiae,https://inaturalist-open-data.s3.amazonaws.com/photos/54772532/original.jpeg,a8095a6a9b67140aff19b325d4804260,154870,1600,1200,train
54772533,34775896,tui,bird,Tūī,Prosthemadera novaeseelandiae,cc-by,"(c) Jacqui Geux, some rights reserved (CC BY)",2019-10-22,413522,Prosthemadera novaeseelandiae novaeseelandiae,https://inaturalist-open-data.s3.amazonaws.com/photos/54772533/original.jpeg,b97ae17fae4ee41a7a1791869c5200e5,153115,1600,1200,train
550149250,305140683,tui,bird,Tūī,Prosthemadera novaeseelandiae,cc-by,"(c) Charlotte Sutton, some rights reserved (CC BY)",2025-08-10,413522,Prosthemadera novaeseelandiae novaeseelandiae,https://inaturalist-open-data.s3.amazonaws.com/photos/550149250/original.jpg,d754fdc22bcd76dcc87be73d7eb56c6f,822899,2048,1368,train
550149252,305140683,tui,bird,Tūī,Prosthemadera novaeseelandiae,cc-by,"(c) Charlotte Sutton, some rights reserved (CC BY)",2025-08-10,413522,Prosthemadera novaeseelandiae novaeseelandiae,https://inaturalist-open-data.s3.amazonaws.com/photos/550149252/original.jpg,8e2ccf95c4430c51513ae4ee625034f5,959445,2048,1368,train
550149253,305140683,tui,bird,Tūī,Prosthemadera novaeseelandiae,cc-by,"(c) Charlotte Sutton, some rights reserved (CC BY)",2025-08-10,413522,Prosthemadera novaeseelandiae novaeseelandiae,https://inaturalist-open-data.s3.amazonaws.com/photos/550149253/original.jpg,518093594dfe3208348d7fab97304edf,801693,2048,1368,train
566539047,313708733,tui,bird,Tūī,Prosthemadera novaeseelandiae,cc-by,"(c) Shaun Lee, some rights reserved (CC BY)",2025-09-13,413522,Prosthemadera novaeseelandiae novaeseelandiae,https://inaturalist-open-data.s3.amazonaws.com/photos/566539047/original.jpg,0912b432c821d147361e141e72fbd660,238920,2048,1365,train
57214831,36212410,tui,bird,Tūī,Prosthemadera novaeseelandiae,cc-by,"(c) wild_wind, some rights reserved (CC BY)",2019-11-30,413522,Prosthemadera novaeseelandiae novaeseelandiae,https://inaturalist-open-data.s3.amazonaws.com/photos/57214831/original.jpeg,342b885f6a8fb83cdfbfa7dc1f1c09d7,160902,2048,1611,train
5835295,4788646,tui,bird,Tūī,Prosthemadera novaeseelandiae,cc-by,"(c) Jacqui Geux, some rights reserved (CC BY)",2016-12-16,413522,Prosthemadera novaeseelandiae novaeseelandiae,https://inaturalist-open-data.s3.amazonaws.com/photos/5835295/original.jpeg,215856bf43e7c34b9e771bcfe8ca434d,233590,1600,1200,train
5835315,4788646,tui,bird,Tūī,Prosthemadera novaeseelandiae,cc-by,"(c) Jacqui Geux, some rights reserved (CC BY)",2016-12-16,413522,Prosthemadera novaeseelandiae novaeseelandiae,https://inaturalist-open-data.s3.amazonaws.com/photos/5835315/original.jpeg,e55f78d1299572ddb9258cd86feb2eca,250184,1600,1200,train
58513210,36961703,tui,bird,Tūī,Prosthemadera novaeseelandiae,cc-by,"(c) Jacqui Geux, some rights reserved (CC BY)",2019-12-26,413522,Prosthemadera novaeseelandiae novaeseelandiae,https://inaturalist-open-data.s3.amazonaws.com/photos/58513210/original.jpeg,bbb2b185c4a3fd4865ed75171ab457a4,221421,1600,1199,train
58513215,36961703,tui,bird,Tūī,Prosthemadera novaeseelandiae,cc-by,"(c) Jacqui Geux, some rights reserved (CC BY)",2019-12-26,413522,Prosthemadera novaeseelandiae novaeseelandiae,https://inaturalist-open-data.s3.amazonaws.com/photos/58513215/original.jpeg,5082e96c3f3a74919c2247e25fb2d88b,256717,1600,1200,train
58513220,36961703,tui,bird,Tūī,Prosthemadera novaeseelandiae,cc-by,"(c) Jacqui Geux, some rights reserved (CC BY)",2019-12-26,413522,Prosthemadera novaeseelandiae novaeseelandiae,https://inaturalist-open-data.s3.amazonaws.com/photos/58513220/original.jpeg,7ae9ab178f150cfe9d360eac7ea9b92c,297870,1600,1200,train
58513223,36961703,tui,bird,Tūī,Prosthemadera novaeseelandiae,cc-by,"(c) Jacqui Geux, some rights reserved (CC BY)",2019-12-26,413522,Prosthemadera novaeseelandiae novaeseelandiae,https://inaturalist-open-data.s3.amazonaws.com/photos/58513223/original.jpeg,e17eab5517007eb75563ec740d3fd874,242634,1600,1200,train
58513226,36961703,tui,bird,Tūī,Prosthemadera novaeseelandiae,cc-by,"(c) Jacqui Geux, some rights reserved (CC BY)",2019-12-26,413522,Prosthemadera novaeseelandiae novaeseelandiae,https://inaturalist-open-data.s3.amazonaws.com/photos/58513226/original.jpeg,a8b401a3a5792f94833aa20c961641c5,247158,1600,1200,train
58513228,36961703,tui,bird,Tūī,Prosthemadera novaeseelandiae,cc-by,"(c) Jacqui Geux, some rights reserved (CC BY)",2019-12-26,413522,Prosthemadera novaeseelandiae novaeseelandiae,https://inaturalist-open-data.s3.amazonaws.com/photos/58513228/original.jpeg,2e3b076a5b658f27653aea70a1f907ad,215361,1599,1200,train
58513232,36961703,tui,bird,Tūī,Prosthemadera novaeseelandiae,cc-by,"(c) Jacqui Geux, some rights reserved (CC BY)",2019-12-26,413522,Prosthemadera novaeseelandiae novaeseelandiae,https://inaturalist-open-data.s3.amazonaws.com/photos/58513232/original.jpeg,a14a05c424f3ec65542ab2f879b51880,212392,1600,1200,train
58513238,36961703,tui,bird,Tūī,Prosthemadera novaeseelandiae,cc-by,"(c) Jacqui Geux, some rights reserved (CC BY)",2019-12-26,413522,Prosthemadera novaeseelandiae novaeseelandiae,https://inaturalist-open-data.s3.amazonaws.com/photos/58513238/original.jpeg,c8a30dc8635fe68fa0862c5dc62010b4,242933,1600,1200,train
58513241,36961703,tui,bird,Tūī,Prosthemadera novaeseelandiae,cc-by,"(c) Jacqui Geux, some rights reserved (CC BY)",2019-12-26,413522,Prosthemadera novaeseelandiae novaeseelandiae,https://inaturalist-open-data.s3.amazonaws.com/photos/58513241/original.jpeg,f3469af94789b43d4ed38c1205c00b40,240221,1600,1200,train
58513244,36961703,tui,bird,Tūī,Prosthemadera novaeseelandiae,cc-by,"(c) Jacqui Geux, some rights reserved (CC BY)",2019-12-26,413522,Prosthemadera novaeseelandiae novaeseelandiae,https://inaturalist-open-data.s3.amazonaws.com/photos/58513244/original.jpeg,ba4c68180757214e58fb6c3aee089823,234232,1600,1200,train
58513246,36961703,tui,bird,Tūī,Prosthemadera novaeseelandiae,cc-by,"(c) Jacqui Geux, some rights reserved (CC BY)",2019-12-26,413522,Prosthemadera novaeseelandiae novaeseelandiae,https://inaturalist-open-data.s3.amazonaws.com/photos/58513246/original.jpeg,ddaf7f3d9e60da01a2c84b8cbc07adab,238264,1600,1200,train
58513250,36961703,tui,bird,Tūī,Prosthemadera novaeseelandiae,cc-by,"(c) Jacqui Geux, some rights reserved (CC BY)",2019-12-26,413522,Prosthemadera novaeseelandiae novaeseelandiae,https://inaturalist-open-data.s3.amazonaws.com/photos/58513250/original.jpeg,55031840aee53bdb1c0a156f380e4607,250353,1600,1200,train
58513253,36961703,tui,bird,Tūī,Prosthemadera novaeseelandiae,cc-by,"(c) Jacqui Geux, some rights reserved (CC BY)",2019-12-26,413522,Prosthemadera novaeseelandiae novaeseelandiae,https://inaturalist-open-data.s3.amazonaws.com/photos/58513253/original.jpeg,8781561c3368f673ad036c9f16c46600,222591,1600,1200,train
58513256,36961703,tui,bird,Tūī,Prosthemadera novaeseelandiae,cc-by,"(c) Jacqui Geux, some rights reserved (CC BY)",2019-12-26,413522,Prosthemadera novaeseelandiae novaeseelandiae,https://inaturalist-open-data.s3.amazonaws.com/photos/58513256/original.jpeg,5d57b03ae896c52e4bad9dfd5d7c5f23,241735,1600,1200,train
58513257,36961703,tui,bird,Tūī,Prosthemadera novaeseelandiae,cc-by,"(c) Jacqui Geux, some rights reserved (CC BY)",2019-12-26,413522,Prosthemadera novaeseelandiae novaeseelandiae,https://inaturalist-open-data.s3.amazonaws.com/photos/58513257/original.jpeg,fdbe65e9da577e5b38178336b312d820,216760,1600,1200,train
20016106,13448733,wild_ginger,plant,Wild ginger,Hedychium gardnerianum,cc0,no rights reserved,2018-06-15,52495,Hedychium gardnerianum,https://inaturalist-open-data.s3.amazonaws.com/photos/20016106/original.jpeg,c43290ed6433366870e958536bfdb28f,571366,2048,1536,train
20016145,13448733,wild_ginger,plant,Wild ginger,Hedychium gardnerianum,cc0,no rights reserved,2018-06-15,52495,Hedychium gardnerianum,https://inaturalist-open-data.s3.amazonaws.com/photos/20016145/original.jpeg,d5a83a3901464b89db1254de4874f9c9,426036,2048,1536,train
20016153,13448733,wild_ginger,plant,Wild ginger,Hedychium gardnerianum,cc0,no rights reserved,2018-06-15,52495,Hedychium gardnerianum,https://inaturalist-open-data.s3.amazonaws.com/photos/20016153/original.jpeg,d90b284bebb151c5a2983e4b77b51371,347169,2048,1536,train
26198968,17271422,wild_ginger,plant,Wild ginger,Hedychium gardnerianum,cc0,no rights reserved,2018-10-07,52495,Hedychium gardnerianum,https://inaturalist-open-data.s3.amazonaws.com/photos/26198968/original.jpeg,2fc4b3da24d6546c643156b9b6534e2c,562064,2048,1536,train
26198975,17271422,wild_ginger,plant,Wild ginger,Hedychium gardnerianum,cc0,no rights reserved,2018-10-07,52495,Hedychium gardnerianum,https://inaturalist-open-data.s3.amazonaws.com/photos/26198975/original.jpeg,308670e9190496ae655b9ffac4709ad8,547729,1536,2048,train
26199025,17271422,wild_ginger,plant,Wild ginger,Hedychium gardnerianum,cc0,no rights reserved,2018-10-07,52495,Hedychium gardnerianum,https://inaturalist-open-data.s3.amazonaws.com/photos/26199025/original.jpeg,5391e19ddac766564d9c7e6bbf090681,511103,1536,2048,train
26199142,17271422,wild_ginger,plant,Wild ginger,Hedychium gardnerianum,cc0,no rights reserved,2018-10-07,52495,Hedychium gardnerianum,https://inaturalist-open-data.s3.amazonaws.com/photos/26199142/original.jpeg,a21a47a9351551e596e9f395f22cdf79,411667,1536,2048,train
3217147,2826514,wild_ginger,plant,Wild ginger,Hedychium gardnerianum,cc-by,"(c) Murray NZ, some rights reserved (CC BY)",2016-03-19,52495,Hedychium gardnerianum,https://inaturalist-open-data.s3.amazonaws.com/photos/3217147/original.jpg,06ee5d5c89c81245510c4852dd75300b,457632,2048,1536,train
335399137,191217864,wild_ginger,plant,Wild ginger,Hedychium gardnerianum,cc-by,"(c) Geoff, some rights reserved (CC BY)",2023-11-17,52495,Hedychium gardnerianum,https://inaturalist-open-data.s3.amazonaws.com/photos/335399137/original.jpeg,ac72a1fec4833f5d9dcf5224d70f7f74,845408,1536,2048,train
362169962,204870363,wild_ginger,plant,Wild ginger,Hedychium gardnerianum,cc-by,"(c) garywwilson, some rights reserved (CC BY)",2024-03-31,52495,Hedychium gardnerianum,https://inaturalist-open-data.s3.amazonaws.com/photos/362169962/original.jpg,1f844d218df073d65eacf14fe22dac84,704226,2020,1345,train
362169964,204870363,wild_ginger,plant,Wild ginger,Hedychium gardnerianum,cc-by,"(c) garywwilson, some rights reserved (CC BY)",2024-03-31,52495,Hedychium gardnerianum,https://inaturalist-open-data.s3.amazonaws.com/photos/362169964/original.jpg,7971d734dfc0ca7ae3194cd7ffd828b1,777415,1345,2020,train
372516261,210620834,wild_ginger,plant,Wild ginger,Hedychium gardnerianum,cc-by,"(c) mcstanley, some rights reserved (CC BY)",2024-04-27,52495,Hedychium gardnerianum,https://inaturalist-open-data.s3.amazonaws.com/photos/372516261/original.jpg,b138714ed6b1d827a2ff59d27d2a6d46,433264,1536,2048,train
417562786,234844506,wild_ginger,plant,Wild ginger,Hedychium gardnerianum,cc0,no rights reserved,2019-12-28,52495,Hedychium gardnerianum,https://inaturalist-open-data.s3.amazonaws.com/photos/417562786/original.jpeg,55cdff6bbc3de92530ecd20bae173d67,313062,2048,1536,train
417562931,234844506,wild_ginger,plant,Wild ginger,Hedychium gardnerianum,cc0,no rights reserved,2019-12-28,52495,Hedychium gardnerianum,https://inaturalist-open-data.s3.amazonaws.com/photos/417562931/original.jpeg,e96f8a47e47826a57b66db1bb504dc88,336703,2048,1536,train
417563109,234844506,wild_ginger,plant,Wild ginger,Hedychium gardnerianum,cc0,no rights reserved,2019-12-28,52495,Hedychium gardnerianum,https://inaturalist-open-data.s3.amazonaws.com/photos/417563109/original.jpeg,111f51e258071740d4d01a51641ba96a,324757,2048,1915,train
417564309,234844506,wild_ginger,plant,Wild ginger,Hedychium gardnerianum,cc0,no rights reserved,2019-12-28,52495,Hedychium gardnerianum,https://inaturalist-open-data.s3.amazonaws.com/photos/417564309/original.jpeg,42b84d75ff0e45fc7c4611cb41d3abf1,349439,2048,1841,train
417566827,234844506,wild_ginger,plant,Wild ginger,Hedychium gardnerianum,cc0,no rights reserved,2019-12-28,52495,Hedychium gardnerianum,https://inaturalist-open-data.s3.amazonaws.com/photos/417566827/original.jpeg,ec3e8d222496e083a7da70f782b2b036,350287,2048,1823,train
417566956,234844506,wild_ginger,plant,Wild ginger,Hedychium gardnerianum,cc0,no rights reserved,2019-12-28,52495,Hedychium gardnerianum,https://inaturalist-open-data.s3.amazonaws.com/photos/417566956/original.jpeg,86d588b5d6e2c3e46acbe196c8e1c928,305851,2048,1536,train
439160470,246044777,wild_ginger,plant,Wild ginger,Hedychium gardnerianum,cc-by,"(c) Saryu Mae 前 朝琉, some rights reserved (CC BY)",2024-09-23,52495,Hedychium gardnerianum,https://inaturalist-open-data.s3.amazonaws.com/photos/439160470/original.jpeg,1552d8cb568ff365c0d27f8c4281604b,70761,1365,2048,train
440547682,246740069,wild_ginger,plant,Wild ginger,Hedychium gardnerianum,cc-by,"(c) Colin Meurk, some rights reserved (CC BY)",2024-10-11,52495,Hedychium gardnerianum,https://inaturalist-open-data.s3.amazonaws.com/photos/440547682/original.jpeg,ad09f4fc5d91dbd32cf509afee952ae1,880863,1536,2048,train
44794376,28724135,wild_ginger,plant,Wild ginger,Hedychium gardnerianum,cc0,no rights reserved,2019-07-09,52495,Hedychium gardnerianum,https://inaturalist-open-data.s3.amazonaws.com/photos/44794376/original.jpeg,02431ab281dbd64e9fd8e0a4b2fabcdc,161430,1536,2048,train
44794536,28724135,wild_ginger,plant,Wild ginger,Hedychium gardnerianum,cc0,no rights reserved,2019-07-09,52495,Hedychium gardnerianum,https://inaturalist-open-data.s3.amazonaws.com/photos/44794536/original.jpeg,c4b73703c10db065a7a1d57f9fcd3ffc,403626,2048,1536,train
44794624,28724135,wild_ginger,plant,Wild ginger,Hedychium gardnerianum,cc0,no rights reserved,2019-07-09,52495,Hedychium gardnerianum,https://inaturalist-open-data.s3.amazonaws.com/photos/44794624/original.jpeg,ba67a61a314c0b6e9fa204c69bcdc944,283189,2048,1536,train
4482962,3832122,wild_ginger,plant,Wild ginger,Hedychium gardnerianum,cc-by,"(c) Jacqui Geux, some rights reserved (CC BY)",2016-08-07,52495,Hedychium gardnerianum,https://inaturalist-open-data.s3.amazonaws.com/photos/4482962/original.jpeg,8941f4ed2b562f6e06d39bd114c186ec,338902,1600,1200,train
4482963,3832122,wild_ginger,plant,Wild ginger,Hedychium gardnerianum,cc-by,"(c) Jacqui Geux, some rights reserved (CC BY)",2016-08-07,52495,Hedychium gardnerianum,https://inaturalist-open-data.s3.amazonaws.com/photos/4482963/original.jpeg,edbc1bb1aef596c48c2877cb7adf936b,171086,1600,1200,train
46146474,29564385,wild_ginger,plant,Wild ginger,Hedychium gardnerianum,cc0,no rights reserved,2019-07-24,52495,Hedychium gardnerianum,https://inaturalist-open-data.s3.amazonaws.com/photos/46146474/original.jpeg,6af8d016620e0c0c5bd92f85d12f1505,330933,2048,1536,train
46146478,29564385,wild_ginger,plant,Wild ginger,Hedychium gardnerianum,cc0,no rights reserved,2019-07-24,52495,Hedychium gardnerianum,https://inaturalist-open-data.s3.amazonaws.com/photos/46146478/original.jpeg,f94e699e5e7b5e5338e6a6afd867eadf,298947,2048,1536,train
51200437,32633698,wild_ginger,plant,Wild ginger,Hedychium gardnerianum,cc0,no rights reserved,2019-09-10,52495,Hedychium gardnerianum,https://inaturalist-open-data.s3.amazonaws.com/photos/51200437/original.jpeg,d4d354a3d5a4936069ebb5bda3ac5aae,328094,1536,2048,train
51200439,32633698,wild_ginger,plant,Wild ginger,Hedychium gardnerianum,cc0,no rights reserved,2019-09-10,52495,Hedychium gardnerianum,https://inaturalist-open-data.s3.amazonaws.com/photos/51200439/original.jpeg,beeda95d7c820fc9b0b1a66f58f29190,300432,1536,2048,train
51200454,32633698,wild_ginger,plant,Wild ginger,Hedychium gardnerianum,cc0,no rights reserved,2019-09-10,52495,Hedychium gardnerianum,https://inaturalist-open-data.s3.amazonaws.com/photos/51200454/original.jpeg,aaf0af9f1b52fef596eb6f4c69f15629,388604,1536,2048,train
51200691,32633698,wild_ginger,plant,Wild ginger,Hedychium gardnerianum,cc0,no rights reserved,2019-09-10,52495,Hedychium gardnerianum,https://inaturalist-open-data.s3.amazonaws.com/photos/51200691/original.jpeg,3147efcf65064ec5297e458de5e839d1,289721,1536,2048,train
51200692,32633698,wild_ginger,plant,Wild ginger,Hedychium gardnerianum,cc0,no rights reserved,2019-09-10,52495,Hedychium gardnerianum,https://inaturalist-open-data.s3.amazonaws.com/photos/51200692/original.jpeg,43eb1d44c680b5c96d37c39fb309bdd2,401538,1536,2048,train
51200695,32633698,wild_ginger,plant,Wild ginger,Hedychium gardnerianum,cc0,no rights reserved,2019-09-10,52495,Hedychium gardnerianum,https://inaturalist-open-data.s3.amazonaws.com/photos/51200695/original.jpeg,6a0c21790d07e397e2d42446eddb0839,435231,1536,2048,train
51200698,32633698,wild_ginger,plant,Wild ginger,Hedychium gardnerianum,cc0,no rights reserved,2019-09-10,52495,Hedychium gardnerianum,https://inaturalist-open-data.s3.amazonaws.com/photos/51200698/original.jpeg,05cc76dce2e47cd67c37e824e731a6db,424987,1536,2048,train
51200700,32633698,wild_ginger,plant,Wild ginger,Hedychium gardnerianum,cc0,no rights reserved,2019-09-10,52495,Hedychium gardnerianum,https://inaturalist-open-data.s3.amazonaws.com/photos/51200700/original.jpeg,bdf68b135d5a9f610419f8f3c8e45000,361339,1536,2048,train
51200733,32633698,wild_ginger,plant,Wild ginger,Hedychium gardnerianum,cc0,no rights reserved,2019-09-10,52495,Hedychium gardnerianum,https://inaturalist-open-data.s3.amazonaws.com/photos/51200733/original.jpeg,447188da235e4b8abd27d2154a1b12a7,458896,1536,2048,train
51200742,32633698,wild_ginger,plant,Wild ginger,Hedychium gardnerianum,cc0,no rights reserved,2019-09-10,52495,Hedychium gardnerianum,https://inaturalist-open-data.s3.amazonaws.com/photos/51200742/original.jpeg,ddd068a2440b176b0213744d1e4f5f25,423910,1536,2048,train
51200751,32633698,wild_ginger,plant,Wild ginger,Hedychium gardnerianum,cc0,no rights reserved,2019-09-10,52495,Hedychium gardnerianum,https://inaturalist-open-data.s3.amazonaws.com/photos/51200751/original.jpeg,8501af1692b5537f92202470008fb151,476067,1536,2048,train
51672060,32923068,wild_ginger,plant,Wild ginger,Hedychium gardnerianum,cc0,no rights reserved,2019-04-22,52495,Hedychium gardnerianum,https://inaturalist-open-data.s3.amazonaws.com/photos/51672060/original.jpeg,1e1645483962e2d8cfc0797dc08994fd,330676,2048,1536,train
53110029,33791614,wild_ginger,plant,Wild ginger,Hedychium gardnerianum,cc0,no rights reserved,2019-06-03,52495,Hedychium gardnerianum,https://inaturalist-open-data.s3.amazonaws.com/photos/53110029/original.jpeg,e4b6a6f046a6db2049ffe9681584a20f,278929,2048,1536,train
53110034,33791614,wild_ginger,plant,Wild ginger,Hedychium gardnerianum,cc0,no rights reserved,2019-06-03,52495,Hedychium gardnerianum,https://inaturalist-open-data.s3.amazonaws.com/photos/53110034/original.jpeg,959064549bd067a6e5fdd4335840bada,235539,2048,1536,train
53701863,34147365,wild_ginger,plant,Wild ginger,Hedychium gardnerianum,cc0,no rights reserved,2019-03-25,52495,Hedychium gardnerianum,https://inaturalist-open-data.s3.amazonaws.com/photos/53701863/original.jpeg,5c98d15c76e480483c83b9deda9d0962,280742,2048,1536,train
544626056,302207038,wild_ginger,plant,Wild ginger,Hedychium gardnerianum,cc-by,"(c) Keith S, some rights reserved (CC BY)",2025-07-30,52495,Hedychium gardnerianum,https://inaturalist-open-data.s3.amazonaws.com/photos/544626056/original.jpg,aa44e08d0267a6bdafeff0c8df3cff78,556870,1536,2048,train
550757263,305458105,wild_ginger,plant,Wild ginger,Hedychium gardnerianum,cc-by,"(c) Emma Radford, some rights reserved (CC BY)",2025-07-08,52495,Hedychium gardnerianum,https://inaturalist-open-data.s3.amazonaws.com/photos/550757263/original.jpg,04894e43cce356720a523130f326e024,911761,1152,2048,train
193498580,114593055,woolly_nightshade,plant,Woolly nightshade,Solanum mauritianum,cc-by,"(c) Samuel Brown, some rights reserved (CC BY)",2022-05-02,133287,Solanum mauritianum,https://inaturalist-open-data.s3.amazonaws.com/photos/193498580/original.jpg,5a8a5f14d965ccec70fd3b45c474d13a,353514,1536,2048,train
193498607,114593055,woolly_nightshade,plant,Woolly nightshade,Solanum mauritianum,cc-by,"(c) Samuel Brown, some rights reserved (CC BY)",2022-05-02,133287,Solanum mauritianum,https://inaturalist-open-data.s3.amazonaws.com/photos/193498607/original.jpg,d738cd5b103ad55c1c85625823218a1c,363159,2048,1536,train
225051631,132178448,woolly_nightshade,plant,Woolly nightshade,Solanum mauritianum,cc-by,"(c) Grey Smith, some rights reserved (CC BY)",2022-06-23,133287,Solanum mauritianum,https://inaturalist-open-data.s3.amazonaws.com/photos/225051631/original.jpg,57270f2a9a09ad0715bf276a6a7cb851,309883,1536,2048,train
225051673,132178448,woolly_nightshade,plant,Woolly nightshade,Solanum mauritianum,cc-by,"(c) Grey Smith, some rights reserved (CC BY)",2022-06-23,133287,Solanum mauritianum,https://inaturalist-open-data.s3.amazonaws.com/photos/225051673/original.jpg,19ce078fdd1b59f4d3892bf860ebe846,173285,1536,2048,train
225051739,132178448,woolly_nightshade,plant,Woolly nightshade,Solanum mauritianum,cc-by,"(c) Grey Smith, some rights reserved (CC BY)",2022-06-23,133287,Solanum mauritianum,https://inaturalist-open-data.s3.amazonaws.com/photos/225051739/original.jpg,76738d1521ca618332d9ce3899608b9d,357315,1536,2048,train
272301289,157509072,woolly_nightshade,plant,Woolly nightshade,Solanum mauritianum,cc-by,"(c) Halema J, some rights reserved (CC BY)",2023-04-29,133287,Solanum mauritianum,https://inaturalist-open-data.s3.amazonaws.com/photos/272301289/original.jpg,b85079edae2d5dc7c9128724cbd5bfea,275807,1152,2048,train
273955144,158521585,woolly_nightshade,plant,Woolly nightshade,Solanum mauritianum,cc-by,"(c) Halema J, some rights reserved (CC BY)",2023-05-01,133287,Solanum mauritianum,https://inaturalist-open-data.s3.amazonaws.com/photos/273955144/original.jpg,4fac399d79a4504076a5acb7c1e57083,299284,2048,1152,train
27963471,18302148,woolly_nightshade,plant,Woolly nightshade,Solanum mauritianum,cc0,no rights reserved,2018-08-26,133287,Solanum mauritianum,https://inaturalist-open-data.s3.amazonaws.com/photos/27963471/original.jpeg,1a1b8c309bebd2913a29ab9b22978107,449414,2048,1536,train
348206521,197667600,woolly_nightshade,plant,Woolly nightshade,Solanum mauritianum,cc-by,"(c) Michael Berardozzi, some rights reserved (CC BY)",2024-01-26,133287,Solanum mauritianum,https://inaturalist-open-data.s3.amazonaws.com/photos/348206521/original.jpeg,c804c9119c003303f0ec27896d62dad7,307414,1536,2048,train
348206543,197667600,woolly_nightshade,plant,Woolly nightshade,Solanum mauritianum,cc-by,"(c) Michael Berardozzi, some rights reserved (CC BY)",2024-01-26,133287,Solanum mauritianum,https://inaturalist-open-data.s3.amazonaws.com/photos/348206543/original.jpeg,134af616fa870b8cda588495eae0df29,512660,1536,2048,train
35416960,22856556,woolly_nightshade,plant,Woolly nightshade,Solanum mauritianum,cc-by,"(c) Callan Bird, some rights reserved (CC BY)",2019-04-21,133287,Solanum mauritianum,https://inaturalist-open-data.s3.amazonaws.com/photos/35416960/original.jpg,97583eed0d71cf807735ec76d120e478,316402,1536,2048,train
35417577,22856593,woolly_nightshade,plant,Woolly nightshade,Solanum mauritianum,cc-by,"(c) Callan Bird, some rights reserved (CC BY)",2019-04-21,133287,Solanum mauritianum,https://inaturalist-open-data.s3.amazonaws.com/photos/35417577/original.jpg,4b812ae5912106760e8aa52bcad48dcc,260274,2048,1536,train
362775181,205192128,woolly_nightshade,plant,Woolly nightshade,Solanum mauritianum,cc-by,"(c) Emily Roberts, some rights reserved (CC BY)",2024-04-03,133287,Solanum mauritianum,https://inaturalist-open-data.s3.amazonaws.com/photos/362775181/original.jpg,d92ba2130f80569b50d2dd13101ba6d5,433329,2048,1536,train
37289381,24114327,woolly_nightshade,plant,Woolly nightshade,Solanum mauritianum,cc0,no rights reserved,2019-03-25,133287,Solanum mauritianum,https://inaturalist-open-data.s3.amazonaws.com/photos/37289381/original.jpeg,644352aecb23277ac055f736cce30cd6,160950,1536,2048,train
37289504,24114327,woolly_nightshade,plant,Woolly nightshade,Solanum mauritianum,cc0,no rights reserved,2019-03-25,133287,Solanum mauritianum,https://inaturalist-open-data.s3.amazonaws.com/photos/37289504/original.jpeg,97a2cbace51af495596d65cd0c2d25b2,202121,1536,2048,train
37294087,24114327,woolly_nightshade,plant,Woolly nightshade,Solanum mauritianum,cc0,no rights reserved,2019-03-25,133287,Solanum mauritianum,https://inaturalist-open-data.s3.amazonaws.com/photos/37294087/original.jpeg,4ba89a52e5f5cb2e9d936ef3f34a6865,252923,2048,1536,train
37294152,24114327,woolly_nightshade,plant,Woolly nightshade,Solanum mauritianum,cc0,no rights reserved,2019-03-25,133287,Solanum mauritianum,https://inaturalist-open-data.s3.amazonaws.com/photos/37294152/original.jpeg,53ea0e3973bcecc74abdee27238c87f1,302825,2048,1536,train
373815046,211441479,woolly_nightshade,plant,Woolly nightshade,Solanum mauritianum,cc-by,"(c) Emily Roberts, some rights reserved (CC BY)",2024-04-29,133287,Solanum mauritianum,https://inaturalist-open-data.s3.amazonaws.com/photos/373815046/original.jpg,5cf55c642eb682f0baacb0a5e5e63fee,478912,2048,1536,train
40954953,26376905,woolly_nightshade,plant,Woolly nightshade,Solanum mauritianum,cc-by,"(c) Jacqui Geux, some rights reserved (CC BY)",2019-06-04,133287,Solanum mauritianum,https://inaturalist-open-data.s3.amazonaws.com/photos/40954953/original.jpeg,b10768772d143236499c7e2b3bcdcd51,140484,1600,1200,train
40954958,26376905,woolly_nightshade,plant,Woolly nightshade,Solanum mauritianum,cc-by,"(c) Jacqui Geux, some rights reserved (CC BY)",2019-06-04,133287,Solanum mauritianum,https://inaturalist-open-data.s3.amazonaws.com/photos/40954958/original.jpeg,826f7c93ce9e8251704a7622c7dfe24c,285068,1600,1200,train
417197573,234657100,woolly_nightshade,plant,Woolly nightshade,Solanum mauritianum,cc0,no rights reserved,2024-07-04,133287,Solanum mauritianum,https://inaturalist-open-data.s3.amazonaws.com/photos/417197573/original.jpeg,d39ca23f4906b1ef84c7f3af61bcd1a2,246174,1536,2048,train
417197780,234657100,woolly_nightshade,plant,Woolly nightshade,Solanum mauritianum,cc0,no rights reserved,2024-07-04,133287,Solanum mauritianum,https://inaturalist-open-data.s3.amazonaws.com/photos/417197780/original.jpeg,0daf03c27094a71296d547748a9b8840,357252,1536,2048,train
417197805,234657100,woolly_nightshade,plant,Woolly nightshade,Solanum mauritianum,cc0,no rights reserved,2024-07-04,133287,Solanum mauritianum,https://inaturalist-open-data.s3.amazonaws.com/photos/417197805/original.jpeg,3c7a8ee011ec13cb29fb72df1600720b,345488,1536,2048,train
417197807,234657100,woolly_nightshade,plant,Woolly nightshade,Solanum mauritianum,cc0,no rights reserved,2024-07-04,133287,Solanum mauritianum,https://inaturalist-open-data.s3.amazonaws.com/photos/417197807/original.jpeg,cd719a12677b2695ef5c5c781014de63,292066,1536,2048,train
417197812,234657100,woolly_nightshade,plant,Woolly nightshade,Solanum mauritianum,cc0,no rights reserved,2024-07-04,133287,Solanum mauritianum,https://inaturalist-open-data.s3.amazonaws.com/photos/417197812/original.jpeg,253616153b7cfe784debc6c417e8afef,274778,1536,2048,train
417197820,234657100,woolly_nightshade,plant,Woolly nightshade,Solanum mauritianum,cc0,no rights reserved,2024-07-04,133287,Solanum mauritianum,https://inaturalist-open-data.s3.amazonaws.com/photos/417197820/original.jpeg,d7812d39421609169982a491e01b0844,421214,1536,2048,train
417197821,234657100,woolly_nightshade,plant,Woolly nightshade,Solanum mauritianum,cc0,no rights reserved,2024-07-04,133287,Solanum mauritianum,https://inaturalist-open-data.s3.amazonaws.com/photos/417197821/original.jpeg,36f1c8b6f74e0af240296d1398f1474b,293159,1536,2048,train
417197834,234657100,woolly_nightshade,plant,Woolly nightshade,Solanum mauritianum,cc0,no rights reserved,2024-07-04,133287,Solanum mauritianum,https://inaturalist-open-data.s3.amazonaws.com/photos/417197834/original.jpeg,ae1bb4fa1a076288c8aab66e461639af,299936,1536,2048,train
417197843,234657100,woolly_nightshade,plant,Woolly nightshade,Solanum mauritianum,cc0,no rights reserved,2024-07-04,133287,Solanum mauritianum,https://inaturalist-open-data.s3.amazonaws.com/photos/417197843/original.jpeg,361fb0f32a4d3ef96bbe299b4e18b9ed,387053,1536,2048,train
417197844,234657100,woolly_nightshade,plant,Woolly nightshade,Solanum mauritianum,cc0,no rights reserved,2024-07-04,133287,Solanum mauritianum,https://inaturalist-open-data.s3.amazonaws.com/photos/417197844/original.jpeg,0cfcfca58d6fc30d7445d0cf9d03ebca,275021,1536,2048,train
417197846,234657100,woolly_nightshade,plant,Woolly nightshade,Solanum mauritianum,cc0,no rights reserved,2024-07-04,133287,Solanum mauritianum,https://inaturalist-open-data.s3.amazonaws.com/photos/417197846/original.jpeg,c45467aa0ddf96fba1eccd64612fe1da,330970,1536,2048,train
417197851,234657100,woolly_nightshade,plant,Woolly nightshade,Solanum mauritianum,cc0,no rights reserved,2024-07-04,133287,Solanum mauritianum,https://inaturalist-open-data.s3.amazonaws.com/photos/417197851/original.jpeg,4f957f629245fa067e091d132e797f43,400446,1536,2048,train
417197867,234657100,woolly_nightshade,plant,Woolly nightshade,Solanum mauritianum,cc0,no rights reserved,2024-07-04,133287,Solanum mauritianum,https://inaturalist-open-data.s3.amazonaws.com/photos/417197867/original.jpeg,c0f11fa3ed2cab236c0bf945cec74516,503173,1536,2048,train
43887320,28165299,woolly_nightshade,plant,Woolly nightshade,Solanum mauritianum,cc0,no rights reserved,2019-06-24,133287,Solanum mauritianum,https://inaturalist-open-data.s3.amazonaws.com/photos/43887320/original.jpeg,f7f7981ae6a100cddfe8c7ad12057175,329832,1934,2048,train
52095010,33182389,woolly_nightshade,plant,Woolly nightshade,Solanum mauritianum,cc-by,"(c) Emily Roberts, some rights reserved (CC BY)",2019-09-22,133287,Solanum mauritianum,https://inaturalist-open-data.s3.amazonaws.com/photos/52095010/original.jpg,82b714310ce1ec273a6db4c2ee32c058,525405,2048,1536,train
52095020,33182389,woolly_nightshade,plant,Woolly nightshade,Solanum mauritianum,cc-by,"(c) Emily Roberts, some rights reserved (CC BY)",2019-09-22,133287,Solanum mauritianum,https://inaturalist-open-data.s3.amazonaws.com/photos/52095020/original.jpg,0f90326b54f6261522e4f427cada45b6,372792,2048,1536,train
55656588,35304411,woolly_nightshade,plant,Woolly nightshade,Solanum mauritianum,cc0,no rights reserved,2019-05-15,133287,Solanum mauritianum,https://inaturalist-open-data.s3.amazonaws.com/photos/55656588/original.jpeg,8bdced3b145c3ddfd083019ecc990fb8,202153,1536,2048,train
55656596,35304411,woolly_nightshade,plant,Woolly nightshade,Solanum mauritianum,cc0,no rights reserved,2019-05-15,133287,Solanum mauritianum,https://inaturalist-open-data.s3.amazonaws.com/photos/55656596/original.jpeg,1a236db9dba597bb7402a9cf0f30600f,346970,1536,2048,train
55656687,35304411,woolly_nightshade,plant,Woolly nightshade,Solanum mauritianum,cc0,no rights reserved,2019-05-15,133287,Solanum mauritianum,https://inaturalist-open-data.s3.amazonaws.com/photos/55656687/original.jpeg,cbc143fa80d8ed64421748c60996b6a3,420518,2048,2035,train
59458895,37503255,woolly_nightshade,plant,Woolly nightshade,Solanum mauritianum,cc-by,"(c) William Brockelsby, some rights reserved (CC BY)",2019-12-25,133287,Solanum mauritianum,https://inaturalist-open-data.s3.amazonaws.com/photos/59458895/original.jpeg,ec2192d0cf4341805664876a3ff0745d,246677,2048,1536,train
681949433,373161380,woolly_nightshade,plant,Woolly nightshade,Solanum mauritianum,cc-by,"(c) Nic Charlton, some rights reserved (CC BY)",2026-06-12,133287,Solanum mauritianum,https://inaturalist-open-data.s3.amazonaws.com/photos/681949433/original.jpg,b394b95cea96c7cfd244a947025ec216,486926,1152,2048,train
27999712,18323395,blackbird,bird,Common blackbird,Turdus merula,cc-by,"(c) Jacqui Geux, some rights reserved (CC BY)",2018-11-11,341569,Turdus merula merula,https://inaturalist-open-data.s3.amazonaws.com/photos/27999712/original.jpeg,04c1ca581406dcca3cf21570919f1210,219700,1600,1200,val
27999714,18323395,blackbird,bird,Common blackbird,Turdus merula,cc-by,"(c) Jacqui Geux, some rights reserved (CC BY)",2018-11-11,341569,Turdus merula merula,https://inaturalist-open-data.s3.amazonaws.com/photos/27999714/original.jpeg,2beab2e53cd84388c236033ae00875d9,126627,1600,1200,val
27999715,18323395,blackbird,bird,Common blackbird,Turdus merula,cc-by,"(c) Jacqui Geux, some rights reserved (CC BY)",2018-11-11,341569,Turdus merula merula,https://inaturalist-open-data.s3.amazonaws.com/photos/27999715/original.jpeg,13a962e593f2ed2f8976ef40977ae14f,98251,1600,1200,val
51285451,32686335,blackbird,bird,Common blackbird,Turdus merula,cc-by,"(c) Jacqui Geux, some rights reserved (CC BY)",2019-09-13,341569,Turdus merula merula,https://inaturalist-open-data.s3.amazonaws.com/photos/51285451/original.jpeg,4f582e1366d56583a4ee093d2682ff5d,78468,1600,1200,val
51285454,32686335,blackbird,bird,Common blackbird,Turdus merula,cc-by,"(c) Jacqui Geux, some rights reserved (CC BY)",2019-09-13,341569,Turdus merula merula,https://inaturalist-open-data.s3.amazonaws.com/photos/51285454/original.jpeg,9e0cb73f847c5d615285b9a2c7ce225b,146272,1600,1200,val
8386118,6604520,blackbird,bird,Common blackbird,Turdus merula,cc-by,"(c) Jacqui Geux, some rights reserved (CC BY)",2017-06-11,341569,Turdus merula merula,https://inaturalist-open-data.s3.amazonaws.com/photos/8386118/original.jpeg,93f29152286b1f3a7de4810f81045303,144783,1600,1200,val
8386129,6604520,blackbird,bird,Common blackbird,Turdus merula,cc-by,"(c) Jacqui Geux, some rights reserved (CC BY)",2017-06-11,341569,Turdus merula merula,https://inaturalist-open-data.s3.amazonaws.com/photos/8386129/original.jpeg,fbef91450bd02bc4d91cfb7df937ff30,169845,1600,1200,val
8386130,6604520,blackbird,bird,Common blackbird,Turdus merula,cc-by,"(c) Jacqui Geux, some rights reserved (CC BY)",2017-06-11,341569,Turdus merula merula,https://inaturalist-open-data.s3.amazonaws.com/photos/8386130/original.jpeg,aa781dac0196fe675d2588f85ce5c2a2,172717,1600,1200,val
8386131,6604520,blackbird,bird,Common blackbird,Turdus merula,cc-by,"(c) Jacqui Geux, some rights reserved (CC BY)",2017-06-11,341569,Turdus merula merula,https://inaturalist-open-data.s3.amazonaws.com/photos/8386131/original.jpeg,891f7676623f7a8194492a519fcd0238,168372,1600,1200,val
8386132,6604520,blackbird,bird,Common blackbird,Turdus merula,cc-by,"(c) Jacqui Geux, some rights reserved (CC BY)",2017-06-11,341569,Turdus merula merula,https://inaturalist-open-data.s3.amazonaws.com/photos/8386132/original.jpeg,68f849fb3f8359214cfb4115c565f5ed,170231,1600,1200,val
8386138,6604520,blackbird,bird,Common blackbird,Turdus merula,cc-by,"(c) Jacqui Geux, some rights reserved (CC BY)",2017-06-11,341569,Turdus merula merula,https://inaturalist-open-data.s3.amazonaws.com/photos/8386138/original.jpeg,910509e0024064b2468e0c5f898b2b5e,215518,1600,1200,val
102564382,63859753,common_myna,bird,Common myna,Acridotheres tristis,cc-by,"(c) Jacqui Geux, some rights reserved (CC BY)",2020-10-26,629477,Acridotheres tristis tristis,https://inaturalist-open-data.s3.amazonaws.com/photos/102564382/original.jpeg,da58163f4f758223cc2a6d29608b3c86,120283,1600,1200,val
102564386,63859753,common_myna,bird,Common myna,Acridotheres tristis,cc-by,"(c) Jacqui Geux, some rights reserved (CC BY)",2020-10-26,629477,Acridotheres tristis tristis,https://inaturalist-open-data.s3.amazonaws.com/photos/102564386/original.jpeg,f656bc73af7ea3c15d9c6d3bcb102437,116181,1600,1200,val
102564390,63859753,common_myna,bird,Common myna,Acridotheres tristis,cc-by,"(c) Jacqui Geux, some rights reserved (CC BY)",2020-10-26,629477,Acridotheres tristis tristis,https://inaturalist-open-data.s3.amazonaws.com/photos/102564390/original.jpeg,a01e4d1674fd3d9c73cc95e618f99c53,114976,1600,1200,val
293163002,169113506,common_myna,bird,Common myna,Acridotheres tristis,cc-by,"(c) Squid Wizard, some rights reserved (CC BY)",2023-06-24,204454,Acridotheres tristis,https://inaturalist-open-data.s3.amazonaws.com/photos/293163002/original.jpeg,60dd7da5c9b3a7505e16054e7f755535,692711,1536,2048,val
30328835,19689574,common_myna,bird,Common myna,Acridotheres tristis,cc-by,"(c) Jacqui Geux, some rights reserved (CC BY)",2019-01-15,629477,Acridotheres tristis tristis,https://inaturalist-open-data.s3.amazonaws.com/photos/30328835/original.jpeg,d5bef41e99c1a193907219965e30b2eb,85629,1600,1199,val
30328838,19689574,common_myna,bird,Common myna,Acridotheres tristis,cc-by,"(c) Jacqui Geux, some rights reserved (CC BY)",2019-01-15,629477,Acridotheres tristis tristis,https://inaturalist-open-data.s3.amazonaws.com/photos/30328838/original.jpeg,d710f20ae866936665c33441529484f4,187640,1600,1200,val
354657219,200959977,common_myna,bird,Common myna,Acridotheres tristis,cc-by,"(c) Svend Hansen, some rights reserved (CC BY)",2024-03-02,629477,Acridotheres tristis tristis,https://inaturalist-open-data.s3.amazonaws.com/photos/354657219/original.jpeg,e2ff124fadb615a9db56c0f98bfc0ad3,542829,1152,2048,val
112315407,69241912,harakeke,plant,Harakeke (NZ flax),Phormium tenax,cc-by,"(c) naturewatchwidow, some rights reserved (CC BY)",2021-02-08,51754,Phormium tenax,https://inaturalist-open-data.s3.amazonaws.com/photos/112315407/original.jpeg,5ef0e77fc193962418fb3f6dc772a2fc,734385,1536,2048,val
14902514,10674515,harakeke,plant,Harakeke (NZ flax),Phormium tenax,cc-by,"(c) Bruce Calvert, some rights reserved (CC BY)",2018-04-07,51754,Phormium tenax,https://inaturalist-open-data.s3.amazonaws.com/photos/14902514/original.jpeg,646eb4c16c778c371f1e6c04ff72179e,509738,1536,2048,val
14902517,10674515,harakeke,plant,Harakeke (NZ flax),Phormium tenax,cc-by,"(c) Bruce Calvert, some rights reserved (CC BY)",2018-04-07,51754,Phormium tenax,https://inaturalist-open-data.s3.amazonaws.com/photos/14902517/original.jpeg,2741e33ba95d93144ea5019d0e00bfa8,545455,1536,2048,val
14902519,10674515,harakeke,plant,Harakeke (NZ flax),Phormium tenax,cc-by,"(c) Bruce Calvert, some rights reserved (CC BY)",2018-04-07,51754,Phormium tenax,https://inaturalist-open-data.s3.amazonaws.com/photos/14902519/original.jpeg,10194dec853039e3268da307a7d884a5,291156,1536,2048,val
2820069,2509829,harakeke,plant,Harakeke (NZ flax),Phormium tenax,cc-by,"(c) Jon Sullivan, some rights reserved (CC BY)",2015-12-26,51754,Phormium tenax,https://inaturalist-open-data.s3.amazonaws.com/photos/2820069/original.jpg,f084e5ba68308eb747f2c12c62bf4e13,243320,1367,2048,val
371626696,210066084,harakeke,plant,Harakeke (NZ flax),Phormium tenax,cc-by,"(c) boytouchgrass, some rights reserved (CC BY)",2024-04-27,51754,Phormium tenax,https://inaturalist-open-data.s3.amazonaws.com/photos/371626696/original.jpg,03cf9b43e6eacb878942213d8579e75d,438068,1536,2048,val
373813407,211441296,harakeke,plant,Harakeke (NZ flax),Phormium tenax,cc-by,"(c) Emily Roberts, some rights reserved (CC BY)",2024-04-29,51754,Phormium tenax,https://inaturalist-open-data.s3.amazonaws.com/photos/373813407/original.jpg,c8a5a32c57768f326e4dee36c31a35f4,398728,1536,2048,val
84823943,53335574,harakeke,plant,Harakeke (NZ flax),Phormium tenax,cc-by,"(c) Tim Park, some rights reserved (CC BY)",2020-07-14,51754,Phormium tenax,https://inaturalist-open-data.s3.amazonaws.com/photos/84823943/original.jpg,c0556ba4b7702ba69553806cc85e0c9b,489621,1536,2048,val
254788684,148005244,house_sparrow,bird,House sparrow,Passer domesticus,cc0,no rights reserved,2023-02-04,544795,Passer domesticus domesticus,https://inaturalist-open-data.s3.amazonaws.com/photos/254788684/original.jpeg,5bc648dee7ebe92bd9313620ef4bc151,756859,1536,2048,val
371601647,210051258,house_sparrow,bird,House sparrow,Passer domesticus,cc-by,"(c) wild_wind, some rights reserved (CC BY)",2024-04-26,13858,Passer domesticus,https://inaturalist-open-data.s3.amazonaws.com/photos/371601647/original.jpeg,77bb67a7f558e9ba870ff65a6f9479a4,323097,2048,2039,val
371622623,210063406,house_sparrow,bird,House sparrow,Passer domesticus,cc-by,"(c) Patrick Lam, some rights reserved (CC BY)",2024-04-27,13858,Passer domesticus,https://inaturalist-open-data.s3.amazonaws.com/photos/371622623/original.jpeg,8cd588b1ecb5dc90de3b54ecfb3226f2,600822,2048,1365,val
490791558,272798437,house_sparrow,bird,House sparrow,Passer domesticus,cc-by,"(c) Halema J, some rights reserved (CC BY)",2025-04-25,13858,Passer domesticus,https://inaturalist-open-data.s3.amazonaws.com/photos/490791558/original.jpeg,f246754c69b16bc146b1111b4d966fbc,508189,2048,1365,val
137861786,83914011,kereru,bird,Kererū,Hemiphaga novaeseelandiae,cc-by,"(c) Mike Bowie, some rights reserved (CC BY)",2021-05-10,413481,Hemiphaga novaeseelandiae novaeseelandiae,https://inaturalist-open-data.s3.amazonaws.com/photos/137861786/original.jpeg,761c2e1b4c56a58020df241a88fb25f5,130542,540,960,val
464206502,258695876,kereru,bird,Kererū,Hemiphaga novaeseelandiae,cc-by,"(c) William Harland, some rights reserved (CC BY)",2025-01-10,413481,Hemiphaga novaeseelandiae novaeseelandiae,https://inaturalist-open-data.s3.amazonaws.com/photos/464206502/original.jpeg,c8aacf21a2af9b03c74d92716e6cec49,48676,2048,1468,val
464206525,258695876,kereru,bird,Kererū,Hemiphaga novaeseelandiae,cc-by,"(c) William Harland, some rights reserved (CC BY)",2025-01-10,413481,Hemiphaga novaeseelandiae novaeseelandiae,https://inaturalist-open-data.s3.amazonaws.com/photos/464206525/original.jpeg,eb15fc58a59449412c041183124dcfbf,100934,1773,1235,val
464206530,258695876,kereru,bird,Kererū,Hemiphaga novaeseelandiae,cc-by,"(c) William Harland, some rights reserved (CC BY)",2025-01-10,413481,Hemiphaga novaeseelandiae novaeseelandiae,https://inaturalist-open-data.s3.amazonaws.com/photos/464206530/original.jpeg,a8212a63f2a37ecbe4fa061356852ef3,94176,2048,1537,val
464206541,258695876,kereru,bird,Kererū,Hemiphaga novaeseelandiae,cc-by,"(c) William Harland, some rights reserved (CC BY)",2025-01-10,413481,Hemiphaga novaeseelandiae novaeseelandiae,https://inaturalist-open-data.s3.amazonaws.com/photos/464206541/original.jpeg,81895882b624dc214a1e806c739c35f6,98187,2048,1603,val
471153508,262256010,kereru,bird,Kererū,Hemiphaga novaeseelandiae,cc-by,"(c) Frank Ashwood, some rights reserved (CC BY)",2025-02-19,413481,Hemiphaga novaeseelandiae novaeseelandiae,https://inaturalist-open-data.s3.amazonaws.com/photos/471153508/original.jpg,87b9c567c4e1f9c7c21cb9fd95f78e0b,336053,1152,2048,val
506569572,281976159,kereru,bird,Kererū,Hemiphaga novaeseelandiae,cc-by,"(c) John Barkla, some rights reserved (CC BY)",2025-05-18,204520,Hemiphaga novaeseelandiae,https://inaturalist-open-data.s3.amazonaws.com/photos/506569572/original.jpg,3817ba7d72832c582a5d7ab72b9b868b,527209,1542,2048,val
53165045,33823656,kereru,bird,Kererū,Hemiphaga novaeseelandiae,cc-by,"(c) Jacqui Geux, some rights reserved (CC BY)",2019-10-02,413481,Hemiphaga novaeseelandiae novaeseelandiae,https://inaturalist-open-data.s3.amazonaws.com/photos/53165045/original.jpeg,b159a185fa3791c76123e074153cbd8e,178220,1600,1200,val
53165050,33823656,kereru,bird,Kererū,Hemiphaga novaeseelandiae,cc-by,"(c) Jacqui Geux, some rights reserved (CC BY)",2019-10-02,413481,Hemiphaga novaeseelandiae novaeseelandiae,https://inaturalist-open-data.s3.amazonaws.com/photos/53165050/original.jpeg,619376c2a363b16aa911fe43521c99be,163375,1600,1200,val
53165060,33823656,kereru,bird,Kererū,Hemiphaga novaeseelandiae,cc-by,"(c) Jacqui Geux, some rights reserved (CC BY)",2019-10-02,413481,Hemiphaga novaeseelandiae novaeseelandiae,https://inaturalist-open-data.s3.amazonaws.com/photos/53165060/original.jpeg,60a574cdcb9a52b7347773e6b1024a91,198712,1600,1200,val
37779990,24431147,korimako,bird,Korimako,Anthornis melanura,cc-by,"(c) Jon Sullivan, some rights reserved (CC BY)",2019-04-29,12612,Anthornis melanura,https://inaturalist-open-data.s3.amazonaws.com/photos/37779990/original.jpg,03d995c3f7af27a407028a1e02c03925,204234,2048,1357,val
37779993,24431147,korimako,bird,Korimako,Anthornis melanura,cc-by,"(c) Jon Sullivan, some rights reserved (CC BY)",2019-04-29,12612,Anthornis melanura,https://inaturalist-open-data.s3.amazonaws.com/photos/37779993/original.jpg,3c7974c0117f00956ae022d5c66c53e3,206395,2048,1357,val
37780000,24431147,korimako,bird,Korimako,Anthornis melanura,cc-by,"(c) Jon Sullivan, some rights reserved (CC BY)",2019-04-29,12612,Anthornis melanura,https://inaturalist-open-data.s3.amazonaws.com/photos/37780000/original.jpg,e2d12de9d9d58c4061810341dcf2355d,211169,2048,1357,val
438503996,245705935,korimako,bird,Korimako,Anthornis melanura,cc-by,"(c) Elias Freyhof, some rights reserved (CC BY)",2024-10-04,413425,Anthornis melanura melanura,https://inaturalist-open-data.s3.amazonaws.com/photos/438503996/original.jpeg,6fbbc095c87a17bf62800531297ec802,202201,2048,1367,val
438504166,245705935,korimako,bird,Korimako,Anthornis melanura,cc-by,"(c) Elias Freyhof, some rights reserved (CC BY)",2024-10-04,413425,Anthornis melanura melanura,https://inaturalist-open-data.s3.amazonaws.com/photos/438504166/original.jpeg,0940d9366de252d274259896b712244f,586541,2048,1367,val
438504173,245705935,korimako,bird,Korimako,Anthornis melanura,cc-by,"(c) Elias Freyhof, some rights reserved (CC BY)",2024-10-04,413425,Anthornis melanura melanura,https://inaturalist-open-data.s3.amazonaws.com/photos/438504173/original.jpeg,3d6116bcb2f87936d383114d884bbcc5,574144,2048,1367,val
51266031,32674669,korimako,bird,Korimako,Anthornis melanura,cc0,no rights reserved,2019-08-14,413425,Anthornis melanura melanura,https://inaturalist-open-data.s3.amazonaws.com/photos/51266031/original.jpg,21c68e618f14ed18cb352b88291ce116,307170,1083,950,val
636077008,348743872,korimako,bird,Korimako,Anthornis melanura,cc0,no rights reserved,2026-03-05,413425,Anthornis melanura melanura,https://inaturalist-open-data.s3.amazonaws.com/photos/636077008/original.jpg,da90693011c3c34c5b0de447f8341464,312514,2048,1365,val
636077029,348743872,korimako,bird,Korimako,Anthornis melanura,cc0,no rights reserved,2026-03-05,413425,Anthornis melanura melanura,https://inaturalist-open-data.s3.amazonaws.com/photos/636077029/original.jpg,24b8fbdb83da7cb3701d67e30d0bb171,317416,2048,1365,val
19761670,13461271,kowhai,plant,Kōwhai,Sophora microphylla,cc0,no rights reserved,2018-05-25,210947,Sophora microphylla,https://inaturalist-open-data.s3.amazonaws.com/photos/19761670/original.jpg,e610173909b71a6bbb301cafd45c0a82,388963,2048,1536,val
19761677,13461271,kowhai,plant,Kōwhai,Sophora microphylla,cc0,no rights reserved,2018-05-25,210947,Sophora microphylla,https://inaturalist-open-data.s3.amazonaws.com/photos/19761677/original.jpg,c715dfb35c17c2a745960b530864b491,457324,1536,2048,val
21589466,14503484,kowhai,plant,Kōwhai,Sophora microphylla,cc0,no rights reserved,2018-07-19,210947,Sophora microphylla,https://inaturalist-open-data.s3.amazonaws.com/photos/21589466/original.jpg,a2bc29318a351caf3dca70b18f10ad3d,668015,1536,2048,val
412560479,232231244,kowhai,plant,Kōwhai,Sophora microphylla,cc0,no rights reserved,2024-07-28,210947,Sophora microphylla,https://inaturalist-open-data.s3.amazonaws.com/photos/412560479/original.jpeg,b981a3b2e83946d8e9b14015d18a6f6e,580733,1536,2048,val
412560507,232231244,kowhai,plant,Kōwhai,Sophora microphylla,cc0,no rights reserved,2024-07-28,210947,Sophora microphylla,https://inaturalist-open-data.s3.amazonaws.com/photos/412560507/original.jpeg,c4c0e1bc877b2414ffe9a1a8b952d70c,257423,1536,2048,val
498401615,277585687,kowhai,plant,Kōwhai,Sophora microphylla,cc-by,"(c) Jon Sullivan, some rights reserved (CC BY)",2025-04-26,210947,Sophora microphylla,https://inaturalist-open-data.s3.amazonaws.com/photos/498401615/original.jpg,f4a3737c74f25d8aa27c2882f2d2bed3,207107,2048,1365,val
5246795,4375754,kowhai,plant,Kōwhai,Sophora microphylla,cc-by,"(c) John Barkla, some rights reserved (CC BY)",2016-10-16,210947,Sophora microphylla,https://inaturalist-open-data.s3.amazonaws.com/photos/5246795/original.jpg,7b44d2911b82d28c96cba56b894fae1e,237885,2048,1365,val
175970544,104947945,moth_plant,plant,Moth plant,Araujia sericifera,cc-by,"(c) prosperosity, some rights reserved (CC BY)",2022-01-14,75499,Araujia sericifera,https://inaturalist-open-data.s3.amazonaws.com/photos/175970544/original.jpg,90338627846b48906bc3728052fb00d4,418234,1536,2048,val
367607716,207804139,moth_plant,plant,Moth plant,Araujia sericifera,cc-by,"(c) Geoff, some rights reserved (CC BY)",2024-04-17,75499,Araujia sericifera,https://inaturalist-open-data.s3.amazonaws.com/photos/367607716/original.jpeg,8dff2238c5291b3a879a26285c26f5d1,737941,2048,1536,val
367607765,207804139,moth_plant,plant,Moth plant,Araujia sericifera,cc-by,"(c) Geoff, some rights reserved (CC BY)",2024-04-17,75499,Araujia sericifera,https://inaturalist-open-data.s3.amazonaws.com/photos/367607765/original.jpeg,a28bbc46873d73116be1b4899fad6044,498974,2048,1536,val
458946886,256030952,moth_plant,plant,Moth plant,Araujia sericifera,cc-by,"(c) Lisa Bennett, some rights reserved (CC BY)",2024-12-24,75499,Araujia sericifera,https://inaturalist-open-data.s3.amazonaws.com/photos/458946886/original.jpg,61039176de0f43c29f5b80c9c8a81d5b,262550,1536,2048,val
716950640,391282922,moth_plant,plant,Moth plant,Araujia sericifera,cc0,no rights reserved,2026-08-15,75499,Araujia sericifera,https://inaturalist-open-data.s3.amazonaws.com/photos/716950640/original.jpg,7eb62dba19890771607cefa7f25cbc37,616495,1536,2048,val
716950781,391282922,moth_plant,plant,Moth plant,Araujia sericifera,cc0,no rights reserved,2026-08-15,75499,Araujia sericifera,https://inaturalist-open-data.s3.amazonaws.com/photos/716950781/original.jpg,98118a50ee8353ecc7097181b8115746,543574,1536,2048,val
716951157,391282922,moth_plant,plant,Moth plant,Araujia sericifera,cc0,no rights reserved,2026-08-15,75499,Araujia sericifera,https://inaturalist-open-data.s3.amazonaws.com/photos/716951157/original.jpg,0cbeeb7c11873030f83762322274c903,897157,1536,2048,val
2197948,1812265,nikau,plant,Nīkau,Rhopalostylis sapida,cc-by,"(c) Tim Park, some rights reserved (CC BY)",2015-07-27,85274,Rhopalostylis sapida,https://inaturalist-open-data.s3.amazonaws.com/photos/2197948/original.jpg,34f1dead940f0d96b2be719dddd8e046,958300,720,960,val
261179373,151375897,nikau,plant,Nīkau,Rhopalostylis sapida,cc-by,"(c) Duncan Cunningham, some rights reserved (CC BY)",2023-03-15,85274,Rhopalostylis sapida,https://inaturalist-open-data.s3.amazonaws.com/photos/261179373/original.jpg,8f9391c9b47372f829f7428d30e8083c,301626,1536,2048,val
261179521,151375897,nikau,plant,Nīkau,Rhopalostylis sapida,cc-by,"(c) Duncan Cunningham, some rights reserved (CC BY)",2023-03-15,85274,Rhopalostylis sapida,https://inaturalist-open-data.s3.amazonaws.com/photos/261179521/original.jpg,ca0848de3b65daa4e195aef91aa6994c,291963,1536,2048,val
30664053,19884696,nikau,plant,Nīkau,Rhopalostylis sapida,cc-by,"(c) Grey Smith, some rights reserved (CC BY)",2019-01-26,85274,Rhopalostylis sapida,https://inaturalist-open-data.s3.amazonaws.com/photos/30664053/original.jpg,e77343e353fe083b06bf9b0df243945d,369504,1536,2048,val
30664088,19884696,nikau,plant,Nīkau,Rhopalostylis sapida,cc-by,"(c) Grey Smith, some rights reserved (CC BY)",2019-01-26,85274,Rhopalostylis sapida,https://inaturalist-open-data.s3.amazonaws.com/photos/30664088/original.jpg,70e852a1f9d34bd685ebe4468d846b18,376155,1536,2048,val
30664123,19884696,nikau,plant,Nīkau,Rhopalostylis sapida,cc-by,"(c) Grey Smith, some rights reserved (CC BY)",2019-01-26,85274,Rhopalostylis sapida,https://inaturalist-open-data.s3.amazonaws.com/photos/30664123/original.jpg,90193a94eb06303a70b2660c6edb9c83,416993,1536,2048,val
5450479,4506428,nikau,plant,Nīkau,Rhopalostylis sapida,cc0,no rights reserved,2016-11-06,85274,Rhopalostylis sapida,https://inaturalist-open-data.s3.amazonaws.com/photos/5450479/original.jpg,29fb55bba77d69856d29aef60c23a58b,1205426,1536,2048,val
5450481,4506428,nikau,plant,Nīkau,Rhopalostylis sapida,cc0,no rights reserved,2016-11-06,85274,Rhopalostylis sapida,https://inaturalist-open-data.s3.amazonaws.com/photos/5450481/original.jpg,144aa9a8f209a04178873c54c5989c88,1080654,2048,1536,val
90034969,56493430,nikau,plant,Nīkau,Rhopalostylis sapida,cc-by,"(c) Tim Park, some rights reserved (CC BY)",2020-08-15,85274,Rhopalostylis sapida,https://inaturalist-open-data.s3.amazonaws.com/photos/90034969/original.jpg,a8266d1f5039a888bbca0cd4a9e8247e,572091,1536,2048,val
278022494,160869129,piwakawaka,bird,Pīwakawaka,Rhipidura fuliginosa,cc-by,"(c) Saryu Mae 前 朝琉, some rights reserved (CC BY)",2023-04-28,413543,Rhipidura fuliginosa placabilis,https://inaturalist-open-data.s3.amazonaws.com/photos/278022494/original.jpeg,9f54289862578ff56069a0de495ba91a,921373,2048,1536,val
278022495,160869129,piwakawaka,bird,Pīwakawaka,Rhipidura fuliginosa,cc-by,"(c) Saryu Mae 前 朝琉, some rights reserved (CC BY)",2023-04-28,413543,Rhipidura fuliginosa placabilis,https://inaturalist-open-data.s3.amazonaws.com/photos/278022495/original.jpeg,99e44c94048c78e9cfc6593556c59343,528281,2048,1536,val
278022513,160869129,piwakawaka,bird,Pīwakawaka,Rhipidura fuliginosa,cc-by,"(c) Saryu Mae 前 朝琉, some rights reserved (CC BY)",2023-04-28,413543,Rhipidura fuliginosa placabilis,https://inaturalist-open-data.s3.amazonaws.com/photos/278022513/original.jpeg,5f84ab260a48d1fb0b1ee9fa16c5f6ae,464844,2048,1536,val
479213948,266709564,piwakawaka,bird,Pīwakawaka,Rhipidura fuliginosa,cc-by,"(c) William Harland, some rights reserved (CC BY)",2025-03-22,413533,Rhipidura fuliginosa fuliginosa,https://inaturalist-open-data.s3.amazonaws.com/photos/479213948/original.jpeg,3536410416676324b601ab0da036f3d2,91613,2048,1339,val
479213955,266709564,piwakawaka,bird,Pīwakawaka,Rhipidura fuliginosa,cc-by,"(c) William Harland, some rights reserved (CC BY)",2025-03-22,413533,Rhipidura fuliginosa fuliginosa,https://inaturalist-open-data.s3.amazonaws.com/photos/479213955/original.jpeg,ad4fe8b439e49d62f6623555a542325c,112934,2048,1511,val
479213957,266709564,piwakawaka,bird,Pīwakawaka,Rhipidura fuliginosa,cc-by,"(c) William Harland, some rights reserved (CC BY)",2025-03-22,413533,Rhipidura fuliginosa fuliginosa,https://inaturalist-open-data.s3.amazonaws.com/photos/479213957/original.jpeg,dfc5d831c3637170fa2c03d14fcf3a4d,86369,2048,1316,val
479213964,266709564,piwakawaka,bird,Pīwakawaka,Rhipidura fuliginosa,cc-by,"(c) William Harland, some rights reserved (CC BY)",2025-03-22,413533,Rhipidura fuliginosa fuliginosa,https://inaturalist-open-data.s3.amazonaws.com/photos/479213964/original.jpeg,97ccd0cc61b59ce340c678ec45f9c612,111975,2048,1488,val
486622557,270576391,piwakawaka,bird,Pīwakawaka,Rhipidura fuliginosa,cc-by,"(c) William Harland, some rights reserved (CC BY)",2025-04-15,413533,Rhipidura fuliginosa fuliginosa,https://inaturalist-open-data.s3.amazonaws.com/photos/486622557/original.jpeg,34bd8cfad9f973cc69a36a1dbf173fb3,87599,2048,1624,val
486622562,270576391,piwakawaka,bird,Pīwakawaka,Rhipidura fuliginosa,cc-by,"(c) William Harland, some rights reserved (CC BY)",2025-04-15,413533,Rhipidura fuliginosa fuliginosa,https://inaturalist-open-data.s3.amazonaws.com/photos/486622562/original.jpeg,b1142d50ba95170994b9db8a3ea4dc21,86035,2048,1591,val
486622570,270576391,piwakawaka,bird,Pīwakawaka,Rhipidura fuliginosa,cc-by,"(c) William Harland, some rights reserved (CC BY)",2025-04-15,413533,Rhipidura fuliginosa fuliginosa,https://inaturalist-open-data.s3.amazonaws.com/photos/486622570/original.jpeg,ebbceafabc592c174e6716ba305afdd3,84911,2048,1475,val
486622573,270576391,piwakawaka,bird,Pīwakawaka,Rhipidura fuliginosa,cc-by,"(c) William Harland, some rights reserved (CC BY)",2025-04-15,413533,Rhipidura fuliginosa fuliginosa,https://inaturalist-open-data.s3.amazonaws.com/photos/486622573/original.jpeg,f11d6a9f9b4fbdd2ff907b882d30c559,85845,2048,1617,val
486622628,270576391,piwakawaka,bird,Pīwakawaka,Rhipidura fuliginosa,cc-by,"(c) William Harland, some rights reserved (CC BY)",2025-04-15,413533,Rhipidura fuliginosa fuliginosa,https://inaturalist-open-data.s3.amazonaws.com/photos/486622628/original.jpeg,2116a926878352636c71e725ca4957a9,80159,2048,1187,val
714252807,389911324,piwakawaka,bird,Pīwakawaka,Rhipidura fuliginosa,cc-by,"(c) sam-rajnikant, some rights reserved (CC BY)",2026-08-10,413533,Rhipidura fuliginosa fuliginosa,https://inaturalist-open-data.s3.amazonaws.com/photos/714252807/original.jpg,3c4e8275c3d5556600d0ffaf1df006f9,207224,1663,1109,val
714252814,389911324,piwakawaka,bird,Pīwakawaka,Rhipidura fuliginosa,cc-by,"(c) sam-rajnikant, some rights reserved (CC BY)",2026-08-10,413533,Rhipidura fuliginosa fuliginosa,https://inaturalist-open-data.s3.amazonaws.com/photos/714252814/original.jpg,e6c19204751dc2afced145a8f97df5bb,189934,2048,1365,val
104863619,65176862,pohutukawa,plant,Pōhutukawa,Metrosideros excelsa,cc-by,"(c) wild_wind, some rights reserved (CC BY)",2020-11-19,122905,Metrosideros excelsa,https://inaturalist-open-data.s3.amazonaws.com/photos/104863619/original.jpg,83a989e67031b7c21e197f969705bd40,518678,1536,2048,val
247415177,144182405,pohutukawa,plant,Pōhutukawa,Metrosideros excelsa,cc0,no rights reserved,2022-12-12,122905,Metrosideros excelsa,https://inaturalist-open-data.s3.amazonaws.com/photos/247415177/original.jpg,cdc3265e98f05186c8d2b9e9b74de3bf,516277,1536,2048,val
247415187,144182405,pohutukawa,plant,Pōhutukawa,Metrosideros excelsa,cc0,no rights reserved,2022-12-12,122905,Metrosideros excelsa,https://inaturalist-open-data.s3.amazonaws.com/photos/247415187/original.jpg,700715872f01f21bfd193a16e2a891d0,467866,1536,2048,val
247415199,144182405,pohutukawa,plant,Pōhutukawa,Metrosideros excelsa,cc0,no rights reserved,2022-12-12,122905,Metrosideros excelsa,https://inaturalist-open-data.s3.amazonaws.com/photos/247415199/original.jpg,94796d1dd745cb0aa52592ccbcd48232,480731,1536,2048,val
69078589,43541693,pohutukawa,plant,Pōhutukawa,Metrosideros excelsa,cc-by,"(c) wild_wind, some rights reserved (CC BY)",2020-04-26,122905,Metrosideros excelsa,https://inaturalist-open-data.s3.amazonaws.com/photos/69078589/original.jpeg,2980b8f2c4917dc515ba18450f51498a,298025,2048,1867,val
72351460,45627357,pohutukawa,plant,Pōhutukawa,Metrosideros excelsa,cc-by,"(c) wild_wind, some rights reserved (CC BY)",2020-05-11,122905,Metrosideros excelsa,https://inaturalist-open-data.s3.amazonaws.com/photos/72351460/original.jpeg,fe7e411c44ba9533022d88bd623d1942,361770,2048,1908,val
72351595,45627364,pohutukawa,plant,Pōhutukawa,Metrosideros excelsa,cc-by,"(c) wild_wind, some rights reserved (CC BY)",2020-05-11,122905,Metrosideros excelsa,https://inaturalist-open-data.s3.amazonaws.com/photos/72351595/original.jpeg,e671c4f01c6442efdae4fbbf7ce7c5b5,339393,2048,1947,val
248305366,144647186,silver_fern,plant,Silver fern,Cyathea dealbata,cc-by,"(c) Richard Littauer, some rights reserved (CC BY)",2022-12-19,131669,Cyathea dealbata,https://inaturalist-open-data.s3.amazonaws.com/photos/248305366/original.jpg,19928db16eaa2bec021fd0668acbe509,558632,1536,2048,val
326209815,186638194,silver_fern,plant,Silver fern,Cyathea dealbata,cc-by,"(c) John Barkla, some rights reserved (CC BY)",2023-10-06,131669,Cyathea dealbata,https://inaturalist-open-data.s3.amazonaws.com/photos/326209815/original.jpeg,fc09e4d55cd1d538f925f6461a10be9c,725992,1542,2048,val
399607339,225392923,silver_fern,plant,Silver fern,Cyathea dealbata,cc-by,"(c) Tom Beard, some rights reserved (CC BY)",2024-06-22,131669,Cyathea dealbata,https://inaturalist-open-data.s3.amazonaws.com/photos/399607339/original.jpg,82df758ad04a1f865a3655cabda269bf,582040,1536,2048,val
462059462,257557561,silver_fern,plant,Silver fern,Cyathea dealbata,cc-by,"(c) naturewatchwidow, some rights reserved (CC BY)",2025-01-06,131669,Cyathea dealbata,https://inaturalist-open-data.s3.amazonaws.com/photos/462059462/original.jpeg,84d511788ea1f913fd80b2428ea401c6,766020,1536,2048,val
604975144,333250055,silver_fern,plant,Silver fern,Cyathea dealbata,cc-by,"(c) Nicholas Allen, some rights reserved (CC BY)",2026-01-03,131669,Cyathea dealbata,https://inaturalist-open-data.s3.amazonaws.com/photos/604975144/original.jpg,43fb269294ad04fc0385bf11b78d01f0,1057905,1152,2048,val
192575455,114019014,song_thrush,bird,Song thrush,Turdus philomelos,cc-by,"(c) Duncan Cunningham, some rights reserved (CC BY)",2022-04-30,702675,Turdus philomelos clarkei,https://inaturalist-open-data.s3.amazonaws.com/photos/192575455/original.jpg,9f7c90840cce6d8301f67d9accf165f3,262844,2048,1536,val
192578311,114019014,song_thrush,bird,Song thrush,Turdus philomelos,cc-by,"(c) Duncan Cunningham, some rights reserved (CC BY)",2022-04-30,702675,Turdus philomelos clarkei,https://inaturalist-open-data.s3.amazonaws.com/photos/192578311/original.jpg,3ad868b24d7348fd4230d53f38ffb3a5,299842,2048,1536,val
199549942,118125065,song_thrush,bird,Song thrush,Turdus philomelos,cc-by,"(c) Ian Dickie, some rights reserved (CC BY)",2022-05-22,702675,Turdus philomelos clarkei,https://inaturalist-open-data.s3.amazonaws.com/photos/199549942/original.jpg,e3209cb68b7d8cc23a047bce33722b7d,478078,2048,1536,val
29095385,18977162,song_thrush,bird,Song thrush,Turdus philomelos,cc-by,"(c) Jacqui Geux, some rights reserved (CC BY)",2018-12-11,702675,Turdus philomelos clarkei,https://inaturalist-open-data.s3.amazonaws.com/photos/29095385/original.jpeg,510ace4a2bb64432641bc3f6edc6cf47,123013,1600,1200,val
705107904,385156581,song_thrush,bird,Song thrush,Turdus philomelos,cc-by,"(c) Aalbert Rebergen, some rights reserved (CC BY)",2026-07-24,12748,Turdus philomelos,https://inaturalist-open-data.s3.amazonaws.com/photos/705107904/original.jpg,81070090a592b57a8db38dd981d0fa3e,271357,2048,1368,val
705108359,385156581,song_thrush,bird,Song thrush,Turdus philomelos,cc-by,"(c) Aalbert Rebergen, some rights reserved (CC BY)",2026-07-24,12748,Turdus philomelos,https://inaturalist-open-data.s3.amazonaws.com/photos/705108359/original.jpg,e9611c5d7cceb95830b686d6441b7cf1,267371,2048,1368,val
705108365,385156581,song_thrush,bird,Song thrush,Turdus philomelos,cc-by,"(c) Aalbert Rebergen, some rights reserved (CC BY)",2026-07-24,12748,Turdus philomelos,https://inaturalist-open-data.s3.amazonaws.com/photos/705108365/original.jpg,3d8689f2cb19ae56460ae10a7d9ac659,266750,2048,1368,val
1196135,997848,starling,bird,Common starling,Sturnus vulgaris,cc-by,"(c) Jon Sullivan, some rights reserved (CC BY)",2014-04-26,14850,Sturnus vulgaris,https://inaturalist-open-data.s3.amazonaws.com/photos/1196135/original.jpg,f0bd8544c0b690542a926f4ae7ab7ed7,152656,2048,1357,val
125716007,76867124,starling,bird,Common starling,Sturnus vulgaris,cc-by,"(c) wild_wind, some rights reserved (CC BY)",2021-05-03,577950,Sturnus vulgaris vulgaris,https://inaturalist-open-data.s3.amazonaws.com/photos/125716007/original.jpeg,48f94fa8035eb10c4cf8d86df81c0984,432058,2016,2016,val
247605650,144283770,starling,bird,Common starling,Sturnus vulgaris,cc-by,"(c) William Harland, some rights reserved (CC BY)",2022-12-10,577950,Sturnus vulgaris vulgaris,https://inaturalist-open-data.s3.amazonaws.com/photos/247605650/original.jpeg,0331e4b249244b33a26e31286912e9af,288970,2048,1518,val
440129314,246529764,starling,bird,Common starling,Sturnus vulgaris,cc-by,"(c) Jon Sullivan, some rights reserved (CC BY)",2024-10-10,577950,Sturnus vulgaris vulgaris,https://inaturalist-open-data.s3.amazonaws.com/photos/440129314/original.jpeg,2173f31b441ccab81981c7779ee36426,465169,2048,1536,val
440141057,246529764,starling,bird,Common starling,Sturnus vulgaris,cc-by,"(c) Jon Sullivan, some rights reserved (CC BY)",2024-10-10,577950,Sturnus vulgaris vulgaris,https://inaturalist-open-data.s3.amazonaws.com/photos/440141057/original.jpg,2529861afa6a2c2cb0fea8f6f5ac16b4,827832,1443,1082,val
451502091,252238771,starling,bird,Common starling,Sturnus vulgaris,cc-by,"(c) Tom, some rights reserved (CC BY)",2024-11-09,14850,Sturnus vulgaris,https://inaturalist-open-data.s3.amazonaws.com/photos/451502091/original.jpeg,1d90a2e57054a0c9c3aa81209d345eb0,237344,2000,1500,val
485035096,269741304,starling,bird,Common starling,Sturnus vulgaris,cc-by,"(c) William Harland, some rights reserved (CC BY)",2025-04-11,14850,Sturnus vulgaris,https://inaturalist-open-data.s3.amazonaws.com/photos/485035096/original.jpeg,00796c14b3a8c4707c291a2ed15431be,22918,2048,1232,val
278017888,160869134,tauhou,bird,Tauhou (silvereye),Zosterops lateralis,cc-by,"(c) Saryu Mae 前 朝琉, some rights reserved (CC BY)",2023-04-28,413547,Zosterops lateralis lateralis,https://inaturalist-open-data.s3.amazonaws.com/photos/278017888/original.jpeg,928eb008dde942ba3882ce5b23179cef,936754,2048,1536,val
305324017,175673549,tauhou,bird,Tauhou (silvereye),Zosterops lateralis,cc-by,"(c) William Harland, some rights reserved (CC BY)",2023-07-30,413547,Zosterops lateralis lateralis,https://inaturalist-open-data.s3.amazonaws.com/photos/305324017/original.jpeg,c8f50a2504146588e2840418fc392613,129892,2048,1365,val
471821779,262716258,tauhou,bird,Tauhou (silvereye),Zosterops lateralis,cc-by,"(c) Colin Meurk, some rights reserved (CC BY)",2025-02-21,202505,Zosterops lateralis,https://inaturalist-open-data.s3.amazonaws.com/photos/471821779/original.jpeg,94340b158c671c7aee4553df5f853911,860886,1536,2048,val
471821817,262716258,tauhou,bird,Tauhou (silvereye),Zosterops lateralis,cc-by,"(c) Colin Meurk, some rights reserved (CC BY)",2025-02-21,202505,Zosterops lateralis,https://inaturalist-open-data.s3.amazonaws.com/photos/471821817/original.jpeg,237c7cfbc45b3fff2291afa4800d7bf9,801377,1536,2048,val
471821854,262716258,tauhou,bird,Tauhou (silvereye),Zosterops lateralis,cc-by,"(c) Colin Meurk, some rights reserved (CC BY)",2025-02-21,202505,Zosterops lateralis,https://inaturalist-open-data.s3.amazonaws.com/photos/471821854/original.jpeg,da7598be92fc9d6420c27f3991612fd3,672568,1536,2048,val
521219792,289773523,tauhou,bird,Tauhou (silvereye),Zosterops lateralis,cc-by,"(c) William Harland, some rights reserved (CC BY)",2025-06-08,413547,Zosterops lateralis lateralis,https://inaturalist-open-data.s3.amazonaws.com/photos/521219792/original.jpg,51d508c079d331ebad767775dc7ce580,52083,2048,1291,val
556863675,308648120,tauhou,bird,Tauhou (silvereye),Zosterops lateralis,cc-by,"(c) William Harland, some rights reserved (CC BY)",2025-08-22,413547,Zosterops lateralis lateralis,https://inaturalist-open-data.s3.amazonaws.com/photos/556863675/original.jpg,5dff500f56c5bd5e9b88c3b9dc873962,191614,2048,1261,val
1189257,973673,ti_kouka,plant,Tī kōuka (cabbage tree),Cordyline australis,cc-by,"(c) Jon Sullivan, some rights reserved (CC BY)",2006-10-21,50191,Cordyline australis,https://inaturalist-open-data.s3.amazonaws.com/photos/1189257/original.jpg,919eea590dc15b80f2d676adf4db7f13,488965,1536,2048,val
1189258,973673,ti_kouka,plant,Tī kōuka (cabbage tree),Cordyline australis,cc-by,"(c) Jon Sullivan, some rights reserved (CC BY)",2006-10-21,50191,Cordyline australis,https://inaturalist-open-data.s3.amazonaws.com/photos/1189258/original.jpg,d24401fbbd9fc37bbedd75ae05223a0c,508604,1536,2048,val
125736632,76879636,ti_kouka,plant,Tī kōuka (cabbage tree),Cordyline australis,cc-by,"(c) Liadan Dickie, some rights reserved (CC BY)",2021-05-01,50191,Cordyline australis,https://inaturalist-open-data.s3.amazonaws.com/photos/125736632/original.jpg,3e1ba4a09eed327060e95be3dd41a091,481374,750,1000,val
125736650,76879636,ti_kouka,plant,Tī kōuka (cabbage tree),Cordyline australis,cc-by,"(c) Liadan Dickie, some rights reserved (CC BY)",2021-05-01,50191,Cordyline australis,https://inaturalist-open-data.s3.amazonaws.com/photos/125736650/original.jpg,adaa9670c754108ae4323cdff4a5a5ae,431032,750,1000,val
125736667,76879636,ti_kouka,plant,Tī kōuka (cabbage tree),Cordyline australis,cc-by,"(c) Liadan Dickie, some rights reserved (CC BY)",2021-05-01,50191,Cordyline australis,https://inaturalist-open-data.s3.amazonaws.com/photos/125736667/original.jpg,d1a978c085ff2e796c86d9075dcfd290,478095,750,1000,val
125736687,76879636,ti_kouka,plant,Tī kōuka (cabbage tree),Cordyline australis,cc-by,"(c) Liadan Dickie, some rights reserved (CC BY)",2021-05-01,50191,Cordyline australis,https://inaturalist-open-data.s3.amazonaws.com/photos/125736687/original.jpg,53b2bfa48ba2fc3d94580a9d992b37a2,431380,750,1000,val
128123905,78301410,ti_kouka,plant,Tī kōuka (cabbage tree),Cordyline australis,cc0,no rights reserved,2018-12-03,50191,Cordyline australis,https://inaturalist-open-data.s3.amazonaws.com/photos/128123905/original.jpeg,32cede644d8765ad138873283184e1d8,419812,2048,1536,val
14702772,10555947,ti_kouka,plant,Tī kōuka (cabbage tree),Cordyline australis,cc-by,"(c) Jon Sullivan, some rights reserved (CC BY)",2018-03-01,50191,Cordyline australis,https://inaturalist-open-data.s3.amazonaws.com/photos/14702772/original.jpg,4f6a5ad7f18ed96a5c6aab7d32ef0f54,728776,1536,2048,val
273943977,158512070,ti_kouka,plant,Tī kōuka (cabbage tree),Cordyline australis,cc-by,"(c) John Barkla, some rights reserved (CC BY)",2023-04-27,50191,Cordyline australis,https://inaturalist-open-data.s3.amazonaws.com/photos/273943977/original.jpeg,9f6012e7d183252f066deebc5a307c0c,809370,1542,2048,val
358122895,202751205,ti_kouka,plant,Tī kōuka (cabbage tree),Cordyline australis,cc-by,"(c) Mark Richman, some rights reserved (CC BY)",2023-12-05,50191,Cordyline australis,https://inaturalist-open-data.s3.amazonaws.com/photos/358122895/original.jpg,825f4da47bf199386aa84ee01c6c8502,443093,1536,2048,val
358122927,202751205,ti_kouka,plant,Tī kōuka (cabbage tree),Cordyline australis,cc-by,"(c) Mark Richman, some rights reserved (CC BY)",2023-12-05,50191,Cordyline australis,https://inaturalist-open-data.s3.amazonaws.com/photos/358122927/original.jpg,20457c6d646888d5d4bd182da7411c8a,359491,1536,2048,val
358122959,202751205,ti_kouka,plant,Tī kōuka (cabbage tree),Cordyline australis,cc-by,"(c) Mark Richman, some rights reserved (CC BY)",2023-12-05,50191,Cordyline australis,https://inaturalist-open-data.s3.amazonaws.com/photos/358122959/original.jpg,65b501078da786f6802310336205f1b1,310862,1536,2048,val
358122991,202751205,ti_kouka,plant,Tī kōuka (cabbage tree),Cordyline australis,cc-by,"(c) Mark Richman, some rights reserved (CC BY)",2023-12-05,50191,Cordyline australis,https://inaturalist-open-data.s3.amazonaws.com/photos/358122991/original.jpg,cd595577f3c3bb75058dcd2803b56c8c,298560,1536,2048,val
358123013,202751205,ti_kouka,plant,Tī kōuka (cabbage tree),Cordyline australis,cc-by,"(c) Mark Richman, some rights reserved (CC BY)",2023-12-05,50191,Cordyline australis,https://inaturalist-open-data.s3.amazonaws.com/photos/358123013/original.jpg,bbe7a77df50f9748900da398eacbed4b,327039,1536,2048,val
358123032,202751205,ti_kouka,plant,Tī kōuka (cabbage tree),Cordyline australis,cc-by,"(c) Mark Richman, some rights reserved (CC BY)",2023-12-05,50191,Cordyline australis,https://inaturalist-open-data.s3.amazonaws.com/photos/358123032/original.jpg,1b113dcb15a9a387f40fddb6320a9cc6,212208,1536,2048,val
116350005,71461455,tradescantia,plant,Tradescantia,Tradescantia fluminensis,cc-by,"(c) eyrezer, some rights reserved (CC BY)",2021-03-18,79382,Tradescantia fluminensis,https://inaturalist-open-data.s3.amazonaws.com/photos/116350005/original.jpg,4450d5ca4981b6b3128549ac01070cab,476598,1536,2048,val
116756992,71689783,tradescantia,plant,Tradescantia,Tradescantia fluminensis,cc-by,"(c) Joe Dillon, some rights reserved (CC BY)",2021-03-20,79382,Tradescantia fluminensis,https://inaturalist-open-data.s3.amazonaws.com/photos/116756992/original.jpeg,68c55bed8457f2853c485401bf31a8dd,802750,2048,1365,val
120523904,73793864,tradescantia,plant,Tradescantia,Tradescantia fluminensis,cc0,no rights reserved,2021-04-05,79382,Tradescantia fluminensis,https://inaturalist-open-data.s3.amazonaws.com/photos/120523904/original.jpg,324196ec41f26507be2db32050a40871,353329,1536,2048,val
120523954,73793864,tradescantia,plant,Tradescantia,Tradescantia fluminensis,cc0,no rights reserved,2021-04-05,79382,Tradescantia fluminensis,https://inaturalist-open-data.s3.amazonaws.com/photos/120523954/original.jpg,b1bb533a623ed4d2c35367d1dc0d3fc2,236378,2048,1536,val
124430594,76051016,tradescantia,plant,Tradescantia,Tradescantia fluminensis,cc-by,"(c) Joe Dillon, some rights reserved (CC BY)",2021-05-01,79382,Tradescantia fluminensis,https://inaturalist-open-data.s3.amazonaws.com/photos/124430594/original.jpeg,6ebfa268c9f7ddc108005229013ffd43,565846,2048,1365,val
126856138,77564307,tradescantia,plant,Tradescantia,Tradescantia fluminensis,cc-by,"(c) Jon Sullivan, some rights reserved (CC BY)",2021-05-03,79382,Tradescantia fluminensis,https://inaturalist-open-data.s3.amazonaws.com/photos/126856138/original.jpg,b315d4d470c779245ffd92a0b45bff9c,348820,2048,1367,val
334212422,190623219,tradescantia,plant,Tradescantia,Tradescantia fluminensis,cc-by,"(c) Michael Berardozzi, some rights reserved (CC BY)",2023-11-11,79382,Tradescantia fluminensis,https://inaturalist-open-data.s3.amazonaws.com/photos/334212422/original.jpeg,67af50c57883099ef015dbe2d45b56c8,490985,1536,2048,val
334212432,190623219,tradescantia,plant,Tradescantia,Tradescantia fluminensis,cc-by,"(c) Michael Berardozzi, some rights reserved (CC BY)",2023-11-11,79382,Tradescantia fluminensis,https://inaturalist-open-data.s3.amazonaws.com/photos/334212432/original.jpeg,5c6949335c41b61d17644f014c8985e0,424450,1536,2048,val
485267201,269864965,tradescantia,plant,Tradescantia,Tradescantia fluminensis,cc-by,"(c) Quentin McDonald, some rights reserved (CC BY)",2025-04-12,79382,Tradescantia fluminensis,https://inaturalist-open-data.s3.amazonaws.com/photos/485267201/original.jpg,ab834d7bcf9dbd7554862de2e2997cd4,844986,1152,2048,val
11397622,8533582,tui,bird,Tūī,Prosthemadera novaeseelandiae,cc-by,"(c) Penelope Noel Gillette, some rights reserved (CC BY)",2017-10-15,12580,Prosthemadera novaeseelandiae,https://inaturalist-open-data.s3.amazonaws.com/photos/11397622/original.jpg,774fd1fa67d39776c927e4b7543c1bd3,327227,1440,1080,val
177484571,105740537,tui,bird,Tūī,Prosthemadera novaeseelandiae,cc-by,"(c) Jacqui Geux, some rights reserved (CC BY)",2020-12-18,413522,Prosthemadera novaeseelandiae novaeseelandiae,https://inaturalist-open-data.s3.amazonaws.com/photos/177484571/original.jpeg,3397afe8390c1d137961a29f0d4df22d,149669,1600,1200,val
177484572,105740537,tui,bird,Tūī,Prosthemadera novaeseelandiae,cc-by,"(c) Jacqui Geux, some rights reserved (CC BY)",2020-12-18,413522,Prosthemadera novaeseelandiae novaeseelandiae,https://inaturalist-open-data.s3.amazonaws.com/photos/177484572/original.jpeg,2a7390029b67b7dc41acceed0d710175,120586,1600,1200,val
177484584,105740537,tui,bird,Tūī,Prosthemadera novaeseelandiae,cc-by,"(c) Jacqui Geux, some rights reserved (CC BY)",2020-12-18,413522,Prosthemadera novaeseelandiae novaeseelandiae,https://inaturalist-open-data.s3.amazonaws.com/photos/177484584/original.jpeg,72d43ccfd66fed6df67e09dfc0d2d01d,128452,1599,1200,val
177484590,105740537,tui,bird,Tūī,Prosthemadera novaeseelandiae,cc-by,"(c) Jacqui Geux, some rights reserved (CC BY)",2020-12-18,413522,Prosthemadera novaeseelandiae novaeseelandiae,https://inaturalist-open-data.s3.amazonaws.com/photos/177484590/original.jpeg,1d12f073829e5cd37815e492ef49c088,175812,1600,1200,val
177484595,105740537,tui,bird,Tūī,Prosthemadera novaeseelandiae,cc-by,"(c) Jacqui Geux, some rights reserved (CC BY)",2020-12-18,413522,Prosthemadera novaeseelandiae novaeseelandiae,https://inaturalist-open-data.s3.amazonaws.com/photos/177484595/original.jpeg,8f0a72c2bff99cce3e336f1c4b62a449,197339,1600,1200,val
177484598,105740537,tui,bird,Tūī,Prosthemadera novaeseelandiae,cc-by,"(c) Jacqui Geux, some rights reserved (CC BY)",2020-12-18,413522,Prosthemadera novaeseelandiae novaeseelandiae,https://inaturalist-open-data.s3.amazonaws.com/photos/177484598/original.jpeg,bb67afd7e26456f7ef2ac155c968d7ea,198906,1600,1200,val
317805047,182288927,tui,bird,Tūī,Prosthemadera novaeseelandiae,cc-by,"(c) Saryu Mae 前 朝琉, some rights reserved (CC BY)",2023-08-16,413522,Prosthemadera novaeseelandiae novaeseelandiae,https://inaturalist-open-data.s3.amazonaws.com/photos/317805047/original.jpg,aee70485602afc5a6725f5484d13e3f8,659050,2048,1536,val
192480762,113959876,wild_ginger,plant,Wild ginger,Hedychium gardnerianum,cc-by,"(c) Halema J, some rights reserved (CC BY)",2022-05-01,52495,Hedychium gardnerianum,https://inaturalist-open-data.s3.amazonaws.com/photos/192480762/original.jpeg,604690d9f770b0f5a529208579703e3d,533696,922,2048,val
3437575,2989480,wild_ginger,plant,Wild ginger,Hedychium gardnerianum,cc-by,"(c) Bruce Calvert, some rights reserved (CC BY)",2016-04-21,52495,Hedychium gardnerianum,https://inaturalist-open-data.s3.amazonaws.com/photos/3437575/original.jpg,57f335efaa82589dd3eca7cc7bc6e2a2,1032125,1529,2048,val
485335907,269899821,wild_ginger,plant,Wild ginger,Hedychium gardnerianum,cc-by,"(c) boytouchgrass, some rights reserved (CC BY)",2025-04-12,52495,Hedychium gardnerianum,https://inaturalist-open-data.s3.amazonaws.com/photos/485335907/original.jpg,3c1b0a095483b26d232f01fd50e72ebc,1211920,1536,2048,val
68166790,42929500,wild_ginger,plant,Wild ginger,Hedychium gardnerianum,cc0,no rights reserved,2019-08-11,52495,Hedychium gardnerianum,https://inaturalist-open-data.s3.amazonaws.com/photos/68166790/original.jpeg,7c51b79cc56bdd2d91be741a7607a7b8,436852,2048,1536,val
68166812,42929500,wild_ginger,plant,Wild ginger,Hedychium gardnerianum,cc0,no rights reserved,2019-08-11,52495,Hedychium gardnerianum,https://inaturalist-open-data.s3.amazonaws.com/photos/68166812/original.jpeg,9d98bd33408002ee06db599a8ce5412c,356677,2048,1592,val
68166816,42929500,wild_ginger,plant,Wild ginger,Hedychium gardnerianum,cc0,no rights reserved,2019-08-11,52495,Hedychium gardnerianum,https://inaturalist-open-data.s3.amazonaws.com/photos/68166816/original.jpeg,44cbe88d46c60606c610fa3c8f6319f7,372149,2048,1536,val
231589439,135753914,woolly_nightshade,plant,Woolly nightshade,Solanum mauritianum,cc-by,"(c) Emily Roberts, some rights reserved (CC BY)",2022-09-20,133287,Solanum mauritianum,https://inaturalist-open-data.s3.amazonaws.com/photos/231589439/original.jpg,106c6cadff99aaad2702442873ff4983,253068,2048,1536,val
34934222,22547918,woolly_nightshade,plant,Woolly nightshade,Solanum mauritianum,cc-by,"(c) Callan Bird, some rights reserved (CC BY)",2019-04-16,133287,Solanum mauritianum,https://inaturalist-open-data.s3.amazonaws.com/photos/34934222/original.jpg,6b4bf0a4e5cf4d67f4da472453bc33c2,219126,1536,2048,val
34934720,22547918,woolly_nightshade,plant,Woolly nightshade,Solanum mauritianum,cc-by,"(c) Callan Bird, some rights reserved (CC BY)",2019-04-16,133287,Solanum mauritianum,https://inaturalist-open-data.s3.amazonaws.com/photos/34934720/original.jpg,1322fe9e20258338c2066eb4f5f0fef2,249180,1536,2048,val
34934722,22547918,woolly_nightshade,plant,Woolly nightshade,Solanum mauritianum,cc-by,"(c) Callan Bird, some rights reserved (CC BY)",2019-04-16,133287,Solanum mauritianum,https://inaturalist-open-data.s3.amazonaws.com/photos/34934722/original.jpg,4e5b70c6751539f4ba85456da1b5ac40,284950,1536,2048,val
377573597,213640483,woolly_nightshade,plant,Woolly nightshade,Solanum mauritianum,cc-by,"(c) catchwords, some rights reserved (CC BY)",2024-04-28,133287,Solanum mauritianum,https://inaturalist-open-data.s3.amazonaws.com/photos/377573597/original.jpg,af235b77c180ba31fef0c29ce736f361,349459,1536,2048,val
492159948,273665678,woolly_nightshade,plant,Woolly nightshade,Solanum mauritianum,cc-by,"(c) jsimons, some rights reserved (CC BY)",2025-04-26,133287,Solanum mauritianum,https://inaturalist-open-data.s3.amazonaws.com/photos/492159948/original.jpg,e574750ceeeaf1eb89e920050c879042,334090,1536,2048,val
